./matpower/mp-opt-model/CHANGES.md:379:#### 12/16/20
./matpower/mp-opt-model/lib/t/display_soln/t_mm_solve_qps_display_soln.txt:5:   2    x(2)                               -         0 0.933333       -        - 
./matpower/mp-opt-model/lib/t/display_soln/t_mm_solve_qps_display_soln.txt:10:        Max                              2.24        0 0.933333      Inf        0
./matpower/mips/CHANGES.md:34:#### 12/12/22
./matpower/CHANGES.md:249:#### 12/16/22
./matpower/CHANGES.md:1222:#### 12/16/16
./matpower/CHANGES.md:1399:#### 2/12/16
./matpower/CHANGES.md:1666:#### 12/16/14
./matpower/CHANGES.md:1675:#### 12/12/14
./matpower/CHANGES.md:2305:#### 12/16/10
./matpower/CHANGES.md:3306:#### 12/16/97
./matpower/CHANGES.md:3317:#### 12/12/97
./matpower/lib/t/pretty-printing/pp_mpxt_reserve_4.txt:52:      9      1     0.998    -4.313     3.921         0.058
./matpower/lib/t/pretty-printing/pp_mpxt_reserve_4.txt:54:     11      1     0.998    -4.313     3.921         0.058
./matpower/lib/t/pretty-printing/pp_mpxt_reserve_4.txt:218:      9       -       0.950    0.998    1.050       -   
./matpower/lib/t/pretty-printing/pp_mpxt_reserve_4.txt:220:     11       -       0.950    0.998    1.050       -   
./matpower/lib/t/pretty-printing/pp_pf_t_auction_case.txt:54:     18      1     0.966   -14.700
./matpower/lib/t/pretty-printing/pp_pf_t_auction_case.txt:56:     20      1     0.949   -15.724
./matpower/lib/t/pretty-printing/pp_pf_t_auction_case.txt:62:     26      1     0.966    -6.054
./matpower/lib/t/pretty-printing/pp_mpxt_reserve_1.txt:52:      9      1     0.998    -4.313     3.921         0.058
./matpower/lib/t/pretty-printing/pp_mpxt_reserve_1.txt:54:     11      1     0.998    -4.313     3.921         0.058
./matpower/lib/t/pretty-printing/pp_mpxt_reserve_1.txt:218:      9       -       0.950    0.998    1.050       -   
./matpower/lib/t/pretty-printing/pp_mpxt_reserve_1.txt:220:     11       -       0.950    0.998    1.050       -   
./matpower/lib/t/t_auction_mips.m:547:    t_is( frb_X, 0.9985, 4, 'frb_X');
./matpower/lib/t/t_auction_tspopf_pdipm.m:556:    t_is( frb_X, 0.9985, 4, 'frb_X');
./matpower/lib/t/t_auction_minopf.m:546:    t_is( frb_X, 0.9985, 4, 'frb_X');
./matpower/lib/t/t_psse_case3.m:68:	3010	1	12	5	0	0	5	0.96664	2.1269	21.6	4	1.1	0.9;
./matpower/lib/t/t_run_mp_3p.m:118:   1.341424819811426   0.970523307120210   2.096102639009662   1.341414943637188   2.672344186177307   1.894590807224783  -1.337240567150252  -0.963372951103195  -2.074358800215885  -1.319145934210436  -2.652375608822653  -1.830632969045932
./matpower/lib/t/t_psse_case3.raw:38:  3010,'URBANWEST2  ',  21.6000,1,     0.000,     0.000,   5,   4,0.96664,   2.1269,   5
./matpower/data/case_RTS_GMLC.m:459:	1	22784.7956	22784.7956	4	62	1735.06998	93	2345.3197	124	3011.01092	155	3751.14842;
./matpower/data/case533mt_hi.m:111:    68	1	0.199800667	    0.001998007	    0	0	1	1	0	12/sqrt(3)	1	1.05	0.95;
./matpower/data/case533mt_hi.m:160:    117	1	0.008039667	    8.04E-05	    0	0	1	1	0	12/sqrt(3)	1	1.05	0.95;
./matpower/data/case533mt_hi.m:179:    136	1	0.016049667	    0.000160497	    0	0	1	1	0	12/sqrt(3)	1	1.05	0.95;
./matpower/data/case533mt_hi.m:237:    194	1	0.039332333	    0.000393323	    0	0	1	1	0	12/sqrt(3)	1	1.05	0.95;
./matpower/data/case533mt_hi.m:338:    295	1	0.009069333	    9.07E-05	    0	0	1	1	0	12/sqrt(3)	1	1.05	0.95;
./matpower/data/case533mt_hi.m:451:    408	1	0.008039667     8.04E-05	    0	0	1	1	0	12/sqrt(3)	1	1.05	0.95;
./matpower/data/case533mt_hi.m:456:    413	1	0.008039667	    8.04E-05	    0	0	1	1	0	12/sqrt(3)	1	1.05	0.95;
./matpower/data/case533mt_hi.m:490:    447	1	0.002059667	    2.06E-05	    0	0	1	1	0	12/sqrt(3)	1	1.05	0.95;
./matpower/data/case533mt_hi.m:599:    5	2	    0.247364266	0.139251062	0	5.40399852	0	0	0	0	1	-360	360	0.324239911;
./matpower/data/case533mt_hi.m:697:    93	94	    0.089666667	0.027289314	0	1.420281662	0	0	0	0	1	-360	360	0.0852169;
./matpower/data/case533mt_hi.m:769:    160	147 	0.059340625	0.039665116	0	1.420281662	0	0	0	0	1	-360	360	0.0852169;
./matpower/data/case533mt_hi.m:942:    310	311	    0.499208333	0.049663126	0	0.692820323	0	0	0	0	1	-360	360	0.041569219;
./matpower/data/case533mt_hi.m:1006:    373	374	    0.105933333	0.03223994	0	1.420281662	0	0	0	0	1	-360	360	0.0852169;
./matpower/data/case533mt_hi.m:1167:    348	528	    0.164233333	0.049983066	0	1.420281662	0	0	0	0	0	-360	360	0.0852169;
./matpower/data/case1951rte.m:50:	5	1	51.8	13.5	0	0	1	1.07006503	-11.708988	225	1	1.08889	0.933333;
./matpower/data/case1951rte.m:51:	6	1	36.6	11.6	0	0	1	1.06761706	-12.7555868	225	1	1.08889	0.933333;
./matpower/data/case1951rte.m:55:	10	1	193.4	48.9	0	0	1	1.03576701	-15.9359498	225	1	1.08889	0.933333;
./matpower/data/case1951rte.m:71:	27	1	102.1	38	0	0	1	1.04967389	-14.6525594	225	1	1.08889	0.933333;
./matpower/data/case1951rte.m:79:	35	1	10.3	-0.4	0	0	1	1.06610649	-14.1519555	150	1	1.08	0.966667;
./matpower/data/case1951rte.m:85:	41	1	64.7	12.6	0	0	1	1.05178141	-14.098502	225	1	1.08889	0.933333;
./matpower/data/case1951rte.m:102:	57	1	57	3	0	0	1	1.0806565	-17.7415167	225	1	1.08945	0.933333;
./matpower/data/case1951rte.m:108:	63	1	1.6	12.7	0	0	1	1.07829683	-12.6395777	225	1	1.08889	0.933333;
./matpower/data/case1951rte.m:144:	101	1	0	0	0	0	1	1.06996351	-11.6033709	225	1	1.08889	0.933333;
./matpower/data/case1951rte.m:151:	107	1	150.1	27.1	0	0	1	1.05758647	-16.7313497	225	1	1.08889	0.933333;
./matpower/data/case1951rte.m:164:	122	1	-0.1	-4.2	0	0	1	1.05814282	-16.7377638	225	1	1.08889	0.933333;
./matpower/data/case1951rte.m:165:	123	1	172.6	37.2	0	0	1	1.05310157	-14.5175799	225	1	1.08889	0.933333;
./matpower/data/case1951rte.m:179:	137	1	166.9	46.7	0	0	1	1.06624388	-13.5936809	225	1	1.08889	0.933333;
./matpower/data/case1951rte.m:183:	143	1	49.3	7.8	0	0	1	1.06497019	-14.3219682	225	1	1.08889	0.933333;
./matpower/data/case1951rte.m:184:	144	1	40.6	10.3	0	0	1	1.06495666	-14.3218418	225	1	1.08889	0.933333;
./matpower/data/case1951rte.m:205:	165	1	0	0	0	0	1	1.04929635	-14.6824704	225	1	1.08889	0.933333;
./matpower/data/case1951rte.m:210:	170	1	13	4	0	0	1	1.06378698	-14.2934056	150	1	1.08	0.966667;
./matpower/data/case1951rte.m:235:	196	1	0	0	0	0	1	1.04945382	-8.47850214	225	1	1.08889	0.933333;
./matpower/data/case1951rte.m:236:	197	1	0	0	0	0	1	1.04837841	-8.84196539	225	1	1.08889	0.933333;
./matpower/data/case1951rte.m:253:	213	1	133	16.9	0	0	1	1.04507366	-9.8410843	225	1	1.08889	0.933333;
./matpower/data/case1951rte.m:256:	217	1	0	0	0	0	1	1.04738603	-9.16213311	225	1	1.08889	0.933333;
./matpower/data/case1951rte.m:257:	218	1	0	0	0	0	1	1.04637669	-9.4194555	225	1	1.08889	0.933333;
./matpower/data/case1951rte.m:282:	242	1	0	0	0	0	1	1.07135331	-16.6950607	150	1	1.08	0.966667;
./matpower/data/case1951rte.m:291:	251	1	25.5	1.2	0	0	1	1.04489275	-9.90252684	225	1	1.08889	0.933333;
./matpower/data/case1951rte.m:302:	262	1	15.3	3.5	0	0	1	1.04765552	-9.31751199	225	1	1.08889	0.933333;
./matpower/data/case1951rte.m:316:	279	1	45	46.1	0	0	1	1.08116208	-11.0264788	225	1	1.08889	0.933333;
./matpower/data/case1951rte.m:320:	283	1	0	0	0	0	1	1.04095676	-21.6685395	150	1	1.08	0.966667;
./matpower/data/case1951rte.m:323:	286	1	120.6	18.1	0	0	1	1.04985995	-14.5287336	225	1	1.08889	0.933333;
./matpower/data/case1951rte.m:349:	312	1	1	-8.1	0	0	1	1.03719147	-15.8129302	225	1	1.08895	0.933333;
./matpower/data/case1951rte.m:360:	324	1	35.2	17.8	0	0	1	1.02202359	-20.7034054	225	1	1.08889	0.933333;
./matpower/data/case1951rte.m:364:	328	1	45	7	0	0	1	1.06990992	-12.6826487	225	1	1.08889	0.933333;
./matpower/data/case1951rte.m:365:	329	1	95.3	24.3	0	0	1	1.0639001	-12.1926388	225	1	1.08889	0.933333;
./matpower/data/case1951rte.m:376:	340	1	0	0	0	0	1	1.08191618	-11.1533198	225	1	1.08889	0.933333;
./matpower/data/case1951rte.m:381:	345	1	70.9	11.8	0	0	1	1.04576567	-14.1105985	225	1	1.08889	0.933333;
./matpower/data/case1951rte.m:382:	346	1	151.2	25.9	0	0	1	1.04726679	-14.9456277	225	1	1.08889	0.933333;
./matpower/data/case1951rte.m:393:	358	1	18.4	8.2	0	0	1	1.04642813	-10.9475511	225	1	1.08889	0.933333;
./matpower/data/case1951rte.m:395:	360	1	10.4	-25.6	0	0	1	1.07902878	-11.4278378	225	1	1.08889	0.933333;
./matpower/data/case1951rte.m:396:	361	1	1.3	-8.6	0	0	1	1.07809089	-11.3633597	225	1	1.08889	0.933333;
./matpower/data/case1951rte.m:397:	362	1	0	0	0	0	1	1.07450815	-12.3180246	225	1	1.08889	0.933333;
./matpower/data/case1951rte.m:402:	367	1	124.7	-2.6	0	0	1	1.0543237	-14.044989	225	1	1.08889	0.933333;
./matpower/data/case1951rte.m:413:	378	1	53.6	19.2	0	0	1	1.06739164	-12.8954511	225	1	1.08889	0.933333;
./matpower/data/case1951rte.m:420:	385	1	14.3	1.2	0	0	1	1.04708183	-14.7216052	225	1	1.08889	0.933333;
./matpower/data/case1951rte.m:421:	386	1	0	0	0	0	1	1.07069729	-16.8799671	150	1	1.08	0.966667;
./matpower/data/case1951rte.m:430:	395	1	131.1	17.3	0	0	1	1.06508634	-14.3020222	225	1	1.08889	0.933333;
./matpower/data/case1951rte.m:432:	397	1	0	0	0	0	1	1.07069755	-16.8799717	150	1	1.08	0.966667;
./matpower/data/case1951rte.m:443:	408	1	80.7	-0.8	0	0	1	1.0653986	-13.9372596	225	1	1.08889	0.933333;
./matpower/data/case1951rte.m:451:	418	1	64.8	20.6	0	0	1	1.07904014	-11.5431073	225	1	1.08889	0.933333;
./matpower/data/case1951rte.m:461:	428	1	49.6	9	0	0	1	1.06811944	-12.5930983	225	1	1.08889	0.933333;
./matpower/data/case1951rte.m:469:	436	1	0	0	0	0	1	1.08845112	-23.3402966	380	1	1.10263	1.04211;
./matpower/data/case1951rte.m:483:	450	1	31.5	-2.6	0	0	1	1.06608933	-16.4154485	225	1	1.08444	1.00889;
./matpower/data/case1951rte.m:489:	456	1	0	0	0	0	1	1.06368005	-11.6798867	225	1	1.08889	0.933333;
./matpower/data/case1951rte.m:499:	467	1	11.4	-5.3	0	0	1	1.05940089	-19.0007666	150	1	1.08	0.966667;
./matpower/data/case1951rte.m:500:	468	1	196.6	55.6	0	0	1	1.0195515	-21.0227955	225	1	1.08889	0.933333;
./matpower/data/case1951rte.m:511:	478	1	116.9	27	0	0	1	1.07552368	-11.8011311	225	1	1.08889	0.933333;
./matpower/data/case1951rte.m:538:	506	1	3.4	4.2	0	0	1	1.04493595	-14.3043027	225	1	1.08889	0.933333;
./matpower/data/case1951rte.m:548:	516	1	143.7	43.1	0	0	1	1.03258984	-16.406839	225	1	1.08889	0.933333;
./matpower/data/case1951rte.m:554:	523	1	80.5	17.6	0	0	1	1.051495	-17.6370461	225	1	1.08889	0.933333;
./matpower/data/case1951rte.m:561:	530	1	55	13.5	0	0	1	1.06781756	-12.8674248	225	1	1.08889	0.933333;
./matpower/data/case1951rte.m:574:	544	1	167.4	54.6	0	0	1	1.04899911	-11.3896412	225	1	1.08889	0.933333;
./matpower/data/case1951rte.m:587:	557	1	0	0	0	0	1	1.04684307	-14.2633349	225	1	1.08889	0.933333;
./matpower/data/case1951rte.m:588:	558	1	0	0	0	0	1	1.05254662	-13.985752	225	1	1.08889	0.933333;
./matpower/data/case1951rte.m:597:	567	1	0	0	0	0	1	1.0459221	-9.54008531	225	1	1.08889	0.933333;
./matpower/data/case1951rte.m:600:	570	1	0	0	0	0	1	1.06138561	-12.121768	225	1	1.08889	0.933333;
./matpower/data/case1951rte.m:623:	594	1	1.2	1.6	0	0	1	1.06446089	-11.7614074	225	1	1.08889	0.933333;
./matpower/data/case1951rte.m:640:	611	1	65.1	12.6	0	0	1	1.06131653	-12.1339286	225	1	1.08889	0.933333;
./matpower/data/case1951rte.m:641:	612	1	58.6	5.7	0	0	1	1.0613318	-12.1333701	225	1	1.08889	0.933333;
./matpower/data/case1951rte.m:642:	613	1	61.4	14.4	0	0	1	1.06129009	-12.1355163	225	1	1.08889	0.933333;
./matpower/data/case1951rte.m:645:	616	1	33.6	11.4	0	0	1	1.06534994	-12.0650429	225	1	1.08889	0.933333;
./matpower/data/case1951rte.m:651:	622	1	110.9	25	0	0	1	1.06633037	-13.1232999	225	1	1.08889	0.933333;
./matpower/data/case1951rte.m:670:	643	1	0	0	0	0	1	1.06724239	-13.0705538	225	1	1.08889	0.933333;
./matpower/data/case1951rte.m:692:	666	1	87.8	27.1	0	0	1	1.0303379	-19.6157948	225	1	1.08889	0.933333;
./matpower/data/case1951rte.m:693:	667	1	96.6	37	0	0	1	1.03827348	-15.5970506	225	1	1.08889	0.933333;
./matpower/data/case1951rte.m:695:	669	1	63.2	8	0	0	1	1.04523927	-14.2927309	225	1	1.08889	0.933333;
./matpower/data/case1951rte.m:702:	676	1	194.3	41.4	0	0	1	1.05309287	-15.4923871	225	1	1.08889	0.933333;
./matpower/data/case1951rte.m:752:	728	1	102.8	10	0	0	1	1.03723235	-18.9012654	225	1	1.08889	0.933333;
./matpower/data/case1951rte.m:753:	729	1	79.8	4.4	0	0	1	1.02354527	-23.9691096	150	1	1.08	0.966667;
./matpower/data/case1951rte.m:761:	737	1	38.4	4.2	0	0	1	1.06721174	-13.077687	225	1	1.08889	0.933333;
./matpower/data/case1951rte.m:765:	741	1	287.1	47.6	0	59	1	1.06998647	-38.0134898	90	1	1.08201	0.977778;
./matpower/data/case1951rte.m:779:	755	1	-3.5	0.2	0	0	1	1.06154878	-12.1031376	225	1	1.08889	0.933333;
./matpower/data/case1951rte.m:784:	760	1	74.1	45.2	0	0	1	1.06265239	-11.0177696	225	1	1.08889	0.933333;
./matpower/data/case1951rte.m:785:	761	1	263.1	134.7	0	0	1	1.03874834	-18.4004071	225	1	1.08889	0.933333;
./matpower/data/case1951rte.m:795:	771	1	87.5	-4.2	0	0	1	1.06933811	-16.0533325	225	1	1.08972	0.933333;
./matpower/data/case1951rte.m:801:	777	1	47.4	6.1	0	0	1	1.04913261	-14.7086437	225	1	1.08889	0.933333;
./matpower/data/case1951rte.m:811:	789	1	117.8	18.9	0	0	1	1.07601536	-28.202998	225	1	1.08889	1.00444;
./matpower/data/case1951rte.m:821:	799	1	29.1	8.3	0	0	1	1.03031749	-19.6169689	225	1	1.08889	0.933333;
./matpower/data/case1951rte.m:830:	808	1	18	1.9	0	0	1	1.06692111	-13.0537183	225	1	1.08889	0.933333;
./matpower/data/case1951rte.m:833:	811	1	5.6	4.8	0	0	1	1.05971337	-14.505253	225	1	1.08889	0.933333;
./matpower/data/case1951rte.m:834:	812	1	65.2	13.4	0	0	1	1.06788436	-13.0927263	225	1	1.08889	0.933333;
./matpower/data/case1951rte.m:840:	818	1	87.3	25.3	0	0	1	1.06766522	-12.2760449	225	1	1.08889	0.933333;
./matpower/data/case1951rte.m:841:	819	1	0	0	0	0	1	1.07180439	-12.1892592	225	1	1.08889	0.933333;
./matpower/data/case1951rte.m:842:	820	1	0	0	0	0	1	1.06447552	-11.757215	225	1	1.08889	0.933333;
./matpower/data/case1951rte.m:847:	825	1	186.5	63.4	0	0	1	1.06601793	-12.8165902	225	1	1.08889	0.933333;
./matpower/data/case1951rte.m:864:	843	1	0	0	0	0	1	1.06778932	-12.2767246	225	1	1.08889	0.933333;
./matpower/data/case1951rte.m:865:	844	1	135.5	54.6	0	0	1	1.05900038	-12.5276632	225	1	1.08889	0.933333;
./matpower/data/case1951rte.m:886:	868	1	93.9	27.8	0	0	1	1.05443041	-19.0928703	225	1	1.08889	0.933333;
./matpower/data/case1951rte.m:889:	871	1	37.6	-7.7	0	0	1	1.06111922	-11.5973623	225	1	1.08889	0.933333;
./matpower/data/case1951rte.m:890:	872	1	66.4	0.5	0	0	1	1.05532829	-18.6443728	225	1	1.08889	0.933333;
./matpower/data/case1951rte.m:937:	920	1	0	0	0	0	1	1.07712327	-12.7258902	225	1	1.08889	0.933333;
./matpower/data/case1951rte.m:939:	922	1	18.3	5.4	0	0	1	1.07707574	-28.5184164	225	1	1.08998	1.00444;
./matpower/data/case1951rte.m:946:	929	1	57.2	14.6	0	0	1	1.05895862	-12.5334679	225	1	1.08889	0.933333;
./matpower/data/case1951rte.m:958:	941	1	161.9	15.5	0	0	1	1.07001509	-12.722609	225	1	1.08889	0.933333;
./matpower/data/case1951rte.m:960:	943	1	117.8	26.4	0	0	1	1.04044147	-12.9185663	225	1	1.08889	0.933333;
./matpower/data/case1951rte.m:971:	954	1	45.4	13.4	0	0	1	1.05872442	-12.5572759	225	1	1.08889	0.933333;
./matpower/data/case1951rte.m:993:	976	1	51.3	1.3	0	0	1	1.05529919	-15.3435312	225	1	1.08889	0.933333;
./matpower/data/case1951rte.m:998:	981	1	211	52.2	0	0	1	1.03611607	-13.634703	225	1	1.08889	0.933333;
./matpower/data/case1951rte.m:1005:	988	1	0	0	0	0	1	1.08177915	-11.1124851	225	1	1.08889	0.933333;
./matpower/data/case1951rte.m:1015:	998	1	2.1	16.8	0	0	1	1.07711423	-12.7287755	225	1	1.08889	0.933333;
./matpower/data/case1951rte.m:1026:	1010	1	0	0	0	0	1	1.08294511	-11.2833866	225	1	1.08889	0.933333;
./matpower/data/case1951rte.m:1027:	1011	1	69.2	7.3	0	0	1	1.05611671	-11.8997207	225	1	1.08889	0.933333;
./matpower/data/case1951rte.m:1060:	1049	1	-4.4	-9.2	0	0	1	1.06896551	-12.8628429	225	1	1.08889	0.933333;
./matpower/data/case1951rte.m:1101:	1092	1	32.6	14.5	0	0	1	1.04557656	-18.2824345	225	1	1.08889	0.933333;
./matpower/data/case1951rte.m:1104:	1096	1	181.5	76.8	0	0	1	1.04555318	-14.2636545	225	1	1.08889	0.933333;
./matpower/data/case1951rte.m:1119:	1113	1	0.5	7.2	0	0	1	1.07508531	-16.2887097	150	1	1.08	0.966667;
./matpower/data/case1951rte.m:1126:	1120	1	1.7	-1.1	0	0	1	1.03993712	-21.887268	150	1	1.08	0.966667;
./matpower/data/case1951rte.m:1132:	1127	1	0	0	0	0	1	1.0426247	-18.1041479	225	1	1.08889	0.933333;
./matpower/data/case1951rte.m:1142:	1137	1	86.3	24.7	0	0	1	1.0779819	-11.5309133	225	1	1.08889	0.933333;
./matpower/data/case1951rte.m:1143:	1138	1	0	0	0	0	1	1.0492081	-11.228502	225	1	1.08889	0.933333;
./matpower/data/case1951rte.m:1150:	1145	1	58.3	26.1	0	0	1	1.04819533	-15.6790372	225	1	1.08889	0.933333;
./matpower/data/case1951rte.m:1160:	1155	1	9.6	-16.1	0	0	1	1.07493847	-12.7357885	225	1	1.08889	0.933333;
./matpower/data/case1951rte.m:1164:	1159	1	0	0	0	0	1	1.08192779	-11.1534889	225	1	1.08889	0.933333;
./matpower/data/case1951rte.m:1166:	1161	1	59.3	-3.6	0	0	1	1.08774539	-16.3308429	225	1	1.09235	0.933333;
./matpower/data/case1951rte.m:1171:	1166	1	0	0	0	0	1	1.07458295	-12.3072468	225	1	1.08889	0.933333;
./matpower/data/case1951rte.m:1173:	1168	1	85.2	35.5	0	0	1	1.04326477	-18.0892839	225	1	1.08889	0.933333;
./matpower/data/case1951rte.m:1180:	1175	1	31.3	20.5	0	0	1	1.04260729	-14.5002932	225	1	1.08889	0.933333;
./matpower/data/case1951rte.m:1181:	1176	1	141.1	45.8	0	0	1	1.04033199	-18.6219892	225	1	1.08889	0.933333;
./matpower/data/case1951rte.m:1187:	1182	1	7.4	16.7	0	0	1	1.07846611	-10.5293426	225	1	1.08889	0.933333;
./matpower/data/case1951rte.m:1190:	1185	1	228.6	49.4	0	0	1	1.04708037	-13.8987209	225	1	1.08889	0.933333;
./matpower/data/case1951rte.m:1201:	1835	1	68.1	1.1	0	0	1	1.06474052	-14.3530795	225	1	1.08889	0.933333;
./matpower/data/case1951rte.m:1202:	1836	1	93.9	23.9	0	0	1	1.07819452	-11.6164741	225	1	1.08889	0.933333;
./matpower/data/case1951rte.m:1216:	1209	1	0	0	0	0	1	1.08185106	-11.0943482	225	1	1.08889	0.933333;
./matpower/data/case1951rte.m:1218:	1211	1	-20	-8.3	0	0	1	1.04379246	-22.3091294	150	1	1.08	0.966667;
./matpower/data/case1951rte.m:1244:	1237	1	0	0	0	0	1	1.08300298	-15.7747079	150	1	1.08809	0.966667;
./matpower/data/case1951rte.m:1249:	1241	1	152.4	55.9	0	0	1	1.05789388	-13.8693978	225	1	1.08889	0.933333;
./matpower/data/case1951rte.m:1259:	1253	1	0	0	0	0	1	1.06326914	-14.2693296	150	1	1.08	0.966667;
./matpower/data/case1951rte.m:1263:	1257	1	0	0	0	0	1	1.07867722	-12.9529666	150	1	1.08	0.966667;
./matpower/data/case1951rte.m:1307:	1304	1	125.2	28.8	0	0	1	1.03996983	-15.6712548	225	1	1.08889	0.933333;
./matpower/data/case1951rte.m:1334:	1330	1	29.3	19.2	0	0	1	1.06551502	-12.8643657	225	1	1.08889	0.933333;
./matpower/data/case1951rte.m:1338:	1334	1	124.9	28.1	0	0	1	1.07891564	-11.5631938	225	1	1.08889	0.933333;
./matpower/data/case1951rte.m:1342:	1338	1	147.7	51.5	0	0	1	1.04002259	-10.1890122	225	1	1.08889	0.933333;
./matpower/data/case1951rte.m:1351:	1349	1	177.8	39.7	0	0	1	1.06828393	-12.5585106	225	1	1.08889	0.933333;
./matpower/data/case1951rte.m:1352:	1350	1	-14	-7.5	0	0	1	1.07039288	-11.6901323	225	1	1.08889	0.933333;
./matpower/data/case1951rte.m:1354:	1352	1	0	0	0	0	1	1.0682431	-16.0393369	380	1	1.10526	1.05263;
./matpower/data/case1951rte.m:1402:	1404	1	68.5	21.7	0	0	1	1.08368535	-4.02949605	225	1	1.10045	0.986667;
./matpower/data/case1951rte.m:1403:	1405	1	68.3	10.7	0	0	1	1.02511747	-20.4383238	225	1	1.08889	0.933333;
./matpower/data/case1951rte.m:1404:	1406	1	100	48.8	0	0	1	1.0402021	-14.4562297	225	1	1.08889	0.933333;
./matpower/data/case1951rte.m:1405:	1407	1	89.6	33.6	0	0	1	1.04221996	-15.2525961	225	1	1.08889	0.933333;
./matpower/data/case1951rte.m:1411:	1412	1	170.7	62.2	0	0	1	1.06571111	-13.2196143	225	1	1.08889	0.933333;
./matpower/data/case1951rte.m:1429:	1429	1	0	0	0	0	1	1.10687794	-18.1907435	150	1	1.10862	0.966667;
./matpower/data/case1951rte.m:1436:	1436	1	0	0	0	0	1	1.05385199	-17.2908226	225	1	1.08889	0.933333;
./matpower/data/case1951rte.m:1439:	1439	1	0	0	0	0	1	1.06404237	-14.2742637	150	1	1.08	0.966667;
./matpower/data/case1951rte.m:1443:	1443	1	0	0	0	0	1	1.04709008	-9.2541018	225	1	1.08889	0.933333;
./matpower/data/case1951rte.m:1447:	1447	1	0	0	0	0	1	1.04531936	-9.80569462	225	1	1.08889	0.933333;
./matpower/data/case1951rte.m:1455:	1455	1	0	0	0	0	1	1.0470217	-10.8930523	225	1	1.08889	0.933333;
./matpower/data/case1951rte.m:1456:	1456	1	0	0	0	0	1	1.04708652	-14.7201364	225	1	1.08889	0.933333;
./matpower/data/case1951rte.m:1479:	1479	1	0	0	0	0	1	1.06649055	-12.470567	225	1	1.08889	0.933333;
./matpower/data/case1951rte.m:1486:	1486	1	0	0	0	0	1	1.05743809	-15.2114198	225	1	1.08889	0.933333;
./matpower/data/case1951rte.m:1492:	1492	1	-2.8	6.7	0	0	1	1.06893034	-12.6923643	225	1	1.08889	0.933333;
./matpower/data/case1951rte.m:1500:	1500	1	0	0	0	0	1	1.04927452	-14.686841	225	1	1.08889	0.933333;
./matpower/data/case1951rte.m:1505:	1505	1	0	0	0	0	1	1.0669254	-13.0528357	225	1	1.08889	0.933333;
./matpower/data/case1951rte.m:1507:	1507	1	0	0	0	0	1	1.10285875	-18.5727672	150	1	1.10847	0.966667;
./matpower/data/case1951rte.m:1511:	1511	1	0	0	0	0	1	1.10596432	-18.304076	150	1	1.10879	0.966667;
./matpower/data/case1951rte.m:1523:	1523	1	0	0	0	0	1	1.06890352	-12.8633197	225	1	1.08889	0.933333;
./matpower/data/case1951rte.m:1528:	1528	1	0	0	0	0	1	1.03475026	-22.837494	150	1	1.08	0.966667;
./matpower/data/case1951rte.m:1531:	1531	1	0	0	0	0	1	1.07830802	-11.3518459	225	1	1.08889	0.933333;
./matpower/data/case1951rte.m:1548:	1548	1	0	0	0	0	1	1.06862553	-13.0154911	225	1	1.08889	0.933333;
./matpower/data/case1951rte.m:1631:	1630	2	0	0	0	0	1	0.966	-8.74357929	11	1	1.05	0.927525;
./matpower/data/case1951rte.m:1705:	1674	2	43	18	0	0	1	1.032	-15.6479477	24	1	1.05	0.949137;
./matpower/data/case1951rte.m:1756:	1893	2	0	0	0	0	1	0.998	-9.57841638	15	1	1.1	0.9;
./matpower/data/case1951rte.m:1857:	1958	2	0	0	0	0	1	0.998	-8.28782258	10	1	1.1	0.9;
./matpower/data/case1951rte.m:1858:	1959	2	0	0	0	0	1	0.998	-8.28782258	10	1	1.1	0.9;
./matpower/data/case1951rte.m:1967:	1797	1	-184.6	19.4	0	0	1	1.03750791	-12.2854403	225	1	1.08889	0.933333;
./matpower/data/case1951rte.m:1979:	1809	1	-671.5	-47.2	0	0	1	1.08933522	-6.459398	380	1	1.10526	1.03947;
./matpower/data/case1951rte.m:1988:	1818	1	-58.1	21.3	0	0	1	1.04275744	-12.998945	225	1	1.08889	0.933333;
./matpower/data/case1951rte.m:1991:	1821	1	-18.7	33.7	0	0	1	1.04002731	-14.6104361	225	1	1.08889	0.933333;
./matpower/data/case1951rte.m:1993:	1823	1	107.8	80.3	0	0	1	1.04401104	-14.4505276	225	1	1.08889	0.933333;
./matpower/data/case1951rte.m:1994:	1824	1	107.6	80.3	0	0	1	1.04400613	-14.4501217	225	1	1.08889	0.933333;
./matpower/data/case1951rte.m:2059:	1630	83	3.66	43.86	-8.5	0.966	100	1	86	17.2	0	0	0	0	0	0	0	0	0	0	0;
./matpower/data/case1951rte.m:2184:	1893	62.98	6.81	35.48	-24.52	0.998	100	1	65	13	0	0	0	0	0	0	0	0	0	0	0;
./matpower/data/case1951rte.m:2285:	1958	58.99	0.81	27.09	-26.13	0.998	100	1	61	12.2	0	0	0	0	0	0	0	0	0	0	0;
./matpower/data/case1951rte.m:2286:	1959	58.99	0.82	27.25	-25.97	0.998	100	1	61	12.2	0	0	0	0	0	0	0	0	0	0	0;
./matpower/data/case1951rte.m:2446:	446	23	0.00156	0.006933	0.0121	432	432	432	1	0	1	0	0;
./matpower/data/case1951rte.m:2500:	1321	46	0.002933	0.010267	0.0032	0	0	0	1	0	1	0	0;
./matpower/data/case1951rte.m:2533:	461	57	0.012978	0.059338	0.1002	409	409	409	1	0	1	0	0;
./matpower/data/case1951rte.m:2617:	701	98	0.019498	0.06712	0.0206	0	0	0	1	0	1	0	0;
./matpower/data/case1951rte.m:2912:	623	263	0.000998	0.014177	0.465	2487	2487	2487	1	0	1	0	0;
./matpower/data/case1951rte.m:2982:	1359	295	0.002121	0.009661	0.0162	355	355	355	1	0	1	0	0;
./matpower/data/case1951rte.m:3055:	1298	333	0.004365	0.029491	0.0537	575	575	575	1	0	1	0	0;
./matpower/data/case1951rte.m:3115:	1320	357	0.000949	0.009342	0.2426	1611	1611	1611	1	0	1	0	0;
./matpower/data/case1951rte.m:3236:	905	422	0.004464	0.029669	0.0547	540	540	540	1	0	1	0	0;
./matpower/data/case1951rte.m:3257:	679	436	0.000966	0.009803	0.2526	1579	1579	1579	1	0	1	0	0;
./matpower/data/case1951rte.m:3708:	1523	737	0.006696	0.029985	0.0527	288	288	288	1	0	1	0	0;
./matpower/data/case1951rte.m:3729:	1362	750	0.008	0.03998	0.0709	362	362	362	1	0	1	0	0;
./matpower/data/case1951rte.m:4206:	1184	1258	0.006933	0.033403	0.0607	333	333	333	1	0	1	0	0;
./matpower/data/case1951rte.m:4590:	1364	1365	0.000803	0.039335	0	600	600	600	0.996016	0	1	0	0;
./matpower/data/case6468rte.m:49:	4	1	33.8	-8.2	0	0	1	1.06611868	-3.90213962	90	1	1.08889	0.933333;
./matpower/data/case6468rte.m:75:	30	1	29.8	-1.9	0	0	1	1.06365968	-3.58628596	90	1	1.08889	0.933333;
./matpower/data/case6468rte.m:78:	33	1	0	0	0	0	1	1.03986876	-11.0997968	225	1	1.08889	0.933333;
./matpower/data/case6468rte.m:79:	34	1	0	0	0	0	1	1.03410534	-11.3247484	225	1	1.08889	0.933333;
./matpower/data/case6468rte.m:96:	51	1	0	0	0	0	1	1.04603188	-12.4126923	225	1	1.08889	0.933333;
./matpower/data/case6468rte.m:105:	60	1	0	0	0	0	1	0.998943276	-1.88690126	63	1	1.07937	0.952381;
./matpower/data/case6468rte.m:148:	103	1	13.2	-4	0	0	1	1.0079984	-1.94551408	63	1	1.07937	0.952381;
./matpower/data/case6468rte.m:155:	110	1	0	0	0	0	1	1.02640258	-9.24746227	225	1	1.08889	0.933333;
./matpower/data/case6468rte.m:183:	138	1	0	0	0	0	1	1.00897643	-19.9217542	150	1	1.08	0.966667;
./matpower/data/case6468rte.m:195:	150	1	17.9	5.1	0	0	1	1.01454521	-14.0796632	90	1	1.06667	0.977778;
./matpower/data/case6468rte.m:200:	155	1	0	0	0	0	1	1.05637984	-8.58028661	225	1	1.08889	0.933333;
./matpower/data/case6468rte.m:219:	174	1	26.6	6.6	0	0	1	1.08721143	0.0329561429	90	1	1.08889	0.933333;
./matpower/data/case6468rte.m:243:	198	1	0	0	0	0	1	1.08949905	-4.92453751	63	1	1.09743	0.952381;
./matpower/data/case6468rte.m:270:	225	1	0	0	0	0	1	1.075722	-7.92086761	225	1	1.08889	0.933333;
./matpower/data/case6468rte.m:280:	235	1	6.6	1.5	0	0	1	1.02830326	-1.25712095	90	1	1.08889	0.933333;
./matpower/data/case6468rte.m:282:	237	1	21.9	6.1	0	0	1	1.07356824	-2.11678294	90	1	1.08889	0.933333;
./matpower/data/case6468rte.m:295:	250	1	0	0	0	0	1	1.02667047	-11.2073088	225	1	1.08889	0.933333;
./matpower/data/case6468rte.m:345:	300	1	2	-0.5	0	0	1	1.00393364	-14.7755668	63	1	1.06349	0.936508;
./matpower/data/case6468rte.m:381:	336	2	0	0	0	0	1	1.03598128	-22.7633103	150	1	1.08	0.966667;
./matpower/data/case6468rte.m:411:	366	1	8.1	2.4	0	0	1	1.08802247	0.0223499837	90	1	1.08939	0.933333;
./matpower/data/case6468rte.m:414:	369	1	0	0	0	0	1	1.03272851	-11.4106128	225	1	1.08889	0.933333;
./matpower/data/case6468rte.m:416:	371	1	0	0	0	0	1	1.05421158	-7.70902933	380	1	1.10526	1.03947;
./matpower/data/case6468rte.m:427:	382	1	0	0	0	0	1	1.06101829	-4.89921266	225	1	1.08889	0.933333;
./matpower/data/case6468rte.m:452:	407	1	29.3	7.6	0	0	1	0.998844131	-14.8824355	63	1	1.06349	0.936508;
./matpower/data/case6468rte.m:517:	472	1	2.2	-2.4	0	0	1	1.06135573	-4.9151278	225	1	1.08889	0.933333;
./matpower/data/case6468rte.m:529:	484	1	0	0	0	0	1	1.0320112	-9.56135145	225	1	1.08889	0.933333;
./matpower/data/case6468rte.m:538:	493	1	-24.3	13.6	0	0	1	1.08880957	-0.559615799	90	1	1.09203	0.933333;
./matpower/data/case6468rte.m:569:	524	1	0	0	0	0	1	1.05876561	-6.04987705	225	1	1.08889	0.933333;
./matpower/data/case6468rte.m:587:	542	1	38.5	2.8	0	0	1	1.06110841	-6.54389353	225	1	1.08889	0.933333;
./matpower/data/case6468rte.m:588:	543	1	39.5	5.8	0	0	1	1.06107898	-6.54769932	225	1	1.08889	0.933333;
./matpower/data/case6468rte.m:622:	577	1	7	-0.9	0	0	1	1.07424022	-2.53653189	90	1	1.08889	0.933333;
./matpower/data/case6468rte.m:653:	608	1	0	0	0	0	1	1.01000475	-27.4029661	63	1	1.06349	0.952381;
./matpower/data/case6468rte.m:657:	612	1	0	0	0	0	1	1.02453515	-9.24212931	225	1	1.08889	0.933333;
./matpower/data/case6468rte.m:671:	626	2	0	0	0	0	1	1.03449893	-12.0502515	225	1	1.08889	0.933333;
./matpower/data/case6468rte.m:675:	630	1	0	0	0	0	1	1.00681379	-20.0529827	150	1	1.08	0.966667;
./matpower/data/case6468rte.m:681:	636	1	6	-2.9	0	0	1	0.998227112	-32.3215609	63	1	1.06349	0.952381;
./matpower/data/case6468rte.m:706:	661	1	2	-1.9	0	0	1	1.00382298	2.87009339	63	1	1.07937	0.952381;
./matpower/data/case6468rte.m:725:	680	1	14	-1.7	0	0	1	0.998554525	-19.4826947	90	1	1.06667	0.977778;
./matpower/data/case6468rte.m:746:	701	1	0	0	0	0	1	1.01493504	-4.09459881	225	1	1.08889	0.933333;
./matpower/data/case6468rte.m:747:	702	1	0	0	0	0	1	1.01475679	-4.48621535	225	1	1.08889	0.933333;
./matpower/data/case6468rte.m:759:	714	1	0.8	0.8	0	0	1	1.04304689	-8.01998875	90	1	1.06667	0.977778;
./matpower/data/case6468rte.m:788:	743	1	0	0	0	0	1	0.998510994	-6.5825709	63	1	1.07937	0.952381;
./matpower/data/case6468rte.m:827:	782	1	7.9	4	0	0	1	0.998539342	-10.8480298	63	1	1.07937	0.952381;
./matpower/data/case6468rte.m:836:	791	1	0	0	0	0	1	1.01806348	-5.33157237	225	1	1.08889	0.933333;
./matpower/data/case6468rte.m:837:	792	1	0	0	0	0	1	1.0693355	1.97820989	380	1	1.10526	1.03947;
./matpower/data/case6468rte.m:850:	805	1	0	0	0	0	1	1.01565842	-4.76760708	225	1	1.08889	0.933333;
./matpower/data/case6468rte.m:851:	806	1	0	0	0	0	1	1.01653442	-4.98661023	225	1	1.08889	0.933333;
./matpower/data/case6468rte.m:930:	885	1	34.7	6.4	0	0	1	1.07597453	-2.10885116	90	1	1.08889	0.933333;
./matpower/data/case6468rte.m:937:	892	1	0	0	0	0	1	1.0558728	-20.4380054	150	1	1.08	0.966667;
./matpower/data/case6468rte.m:970:	925	1	-0.3	-5.7	0	0	1	1.01835866	-5.33321894	225	1	1.08889	0.933333;
./matpower/data/case6468rte.m:1003:	958	1	3.3	1.1	0	0	1	1.02949537	-5.53419368	225	1	1.08889	0.933333;
./matpower/data/case6468rte.m:1008:	963	1	0	0.2	0	0	1	1.04933652	-6.70577271	90	1	1.06667	0.977778;
./matpower/data/case6468rte.m:1050:	1005	1	0	0	0	0	1	1.05656591	-2.79214491	225	1	1.08889	0.933333;
./matpower/data/case6468rte.m:1059:	1014	1	0	0	0	0	1	1.03324839	-22.8382284	150	1	1.08	0.966667;
./matpower/data/case6468rte.m:1065:	1020	1	0	0	0	0	1	1.04136579	-11.7079793	225	1	1.08889	0.933333;
./matpower/data/case6468rte.m:1068:	1023	1	37.5	4.1	0	0	1	0.998713509	-14.0403244	63	1	1.06349	0.936508;
./matpower/data/case6468rte.m:1124:	1079	1	0	0	0	-64	1	1.001212	-5.03966833	20	1	1.15	0.8;
./matpower/data/case6468rte.m:1135:	1090	1	-2.2	-7.1	0	0	1	1.04849531	-10.3699576	225	1	1.08889	0.933333;
./matpower/data/case6468rte.m:1183:	1138	1	1.2	-3.3	0	0	1	0.998478405	1.87893154	63	1	1.07937	0.952381;
./matpower/data/case6468rte.m:1193:	1148	1	31	14.6	0	0	1	1.03987348	-8.81629525	225	1	1.08889	0.933333;
./matpower/data/case6468rte.m:1200:	1155	1	29.7	3.5	0	0	1	1.04437467	-10.1361089	225	1	1.08889	0.933333;
./matpower/data/case6468rte.m:1207:	1162	1	0	0	0	0	1	1.0307355	-12.1697709	225	1	1.08889	0.933333;
./matpower/data/case6468rte.m:1216:	1171	1	0	0	0	0	1	1.05966438	-2.21244746	225	1	1.08889	1.00444;
./matpower/data/case6468rte.m:1230:	1185	1	0	0	0	0	1	1.05076962	-9.76273162	225	1	1.08889	0.933333;
./matpower/data/case6468rte.m:1245:	1200	1	0	0	0	0	1	1.05458484	-10.8788522	225	1	1.08889	0.933333;
./matpower/data/case6468rte.m:1246:	1201	1	0	0	0	0	1	1.05508577	-11.1153273	225	1	1.08889	0.933333;
./matpower/data/case6468rte.m:1276:	1231	1	23.3	17.2	0	0	1	1.0216664	-5.94997755	225	1	1.08889	0.933333;
./matpower/data/case6468rte.m:1289:	1244	1	0	0	0	0	1	1.04660643	-9.99413234	225	1	1.08889	0.933333;
./matpower/data/case6468rte.m:1290:	1245	1	0	0	0	0	1	1.04906998	-9.56102024	225	1	1.08889	0.933333;
./matpower/data/case6468rte.m:1291:	1246	1	0	0	0	0	1	1.04934323	-9.39582611	225	1	1.08889	0.933333;
./matpower/data/case6468rte.m:1308:	1263	1	0	0	0	0	1	1.07408549	2.2045467	225	1	1.08889	0.933333;
./matpower/data/case6468rte.m:1335:	1290	1	17.3	-0.9	0	0	1	1.08060709	-2.14059846	90	1	1.08889	0.933333;
./matpower/data/case6468rte.m:1337:	1292	1	48.8	22.3	0	0	1	1.04223854	-9.92957306	225	1	1.08889	0.933333;
./matpower/data/case6468rte.m:1356:	1311	1	13.9	0.5	0	0	1	1.05209076	-10.9711865	225	1	1.08889	0.933333;
./matpower/data/case6468rte.m:1362:	1317	1	0	0	0	0	1	1.05593045	-20.4183523	150	1	1.08	0.966667;
./matpower/data/case6468rte.m:1396:	1351	1	13.5	6.8	0	0	1	1.06116503	-6.52770486	225	1	1.08889	0.933333;
./matpower/data/case6468rte.m:1400:	1355	1	0	0	0	0	1	1.05593034	-20.4184208	150	1	1.08	0.966667;
./matpower/data/case6468rte.m:1424:	1379	1	0	0	0	0	1	1.05410751	-5.44501949	90	1	1.06667	0.977778;
./matpower/data/case6468rte.m:1457:	1412	1	0	0	0	0	1	1.05893163	-6.31891032	225	1	1.08889	0.933333;
./matpower/data/case6468rte.m:1481:	1436	1	0	0	0	0	1	1.04933431	4.83977085	225	1	1.08889	0.986667;
./matpower/data/case6468rte.m:1484:	1439	1	0	0	0	0	1	1.04933374	4.83977721	225	1	1.08889	0.986667;
./matpower/data/case6468rte.m:1500:	1455	1	47.9	10.1	0	0	1	1.05622992	-3.21441453	225	1	1.08889	0.933333;
./matpower/data/case6468rte.m:1534:	1489	1	0	0	0	0	1	1.05102414	0.565872036	45	1	1.06667	0.933333;
./matpower/data/case6468rte.m:1537:	1492	1	33.4	0.2	0	0	1	1.05369584	-5.73089784	225	1	1.08889	0.933333;
./matpower/data/case6468rte.m:1551:	1506	1	28.7	2.1	0	0	1	1.07045548	-1.95759124	90	1	1.08889	0.933333;
./matpower/data/case6468rte.m:1604:	1559	1	23	-9	0	0	1	1.0694988	-3.93199504	90	1	1.1	0.944444;
./matpower/data/case6468rte.m:1618:	1573	1	11.8	3.2	0	0	1	0.998509795	-0.381086763	63	1	1.07937	0.952381;
./matpower/data/case6468rte.m:1636:	1591	1	0	0	0	0	1	1.05000496	-4.92665063	225	1	1.08889	0.933333;
./matpower/data/case6468rte.m:1645:	1600	1	20.7	1.1	0	0	1	0.998374307	-13.1587004	63	1	1.04762	0.952381;
./matpower/data/case6468rte.m:1667:	1622	1	0	0	0	0	1	1.04947739	-21.6380692	150	1	1.08	0.966667;
./matpower/data/case6468rte.m:1670:	1625	1	0	0	0	0	1	1.04183946	-9.30104546	225	1	1.08889	0.933333;
./matpower/data/case6468rte.m:1727:	1682	1	10.3	-6.2	0	0	1	1.02747537	-0.364618641	90	1	1.08889	0.933333;
./matpower/data/case6468rte.m:1735:	1690	1	0	0	0	0	1	1.04765678	-9.68060003	225	1	1.08889	0.933333;
./matpower/data/case6468rte.m:1779:	1734	1	21.8	2.9	0	0	1	0.998622726	-18.6654559	63	1	1.06349	0.936508;
./matpower/data/case6468rte.m:1784:	1739	1	14	2.4	0	0	1	1.08438378	-2.05330233	90	1	1.09675	0.933333;
./matpower/data/case6468rte.m:1814:	1769	1	17.1	2.3	0	0	1	1.04433926	-7.33024625	225	1	1.08889	0.933333;
./matpower/data/case6468rte.m:1838:	1793	1	0	0	0	0	1	1.04569684	-10.9478518	225	1	1.08889	0.933333;
./matpower/data/case6468rte.m:1856:	1811	1	0	0	0	0	1	1.05835596	-5.69310264	225	1	1.08889	0.933333;
./matpower/data/case6468rte.m:1877:	1832	1	32.5	0.2	0	0	1	1.07432392	-2.52496267	90	1	1.08889	0.933333;
./matpower/data/case6468rte.m:1888:	1843	1	10.7	-4.7	0	0	1	1.07353701	-4.09617747	90	1	1.08889	0.933333;
./matpower/data/case6468rte.m:1890:	1845	1	0	0	0	0	1	1.04268845	-9.9040693	225	1	1.08889	0.933333;
./matpower/data/case6468rte.m:1920:	1875	1	4.3	-3.9	0	0	1	1.02759297	-0.892227306	90	1	1.08889	0.933333;
./matpower/data/case6468rte.m:1956:	1911	1	0	0	0	0	1	1.02740429	-6.0646244	225	1	1.08889	0.933333;
./matpower/data/case6468rte.m:2012:	1967	1	0	0	0	0	1	1.0484397	-10.9637257	225	1	1.08889	0.933333;
./matpower/data/case6468rte.m:2013:	1968	1	0	0	0	0	1	1.05722709	-8.45622019	225	1	1.08889	0.933333;
./matpower/data/case6468rte.m:2035:	1990	1	0	0	0	0	1	1.01809347	-5.10719448	225	1	1.08889	0.933333;
./matpower/data/case6468rte.m:2056:	2011	1	0	0	0	0	1	1.04765798	-5.48366935	225	1	1.08889	0.933333;
./matpower/data/case6468rte.m:2088:	2043	1	13.6	0.5	0	0	1	0.992432188	-23.0593348	63	1	1.06349	0.952381;
./matpower/data/case6468rte.m:2112:	2067	1	15	-7	0	0	1	1.03949925	-18.5234894	63	1	1.07937	0.920635;
./matpower/data/case6468rte.m:2123:	2078	1	-1.1	-8.7	0	0	1	1.04580087	-5.59955206	225	1	1.08889	0.933333;
./matpower/data/case6468rte.m:2183:	2138	1	0	0	0	0	1	1.04763937	-5.49597047	225	1	1.08889	0.933333;
./matpower/data/case6468rte.m:2184:	2139	1	0	0	0	0	1	1.04763885	-5.49385157	225	1	1.08889	0.933333;
./matpower/data/case6468rte.m:2185:	2140	1	0	0	0	0	1	1.04758496	-5.49718115	225	1	1.08889	0.933333;
./matpower/data/case6468rte.m:2192:	2147	1	0	0	0	0	1	1.03050157	-12.0320344	225	1	1.08889	0.933333;
./matpower/data/case6468rte.m:2202:	2157	1	0	0	0	0	1	1.04228808	-8.67214253	225	1	1.08889	0.933333;
./matpower/data/case6468rte.m:2249:	2204	1	4.5	-0.1	0	0	1	0.972160252	0.236309327	45	1	1.06667	0.933333;
./matpower/data/case6468rte.m:2263:	2218	1	66.1	-1.5	0	0	1	1.08059496	-2.25713278	90	1	1.1	0.944444;
./matpower/data/case6468rte.m:2272:	2227	1	11.5	1	0	0	1	0.990299846	-7.58322839	63	1	1.07937	0.952381;
./matpower/data/case6468rte.m:2275:	2230	1	0	0	0	0	1	1.01890656	-12.4925807	225	1	1.08889	0.933333;
./matpower/data/case6468rte.m:2346:	2301	1	0	0	0	0	1	1.04840614	-8.88368816	225	1	1.08889	0.933333;
./matpower/data/case6468rte.m:2352:	2307	1	0	0	0	0	1	1.0489657	-10.1684201	225	1	1.08889	0.933333;
./matpower/data/case6468rte.m:2363:	2318	1	0	0	0	0	1	0.981345165	-27.3250223	63	1	1.06349	0.966564;
./matpower/data/case6468rte.m:2366:	2321	1	49.4	4.2	0	0	1	1.04468161	-7.26058019	225	1	1.08889	0.933333;
./matpower/data/case6468rte.m:2385:	2340	1	9.5	-3.4	0	0	1	1.01949442	-18.7640026	63	1	1.06349	0.968254;
./matpower/data/case6468rte.m:2392:	2347	1	11.3	6.1	0	0	1	0.998621977	-29.7844689	63	1	1.06349	0.952381;
./matpower/data/case6468rte.m:2399:	2354	1	0	0	0	0	1	1.05378626	-7.37768043	225	1	1.08889	0.933333;
./matpower/data/case6468rte.m:2465:	2421	1	14.2	0.6	0	0	1	0.970099334	-13.7279223	63	1	1.06349	0.936508;
./matpower/data/case6468rte.m:2468:	2424	1	29.9	-1.5	0	0	1	0.998169059	-21.3430193	63	1	1.06349	0.952381;
./matpower/data/case6468rte.m:2546:	2502	1	0	0	0	0	1	1.03003933	-16.5914918	63	1	1.07937	0.920635;
./matpower/data/case6468rte.m:2550:	2506	2	0	0	0	0	1	1.00999839	-20.2216837	63	1	1.06349	0.968254;
./matpower/data/case6468rte.m:2595:	2551	1	0	0	0	0	1	1.05248189	-7.30866769	225	1	1.08889	0.933333;
./matpower/data/case6468rte.m:2604:	2560	1	0	0	0	0	1	1.02349114	-22.92667	150	1	1.08	0.966667;
./matpower/data/case6468rte.m:2635:	2591	1	0	0	0	0	1	1.01890656	-12.4925807	225	1	1.08889	0.933333;
./matpower/data/case6468rte.m:2659:	2615	1	24.5	-8.5	0	0	1	0.9985832	-16.7675235	63	1	1.07937	0.952381;
./matpower/data/case6468rte.m:2679:	2635	1	28.8	2.1	0	0	1	1.07870513	-0.707716697	90	1	1.08889	0.933333;
./matpower/data/case6468rte.m:2732:	2689	1	25.2	17.6	0	0	1	1.04533785	-5.6085588	225	1	1.08889	0.933333;
./matpower/data/case6468rte.m:2757:	2714	1	0	0	0	0	1	1.03670663	-12.1587584	225	1	1.08889	0.933333;
./matpower/data/case6468rte.m:2760:	2717	1	0	0	0	0	1	1.05610595	-6.45242887	225	1	1.08889	0.933333;
./matpower/data/case6468rte.m:2765:	2722	1	22	2.6	0	0	1	1.07515481	-2.70941046	90	1	1.08889	0.933333;
./matpower/data/case6468rte.m:2781:	2738	1	5.5	-6.8	0	0	1	1.07198243	-11.991224	90	1	1.07949	0.922222;
./matpower/data/case6468rte.m:2807:	2764	1	0	0	0	0	1	1.06633331	-10.5926845	225	1	1.08889	0.933333;
./matpower/data/case6468rte.m:2828:	2785	1	0	0	0	0	1	1.02439074	-9.26200864	225	1	1.08889	0.933333;
./matpower/data/case6468rte.m:2858:	2815	1	0	0	0	0	1	0.97224662	0.249899184	45	1	1.06667	0.933333;
./matpower/data/case6468rte.m:2859:	2816	1	2	-0.5	0	0	1	0.972885903	0.351565794	45	1	1.06667	0.933333;
./matpower/data/case6468rte.m:2882:	2839	1	27.1	7.6	0	0	1	1.04838759	-8.88474816	225	1	1.08889	0.933333;
./matpower/data/case6468rte.m:2896:	2853	1	11.3	-5.6	0	0	1	1.05081238	-6.16089494	90	1	1.06667	0.977778;
./matpower/data/case6468rte.m:2911:	2868	1	-1.8	-17.8	0	0	1	1.04357009	-9.25816975	225	1	1.08889	0.933333;
./matpower/data/case6468rte.m:2936:	2893	1	-4	3.4	0	0	1	1.05637569	-6.66410348	225	1	1.08889	0.933333;
./matpower/data/case6468rte.m:2947:	2904	1	49.8	-1.3	0	0	1	1.05758261	-5.79337737	225	1	1.08889	0.933333;
./matpower/data/case6468rte.m:2973:	2930	1	0	0	0	0	1	1.05171764	-5.64238152	225	1	1.08889	0.933333;
./matpower/data/case6468rte.m:2974:	2931	1	0	0	0	0	1	1.0451128	-5.59828226	225	1	1.08889	0.933333;
./matpower/data/case6468rte.m:2975:	2932	1	0	0	0	0	1	1.05645831	-5.24431664	225	1	1.08889	0.933333;
./matpower/data/case6468rte.m:2996:	2953	1	0	0	0	0	1	1.04310955	-9.79808383	225	1	1.08889	0.933333;
./matpower/data/case6468rte.m:3007:	2964	1	9	0.2	0	0	1	1.02099339	-12.3585015	63	1	1.07937	0.952381;
./matpower/data/case6468rte.m:3052:	3009	1	26.6	0.6	0	0	1	0.996012177	-18.0299815	63	1	1.06349	0.936508;
./matpower/data/case6468rte.m:3058:	3015	1	0	0	0	0	1	1.05183988	-5.64306124	225	1	1.08889	0.933333;
./matpower/data/case6468rte.m:3059:	3016	1	51.2	13.1	0	0	1	1.04465752	-6.11071052	225	1	1.08889	0.933333;
./matpower/data/case6468rte.m:3136:	3093	1	0	0	0	0	1	1.06423878	-6.33284955	225	1	1.08889	0.933333;
./matpower/data/case6468rte.m:3150:	3107	1	0	0	0	0	1	1.04838002	-7.86043378	225	1	1.08889	0.933333;
./matpower/data/case6468rte.m:3162:	3119	1	0	0	0	0	1	1.06382854	-6.16888983	225	1	1.08889	0.933333;
./matpower/data/case6468rte.m:3218:	3175	2	0	0	0	0	1	1.082	-1.45905691	90	1	1.08889	0.933333;
./matpower/data/case6468rte.m:3280:	3237	1	12.6	-4.4	0	0	1	1.05933413	-5.5717151	63	1	1.07937	0.920635;
./matpower/data/case6468rte.m:3290:	3247	1	-1.1	-1.1	0	0	1	0.998646292	-0.559136065	63	1	1.07937	0.952381;
./matpower/data/case6468rte.m:3303:	3260	1	9	2.9	0	0	1	0.998338734	-31.1669916	63	1	1.06349	0.952381;
./matpower/data/case6468rte.m:3323:	3280	1	49.7	1.6	0	0	1	1.0692036	-3.31290693	90	1	1.08889	0.933333;
./matpower/data/case6468rte.m:3324:	3281	1	0	0	0	0	1	1.02667134	-11.1118517	225	1	1.08889	0.933333;
./matpower/data/case6468rte.m:3349:	3306	1	38.9	2	0	0	1	1.04497642	-6.07158452	225	1	1.08889	0.933333;
./matpower/data/case6468rte.m:3354:	3311	1	18.5	4.2	0	0	1	0.998785799	-14.9355798	63	1	1.06349	0.936508;
./matpower/data/case6468rte.m:3383:	3340	1	0	0	0	0	1	0.998284289	-20.1094748	63	1	1.06349	0.968254;
./matpower/data/case6468rte.m:3397:	3354	1	0	0	0	0	1	1.04427043	-10.1870624	225	1	1.08889	0.933333;
./matpower/data/case6468rte.m:3407:	3364	1	0	0	0	0	1	1.04133212	-12.9537849	225	1	1.08889	0.933333;
./matpower/data/case6468rte.m:3443:	3400	1	29.6	2.1	0	0	1	1.07691449	-3.58464409	90	1	1.08889	0.933333;
./matpower/data/case6468rte.m:3450:	3407	1	28	-5.4	0	0	1	1.04469901	-6.13400112	225	1	1.08889	0.933333;
./matpower/data/case6468rte.m:3485:	3442	2	31	0	0	0	1	0.966	-10.8230273	63	1	1.06349	0.936508;
./matpower/data/case6468rte.m:3571:	3528	1	0	0	0	0	1	1.05696971	-9.5956884	225	1	1.08889	0.933333;
./matpower/data/case6468rte.m:3582:	3539	1	1.5	0	0	0	1	1.07260063	-1.39015367	90	1	1.08889	0.933333;
./matpower/data/case6468rte.m:3585:	3542	1	0	0	0	0	1	1.05070473	-12.3381353	225	1	1.08889	0.933333;
./matpower/data/case6468rte.m:3600:	3557	1	0	0	0	0	1	1.08351019	-0.818425554	90	1	1.08942	0.933333;
./matpower/data/case6468rte.m:3602:	3559	1	0	0	0	0	1	1.05050357	-9.71555749	225	1	1.08889	0.933333;
./matpower/data/case6468rte.m:3641:	3598	1	0	0	0	0	1	1.0266692	-11.1118322	225	1	1.08889	0.933333;
./matpower/data/case6468rte.m:3670:	3627	1	0	0	0	0	1	1.05090854	-10.2366328	225	1	1.08889	0.933333;
./matpower/data/case6468rte.m:3672:	3629	1	0	0	0	0	1	1.03594472	-6.07861695	225	1	1.08889	0.933333;
./matpower/data/case6468rte.m:3709:	3666	1	18	5.6	0	0	1	0.998661546	3.45295754	63	1	1.07937	0.952381;
./matpower/data/case6468rte.m:3757:	3714	1	19.8	2.6	0	0	1	1.07123907	-2.67878783	90	1	1.08889	0.933333;
./matpower/data/case6468rte.m:3793:	3750	1	0	0	0	0	1	1.03353445	-11.5704856	225	1	1.08889	0.933333;
./matpower/data/case6468rte.m:3904:	3861	1	0	0	0	0	1	1.05570318	-6.41505742	225	1	1.08889	0.933333;
./matpower/data/case6468rte.m:3919:	3876	1	31.9	-2.6	0	0	1	1.04519922	-7.25906967	225	1	1.08889	0.933333;
./matpower/data/case6468rte.m:3974:	3931	1	0.1	6.8	0	0	1	1.06092889	-18.9486451	150	1	1.08	0.966667;
./matpower/data/case6468rte.m:3992:	3949	1	0	0	0	0	1	1.03227168	-22.8682668	150	1	1.08	0.966667;
./matpower/data/case6468rte.m:4007:	3964	1	0	0	0	0	1	1.05700785	-6.19025392	225	1	1.08889	0.933333;
./matpower/data/case6468rte.m:4024:	3981	1	0	0	0	0	1	1.02966299	-12.5884239	63	1	1.07937	0.952381;
./matpower/data/case6468rte.m:4031:	3988	1	95.1	24.8	0	0	1	1.04793901	-9.6819012	225	1	1.08889	0.933333;
./matpower/data/case6468rte.m:4034:	3991	2	0	0	0	0	1	0.998	-7.20795523	20	1	1.15	0.8;
./matpower/data/case6468rte.m:4036:	3993	1	0	0	0	0	1	1.0275557	-5.94331489	225	1	1.08889	0.933333;
./matpower/data/case6468rte.m:4076:	4033	1	0	0	0	0	1	1.05078968	-9.6302031	225	1	1.08889	0.933333;
./matpower/data/case6468rte.m:4096:	4053	1	18.8	-2.8	0	0	1	1.06345045	-4.24533795	90	1	1.08889	0.933333;
./matpower/data/case6468rte.m:4111:	4068	1	0	0	0	0	1	1.02397454	-11.7040677	225	1	1.08889	0.933333;
./matpower/data/case6468rte.m:4118:	4075	1	1	0	0	0	1	1.05077167	-9.76472533	225	1	1.08889	0.933333;
./matpower/data/case6468rte.m:4130:	4087	1	0	0	0	0	1	1.07212136	-10.9834668	225	1	1.08889	0.933333;
./matpower/data/case6468rte.m:4151:	4108	1	0	0	0	0	1	1.04664622	-9.98892163	225	1	1.08889	0.933333;
./matpower/data/case6468rte.m:4161:	4118	1	0	0	0	0	1	1.05439088	-5.9666057	225	1	1.08889	0.933333;
./matpower/data/case6468rte.m:4180:	4137	1	0	0	0	0	1	1.04533863	-11.2644044	225	1	1.08889	0.933333;
./matpower/data/case6468rte.m:4188:	4145	1	0	0	0	0	1	1.06652842	-0.859553449	225	1	1.08889	0.933333;
./matpower/data/case6468rte.m:4199:	4156	1	21.1	-1.2	0	0	1	1.02158348	-0.397570706	90	1	1.08889	0.933333;
./matpower/data/case6468rte.m:4206:	4163	1	10.9	-2.2	0	0	1	1.0498476	-9.49264636	225	1	1.08889	0.933333;
./matpower/data/case6468rte.m:4218:	4175	1	27.6	-0.9	0	0	1	1.0453876	-6.81114372	225	1	1.08889	0.933333;
./matpower/data/case6468rte.m:4232:	4189	1	12.5	-1.4	0	0	1	0.99877798	-10.8630282	63	1	1.07937	0.952381;
./matpower/data/case6468rte.m:4264:	4221	1	65.4	7	0	0	1	1.05581155	-3.2743736	225	1	1.08889	0.933333;
./matpower/data/case6468rte.m:4265:	4222	1	42.6	-10.7	0	0	1	1.06114676	-6.56554266	225	1	1.08889	0.933333;
./matpower/data/case6468rte.m:4308:	4265	1	10.2	0.6	0	0	1	1.02998614	-13.8689275	90	1	1.06667	0.977778;
./matpower/data/case6468rte.m:4331:	4288	1	0	0	0	0	1	1.05050405	-9.71556316	225	1	1.08889	0.933333;
./matpower/data/case6468rte.m:4343:	4301	1	0	0	0	0	1	1.02555548	-23.0733064	150	1	1.08	0.966667;
./matpower/data/case6468rte.m:4379:	4337	1	16.2	0.7	0	0	1	1.07415053	-6.1153625	225	1	1.08933	1.00444;
./matpower/data/case6468rte.m:4391:	4349	2	0	0	0	0	1	1.05090041	-10.2933425	225	1	1.08889	0.933333;
./matpower/data/case6468rte.m:4470:	4428	1	2.8	-1.9	0	0	1	0.998255576	-2.09650807	63	1	1.07937	0.952381;
./matpower/data/case6468rte.m:4479:	4437	1	19.2	-7	0	0	1	0.986386008	-29.1309933	63	1	1.06349	0.952381;
./matpower/data/case6468rte.m:4508:	4466	1	0	0	0	0	1	1.07082326	-17.6107517	150	1	1.08521	0.966667;
./matpower/data/case6468rte.m:4529:	4487	1	1.5	6.5	0	0	1	1.05324936	-6.62876667	225	1	1.08889	0.933333;
./matpower/data/case6468rte.m:4566:	4524	1	24.6	0	0	0	1	1.00853705	-19.7948349	150	1	1.08	0.966667;
./matpower/data/case6468rte.m:4589:	4547	1	0	0	0	0	1	1.03765567	-17.0835638	150	1	1.08	0.966667;
./matpower/data/case6468rte.m:4635:	4593	1	0	0	0	0	1	1.05933982	1.16418588	380	1	1.10526	1.04211;
./matpower/data/case6468rte.m:4649:	4607	1	2	1	0	0	1	0.949713066	-12.5501528	45	1	1	0.888889;
./matpower/data/case6468rte.m:4674:	4632	1	2	0	0	0	1	0.998805009	-2.47899529	63	1	1.07937	0.952381;
./matpower/data/case6468rte.m:4691:	4649	1	37.7	-1.8	0	0	1	1.05517262	-17.1985233	63	1	1.06933	0.936508;
./matpower/data/case6468rte.m:4736:	4694	1	27.4	-2.2	0	0	1	1.07223484	-2.27097742	90	1	1.08889	0.933333;
./matpower/data/case6468rte.m:4754:	4712	1	0	0	0	0	1	1.04177958	-8.92906313	225	1	1.08889	0.933333;
./matpower/data/case6468rte.m:4803:	4761	1	3.1	-2.1	0	0	1	1.0510822	0.557880027	45	1	1.06667	0.933333;
./matpower/data/case6468rte.m:4810:	4768	1	0	0	0	0	1	1.03861216	-11.2687259	225	1	1.08889	0.933333;
./matpower/data/case6468rte.m:4828:	4786	1	102.8	12.5	0	0	1	1.05617781	-3.23149402	225	1	1.08889	0.933333;
./matpower/data/case6468rte.m:4831:	4789	2	0	0	0	0	1	1.04	-22.9781734	150	1	1.08	0.966667;
./matpower/data/case6468rte.m:4844:	4802	1	0	0	0	0	1	1.01859588	-5.85996505	225	1	1.08889	0.933333;
./matpower/data/case6468rte.m:4859:	4817	1	0	0	0	0	1	1.06485099	-11.5978919	225	1	1.08889	0.933333;
./matpower/data/case6468rte.m:4880:	4838	1	35.2	17.7	0	0	1	1.08189262	-0.933334867	90	1	1.08889	0.933333;
./matpower/data/case6468rte.m:4901:	4859	1	0	0	0	0	1	1.00155259	-16.4704966	63	1	1.06349	0.968254;
./matpower/data/case6468rte.m:4915:	4873	1	59.5	-1.7	0	0	1	1.05369277	-5.70526085	225	1	1.08889	0.933333;
./matpower/data/case6468rte.m:4920:	4878	1	0	0	0	0	1	1.03391585	-11.3749797	225	1	1.08889	0.933333;
./matpower/data/case6468rte.m:4950:	4908	1	16.3	-0.5	0	0	1	1.03140932	-1.64975017	90	1	1.08889	0.933333;
./matpower/data/case6468rte.m:4972:	4930	1	21.9	-7.3	0	0	1	1.04933764	-6.70580334	90	1	1.06667	0.977778;
./matpower/data/case6468rte.m:5071:	5029	1	0	0	0	0	1	1.04236375	-8.58916556	225	1	1.08889	0.933333;
./matpower/data/case6468rte.m:5073:	5031	1	0	0	0	0	1	1.04318573	-7.2557074	225	1	1.08889	0.933333;
./matpower/data/case6468rte.m:5078:	5036	1	0	0	0	0	1	1.0493367	-10.4916987	225	1	1.08889	0.933333;
./matpower/data/case6468rte.m:5114:	5072	1	0	0	0	0	1	0.998092909	-7.8885695	63	1	1.07937	0.952381;
./matpower/data/case6468rte.m:5118:	5076	1	171.1	65.7	0	0	1	1.01727224	-12.6481286	225	1	1.08889	0.933333;
./matpower/data/case6468rte.m:5129:	5087	1	6	-0.9	0	0	1	0.982049498	0.403552272	63	1	1.07937	0.952381;
./matpower/data/case6468rte.m:5139:	5097	1	27.3	2.9	0	0	1	1.08059339	-1.5850225	90	1	1.1	0.944444;
./matpower/data/case6468rte.m:5161:	5119	1	0	0	0	0	1	1.05236294	-11.3251252	90	1	1.07778	0.966667;
./matpower/data/case6468rte.m:5170:	5128	1	0	0	0	0	1	1.06599444	-9.90693316	225	1	1.08586	1.00444;
./matpower/data/case6468rte.m:5191:	5149	1	0	0	0	0	1	1.10155242	-18.7580921	150	1	1.1	0.966667;
./matpower/data/case6468rte.m:5228:	5186	1	0	0	0	0	1	1.05941101	-5.39022037	225	1	1.08889	0.933333;
./matpower/data/case6468rte.m:5235:	5193	1	0	0	0	0	1	1.04750436	-10.1095363	90	1	1.07778	0.966667;
./matpower/data/case6468rte.m:5254:	5212	1	0	0	0	0	1	0.998213995	-32.3133451	63	1	1.06349	0.952381;
./matpower/data/case6468rte.m:5255:	5213	1	0	0	0	0	1	1.00731612	-20.0090589	150	1	1.08	0.966667;
./matpower/data/case6468rte.m:5268:	5226	1	0	0	0	0	1	1.03099261	-17.3303724	90	1	1.07778	0.966667;
./matpower/data/case6468rte.m:5276:	5234	1	0	0	0	0	1	0.998660119	-10.8371698	63	1	1.07937	0.952381;
./matpower/data/case6468rte.m:5279:	5237	1	0	0	0	0	1	1.01605638	-4.84211872	225	1	1.08889	0.933333;
./matpower/data/case6468rte.m:5306:	5264	1	0	0	0	0	1	1.01891933	-5.34649632	225	1	1.08889	0.933333;
./matpower/data/case6468rte.m:5314:	5272	1	0	0	0	0	1	1.07083955	-12.5730728	90	1	1.07778	0.966667;
./matpower/data/case6468rte.m:5330:	5288	1	0	0	0	0	1	0.998398801	1.88275744	63	1	1.07937	0.952381;
./matpower/data/case6468rte.m:5346:	5304	1	0	0	0	0	1	1.02284856	-5.88095253	225	1	1.08889	0.933333;
./matpower/data/case6468rte.m:5358:	5316	1	0	0	0	0	1	1.05209403	-10.9697653	225	1	1.08889	0.933333;
./matpower/data/case6468rte.m:5370:	5328	1	0	0	0	0	1	1.06424486	-12.8075956	90	1	1.07778	0.966667;
./matpower/data/case6468rte.m:5378:	5336	1	0	0	0	0	1	1.03080436	-16.6830945	90	1	1.07778	0.966667;
./matpower/data/case6468rte.m:5397:	5355	1	0	0	0	0	1	1.00949157	-12.9023139	63	1	1.06349	0.936508;
./matpower/data/case6468rte.m:5407:	5365	1	0	0	0	0	1	1.07998873	-2.40315775	225	1	1.0893	1.00444;
./matpower/data/case6468rte.m:5412:	5370	1	0	0	0	0	1	1.03547368	-16.8426622	90	1	1.07778	0.966667;
./matpower/data/case6468rte.m:5416:	5374	1	0	0	0	0	1	1.04111315	-17.0694202	90	1	1.07778	0.966667;
./matpower/data/case6468rte.m:5424:	5382	1	0	0	0	0	1	1.03650265	-16.453634	90	1	1.07778	0.966667;
./matpower/data/case6468rte.m:5441:	5399	1	3.1	0	0	0	1	1.06702606	-12.2140201	90	1	1.07778	0.966667;
./matpower/data/case6468rte.m:5449:	5407	1	0	0	0	0	1	1.02499767	-3.78901933	63	1	1.07937	0.952381;
./matpower/data/case6468rte.m:5467:	5425	1	20.6	0	0	0	1	1.05617138	-7.28049618	90	1	1.07778	0.966667;
./matpower/data/case6468rte.m:5468:	5426	1	0	0	0	0	1	1.06401778	-8.11202606	90	1	1.07778	0.966667;
./matpower/data/case6468rte.m:5476:	5434	1	0	0	0	0	1	1.04992092	-5.93433972	225	1	1.08889	0.933333;
./matpower/data/case6468rte.m:5511:	5469	1	0	0	0	0	1	1.03949903	-8.14925808	63	1	1.04762	0.952381;
./matpower/data/case6468rte.m:5513:	5471	1	0	0	0	0	1	1.05683862	-7.00674456	225	1	1.08889	0.933333;
./matpower/data/case6468rte.m:5536:	5494	1	1.6	1.4	0	0	1	1.0434798	-9.87008336	225	1	1.08889	0.933333;
./matpower/data/case6468rte.m:5569:	5527	1	0	0	0	0	1	1.03994943	-15.4476809	90	1	1.07778	0.966667;
./matpower/data/case6468rte.m:5580:	5538	1	0	0	0	0	1	1.0245312	-9.2457259	225	1	1.08889	0.933333;
./matpower/data/case6468rte.m:5597:	5555	1	0	0	0	0	1	1.04355294	-9.25812303	225	1	1.08889	0.933333;
./matpower/data/case6468rte.m:5617:	5575	1	0	0	0	0	1	1.10504522	-18.4435889	150	1	1.10393	0.966667;
./matpower/data/case6468rte.m:5626:	5584	1	0	0	0	0	1	1.05406268	-13.6261207	90	1	1.07778	0.966667;
./matpower/data/case6468rte.m:5628:	5586	1	0	0	0	0	1	1.05356215	-13.7167897	90	1	1.07778	0.966667;
./matpower/data/case6468rte.m:5642:	5600	1	0	0	0	0	1	1.06587155	-12.2505495	90	1	1.07778	0.966667;
./matpower/data/case6468rte.m:5655:	5613	1	8.9	0	0	0	1	1.10147702	-18.7567181	150	1	1.1	0.966667;
./matpower/data/case6468rte.m:5705:	5663	1	0	0	0	0	1	1.03082473	-17.3211747	90	1	1.07778	0.966667;
./matpower/data/case6468rte.m:5742:	5700	1	0	0	0	0	1	1.03348675	-11.5709292	225	1	1.08889	0.933333;
./matpower/data/case6468rte.m:5764:	5722	1	0	0	0	0	1	1.03409606	-16.9360239	90	1	1.07778	0.966667;
./matpower/data/case6468rte.m:5766:	5724	1	0	0	0	0	1	1.02747709	-22.9535087	150	1	1.08	0.966667;
./matpower/data/case6468rte.m:5770:	5728	1	0	0	0	0	1	1.0495033	-9.41434879	225	1	1.08889	0.933333;
./matpower/data/case6468rte.m:5823:	5781	1	0	0	0	0	1	1.04567316	-15.1953778	90	1	1.07778	0.966667;
./matpower/data/case6468rte.m:5839:	5797	1	0	0	0	0	1	0.998237927	-2.09412481	63	1	1.07937	0.952381;
./matpower/data/case6468rte.m:5921:	5879	1	0	0	0	0	1	1.01982511	-12.3492989	225	1	1.08889	0.933333;
./matpower/data/case6468rte.m:6061:	6019	2	-273.8	-63.6	0	0	1	1.05009664	13.1875246	380	1	1.15	0.8;
./matpower/data/case6468rte.m:6099:	6057	2	0	0	0	0	1	0.998	27.4370175	380	1	1.15	0.8;
./matpower/data/case6468rte.m:6263:	6221	1	2.4	0	0	0	1	1.06577788	-10.9984672	225	1	1.15	0.8;
./matpower/data/case6468rte.m:6382:	6342	2	3.5	2.2	0	0	1	0.998	2.91253405	15	1	1.15	0.8;
./matpower/data/case6468rte.m:6383:	6343	2	3.5	2.2	0	0	1	0.998	2.87400651	15	1	1.15	0.8;
./matpower/data/case6468rte.m:6397:	6358	2	40	18	0	0	1	0.998	11.5227667	24	1	1.15	0.8;
./matpower/data/case6468rte.m:6419:	6380	2	37	15	0	0	1	0.998	16.6917713	24	1	1.15	0.8;
./matpower/data/case6468rte.m:6472:	6434	2	0	0	0	0	1	0.949	-5.36290182	10	1	1.15	0.8;
./matpower/data/case6468rte.m:6770:	1265	0.13	0	0	0	0.998	100	1	30	0	0	0	0	0	0	0	0	0	0	0	0;
./matpower/data/case6468rte.m:6913:	2043	0	0	0	0	0.998	100	0	9	0	0	0	0	0	0	0	0	0	0	0	0;
./matpower/data/case6468rte.m:7060:	2870	0	0	0	0	0.998	100	0	17.6	0	0	0	0	0	0	0	0	0	0	0	0;
./matpower/data/case6468rte.m:7172:	3442	5.71	-5.25	14	-14	0.966	100	1	23.1	0	0	0	0	0	0	0	0	0	0	0	0;
./matpower/data/case6468rte.m:7173:	3442	5.71	-5.25	14	-14	0.966	100	1	23.1	0	0	0	0	0	0	0	0	0	0	0	0;
./matpower/data/case6468rte.m:7179:	3463	0	0	0	0	0.998	100	0	1.7	0	0	0	0	0	0	0	0	0	0	0	0;
./matpower/data/case6468rte.m:7277:	3991	28.87	-4.83	6	-6	0.998	100	1	40	1	0	0	0	0	0	0	0	0	0	0	0;
./matpower/data/case6468rte.m:7278:	3991	28.16	-4.83	6	-6	0.998	100	1	40	1	0	0	0	0	0	0	0	0	0	0	0;
./matpower/data/case6468rte.m:7304:	4157	0	1.99	2	-2	0.998	100	0	5	0	0	0	0	0	0	0	0	0	0	0	0;
./matpower/data/case6468rte.m:7305:	4157	0	2	2	-2	0.998	100	0	5	0	0	0	0	0	0	0	0	0	0	0	0;
./matpower/data/case6468rte.m:7315:	4286	0	0	0	0	0.998	100	0	15.5	0	0	0	0	0	0	0	0	0	0	0	0;
./matpower/data/case6468rte.m:7316:	4286	0	0	0	0	0.998	100	0	25.7	0	0	0	0	0	0	0	0	0	0	0	0;
./matpower/data/case6468rte.m:7525:	6057	1605.37	-120.87	484.54	-484.54	0.998	100	1	1615.12	0	0	0	0	0	0	0	0	0	0	0	0;
./matpower/data/case6468rte.m:7682:	6342	61.2	11.57	93.6	-50.9	0.998	100	1	125	8.5	0	0	0	0	0	0	0	0	0	0	0;
./matpower/data/case6468rte.m:7683:	6343	60.2	10.41	93.6	-50.9	0.998	100	1	125	8.5	0	0	0	0	0	0	0	0	0	0	0;
./matpower/data/case6468rte.m:7685:	6345	0	0	328.92	-51.66	0.966	100	0	685	180	0	0	0	0	0	0	0	0	0	0	0;
./matpower/data/case6468rte.m:7697:	6358	965.36	200.79	566.43	-129.84	0.998	100	1	1000	280	0	0	0	0	0	0	0	0	0	0	0;
./matpower/data/case6468rte.m:7701:	6362	0	0	320.29	-95.56	0.949	100	0	451	239	0	0	0	0	0	0	0	0	0	0	0;
./matpower/data/case6468rte.m:7719:	6380	840.84	99.23	525.98	-146.1	0.998	100	1	947	237	0	0	0	0	0	0	0	0	0	0	0;
./matpower/data/case6468rte.m:7772:	6434	17.99	-3.64	19.57	-10.43	0.949	100	1	32	0	0	0	0	0	0	0	0	0	0	0	0;
./matpower/data/case6468rte.m:8050:	1565	105	0.00156	0.006933	0.0121	432	432	432	1	0	1	0	0;
./matpower/data/case6468rte.m:8226:	4741	178	0.002933	0.010267	0.0032	0	0	0	1	0	1	0	0;
./matpower/data/case6468rte.m:8334:	1607	225	0.012978	0.059338	0.1002	409	409	409	1	0	1	0	0;
./matpower/data/case6468rte.m:8630:	2458	364	0.019498	0.06712	0.0206	0	0	0	1	0	1	0	0;
./matpower/data/case6468rte.m:9004:	664	535	0.009259	0.029333	0.0015	0	0	0	1	0	1	0	0;
./matpower/data/case6468rte.m:9499:	5638	812	0.008818	0.029982	0.0003	0	0	0	1	0	1	0	0;
./matpower/data/case6468rte.m:9748:	2158	962	0.000998	0.014177	0.465	2487	2487	2487	1	0	1	0	0;
./matpower/data/case6468rte.m:9948:	4907	1050	0.002121	0.009661	0.0162	0	0	0	1	0	1	0	0;
./matpower/data/case6468rte.m:10174:	4684	1171	0.004365	0.029491	0.0537	575	575	575	1	0	1	0	0;
./matpower/data/case6468rte.m:10298:	4736	1223	0.000949	0.009342	0.2426	1611	1611	1611	1	0	1	0	0;
./matpower/data/case6468rte.m:10733:	3220	1471	0.004464	0.029669	0.0547	540	540	540	1	0	1	0	0;
./matpower/data/case6468rte.m:10786:	1680	1495	0.04966	0.126455	0.0014	0	0	0	1	0	1	0	0;
./matpower/data/case6468rte.m:10832:	2360	1524	0.000966	0.009803	0.2526	1579	1579	1579	1	0	1	0	0;
./matpower/data/case6468rte.m:10933:	3092	1582	0.029982	0.102293	0.001	0	0	0	1	0	1	0	0;
./matpower/data/case6468rte.m:11097:	5087	1671	0.059662	0.164903	0.0018	0	0	0	1	0	1	0	0;
./matpower/data/case6468rte.m:11139:	5637	1696	0.012144	0.049332	0.0012	0	0	0	1	0	1	0	0;
./matpower/data/case6468rte.m:11418:	4035	1873	0.005901	0.019494	0.001	0	0	0	1	0	1	0	0;
./matpower/data/case6468rte.m:11618:	3428	2020	0.089494	0.244142	0.0028	0	0	0	1	0	1	0	0;
./matpower/data/case6468rte.m:12093:	5129	2353	0.011842	0.029982	0	0	0	0	1	0	1	0	0;
./matpower/data/case6468rte.m:12439:	5700	2591	0.006696	0.029985	0.0527	0	0	0	1	0	1	0	0;
./matpower/data/case6468rte.m:12550:	4917	2666	0.008	0.03998	0.0709	0	0	0	1	0	1	0	0;
./matpower/data/case6468rte.m:13437:	5515	3421	0.007307	0.029982	0.0004	0	0	0	1	0	1	0	0;
./matpower/data/case6468rte.m:13442:	4084	3429	0.029982	0.082892	0.001	0	0	0	1	0	1	0	0;
./matpower/data/case6468rte.m:13502:	3500	3491	0.001966	0.003599	0.0024	0	0	0	1	0	1	0	0;
./matpower/data/case6468rte.m:13527:	5514	3512	0.029982	0.085664	0	0	0	0	1	0	1	0	0;
./matpower/data/case6468rte.m:13793:	5699	3753	0.019331	0.035384	0.0003	0	0	0	1	0	1	0	0;
./matpower/data/case6468rte.m:14213:	5033	4312	0.029982	0.075838	0	0	0	0	1	0	1	0	0;
./matpower/data/case6468rte.m:14321:	4946	4465	0.03933	0.101789	0.0025	0	0	0	1	0	1	0	0;
./matpower/data/case6468rte.m:14369:	4170	4548	0.006933	0.033403	0.0607	0	0	0	1	0	1	0	0;
./matpower/data/case6468rte.m:14526:	5759	4862	0.029982	0.076594	0.0009	0	0	0	1	0	1	0	0;
./matpower/data/case6468rte.m:14759:	6263	6011	0.004998	0.030578	0.0553	0	0	0	1	0	1	0	0;
./matpower/data/case6468rte.m:14831:	6047	6043	0.000949	0.010021	0.2458	410	410	410	1	0	1	0	0;
./matpower/data/case6468rte.m:15191:	167	169	0.00316	0.10884	0	0	0	0	0.966187	0	1	0	0;
./matpower/data/case6468rte.m:15192:	167	169	0.00316	0.11358	0	0	0	0	0.966187	0	1	0	0;
./matpower/data/case6468rte.m:15301:	629	630	0.003733	0.175822	0	0	0	0	0.998004	0	1	0	0;
./matpower/data/case6468rte.m:15363:	927	928	0.001814	0.099308	0	1629	1629	1629	0.966188	0	1	0	0;
./matpower/data/case6468rte.m:15395:	982	983	0.001794	0.100831	0	1139	1139	1139	0.966188	0	1	0	0;
./matpower/data/case6468rte.m:15449:	1170	1171	0.001659	0.099496	0	508	508	508	0.997009	0	1	0	0;
./matpower/data/case6468rte.m:15645:	1849	1850	0.003654	0.122074	0	435	435	435	0.998004	0	1	0	0;
./matpower/data/case6468rte.m:15652:	1910	1911	0.001778	0.122864	0	724	724	724	0.998004	0	1	0	0;
./matpower/data/case6468rte.m:15653:	1910	1911	0.00158	0.122272	0	724	724	724	0.998004	0	1	0	0;
./matpower/data/case6468rte.m:15722:	2145	2146	0.013354	0.302343	0	0	0	0	0.933703	0	1	0	0;
./matpower/data/case6468rte.m:15723:	2145	2146	0.013354	0.302343	0	0	0	0	0.933703	0	1	0	0;
./matpower/data/case6468rte.m:15803:	2468	2469	0.00187	0.104571	0	1243	1243	1243	0.966188	0	1	0	0;
./matpower/data/case6468rte.m:15804:	2468	2469	0.001842	0.099931	0	1243	1243	1243	0.966188	0	1	0	0;
./matpower/data/case6468rte.m:15813:	2479	2481	0.001759	0.101177	0	1139	1139	1139	0.966188	0	1	0	0;
./matpower/data/case6468rte.m:15817:	2493	2495	0.001798	0.092049	0	508	508	508	0.949664	0	1	0	0;
./matpower/data/case6468rte.m:15855:	2616	2618	0.001842	0.101731	0	1139	1139	1139	0.966188	0	1	0	0;
./matpower/data/case6468rte.m:15964:	2981	5944	0.001787	0.089335	0	0	0	0	1	0	1	0	0;
./matpower/data/case6468rte.m:16035:	3215	3217	0.00316	0.109037	0	0	0	0	0.966187	0	1	0	0;
./matpower/data/case6468rte.m:16062:	3362	3363	0.02066	0.410935	0	0	0	0	0.933703	0	1	0	0;
./matpower/data/case6468rte.m:16191:	3793	3794	0.001787	0.100208	0	1579	1579	1579	0.966188	0	1	0	0;
./matpower/data/case6468rte.m:16329:	4300	5926	0.008933	0.147111	0	0	0	0	1	0	1	0	0;
./matpower/data/case6468rte.m:16330:	4301	5926	0.0036	0.008933	0	0	0	0	1	0	1	0	0;
./matpower/data/case6468rte.m:16502:	4927	4929	0.000803	0.039335	0	600	600	600	0.996016	0	1	0	0;
./matpower/data/case6468rte.m:16611:	6210	6211	0.000554	0.031524	0	0	0	0	0.966184	0	1	0	0;
./matpower/data/case39.m:89:	7	1	233.8	84	0	0	1	0.99839728	-12.755626	345	1	1.06	0.94;
./matpower/data/case38si.m:96:	27	28	1.0590	0.9337	0	0	0	0	0	0	1	-360	360;
./matpower/data/case_ACTIVSg2000.m:86:	1038	1	0	0	0	0	1	1.0200949	-7.759505	115	9	1.1	0.9	110.7900	-14.8600	0.0000	0.0000;
./matpower/data/case_ACTIVSg2000.m:199:	2060	1	3.8	1.08	0	0	2	0.9987303	-61.567396	161	11	1.1	0.9	151.9700	19.2900	0.0000	0.0000;
./matpower/data/case_ACTIVSg2000.m:219:	2080	1	16.93	4.8	0	0	2	0.9988796	-57.174905	161	11	1.1	0.9	160.8500	24.6900	0.0000	0.0000;
./matpower/data/case_ACTIVSg2000.m:239:	2100	2	0	0	0	0	2	1.0207998	-25.039206	18	10	1.1	0.9	9.9300	0.0000	0.0000	0.0000;
./matpower/data/case_ACTIVSg2000.m:262:	2123	2	0	0	0	0	2	1.0294908	-26.71907	161	10	1.1	0.9	21.9000	-0.5800	0.0000	0.0000;
./matpower/data/case_ACTIVSg2000.m:294:	3022	1	24.59	6.97	0	0	3	0.9989041	-18.045227	115	27	1.1	0.9	-50.0000	-138.8000	0.0000	0.0000;
./matpower/data/case_ACTIVSg2000.m:297:	3025	1	13.67	3.87	0	0	3	0.9989445	-45.324839	115	28	1.1	0.9	-105.4600	77.8300	0.0000	0.0000;
./matpower/data/case_ACTIVSg2000.m:308:	3036	1	5.8	1.64	0	0	3	0.998823	-41.632464	115	28	1.1	0.9	-204.0100	116.1700	0.0000	0.0000;
./matpower/data/case_ACTIVSg2000.m:404:	3132	1	9.56	2.71	0	0	3	0.9984354	-40.096984	115	28	1.1	0.9	-254.2100	115.3700	0.0000	0.0000;
./matpower/data/case_ACTIVSg2000.m:431:	4013	1	92.35	26.17	0	0	4	1.0099492	-71.112944	115	19	1.1	0.9	2095.8100	54.0200	0.0000	0.0000;
./matpower/data/case_ACTIVSg2000.m:466:	4048	1	13.1	3.71	0	0	4	1.0079987	-65.982704	115	19	1.1	0.9	1138.3500	32.3900	0.0000	0.0000;
./matpower/data/case_ACTIVSg2000.m:522:	4104	1	0	0	0	0	4	0.998728	-46.382596	115	21	1.1	0.9	518.2700	154.7000	0.0000	0.0000;
./matpower/data/case_ACTIVSg2000.m:524:	4106	1	37.55	10.64	0	0	4	0.9988978	-57.812391	115	19	1.1	0.9	457.5900	65.3500	0.0000	0.0000;
./matpower/data/case_ACTIVSg2000.m:586:	4168	1	8.87	2.51	0	0	4	0.9987165	-46.401559	115	21	1.1	0.9	-44.0100	-2.6400	0.0000	0.0000;
./matpower/data/case_ACTIVSg2000.m:622:	5009	1	62.68	17.76	0	0	5	0.9984786	-71.254056	161	16	1.1	0.9	418.2300	27.9000	0.0000	0.0000;
./matpower/data/case_ACTIVSg2000.m:657:	5044	1	17.5	4.96	0	0	5	0.9983642	-62.792669	161	17	1.1	0.9	-869.1700	-9.1900	0.0000	0.0000;
./matpower/data/case_ACTIVSg2000.m:687:	5074	1	31.78	9	0	0	5	0.9989481	-69.171734	161	16	1.1	0.9	221.0700	42.4400	0.0000	0.0000;
./matpower/data/case_ACTIVSg2000.m:709:	5096	1	61.74	17.49	0	0	5	0.998145	-68.268555	161	16	1.1	0.9	267.7400	41.3300	0.0000	0.0000;
./matpower/data/case_ACTIVSg2000.m:713:	5100	1	22.45	6.36	0	0	5	0.9981555	-69.025462	161	16	1.1	0.9	846.2700	6.2000	0.0000	0.0000;
./matpower/data/case_ACTIVSg2000.m:735:	5122	1	65	18.42	0	0	5	0.9955858	-70.406998	161	16	1.1	0.9	403.8300	37.5300	0.0000	0.0000;
./matpower/data/case_ACTIVSg2000.m:758:	5145	1	117.86	33.39	0	0	5	0.9981724	-68.433215	161	17	1.1	0.9	237.9500	34.3400	0.0000	0.0000;
./matpower/data/case_ACTIVSg2000.m:766:	5153	1	15.98	4.53	0	0	5	0.9987727	-60.198066	161	12	1.1	0.9	-572.1800	-38.9500	0.0000	0.0000;
./matpower/data/case_ACTIVSg2000.m:788:	5175	1	118.67	33.62	0	0	5	0.9984568	-66.267214	161	17	1.1	0.9	313.9900	14.4700	0.0000	0.0000;
./matpower/data/case_ACTIVSg2000.m:800:	5187	1	15.41	4.37	0	0	5	0.9984839	-49.947539	161	12	1.1	0.9	-33.2100	20.0100	0.0000	0.0000;
./matpower/data/case_ACTIVSg2000.m:802:	5189	1	78.84	22.34	0	0	5	0.9985568	-70.085226	161	16	1.1	0.9	634.3000	9.1400	0.0000	0.0000;
./matpower/data/case_ACTIVSg2000.m:867:	5254	1	82.94	23.5	0	0	5	0.9982401	-68.041206	161	17	1.1	0.9	209.8600	8.9400	0.0000	0.0000;
./matpower/data/case_ACTIVSg2000.m:943:	5330	1	64.78	18.35	0	0	5	0.998589	-67.788901	161	17	1.1	0.9	206.8800	25.5300	0.0000	0.0000;
./matpower/data/case_ACTIVSg2000.m:965:	5352	1	41.84	11.85	0	0	5	0.9980317	-69.436055	161	16	1.1	0.9	770.6000	6.5900	0.0000	0.0000;
./matpower/data/case_ACTIVSg2000.m:969:	5356	1	122.43	34.69	0	0	5	0.9987673	-70.084759	161	16	1.1	0.9	382.3700	37.8200	0.0000	0.0000;
./matpower/data/case_ACTIVSg2000.m:1041:	5428	1	85.26	24.16	0	0	5	0.9981876	-67.709233	161	17	1.1	0.9	199.6100	24.1600	0.0000	0.0000;
./matpower/data/case_ACTIVSg2000.m:1050:	5437	1	9.01	2.55	0	0	5	0.9982816	-58.223188	161	13	1.1	0.9	76.4100	12.7200	0.0000	0.0000;
./matpower/data/case_ACTIVSg2000.m:1080:	5467	1	28.23	8	0	0	5	0.9986114	-70.533813	161	16	1.1	0.9	487.5000	26.3300	0.0000	0.0000;
./matpower/data/case_ACTIVSg2000.m:1130:	6032	1	36.4	10.31	0	0	6	0.99853	-59.542182	115	23	1.1	0.9	1145.2000	63.9300	0.0000	0.0000;
./matpower/data/case_ACTIVSg2000.m:1195:	6097	1	105.36	29.85	0	0	6	0.9988241	-56.518873	115	26	1.1	0.9	189.6500	5.1800	0.0000	0.0000;
./matpower/data/case_ACTIVSg2000.m:1197:	6099	1	21.38	6.06	0	0	6	0.9989914	-56.693502	115	26	1.1	0.9	68.9300	14.5900	0.0000	0.0000;
./matpower/data/case_ACTIVSg2000.m:1213:	6115	1	131.13	37.15	0	0	6	0.9982816	-56.994334	115	22	1.1	0.9	337.5300	-35.8800	0.0000	0.0000;
./matpower/data/case_ACTIVSg2000.m:1217:	6119	1	0	0	0	0	6	1.0096663	-52.838702	230	23	1.1	0.9	70.4200	10.2300	0.0000	0.0000;
./matpower/data/case_ACTIVSg2000.m:1218:	6120	1	195.3	55.33	0	0	6	0.9984039	-56.0602	115	23	1.1	0.9	278.3000	71.3200	0.0000	0.0000;
./matpower/data/case_ACTIVSg2000.m:1266:	6168	1	138.23	39.17	0	0	6	0.9984947	-57.829652	115	26	1.1	0.9	239.9800	32.0100	0.0000	0.0000;
./matpower/data/case_ACTIVSg2000.m:1280:	6182	1	95.83	27.15	0	0	6	0.9988885	-58.181536	115	26	1.1	0.9	211.4200	8.7200	0.0000	0.0000;
./matpower/data/case_ACTIVSg2000.m:1348:	6250	1	86.21	24.43	0	0	6	0.9987051	-57.265007	115	22	1.1	0.9	493.8000	-101.9900	0.0000	0.0000;
./matpower/data/case_ACTIVSg2000.m:1354:	6256	1	18.25	5.17	0	0	6	0.998347	-55.493484	115	23	1.1	0.9	518.3800	141.9000	0.0000	0.0000;
./matpower/data/case_ACTIVSg2000.m:1473:	7017	1	135.83	38.48	0	0	7	0.9987305	-39.360777	115	3	1.1	0.9	680.6700	95.4600	0.0000	0.0000;
./matpower/data/case_ACTIVSg2000.m:1508:	7052	1	106.66	30.22	0	0	7	0.9984259	-37.427863	115	3	1.1	0.9	1042.1100	38.8400	0.0000	0.0000;
./matpower/data/case_ACTIVSg2000.m:1541:	7085	1	4.1	1.16	0	0	7	0.9983918	-34.833162	115	2	1.1	0.9	1570.8100	233.6700	0.0000	0.0000;
./matpower/data/case_ACTIVSg2000.m:1609:	7153	1	26.21	7.42	0	0	7	0.998063	-28.150028	115	1	1.1	0.9	44.1400	18.6800	0.0000	0.0000;
./matpower/data/case_ACTIVSg2000.m:1613:	7157	1	163.83	46.42	0	0	7	0.99886	-38.577076	115	5	1.1	0.9	309.6400	57.9200	0.0000	0.0000;
./matpower/data/case_ACTIVSg2000.m:1682:	7226	1	45.25	12.82	0	0	7	0.9985224	-38.414418	115	3	1.1	0.9	925.7500	-63.9400	0.0000	0.0000;
./matpower/data/case_ACTIVSg2000.m:1699:	7243	1	78.71	22.3	0	0	7	0.9987961	-37.846447	115	4	1.1	0.9	316.8000	44.7000	0.0000	0.0000;
./matpower/data/case_ACTIVSg2000.m:1711:	7255	1	58.99	16.71	0	0	7	0.9985601	-36.857623	115	3	1.1	0.9	671.3100	80.0100	0.0000	0.0000;
./matpower/data/case_ACTIVSg2000.m:1761:	7305	1	0	0	0	0	7	1.0196647	-28.787377	230	1	1.1	0.9	32.1600	12.0400	0.0000	0.0000;
./matpower/data/case_ACTIVSg2000.m:1859:	7403	1	69.67	19.74	0	0	7	0.9983346	-35.407817	115	4	1.1	0.9	399.0100	33.8200	0.0000	0.0000;
./matpower/data/case_ACTIVSg2000.m:1897:	8009	1	9.81	2.78	0	0	8	0.9985149	-43.129697	115	7	1.1	0.9	924.2200	202.4500	0.0000	0.0000;
./matpower/data/case_ACTIVSg2000.m:1983:	8095	1	146.81	41.6	0	0	8	0.9982946	-45.809274	115	7	1.1	0.9	85.7700	8.8300	0.0000	0.0000;
./matpower/data/case_ACTIVSg2000.m:2885:	5450	2124	0.00519	0.02933	0.01578	251	0	0	0	0	1	0	0	-41.9400	11.9600	42.0400	-12.9300	0.0000	0.0000	0.0000	0.0000;
./matpower/data/case_ACTIVSg2000.m:2887:	2125	5215	0.00341	0.01999	0.00998	251	0	0	0	0	1	0	0	75.6700	-6.4600	-75.4700	6.6300	0.0000	0.0000	0.0000	0.0000;
./matpower/data/case_ACTIVSg2000.m:3038:	3084	3082	0.00171	0.09998	0	300	0	0	1	0	1	0	0	174.3700	-8.9300	-173.8500	39.4100	0.0000	0.0000	0.0000	0.0000;
./matpower/data/case_ACTIVSg2000.m:3062:	3104	3101	0.01395	0.07966	0.01197	98	0	0	0	0	1	0	0	10.4100	6.6100	-10.3900	-7.7100	0.0000	0.0000	0.0000	0.0000;
./matpower/data/case_ACTIVSg2000.m:3278:	4120	4078	0.00325	0.01949	0.00265	250	0	0	0	0	1	0	0	29.1300	12.9100	-29.1000	-12.9600	0.0000	0.0000	0.0000	0.0000;
./matpower/data/case_ACTIVSg2000.m:3500:	5028	5233	0.00165	0.00966	0.00482	310	0	0	0	0	1	0	0	151.5200	-43.6300	-151.1100	45.5400	0.0000	0.0000	0.0000	0.0000;
./matpower/data/case_ACTIVSg2000.m:3528:	5371	5034	0.0033	0.01934	0.00966	251	0	0	0	0	1	0	0	-117.0900	-4.3400	117.5400	6.0200	0.0000	0.0000	0.0000	0.0000;
./matpower/data/case_ACTIVSg2000.m:3692:	5107	5105	0.00966	0.19527	0	75	0	0	1	0	1	0	0	0.0000	0.0000	-0.0000	0.0000	0.0000	0.0000	0.0000	0.0000;
./matpower/data/case_ACTIVSg2000.m:4195:	6002	6060	0.00991	0.05949	0.00807	98	0	0	0	0	1	0	0	30.7700	-1.8900	-30.6800	1.6200	0.0000	0.0000	0.0000	0.0000;
./matpower/data/case_ACTIVSg2000.m:4680:	6325	6237	0.01418	0.05883	0.00998	149	0	0	0	0	1	0	0	-27.3200	7.6200	27.4300	-8.1600	0.0000	0.0000	0.0000	0.0000;
./matpower/data/case_ACTIVSg2000.m:5161:	7145	7243	0.01348	0.05591	0.00949	221	0	0	0	0	1	0	0	-81.1100	79.2800	82.7500	-73.4400	0.0000	0.0000	0.0000	0.0000;
./matpower/data/case_ACTIVSg2000.m:5428:	7262	7302	0.01427	0.06362	0.00933	149	0	0	0	0	1	0	0	81.5900	13.6600	-80.6700	-10.5100	0.0000	0.0000	0.0000	0.0000;
./matpower/data/case_ACTIVSg2000.m:5489:	7340	7314	0.01916	0.07949	0.01349	149	0	0	0	0	1	0	0	-5.5800	-0.3100	5.5800	-0.9800	0.0000	0.0000	0.0000	0.0000;
./matpower/data/case_ACTIVSg2000.m:5492:	7317	7424	0.00457	0.02949	0.00563	221	0	0	0	0	1	0	0	-79.2600	-14.8200	79.5600	16.1900	0.0000	0.0000	0.0000	0.0000;
./matpower/data/case_ACTIVSg2000.m:5493:	7317	7424	0.00457	0.02949	0.00563	221	0	0	0	0	1	0	0	-79.2600	-14.8200	79.5600	16.1900	0.0000	0.0000	0.0000	0.0000;
./matpower/data/case_ACTIVSg2000.m:5494:	7317	7424	0.00457	0.02949	0.00563	221	0	0	0	0	1	0	0	-79.2600	-14.8200	79.5600	16.1900	0.0000	0.0000	0.0000	0.0000;
./matpower/data/case_ACTIVSg2000.m:5495:	7317	7424	0.00457	0.02949	0.00563	221	0	0	0	0	1	0	0	-79.2600	-14.8200	79.5600	16.1900	0.0000	0.0000	0.0000	0.0000;
./matpower/data/case_ACTIVSg2000.m:5600:	7432	8003	0.02966	0.07251	0.00949	98	0	0	0	0	1	0	0	-23.9900	-16.5800	24.2300	16.1800	0.0000	0.0000	0.0000	0.0000;
./matpower/data/case_ACTIVSg2000.m:5632:	8015	8150	0.00949	0.05422	0.00815	98	0	0	0	0	1	0	0	8.3500	-9.4000	-8.3400	8.6500	0.0000	0.0000	0.0000	0.0000;
./matpower/data/case2737sop.m:64:	32	1	0	0	0	0	1	1.0693388	-6.9043214	220	1	1.11	0.95	93.5297	-0.2720	0.0000	0.0000;
./matpower/data/case2737sop.m:189:	157	1	0	0	0	0	1	1.0208966	-0.02424863	400	4	1.05	0.95	90.2541	-0.0039	0.0000	0.0000;
./matpower/data/case2737sop.m:437:	405	1	19.565	6	0	0	1	1.0696645	-8.719327	110	1	1.12	0.95	93.6256	-0.3251	0.0000	0.0000;
./matpower/data/case2737sop.m:494:	462	1	1.984	0.5	0	0	1	1.1039668	-3.3724119	110	1	1.12	0.95	92.1443	0.1316	0.0000	0.0000;
./matpower/data/case2737sop.m:526:	494	1	1.803	0.5	0	0	1	1.0801949	-9.1457448	110	1	1.12	0.95	93.6110	-0.9733	0.0000	0.0000;
./matpower/data/case2737sop.m:697:	665	2	13	0	0	0	1	1.068571	-3.7077575	110	2	1.12	0.95	90.9661	-0.5354	0.0000	0.0000;
./matpower/data/case2737sop.m:812:	780	1	0	0	0	0	1	1.0696614	-4.3555373	110	2	1.12	0.95	92.1587	-0.9914	0.0000	0.0000;
./matpower/data/case2737sop.m:848:	816	1	4.158	0.272	0	0	1	1.0799817	-4.3039906	110	2	1.12	0.95	91.7374	-1.6721	0.0000	0.0000;
./matpower/data/case2737sop.m:887:	855	1	4.019	0.278	0	0	1	1.1005949	-2.6857828	110	3	1.12	0.95	91.3806	-0.2247	0.0000	0.0000;
./matpower/data/case2737sop.m:896:	864	1	6.288	0.933	0	0	1	1.091854	-5.8267568	110	3	1.12	0.95	92.9436	-0.1565	0.0000	0.0000;
./matpower/data/case2737sop.m:1159:	1127	1	1.005	0.126	0	0	1	1.0993325	-2.9062534	110	3	1.12	0.95	91.5576	-0.2489	0.0000	0.0000;
./matpower/data/case2737sop.m:1358:	1326	1	0.586	0.087	0	0	1	1.1000998	-3.3699321	110	3	1.12	0.95	91.4761	-0.0776	0.0000	0.0000;
./matpower/data/case2737sop.m:1498:	1466	1	0	0.035	0	0	1	1.103933	-3.9876704	110	3	1.12	0.95	91.8072	0.0179	0.0000	0.0000;
./matpower/data/case2737sop.m:1499:	1467	1	0	0	0	0	1	1.1039333	-3.9876767	110	3	1.12	0.95	91.8072	0.0178	0.0000	0.0000;
./matpower/data/case2737sop.m:1603:	1571	1	0	0	0	0	1	1.0993313	-6.0026248	110	3	1.12	0.95	92.8524	-0.0057	0.0000	0.0000;
./matpower/data/case2737sop.m:1667:	1635	1	4.129	-0.864	0	0	1	1.0896671	-6.1732101	110	3	1.12	0.95	93.2999	-0.1444	0.0000	0.0000;
./matpower/data/case2737sop.m:1668:	1636	1	3.207	-0.496	0	0	1	1.0896651	-6.1704538	110	3	1.12	0.95	93.2990	-0.1443	0.0000	0.0000;
./matpower/data/case2737sop.m:1759:	1727	1	2.495	0.693	0	0	1	1.0894963	-7.5806279	110	3	1.12	0.95	94.6472	0.1434	0.0000	0.0000;
./matpower/data/case2737sop.m:1838:	1806	1	0	0	0	0	1	1.0817712	-5.8113991	110	3	1.12	0.95	92.8416	-0.9334	0.0000	0.0000;
./matpower/data/case2737sop.m:1839:	1807	1	1.841	0.217	0	0	1	1.0817836	-5.8072182	110	3	1.12	0.95	92.8403	-0.9330	0.0000	0.0000;
./matpower/data/case2737sop.m:2181:	2149	1	7.896	3.988	0	0	1	1.1002966	-4.7744768	110	4	1.12	0.95	92.4742	0.0421	0.0000	0.0000;
./matpower/data/case2737sop.m:2188:	2156	1	0.343	-0.115	0	0	1	1.0996627	-8.4632745	110	4	1.12	0.95	94.5580	-0.1534	0.0000	0.0000;
./matpower/data/case2737sop.m:2318:	2286	1	2.981	-0.071	0	0	1	1.1092712	-7.5139043	110	4	1.12	0.95	93.5900	-0.9664	0.0000	0.0000;
./matpower/data/case2737sop.m:2444:	2412	1	0	0	0	0	1	1.0996602	-8.6341755	110	4	1.12	0.95	94.5755	-0.1534	0.0000	0.0000;
./matpower/data/case2737sop.m:2799:	56	129	-16	130	-16	1.03933	259.9	1	225	129	0	0	0	0	0	0	0	0	0	0	0	0.0000	13.2824	0.0000	1.1044;
./matpower/data/case2737sop.m:2850:	158	120	-20	109	-20	0.99847	233.1	1	206	120	0	0	0	0	0	0	0	0	0	0	0	0.0000	8.5875	0.0000	0.0033;
./matpower/data/case2737sop.m:3084:	2254	40	9.43289	15	0	1.07949	66.7	1	40	40	0	0	0	0	0	0	0	0	0	0	0	94.3465	0.0000	0.0000	0.0000;
./matpower/data/case2737sop.m:3186:	64	65	0.00015	0.01071	0	1250	1250	1250	0.9665	0	0	-360	360	0.0000	0.0000	0.0000	0.0000	0.0000	0.0000	0.0000	0.0000;
./matpower/data/case2737sop.m:3267:	51	38	0.006979	0.051961	0.079666	316	316	316	0	0	1	-360	360	22.9263	-7.6685	-22.8956	-1.7475	0.0000	0.0000	0.0000	0.0000;
./matpower/data/case2737sop.m:3392:	356	11	0.001651	0.06775	0	160	160	160	0.9989	0	1	-360	360	-48.4625	-4.9731	48.4969	6.3850	0.0000	0.0000	0.0000	0.0000;
./matpower/data/case2737sop.m:3393:	357	12	0.001651	0.06775	0	160	160	160	0.9986	0	1	-360	360	-48.3229	-4.4291	48.3570	5.8290	0.0000	0.0000	0.0000	0.0000;
./matpower/data/case2737sop.m:3403:	406	23	0.001651	0.06901	0	160	160	160	1.0044	0	1	-360	360	-36.2238	-10.1000	36.2446	10.9660	0.0000	0.0000	0.0000	0.0000;
./matpower/data/case2737sop.m:3441:	1093	83	0.00145	0.066531	-0.003194	160	160	160	0.9985	0	1	-360	360	24.9011	-0.3904	-24.8938	1.1188	0.0000	0.0000	0.0000	0.0000;
./matpower/data/case2737sop.m:3457:	1389	108	0.00145	0.067151	-0.002226	160	160	160	0.9988	0	1	-360	360	-22.2729	-2.4694	22.2790	3.0185	0.0000	0.0000	0.0000	0.0000;
./matpower/data/case2737sop.m:3481:	2015	143	0.00161	0.066531	0	160	160	160	0.9983	0	1	-360	360	-31.4153	-4.4300	31.4287	4.9843	0.0000	0.0000	0.0000	0.0000;
./matpower/data/case2737sop.m:3492:	2155	154	0.001651	0.0593	0	160	160	160	0.9988	0	1	-360	360	-55.9926	6.0972	56.0351	-4.5697	0.0000	0.0000	0.0000	0.0000;
./matpower/data/case2737sop.m:3522:	2520	190	0.00163	0.066715	0	160	160	160	0.9983	0	1	-360	360	-24.4869	-1.6152	24.4950	1.9500	0.0000	0.0000	0.0000	0.0000;
./matpower/data/case2737sop.m:3550:	829	1280	0.045446	0.079339	0.008521	90	90	90	0	0	1	-360	360	-6.9627	0.8194	6.9819	-1.8004	0.0000	0.0000	0.0000	0.0000;
./matpower/data/case2737sop.m:3600:	566	570	0.002727	0.009496	0.000999	133	133	133	0	0	1	-360	360	1.8031	0.3877	-1.8030	-0.5000	0.0000	0.0000	0.0000	0.0000;
./matpower/data/case2737sop.m:3604:	477	344	0.019669	0.059587	0.005871	120	120	120	0	0	1	-360	360	-13.9911	-5.0531	14.0286	4.4932	0.0000	0.0000	0.0000	0.0000;
./matpower/data/case2737sop.m:3612:	426	238	0.024554	0.079669	0.00818	133	133	133	0	0	1	-360	360	5.3180	-1.6287	-5.3115	0.7313	0.0000	0.0000	0.0000	0.0000;
./matpower/data/case2737sop.m:3616:	289	277	0.019669	0.064554	0.00652	133	133	133	0	0	1	-360	360	-13.0007	-1.6530	13.0281	0.9415	0.0000	0.0000	0.0000	0.0000;
./matpower/data/case2737sop.m:3622:	578	431	0.029339	0.095124	0.00992	133	133	133	0	0	1	-360	360	-0.9020	-0.2000	0.9022	-1.0209	0.0000	0.0000	0.0000	0.0000;
./matpower/data/case2737sop.m:3639:	321	353	0.006686	0.019339	0.002069	137	137	137	0	0	1	-360	360	-15.8923	-6.1988	15.9094	6.0141	0.0000	0.0000	0.0000	0.0000;
./matpower/data/case2737sop.m:3641:	211	355	0.006281	0.019339	0.00221	137	137	137	0	0	1	-360	360	16.7431	2.8507	-16.7272	-3.0533	0.0000	0.0000	0.0000	0.0000;
./matpower/data/case2737sop.m:3656:	541	551	0.01405	0.039669	0.00432	133	133	133	0	0	1	-360	360	-20.7146	-4.5791	20.7705	4.2494	0.0000	0.0000	0.0000	0.0000;
./matpower/data/case2737sop.m:3697:	503	341	0.019669	0.053554	0.005779	120	120	120	0	0	1	-360	360	0.2204	-1.6145	-0.2201	0.9692	0.0000	0.0000	0.0000	0.0000;
./matpower/data/case2737sop.m:3705:	546	543	0.000826	0.003719	0.019491	109	109	109	0	0	1	-360	360	25.9576	14.6893	-25.9509	-16.8722	0.0000	0.0000	0.0000	0.0000;
./matpower/data/case2737sop.m:3719:	417	382	0.011818	0.019669	0.002069	90	90	90	0	0	1	-360	360	-2.6330	-1.5621	2.6339	1.3325	0.0000	0.0000	0.0000	0.0000;
./matpower/data/case2737sop.m:3728:	426	387	0.059256	0.191983	0.01974	133	133	133	0	0	1	-360	360	-10.9980	-0.8713	11.0619	-1.1512	0.0000	0.0000	0.0000	0.0000;
./matpower/data/case2737sop.m:3732:	557	554	0.011066	0.019339	0.001839	90	90	90	0	0	1	-360	360	-9.1969	1.6268	9.2056	-1.8171	0.0000	0.0000	0.0000	0.0000;
./matpower/data/case2737sop.m:3737:	387	385	0.039669	0.128603	0.01323	133	133	133	0	0	1	-360	360	0.7968	5.1160	-0.7846	-6.5684	0.0000	0.0000	0.0000	0.0000;
./matpower/data/case2737sop.m:3853:	395	213	0.019669	0.063802	0.006599	120	120	120	0	0	1	-360	360	20.7927	-1.8090	-20.7165	1.3175	0.0000	0.0000	0.0000	0.0000;
./matpower/data/case2737sop.m:3877:	574	577	0.012149	0.039339	0.004051	120	120	120	0	0	1	-360	360	8.6242	1.3945	-8.6165	-1.8632	0.0000	0.0000	0.0000	0.0000;
./matpower/data/case2737sop.m:3879:	219	483	0.033876	0.059339	0.00582	90	90	90	0	0	1	-360	360	-10.3523	-4.2146	10.3892	3.6225	0.0000	0.0000	0.0000	0.0000;
./matpower/data/case2737sop.m:3881:	573	524	0.024215	0.079339	0.008027	133	133	133	0	0	1	-360	360	-11.9408	-0.1268	11.9692	-0.7588	0.0000	0.0000	0.0000	0.0000;
./matpower/data/case2737sop.m:3899:	473	419	0.030331	0.099669	0.01006	133	133	133	0	0	1	-360	360	18.4023	1.1718	-18.3117	-2.0170	0.0000	0.0000	0.0000	0.0000;
./matpower/data/case2737sop.m:3935:	378	248	0.049917	0.089669	0.008981	90	90	90	0	0	1	-360	360	-18.9672	4.1827	19.1371	-4.8896	0.0000	0.0000	0.0000	0.0000;
./matpower/data/case2737sop.m:4010:	609	606	0.029339	0.094793	0.009699	90	90	90	0	0	1	-360	360	4.4590	-2.4117	-4.4532	1.2887	0.0000	0.0000	0.0000	0.0000;
./matpower/data/case2737sop.m:4029:	698	683	0.019669	0.063636	0.00651	90	90	90	0	0	1	-360	360	16.0892	2.2691	-16.0452	-2.8961	0.0000	0.0000	0.0000	0.0000;
./matpower/data/case2737sop.m:4131:	780	653	0.009669	0.031488	0.003221	90	90	90	0	0	1	-360	360	2.6952	-6.1180	-2.6916	5.7606	0.0000	0.0000	0.0000	0.0000;
./matpower/data/case2737sop.m:4147:	660	634	0.009669	0.026198	0.002631	58	58	58	0	0	1	-360	360	7.7808	9.1866	-7.7681	-9.4485	0.0000	0.0000	0.0000	0.0000;
./matpower/data/case2737sop.m:4164:	733	741	0.029669	0.066364	0.00649	90	90	90	0	0	1	-360	360	-21.5487	-7.0543	21.6767	6.5686	0.0000	0.0000	0.0000	0.0000;
./matpower/data/case2737sop.m:4179:	673	671	0.011488	0.029669	0.003011	58	58	58	0	0	1	-360	360	-8.7798	-14.7671	8.8102	14.5138	0.0000	0.0000	0.0000	0.0000;
./matpower/data/case2737sop.m:4223:	714	629	0.029496	0.051818	0.004881	90	90	90	0	0	1	-360	360	22.3086	-8.2248	-22.1634	7.9251	0.0000	0.0000	0.0000	0.0000;
./matpower/data/case2737sop.m:4239:	760	719	0.009669	0.03157	0.003221	90	90	90	0	0	1	-360	360	4.6230	-4.1466	-4.6199	3.7805	0.0000	0.0000	0.0000	0.0000;
./matpower/data/case2737sop.m:4265:	744	745	0.019339	0.062636	0.006411	90	90	90	0	0	1	-360	360	6.8636	-4.9931	-6.8520	4.2960	0.0000	0.0000	0.0000	0.0000;
./matpower/data/case2737sop.m:4272:	1273	1274	0.002975	0.009669	0.001004	140	140	140	0	0	1	-360	360	-1.2560	-0.3460	1.2560	0.2254	0.0000	0.0000	0.0000	0.0000;
./matpower/data/case2737sop.m:4359:	1740	961	0.01876	0.059339	0.006437	114	114	114	0	0	1	-360	360	-9.2666	-1.7966	9.2808	1.0934	0.0000	0.0000	0.0000	0.0000;
./matpower/data/case2737sop.m:4388:	1125	856	0.010826	0.021818	0.002998	90	90	90	0	0	1	-360	360	-11.2993	1.7535	11.3110	-2.0928	0.0000	0.0000	0.0000	0.0000;
./matpower/data/case2737sop.m:4464:	1286	1028	0.002645	0.008017	0.000949	114	114	114	0	0	1	-360	360	0.0000	-0.1137	-0.0000	-0.0000	0.0000	0.0000	0.0000	0.0000;
./matpower/data/case2737sop.m:4487:	953	1641	0.019669	0.040579	0.003599	90	90	90	0	0	1	-360	360	-36.4196	0.0474	36.6349	-0.0420	0.0000	0.0000	0.0000	0.0000;
./matpower/data/case2737sop.m:4563:	1195	1197	0.003141	0.009669	0.001125	140	140	140	0	0	0	-360	360	0.0000	0.0000	0.0000	0.0000	0.0000	0.0000	0.0000	0.0000;
./matpower/data/case2737sop.m:4571:	1272	1115	0.009339	0.025289	0.002592	120	120	120	0	0	1	-360	360	10.6184	0.8728	-10.6096	-1.1614	0.0000	0.0000	0.0000	0.0000;
./matpower/data/case2737sop.m:4573:	1272	1269	0.005537	0.009339	0.00097	90	90	90	0	0	1	-360	360	3.9338	1.4013	-3.9330	-1.5170	0.0000	0.0000	0.0000	0.0000;
./matpower/data/case2737sop.m:4574:	1319	1115	0.015041	0.039669	0.004104	120	120	120	0	0	1	-360	360	16.6321	0.2049	-16.5977	-0.6094	0.0000	0.0000	0.0000	0.0000;
./matpower/data/case2737sop.m:4609:	1823	1785	0.011901	0.029669	0.003277	120	120	120	0	0	1	-360	360	-3.7528	-3.0505	3.7550	2.6629	0.0000	0.0000	0.0000	0.0000;
./matpower/data/case2737sop.m:4697:	1432	1180	0.009339	0.031901	0.003243	140	140	140	0	0	1	-360	360	-8.3662	-0.9736	8.3716	0.5964	0.0000	0.0000	0.0000	0.0000;
./matpower/data/case2737sop.m:4724:	1666	946	0.006446	0.019669	0.002335	140	140	140	0	0	1	-360	360	-12.5791	-4.4944	12.5886	4.2418	0.0000	0.0000	0.0000	0.0000;
./matpower/data/case2737sop.m:4773:	1224	1397	0.009917	0.019669	0.003705	120	120	120	0	0	1	-360	360	-20.4369	-2.6926	20.4722	2.3202	0.0000	0.0000	0.0000	0.0000;
./matpower/data/case2737sop.m:4907:	1686	1573	0.025124	0.089339	0.008877	114	114	114	0	0	1	-360	360	6.6004	2.8715	-6.5889	-3.8937	0.0000	0.0000	0.0000	0.0000;
./matpower/data/case2737sop.m:4946:	1439	1392	0.039339	0.090413	0.018963	114	114	114	0	0	1	-360	360	14.6059	-2.5651	-14.5350	0.4700	0.0000	0.0000	0.0000	0.0000;
./matpower/data/case2737sop.m:4950:	1079	1541	0.009339	0.017355	0.001779	90	90	90	0	0	1	-360	360	14.8521	2.4512	-14.8340	-2.6260	0.0000	0.0000	0.0000	0.0000;
./matpower/data/case2737sop.m:5129:	1325	858	0.012479	0.039669	0.004279	140	140	140	0	0	1	-360	360	15.4138	2.0772	-15.3892	-2.5253	0.0000	0.0000	0.0000	0.0000;
./matpower/data/case2737sop.m:5176:	2127	2175	0.059669	0.104554	0.009951	59	59	59	0	0	1	-360	360	-10.8780	-1.1520	10.9368	0.0506	0.0000	0.0000	0.0000	0.0000;
./matpower/data/case2737sop.m:5223:	2281	2213	0.029496	0.099901	0.009891	123	123	123	0	0	1	-360	360	-28.8168	-10.3905	29.0438	9.9504	0.0000	0.0000	0.0000	0.0000;
./matpower/data/case2737sop.m:5226:	2438	2201	0.039669	0.069421	0.00666	78	78	78	0	0	1	-360	360	-3.0060	-0.1770	3.0089	-0.6413	0.0000	0.0000	0.0000	0.0000;
./matpower/data/case2737sop.m:5282:	2180	2046	0.016612	0.029496	0.00288	78	78	78	0	0	1	-360	360	13.0696	2.6219	-13.0452	-2.9283	0.0000	0.0000	0.0000	0.0000;
./matpower/data/case2737sop.m:5306:	2382	2165	0.039669	0.069339	0.006631	78	78	78	0	0	1	-360	360	11.8362	2.6971	-11.7869	-3.4054	0.0000	0.0000	0.0000	0.0000;
./matpower/data/case2737sop.m:5342:	2259	2186	0.014752	0.049984	0.004949	78	78	78	0	0	1	-360	360	-5.1782	4.4712	5.1842	-5.0476	0.0000	0.0000	0.0000	0.0000;
./matpower/data/case2737sop.m:5353:	2064	1967	0.029669	0.076612	0.007771	62	62	62	0	0	1	-360	360	-19.6481	2.4943	19.7434	-3.2066	0.0000	0.0000	0.0000	0.0000;
./matpower/data/case2737sop.m:5366:	2086	2055	0.015289	0.049669	0.005179	91	91	91	0	0	1	-360	360	-5.4265	-3.2396	5.4313	2.6290	0.0000	0.0000	0.0000	0.0000;
./matpower/data/case2737sop.m:5390:	1936	2134	0.01395	0.039983	0.00401	69	69	69	0	0	1	-360	360	-5.2687	-0.8424	5.2719	0.3591	0.0000	0.0000	0.0000	0.0000;
./matpower/data/case2737sop.m:5422:	2119	2032	0.029669	0.049256	0.004859	78	78	78	0	0	1	-360	360	-1.1108	-4.9725	1.1167	4.4164	0.0000	0.0000	0.0000	0.0000;
./matpower/data/case2737sop.m:5433:	2403	2016	0.03224	0.069984	0.006778	78	78	78	0	0	1	-360	360	-6.7814	-2.8626	6.7954	2.0804	0.0000	0.0000	0.0000	0.0000;
./matpower/data/case2737sop.m:5481:	2420	2017	0.039826	0.069669	0.00666	78	78	78	0	0	1	-360	360	13.8353	-0.9749	-13.7706	0.3064	0.0000	0.0000	0.0000	0.0000;
./matpower/data/case2737sop.m:5519:	2321	1937	0.01762	0.041347	0.00402	78	78	78	0	0	1	-360	360	-3.3707	0.9330	3.3725	-1.4287	0.0000	0.0000	0.0000	0.0000;
./matpower/data/case2737sop.m:5538:	2433	2171	0.013173	0.044603	0.004419	123	123	123	0	0	1	-360	360	-10.9365	1.3719	10.9494	-1.8807	0.0000	0.0000	0.0000	0.0000;
./matpower/data/case2737sop.m:5573:	2342	2340	0.009091	0.031397	0.003269	123	123	123	0	0	1	-360	360	-1.7662	-1.3392	1.7665	0.9332	0.0000	0.0000	0.0000	0.0000;
./matpower/data/case2737sop.m:5594:	2243	2120	0.006967	0.023603	0.00234	123	123	123	0	0	1	-360	360	6.7286	0.6759	-6.7260	-0.9490	0.0000	0.0000	0.0000	0.0000;
./matpower/data/case2737sop.m:5642:	2313	2413	0.005529	0.009669	0.00092	120	120	120	0	0	1	-360	360	0.0000	0.0000	0.0000	-0.1122	0.0000	0.0000	0.0000	0.0000;
./matpower/data/case2737sop.m:5659:	2285	2154	0.039339	0.129174	0.013201	123	123	123	0	0	1	-360	360	-20.8387	5.0457	20.9884	-6.1803	0.0000	0.0000	0.0000	0.0000;
./matpower/data/case2737sop.m:5667:	2193	1962	0.029496	0.050174	0.00484	78	78	78	0	0	1	-360	360	-11.9775	6.6748	12.0242	-7.1817	0.0000	0.0000	0.0000	0.0000;
./matpower/data/case2737sop.m:5672:	2155	1957	0.020992	0.069339	0.006989	123	123	123	0	0	1	-360	360	9.8528	-0.8200	-9.8361	0.0174	0.0000	0.0000	0.0000	0.0000;
./matpower/data/case2737sop.m:5723:	2647	2579	0.029008	0.09438	0.009661	76	76	76	0	0	1	-360	360	-2.7563	2.6699	2.7608	-3.7792	0.0000	0.0000	0.0000	0.0000;
./matpower/data/case2737sop.m:5798:	2704	2701	0.009339	0.016529	0.00174	90	90	90	0	0	1	-360	360	-24.3912	7.9436	24.4426	-8.0611	0.0000	0.0000	0.0000	0.0000;
./matpower/data/case2737sop.m:5868:	2513	2636	0.003719	0.009339	0.000939	120	120	120	0	0	1	-360	360	-5.6463	-0.2910	5.6473	0.1864	0.0000	0.0000	0.0000	0.0000;
./matpower/data/case2737sop.m:5948:	2512	2532	0.039669	0.07157	0.006411	69	69	69	0	0	1	-360	360	-2.7418	-0.2002	2.7443	-0.5662	0.0000	0.0000	0.0000	0.0000;
./matpower/data/case2737sop.m:5960:	2692	2490	0.026612	0.089422	0.008949	137	137	137	0	0	1	-360	360	-11.7711	-0.7709	11.8017	-0.2081	0.0000	0.0000	0.0000	0.0000;
./matpower/data/case2737sop.m:5967:	2621	2651	0.019669	0.086124	0.00924	57	57	57	0	0	1	-360	360	0.0001	-1.1196	-0.0000	-0.0000	0.0000	0.0000	0.0000	0.0000;
./matpower/data/case2737sop.m:6090:	363	362	8.3e-05	0.000826	0	438	438	438	0	0	1	-360	360	-59.2336	-20.9209	59.2364	20.9494	0.0000	0.0000	0.0000	0.0000;
./matpower/data/case2737sop.m:6217:	1051	1050	8.3e-05	0.000826	0	438	438	438	0	0	1	-360	360	20.5467	1.0014	-20.5464	-0.9985	0.0000	0.0000	0.0000	0.0000;
./matpower/data/case2737sop.m:6592:	2121	2120	8.3e-05	0.000826	0	438	438	438	0	0	1	-360	360	-0.9669	3.3571	0.9670	-3.3570	0.0000	0.0000	0.0000	0.0000;
./matpower/data/case9241pegase.m:181:	109	1	137	19.5	0	4.9	0	1.004858	-11.902933	154	1	1.1	0.9;
./matpower/data/case9241pegase.m:269:	197	2	0	0	0	0	0	1.099985	44.827022	380	3	1.1	0.9;
./matpower/data/case9241pegase.m:358:	286	1	101.6	14.5	0	1.94	0	1.01692	4.101949	154	1	1.1	0.9;
./matpower/data/case9241pegase.m:386:	314	1	163.1	46.3	0	10.6	0	0.998939	-16.361138	220	5	1.1	0.9;
./matpower/data/case9241pegase.m:433:	361	2	0	0	0	0	0	1.05949	16.125446	380	13	1.3	0.7;
./matpower/data/case9241pegase.m:494:	422	1	35.84	12.5	0	0.26	0	0.99831	-31.51274	110	19	1.1	0.9;
./matpower/data/case9241pegase.m:586:	514	1	9.61	3.1	0	0.77	0	1.017141	-38.705949	110	12	1.1	0.9;
./matpower/data/case9241pegase.m:609:	537	1	27.53	17	0	0.76	0	0.949809	-29.215766	150	9	1.1	0.9;
./matpower/data/case9241pegase.m:624:	552	1	180.8	90.8	0	2.42	0	0.966453	-43.582462	150	10	1.1	0.9;
./matpower/data/case9241pegase.m:638:	566	1	5.81	3.8	0	0.94	0	0.966543	-30.57403	110	18	1.1	0.9;
./matpower/data/case9241pegase.m:648:	576	1	108.6	38.7	0	0	0	0.998317	-18.957058	110	18	1.1	0.9;
./matpower/data/case9241pegase.m:772:	700	1	12.71	0.8	0	0.51	0	0.966856	-29.467501	110	18	1.1	0.9;
./matpower/data/case9241pegase.m:792:	720	1	-0	-0	0	23.554121	0	0.96634	-27.364834	380	5	1.1	0.9;
./matpower/data/case9241pegase.m:825:	753	1	1.9	0.6	0	0.38	0	0.998712	-26.728595	110	18	1.1	0.9;
./matpower/data/case9241pegase.m:849:	777	1	0	0	0	1.44	0	1.029983	-16.451254	154	1	1.1	0.9;
./matpower/data/case9241pegase.m:1009:	937	1	-12.51	4.1	0	0.09	0	0.998116	-32.130798	150	9	1.1	0.9;
./matpower/data/case9241pegase.m:1051:	979	1	21.12	7.7	0	1.48	0	0.966427	-22.917522	110	19	1.1	0.9;
./matpower/data/case9241pegase.m:1059:	987	1	-0	0	0	1.18	0	0.998791	-39.118465	150	10	1.1	0.9;
./matpower/data/case9241pegase.m:1091:	1019	1	0	0	0	0.31	0	1.019661	-37.5747	110	1	1.1	0.9;
./matpower/data/case9241pegase.m:1171:	1099	1	0	0	0	0	0	0.998984	-30.306116	150	9	1.1	0.9;
./matpower/data/case9241pegase.m:1201:	1129	1	190.47	55.03	0	6.7	0	0.99805	-22.902706	220	5	1.1	0.9;
./matpower/data/case9241pegase.m:1207:	1135	1	1.4	0.6	0	0.41	0	0.966502	-25.233439	110	18	1.1	0.9;
./matpower/data/case9241pegase.m:1338:	1266	1	15.42	2.2	0	1.46	0	0.998744	-41.577791	110	22	1.1	0.9;
./matpower/data/case9241pegase.m:1346:	1274	1	149.9	53.2	0	1.07	0	0.966937	-22.699804	110	18	1.1	0.9;
./matpower/data/case9241pegase.m:1402:	1330	1	100.6	15.3	0	1.28	0	0.998944	-2.086057	150	8	1.1	0.9;
./matpower/data/case9241pegase.m:1434:	1362	1	-0	-0	0	6.93	0	1.03998	25.637281	220	8	1.1	0.9;
./matpower/data/case9241pegase.m:1506:	1434	1	-0	0	0	4.88	0	1.06933	-22.158284	220	1	1.1	0.9;
./matpower/data/case9241pegase.m:1528:	1456	1	0	0	0	0.37	0	0.998629	-37.756444	110	1	1.1	0.9;
./matpower/data/case9241pegase.m:1688:	1616	1	0	0	0	14.45	0	0.998365	-4.338847	380	2	1.1	0.9;
./matpower/data/case9241pegase.m:1857:	1785	2	0	0	0	0	0	0.998	-17.23253	110	18	1.1	0.9;
./matpower/data/case9241pegase.m:1950:	1878	1	0	0	0	0.13	0	0.998257	-26.891995	110	18	1.1	0.9;
./matpower/data/case9241pegase.m:2197:	2125	1	0	0	0	1.81	0	0.988682	-30.998911	150	9	1.1	0.9;
./matpower/data/case9241pegase.m:2243:	2171	1	37.6	5.4	0	2.24	0	0.99897	-24.971014	154	1	1.1	0.9;
./matpower/data/case9241pegase.m:2419:	2347	1	0	0	0	0.5	0	0.998838	-29.376014	150	9	1.1	0.9;
./matpower/data/case9241pegase.m:2421:	2349	1	0	-0	0.12	1.55	0	1.05949	-27.313076	220	21	1.1	0.9;
./matpower/data/case9241pegase.m:2508:	2436	1	0	0	0	91.66	0	0.998471	-3.00089	400	1	1.1	0.9;
./matpower/data/case9241pegase.m:2514:	2442	1	2.43	0.49	0	0.17	0	0.998662	-26.864718	110	18	1.1	0.9;
./matpower/data/case9241pegase.m:2587:	2515	2	0	0	0	0	0	0.998497	-25.884845	110	18	1.1	0.9;
./matpower/data/case9241pegase.m:2626:	2554	1	32.54	10.6	0	1.22	0	0.933736	-36.784298	110	21	1.1	0.9;
./matpower/data/case9241pegase.m:2634:	2562	1	-88.6	-24.2	0	5.66	0	0.998383	-52.123371	220	10	1.1	0.9;
./matpower/data/case9241pegase.m:2773:	2701	1	0	0	0	0	0	0.998514	-36.87879	150	9	1.1	0.9;
./matpower/data/case9241pegase.m:2778:	2706	1	118	37.8	0	0	0	0.998322	-18.958592	110	18	1.1	0.9;
./matpower/data/case9241pegase.m:2804:	2732	1	85.59	20.72	0	142.79	0	1.009988	-10.274142	380	5	1.1	0.9;
./matpower/data/case9241pegase.m:2856:	2784	1	0.3	1.3	0	0.28	0	0.998791	9.953837	220	3	1.1	0.9;
./matpower/data/case9241pegase.m:2870:	2798	1	8.91	2.7	0	1.01	0	0.998181	-28.063947	110	18	1.1	0.9;
./matpower/data/case9241pegase.m:2925:	2853	2	0	0	0	0	0	0.998154	-36.333293	150	10	1.1	0.9;
./matpower/data/case9241pegase.m:3090:	3018	2	0	0	0	0	0	1.049496	-13.234142	220	5	1.1	0.9;
./matpower/data/case9241pegase.m:3411:	3339	1	0	-0	0	0.38	0	0.988637	-30.966256	150	9	1.1	0.9;
./matpower/data/case9241pegase.m:3417:	3345	2	0	0	0	0	0	0.998722	-23.729182	154	1	1.1	0.9;
./matpower/data/case9241pegase.m:3579:	3507	2	0	0	0	0	0	1.009668	-36.42353	220	6	1.1	0.9;
./matpower/data/case9241pegase.m:3585:	3513	2	0	0	0	0	0	1.027289	-3.805998	380	5	1.1	0.9;
./matpower/data/case9241pegase.m:3603:	3531	1	7.81	2.8	0	0.77	0	1.019989	-27.855737	110	19	1.1	0.9;
./matpower/data/case9241pegase.m:3644:	3572	1	8.31	3	0	0.24	0	0.998955	-16.495251	110	19	1.1	0.9;
./matpower/data/case9241pegase.m:3657:	3585	2	0	0	0	0	0	1.001933	-45.137255	220	10	1.1	0.9;
./matpower/data/case9241pegase.m:3751:	3679	1	49.91	23.81	0	0.17	0	0.998124	-12.616636	110	18	1.1	0.9;
./matpower/data/case9241pegase.m:3817:	3745	1	5.51	2	0	0.46	0	0.998625	-31.326971	110	21	1.1	0.9;
./matpower/data/case9241pegase.m:3849:	3777	1	77.19	25.4	0	4.13	0	0.998564	7.675291	220	3	1.1	0.9;
./matpower/data/case9241pegase.m:4006:	3934	1	236.2	45.1	0	2.88	0	0.998415	5.424314	220	3	1.1	0.9;
./matpower/data/case9241pegase.m:4061:	3989	1	76.6	10.9	0	1.33	0	0.998086	-22.778757	154	1	1.1	0.9;
./matpower/data/case9241pegase.m:4223:	4151	1	91.4	-88.2	0	0.29	0	1.023997	-3.039664	220	3	1.1	0.9;
./matpower/data/case9241pegase.m:4285:	4213	1	32.34	14.1	0	0.24	0	0.998759	-26.288816	110	18	1.1	0.9;
./matpower/data/case9241pegase.m:4288:	4216	1	-0.17	-8.06	0	0.83	0	1.028315	7.907933	110	8	1.1	0.9;
./matpower/data/case9241pegase.m:4345:	4273	1	31.94	10	0	0.18	0	0.998443	-19.858555	110	18	1.1	0.9;
./matpower/data/case9241pegase.m:4361:	4289	1	0	0	0	0	0	0.998324	-28.72802	150	9	1.1	0.9;
./matpower/data/case9241pegase.m:4457:	4385	1	60.97	19.7	0	2.22	0	0.998388	-37.313561	110	12	1.1	0.9;
./matpower/data/case9241pegase.m:4516:	4444	1	16.52	4.8	0	0.33	0	0.998693	-24.624089	110	18	1.1	0.9;
./matpower/data/case9241pegase.m:4538:	4466	1	0	0	0	7.75	0	0.998815	9.954113	220	3	1.1	0.9;
./matpower/data/case9241pegase.m:4569:	4497	1	-0	0	0	0.7	0	0.966015	-16.2589	110	18	1.1	0.9;
./matpower/data/case9241pegase.m:4962:	4890	1	185	43.6	0	6.3	0	1.019498	-48.757938	220	4	1.1	0.9;
./matpower/data/case9241pegase.m:4987:	4915	1	0	0	0	0.31	0	0.998633	-32.348994	150	9	1.1	0.9;
./matpower/data/case9241pegase.m:5140:	5068	1	3.8	1.3	0	0.78	0	0.99844	-26.718859	110	18	1.1	0.9;
./matpower/data/case9241pegase.m:5194:	5122	1	163.1	23.2	0	3.36	0	0.998421	-26.410038	154	1	1.1	0.9;
./matpower/data/case9241pegase.m:5328:	5256	1	91	36	0	5.47	0	0.998096	-17.006205	220	5	1.1	0.9;
./matpower/data/case9241pegase.m:5362:	5290	2	0	0	0	0	0	1.009333	-36.158828	220	4	1.1	0.9;
./matpower/data/case9241pegase.m:5379:	5307	1	-0	0	0	6.4	0	0.998324	-28.72802	150	9	1.1	0.9;
./matpower/data/case9241pegase.m:5405:	5333	1	83.59	-7.2	0	12.95	0	0.998616	-47.446935	220	10	1.1	0.9;
./matpower/data/case9241pegase.m:5450:	5378	1	13.21	4.4	0	0.86	0	0.998714	-44.729132	110	22	1.1	0.9;
./matpower/data/case9241pegase.m:5631:	5559	1	0	-0	0	2.66	0	0.99875	-43.311421	220	10	1.1	0.9;
./matpower/data/case9241pegase.m:5673:	5601	1	0	0	0	12.61	0	1.023746	-21.503966	220	1	1.1	0.9;
./matpower/data/case9241pegase.m:5693:	5621	1	6.51	3.7	0	0.24	0	0.966759	-29.955048	110	18	1.1	0.9;
./matpower/data/case9241pegase.m:5704:	5632	1	27.46	5.87	0	0.8	0	0.966943	-29.462839	110	18	1.1	0.9;
./matpower/data/case9241pegase.m:5728:	5656	2	0	0	0	0	0	1.039989	-1.865111	220	13	1.1	0.9;
./matpower/data/case9241pegase.m:5861:	5789	1	0	0	0	0.35	0	0.998953	-16.361319	220	5	1.1	0.9;
./matpower/data/case9241pegase.m:5868:	5796	1	0	0	0	0.49	0	0.933765	-34.74988	150	9	1.1	0.9;
./matpower/data/case9241pegase.m:5974:	5902	1	-0	0	0	0.19	0	0.998746	-30.611628	150	9	1.1	0.9;
./matpower/data/case9241pegase.m:5987:	5915	1	-0	0	0	4.34	0	1.00769	-30.933315	150	9	1.1	0.9;
./matpower/data/case9241pegase.m:6022:	5950	1	24.93	22.9	0	2.47	0	0.998984	-30.306116	150	9	1.1	0.9;
./matpower/data/case9241pegase.m:6085:	6013	1	105.8	51.8	0	5.31	0	0.998514	-36.87879	150	9	1.1	0.9;
./matpower/data/case9241pegase.m:6115:	6043	1	49.76	15	0	1.22	0	0.966175	-33.849002	110	21	1.1	0.9;
./matpower/data/case9241pegase.m:6190:	6118	1	82.55	30.58	0	4.26	0	1.022324	25.507998	220	8	1.1	0.9;
./matpower/data/case9241pegase.m:6220:	6148	1	8.71	5.4	0	0.84	0	0.966862	-34.40203	150	9	1.1	0.9;
./matpower/data/case9241pegase.m:6229:	6157	1	160.2	88.7	0	0	0	1.014522	-22.608933	150	9	1.1	0.9;
./matpower/data/case9241pegase.m:6365:	6293	1	-0	0	0	33.66	0	0.998042	-4.763116	380	2	1.1	0.9;
./matpower/data/case9241pegase.m:6425:	6353	1	0.6	-0	0	0.6	0	0.998324	-24.595489	110	18	1.1	0.9;
./matpower/data/case9241pegase.m:6565:	6493	1	9.51	4.6	0	0.16	0	0.966345	-32.483962	150	9	1.1	0.9;
./matpower/data/case9241pegase.m:6668:	6596	1	109.1	15	0	8.82	0	0.998835	-54.824288	220	4	1.1	0.9;
./matpower/data/case9241pegase.m:6864:	6792	1	43.35	16.2	0	0.77	0	0.966238	-29.985221	110	18	1.1	0.9;
./matpower/data/case9241pegase.m:6958:	6886	1	119.3	-2.8	0	0.87	0	0.998542	9.756196	220	3	1.1	0.9;
./matpower/data/case9241pegase.m:6985:	6913	1	18.41	41.8	0	0.17	0	1.004998	-36.450118	110	12	1.1	0.9;
./matpower/data/case9241pegase.m:6991:	6919	1	21.62	9.8	0	0.14	0	0.998163	-26.941463	110	18	1.1	0.9;
./matpower/data/case9241pegase.m:7189:	7117	1	0	-0.6	0	0.5	0	1.03102	26.404933	110	8	1.1	0.9;
./matpower/data/case9241pegase.m:7398:	7326	1	69.7	9.9	0	1.52	0	0.998326	-25.231875	154	1	1.1	0.9;
./matpower/data/case9241pegase.m:7453:	7381	1	-0	-0	0	0.28	0	0.998683	-32.343314	150	9	1.1	0.9;
./matpower/data/case9241pegase.m:7784:	7712	1	0	0	0	0	0	0.949809	-29.215766	150	9	1.1	0.9;
./matpower/data/case9241pegase.m:7812:	7740	1	0	-0	0	0.97	0	0.998038	-32.178415	150	9	1.1	0.9;
./matpower/data/case9241pegase.m:7864:	7792	1	0	-0	0	0.46	0	1.006966	-37.982122	150	10	1.1	0.9;
./matpower/data/case9241pegase.m:7938:	7866	1	2.2	0.8	0	1.31	0	0.968758	-22.304933	110	18	1.1	0.9;
./matpower/data/case9241pegase.m:8000:	7928	1	0	-0	0	65.24	0	1.019492	6.24274	400	1	1.1	0.9;
./matpower/data/case9241pegase.m:8277:	8205	1	4	1.3	0	0.62	0	0.998408	-38.372067	110	12	1.1	0.9;
./matpower/data/case9241pegase.m:8358:	8286	1	0	-0	0	0.3	0	0.998055	-16.505296	110	18	1.1	0.9;
./matpower/data/case9241pegase.m:8523:	8451	2	0	0	0	0	0	0.998015	18.852253	220	3	1.1	0.9;
./matpower/data/case9241pegase.m:8629:	8557	1	0	-0	0	0.92	0	1.012552	-39.089667	110	12	1.1	0.9;
./matpower/data/case9241pegase.m:8672:	8600	1	-0	-0	0	4.82	0	1.028118	-35.099662	220	6	1.1	0.9;
./matpower/data/case9241pegase.m:8799:	8727	1	0	0	0	0	0	0.966862	-34.40203	150	9	1.1	0.9;
./matpower/data/case9241pegase.m:8872:	8800	1	9.91	3.3	0	0.66	0	0.998919	-43.895136	110	22	1.1	0.9;
./matpower/data/case9241pegase.m:8885:	8813	1	-0	0	0	1.55	0	0.949387	-33.784726	150	9	1.1	0.9;
./matpower/data/case9241pegase.m:8887:	8815	1	12.02	3.6	0	0.47	0	0.966775	-29.185099	110	18	1.1	0.9;
./matpower/data/case9241pegase.m:8906:	8834	1	-0	0	0	1.52	0	0.998306	-22.906243	220	5	1.1	0.9;
./matpower/data/case9241pegase.m:9107:	9035	2	0	0	0	0	0	1.009337	-18.778819	110	18	1.1	0.9;
./matpower/data/case9241pegase.m:9343:	197	292.2	-57.05	123.89	-59.54	1.099985	100	1	300	0	0	0	0	0	0	0	0	0	0	0	0;
./matpower/data/case9241pegase.m:9373:	361	238.3	27.11	186.39	-58.5	1.05949	100	1	400	133.33	0	0	0	0	0	0	0	0	0	0	0;
./matpower/data/case9241pegase.m:9378:	394	2404.4	-96.56	1224.26	-490.17	1.063147	100	1	2800	933.33	0	0	0	0	0	0	0	0	0	0	0;
./matpower/data/case9241pegase.m:9595:	1785	108.3	23.49	51.66	-22.85	0.998	100	1	120	0	0	0	0	0	0	0	0	0	0	0	0;
./matpower/data/case9241pegase.m:9710:	2515	27.7	6.44	18.43	-6.44	0.998497	100	1	40	0	0	0	0	0	0	0	0	0	0	0	0;
./matpower/data/case9241pegase.m:9765:	2853	126	12.34	72.02	-27.47	0.998154	100	1	160	0	0	0	0	0	0	0	0	0	0	0	0;
./matpower/data/case9241pegase.m:9794:	3018	162.5	-6.58	89.61	-34.82	1.049496	100	1	200	0	0	0	0	0	0	0	0	0	0	0	0;
./matpower/data/case9241pegase.m:9858:	3345	-111.9	-1.83	39.1	-47.42	0.998722	100	1	100	-149.2	0	0	0	0	0	0	0	0	0	0	0;
./matpower/data/case9241pegase.m:9879:	3507	109.8	17.58	51.58	-22.13	1.009668	100	1	120	0	0	0	0	0	0	0	0	0	0	0	0;
./matpower/data/case9241pegase.m:9895:	3585	50.8	17.16	37.43	-12.32	1.001933	100	1	80	0	0	0	0	0	0	0	0	0	0	0	0;
./matpower/data/case9241pegase.m:10174:	5290	332.54	-6.89	159.67	-61.42	1.009333	100	1	360	0	0	0	0	0	0	0	0	0	0	0	0;
./matpower/data/case9241pegase.m:10226:	5656	35.69	-2.39	187.06	-57.96	1.039989	100	1	100	23.79	0	0	0	0	0	0	0	0	0	0	0;
./matpower/data/case9241pegase.m:10641:	8451	57.2	30.71	37.15	-12.73	0.998015	100	1	80	0	0	0	0	0	0	0	0	0	0	0	0;
./matpower/data/case9241pegase.m:10725:	9035	25.86	13.24	36.35	-13.36	1.009337	100	1	80	0	0	0	0	0	0	0	0	0	0	0	0;
./matpower/data/case9241pegase.m:10875:	1885	6790	0.00152	0.01949	0	1382	0	0	0	0	1	-360	360;
./matpower/data/case9241pegase.m:10929:	2323	599	0.0043	0.01949	0	0	0	0	0	0	1	-360	360;
./matpower/data/case9241pegase.m:11019:	1434	246	0.00511	0.02949	0	419	0	0	0	0	1	-360	360;
./matpower/data/case9241pegase.m:11182:	7686	7992	0.00064	0.00998	0	1152	0	0	0	0	1	-360	360;
./matpower/data/case9241pegase.m:11447:	4996	1252	0.049669	0.141083	0	0	0	0	0	0	1	-360	360;
./matpower/data/case9241pegase.m:11457:	5070	406	0.009331	0.027413	0	0	0	0	0	0	1	-360	360;
./matpower/data/case9241pegase.m:11574:	974	6074	0.029496	0.09295	0	0	0	0	0	0	1	-360	360;
./matpower/data/case9241pegase.m:11670:	3506	2908	0.006458	0.039982	0	0	0	0	0	0	1	-360	360;
./matpower/data/case9241pegase.m:11814:	6761	7087	0.002471	0.009331	0	0	0	0	0	0	1	-360	360;
./matpower/data/case9241pegase.m:11921:	7340	8319	0.069983	0.127058	0	0	0	0	0	0	1	-360	360;
./matpower/data/case9241pegase.m:11937:	480	2879	0.009661	0.04095	0	0	0	0	0	0	1	-360	360;
./matpower/data/case9241pegase.m:11961:	8978	1585	0.009331	0.045339	0	0	0	0	0	0	1	-360	360;
./matpower/data/case9241pegase.m:12339:	3278	2624	0.00355	0.019669	0	591	0	0	0	0	1	-360	360;
./matpower/data/case9241pegase.m:12631:	629	6234	19.22748	20.93388	0	0	0	0	0	0	1	-360	360;
./matpower/data/case9241pegase.m:13031:	3330	1029	0.119159	0.998905	0	0	0	0	0	0	1	-360	360;
./matpower/data/case9241pegase.m:14014:	4593	8541	0.001331	0.009331	0	629	0	0	0	0	1	-360	360;
./matpower/data/case9241pegase.m:14041:	6997	7748	0.05949	0.340661	0	0	0	0	0	0	1	-360	360;
./matpower/data/case9241pegase.m:14130:	1943	5491	0.00128	0.00933	0	1777	0	0	0	0	1	-360	360;
./matpower/data/case9241pegase.m:14144:	476	8955	0.005081	0.029331	0	0	0	0	0	0	1	-360	360;
./matpower/data/case9241pegase.m:14419:	3784	4578	0.05061	0.949861	0	757	0	0	0	0	1	-360	360;
./matpower/data/case9241pegase.m:14475:	5528	4786	0.07358	0.966343	0	757	0	0	0	0	1	-360	360;
./matpower/data/case9241pegase.m:14494:	1432	853	0.02949	0.13405	0	0	0	0	0	0	1	-360	360;
./matpower/data/case9241pegase.m:14893:	8414	6794	0.004651	0.039669	0	495	0	0	0	0	1	-360	360;
./matpower/data/case9241pegase.m:14918:	6585	4074	0.013	0.049983	0	0	0	0	0	0	1	-360	360;
./matpower/data/case9241pegase.m:15201:	2471	8888	0.00949	0.05145	0	476	0	0	0	0	1	-360	360;
./matpower/data/case9241pegase.m:15210:	6292	2658	0.009711	0.059669	0	400	0	0	0	0	1	-360	360;
./matpower/data/case9241pegase.m:15230:	3193	1133	0.00236	0.01933	0	1185	0	0	0	0	1	-360	360;
./matpower/data/case9241pegase.m:15588:	699	2951	0.00169	0.009331	0	0	0	0	0	0	1	-360	360;
./matpower/data/case9241pegase.m:15705:	2437	7029	0.00238	0.01949	0	1645	0	0	0	0	1	-360	360;
./matpower/data/case9241pegase.m:15779:	3111	3689	0.009669	0.05649	0	0	0	0	0	0	1	-360	360;
./matpower/data/case9241pegase.m:15845:	4428	5276	0.00143	0.009331	0	0	0	0	0	0	1	-360	360;
./matpower/data/case9241pegase.m:15912:	249	5290	0.00949	0.06625	0	0	0	0	0	0	1	-360	360;
./matpower/data/case9241pegase.m:16337:	59	5764	0.00339	0.019669	0	572	0	0	0	0	1	-360	360;
./matpower/data/case9241pegase.m:16431:	8860	7700	0.001219	0.00949	0	495	0	0	0	0	1	-360	360;
./matpower/data/case9241pegase.m:16437:	3985	6376	0.004289	0.019331	0	0	0	0	0	0	1	-360	360;
./matpower/data/case9241pegase.m:16622:	7691	4231	0.00105	0.00966	0	1909	0	0	0	0	1	-360	360;
./matpower/data/case9241pegase.m:16965:	3391	115	0.001229	0.009669	0	629	0	0	0	0	1	-360	360;
./matpower/data/case9241pegase.m:16983:	804	6744	0.001729	0.019331	0	476	0	0	0	0	1	-360	360;
./matpower/data/case9241pegase.m:17460:	7148	5610	0.00262	0.019669	0	533	0	0	0	0	1	-360	360;
./matpower/data/case9241pegase.m:17777:	4738	3656	0.009669	0.03513	0	0	0	0	0	0	1	-360	360;
./matpower/data/case9241pegase.m:17854:	805	8310	0.004039	0.029669	0	591	0	0	0	0	1	-360	360;
./matpower/data/case9241pegase.m:18356:	5363	2397	0.006231	0.029498	0	0	0	0	0	0	1	-360	360;
./matpower/data/case9241pegase.m:18500:	6347	183	0.02368	0.099338	0	0	0	0	0	0	1	-360	360;
./matpower/data/case9241pegase.m:19127:	5950	5560	0.006591	0.029498	0	0	0	0	0	0	1	-360	360;
./matpower/data/case9241pegase.m:19256:	3598	5085	0.019496	0.078083	0	0	0	0	0	0	1	-360	360;
./matpower/data/case9241pegase.m:19260:	131	6229	0.044	0.099339	0	0	0	0	0	0	1	-360	360;
./matpower/data/case9241pegase.m:20169:	8496	4810	0.00587	0.02949	0	400	0	0	0	0	1	-360	360;
./matpower/data/case9241pegase.m:20262:	7286	64	0.005198	0.019331	0	0	0	0	0	0	1	-360	360;
./matpower/data/case9241pegase.m:20279:	3618	5251	0.049339	0.138727	0	0	0	0	0	0	1	-360	360;
./matpower/data/case9241pegase.m:20333:	7394	7575	0.004	0.019339	0	0	0	0	0	0	1	-360	360;
./matpower/data/case9241pegase.m:21589:	5825	6415	0.004901	0.02949	0	533	0	0	0	0	1	-360	360;
./matpower/data/case9241pegase.m:22165:	949	633	0.014298	0.039983	0	0	0	0	0	0	1	-360	360;
./matpower/data/case9241pegase.m:22238:	6463	301	0.008083	0.029661	0	0	0	0	0	0	1	-360	360;
./matpower/data/case9241pegase.m:22377:	7469	398	0.029496	0.076149	0	0	0	0	0	0	1	-360	360;
./matpower/data/case9241pegase.m:22389:	5816	6975	0.008281	0.029331	0	0	0	0	0	0	1	-360	360;
./matpower/data/case9241pegase.m:22523:	934	8290	0.009669	0.023033	0	0	0	0	0	0	1	-360	360;
./matpower/data/case9241pegase.m:22574:	5908	4537	0.004223	0.009339	0	0	0	0	0	0	1	-360	360;
./matpower/data/case9241pegase.m:22660:	4902	2464	0.040339	0.079496	0	0	0	0	0	0	1	-360	360;
./matpower/data/case9241pegase.m:22747:	7372	7747	0.049983	0.088198	0	0	0	0	0	0	1	-360	360;
./matpower/data/case9241pegase.m:22831:	6262	8471	0.039661	0.101099	0	0	0	0	0	0	1	-360	360;
./matpower/data/case9241pegase.m:23017:	4555	8382	0.019983	0.054711	0	0	0	0	0	0	1	-360	360;
./matpower/data/case9241pegase.m:23048:	8437	1178	0.04943	0.099331	0	0	0	0	0	0	1	-360	360;
./matpower/data/case9241pegase.m:23068:	4392	5000	0.00637	0.029669	0	514	0	0	0	0	1	-360	360;
./matpower/data/case9241pegase.m:23182:	4961	2846	0.009669	0.04251	0	381	0	0	0	0	1	-360	360;
./matpower/data/case9241pegase.m:23818:	1938	6623	0.02949	0.14059	0	0	0	0	0	0	1	-360	360;
./matpower/data/case9241pegase.m:23966:	1892	7302	0.01458	0.06949	0	0	0	0	0	0	1	-360	360;
./matpower/data/case9241pegase.m:24134:	6931	9138	0.00966	0.04606	0	0	0	0	0	0	1	-360	360;
./matpower/data/case9241pegase.m:24136:	2477	5599	0.01858	0.05966	0	0	0	0	0	0	1	-360	360;
./matpower/data/case9241pegase.m:24247:	3799	9074	0.01458	0.06949	0	0	0	0	0	0	1	-360	360;
./matpower/data/case9241pegase.m:24294:	320	5432	0.00232	0.02949	0	1593	0	0	0	0	1	-360	360;
./matpower/data/case9241pegase.m:24354:	454	6326	0.04949	0.15892	0	0	0	0	0	0	1	-360	360;
./matpower/data/case9241pegase.m:24567:	345	298	0.000131	0.014799	0	800	0	0	0.998827	-0.048422	1	-360	360;
./matpower/data/case9241pegase.m:24592:	3236	8398	0.002712	0.072578	0	0	0	0	0.966477	0	1	-360	360;
./matpower/data/case9241pegase.m:24604:	9024	6542	0.000793	0.06388	0	0	0	0	0.998418	0	1	-360	360;
./matpower/data/case9241pegase.m:24605:	6069	9192	0.000609	0.046809	0	691	0	0	0.933053	0	1	-360	360;
./matpower/data/case9241pegase.m:24608:	8574	2299	0.000559	0.039982	0	0	0	0	0.919523	0	1	-360	360;
./matpower/data/case9241pegase.m:24646:	317	2449	0.000616	0.048759	0	658	0	0	0.933053	0	1	-360	360;
./matpower/data/case9241pegase.m:24650:	2520	4665	0.000649	0.044862	0	691	0	0	0.933053	0	1	-360	360;
./matpower/data/case9241pegase.m:24706:	3981	1641	0.001134	0.053193	0	0	0	0	0.998185	0	1	-360	360;
./matpower/data/case9241pegase.m:24968:	6847	98	0.000438	0.03862	0	724	0	0	0.933083	0	1	-360	360;
./matpower/data/case9241pegase.m:25057:	4737	6421	0.966621	4.164474	0	0	0	0	0	0	1	-360	360;
./matpower/data/case9241pegase.m:25300:	1148	8798	0.949862	3.139543	0	0	0	0	0	0	1	-360	360;
./matpower/data/case9241pegase.m:25610:	739	1393	0.000556	0.033053	0	0	0	0	0.998185	0	1	-360	360;
./matpower/data/case9241pegase.m:25611:	2235	8512	0.000508	0.028375	0	0	0	0	0.998185	0	1	-360	360;
./matpower/data/case9241pegase.m:25629:	849	3840	0.000506	0.031833	0	0	0	0	0.998185	0	1	-360	360;
./matpower/data/case9241pegase.m:25640:	5884	8207	0.000197	0.019495	0	691	0	0	0.991986	0	1	-360	360;
./matpower/data/case9241pegase.m:25668:	3662	8242	0.000489	0.032074	0	0	0	0	0.998185	0	1	-360	360;
./matpower/data/case9241pegase.m:25705:	7267	4918	0.000344	0.029336	0	691	0	0	0.93617	0	1	-360	360;
./matpower/data/case9241pegase.m:25787:	1754	3857	0.000334	0.029986	0	691	0	0	0.93617	0	1	-360	360;
./matpower/data/case9241pegase.m:25825:	1027	7148	0.000344	0.029667	0	691	0	0	0.93617	0	1	-360	360;
./matpower/data/case9241pegase.m:25844:	7256	4491	0.00012	0.009966	0	686	0	0	0	0.036236	1	-360	360;
./matpower/data/case9241pegase.m:25866:	5837	1448	0.000323	0.029986	0	691	0	0	0.93617	0	1	-360	360;
./matpower/data/case9241pegase.m:25875:	4734	2229	0.000302	0.029667	0	691	0	0	0.93617	0	1	-360	360;
./matpower/data/case9241pegase.m:25893:	1730	115	0.000344	0.029986	0	691	0	0	0.93617	0	1	-360	360;
./matpower/data/case9241pegase.m:25977:	2869	3455	0.001177	0.089984	0	0	0	0	1.038781	0	1	-360	360;
./matpower/data/case9241pegase.m:26056:	8532	8723	0	0.019669	0	0	0	0	1.006865	0	1	-360	360;
./matpower/data/case9241pegase.m:26146:	1031	1688	0.000454	0.019669	0	0	0	0	1.006865	0	1	-360	360;
./matpower/data/case9241pegase.m:26542:	3104	7477	0.0026	0.07998	0	0	0	0	0	0	1	-360	360;
./matpower/data/case9241pegase.m:26784:	6008	6326	0	0.075925	0	0	0	0	0.949102	0	1	-360	360;
./matpower/data/case9241pegase.m:26785:	6008	6326	0	0.075925	0	0	0	0	0.949102	0	1	-360	360;
./matpower/data/case1888rte.m:50:	5	1	32.8	-5.3	0	0	1	1.06160466	-24.974129	225	1	1.08889	0.933333;
./matpower/data/case1888rte.m:51:	6	1	40.2	4	0	0	1	1.06056279	-25.2851419	225	1	1.08889	0.933333;
./matpower/data/case1888rte.m:55:	10	1	148.8	14.9	0	0	1	1.04436458	-29.2139973	225	1	1.08889	0.933333;
./matpower/data/case1888rte.m:70:	27	1	71.6	46.7	0	0	1	1.02093389	-19.8876317	225	1	1.08889	0.933333;
./matpower/data/case1888rte.m:77:	35	1	17	2.1	0	0	1	1.02288941	-21.6110255	150	1	1.08	0.966667;
./matpower/data/case1888rte.m:84:	41	1	64.6	17.3	0	0	1	1.04164115	-27.3301536	225	1	1.08889	0.933333;
./matpower/data/case1888rte.m:101:	57	1	27.3	-10.9	0	0	1	1.05354664	-20.3612759	225	1	1.08945	0.933333;
./matpower/data/case1888rte.m:107:	63	1	13.2	-6.3	0	0	1	1.06744633	-26.4263846	225	1	1.08889	0.933333;
./matpower/data/case1888rte.m:143:	101	1	0	0	0	0	1	1.06130462	-25.0525845	225	1	1.08889	0.933333;
./matpower/data/case1888rte.m:150:	107	1	106.1	-0.3	0	0	1	1.03317069	-24.414835	225	1	1.08889	0.933333;
./matpower/data/case1888rte.m:159:	117	1	0	0	0	0	1	1.04949781	-30.8376086	380	1	1.10526	1.03947;
./matpower/data/case1888rte.m:164:	122	1	1.7	-4.4	0	0	1	1.03371202	-24.4313009	225	1	1.08889	0.933333;
./matpower/data/case1888rte.m:165:	123	1	140.3	17.3	0	0	1	1.02448071	-20.6158774	225	1	1.08889	0.933333;
./matpower/data/case1888rte.m:179:	137	1	106.4	8	0	0	1	1.04090791	-18.3030267	225	1	1.08889	0.933333;
./matpower/data/case1888rte.m:184:	143	1	29.2	2.1	0	0	1	1.04357747	-18.7041615	225	1	1.08889	0.933333;
./matpower/data/case1888rte.m:185:	144	1	32.8	4.4	0	0	1	1.04355185	-18.7086771	225	1	1.08889	0.933333;
./matpower/data/case1888rte.m:206:	165	1	0	0	0	0	1	1.02155415	-19.8388855	225	1	1.08889	0.933333;
./matpower/data/case1888rte.m:212:	170	1	17.8	2.6	0	0	1	1.02141398	-22.2635234	150	1	1.08	0.966667;
./matpower/data/case1888rte.m:231:	196	1	0	0	0	0	1	1.03410731	-7.69153925	225	1	1.08889	0.933333;
./matpower/data/case1888rte.m:232:	197	1	0	0	0	0	1	1.0330817	-8.15990324	225	1	1.08889	0.933333;
./matpower/data/case1888rte.m:250:	213	1	75.4	25.3	0	0	1	1.02998343	-9.32815402	225	1	1.08889	0.933333;
./matpower/data/case1888rte.m:253:	217	1	0	0	0	0	1	1.0321618	-8.54492937	225	1	1.08889	0.933333;
./matpower/data/case1888rte.m:254:	218	1	0	0	0	0	1	1.03122769	-8.86545038	225	1	1.08889	0.933333;
./matpower/data/case1888rte.m:279:	242	1	0	0	0	0	1	1.06211368	-9.34171973	150	1	1.08	0.966667;
./matpower/data/case1888rte.m:290:	251	1	0.7	-3.7	0	0	1	1.03018018	-9.33152881	225	1	1.08889	0.933333;
./matpower/data/case1888rte.m:304:	262	1	5.5	-1.3	0	0	1	1.03105247	-9.44469616	225	1	1.08889	0.933333;
./matpower/data/case1888rte.m:317:	279	1	36.2	-22.3	0	0	1	1.04956335	-16.0894758	225	1	1.08889	0.933333;
./matpower/data/case1888rte.m:321:	283	1	0	0	0	0	1	1.01711853	-12.4807509	150	1	1.08	0.966667;
./matpower/data/case1888rte.m:324:	286	1	52.2	0.8	0	0	1	1.05334501	-27.4970562	225	1	1.08889	0.933333;
./matpower/data/case1888rte.m:352:	312	1	-7.2	-9.3	0	0	1	1.03652957	-28.2486869	225	1	1.08895	0.933333;
./matpower/data/case1888rte.m:363:	324	1	17.7	6.3	0	0	1	1.0160028	-26.6879276	225	1	1.08889	0.933333;
./matpower/data/case1888rte.m:367:	328	1	26.3	1.4	0	0	1	1.04247167	-16.5846321	225	1	1.08889	0.933333;
./matpower/data/case1888rte.m:368:	329	1	106.1	10.1	0	0	1	1.05914763	-25.6398355	225	1	1.08889	0.933333;
./matpower/data/case1888rte.m:380:	340	1	0	0	0	0	1	1.04859447	-15.3910857	225	1	1.08889	0.933333;
./matpower/data/case1888rte.m:384:	345	1	40.6	-7.8	0	0	1	1.04979203	-27.8428585	225	1	1.08889	0.933333;
./matpower/data/case1888rte.m:385:	346	1	120.4	8.9	0	0	1	1.04860582	-28.3825174	225	1	1.08889	0.933333;
./matpower/data/case1888rte.m:396:	358	1	21.1	15.6	0	0	1	1.02743426	-11.6070507	225	1	1.08889	0.933333;
./matpower/data/case1888rte.m:398:	360	1	7.3	-14.5	0	0	1	1.04407181	-16.0410153	225	1	1.08889	0.933333;
./matpower/data/case1888rte.m:399:	361	1	19.1	5	0	0	1	1.04436675	-16.0525428	225	1	1.08889	0.933333;
./matpower/data/case1888rte.m:400:	362	1	0	0	0	0	1	1.043655	-16.4109962	225	1	1.08889	0.933333;
./matpower/data/case1888rte.m:405:	367	1	55.9	-12	0	0	1	1.02487426	-46.806499	225	1	1.08889	0.933333;
./matpower/data/case1888rte.m:417:	378	1	51.5	21.6	0	0	1	1.03633919	-18.5939885	225	1	1.08889	0.933333;
./matpower/data/case1888rte.m:424:	385	1	12.8	1.6	0	0	1	1.04884628	-28.5701178	225	1	1.08889	0.933333;
./matpower/data/case1888rte.m:425:	386	1	0	0	0	0	1	1.06154822	-9.3564425	150	1	1.08	0.966667;
./matpower/data/case1888rte.m:433:	395	1	44.8	-25	0	0	1	1.0436117	-18.6913284	225	1	1.08889	0.933333;
./matpower/data/case1888rte.m:435:	397	1	0	0	0	0	1	1.06171386	-9.345379	150	1	1.08	0.966667;
./matpower/data/case1888rte.m:446:	408	1	48.6	-17.6	0	0	1	1.04179822	-18.5314134	225	1	1.08889	0.933333;
./matpower/data/case1888rte.m:454:	418	1	39.8	11.4	0	0	1	1.04979103	-16.4313786	225	1	1.08889	0.933333;
./matpower/data/case1888rte.m:464:	428	1	29.8	-0.8	0	0	1	1.03868027	-16.7726106	225	1	1.08889	0.933333;
./matpower/data/case1888rte.m:469:	433	1	82.9	54.3	0	0	1	1.00966365	4.05903491	225	1	1.04444	0.982222;
./matpower/data/case1888rte.m:493:	456	1	0	0	0	0	1	1.0359785	-15.3883318	225	1	1.08889	0.933333;
./matpower/data/case1888rte.m:498:	461	1	84.1	-55	0	0	1	1.04966417	-20.0573931	225	1	1.08444	1.00444;
./matpower/data/case1888rte.m:504:	467	1	8.4	-7.4	0	0	1	1.046385	-10.6872073	150	1	1.08	0.966667;
./matpower/data/case1888rte.m:505:	468	1	141.4	14.3	0	0	1	1.01486629	-26.8076581	225	1	1.08889	0.933333;
./matpower/data/case1888rte.m:516:	478	1	58.5	-1.2	0	0	1	1.04262529	-16.5637298	225	1	1.08889	0.933333;
./matpower/data/case1888rte.m:543:	506	1	4.8	3.6	0	0	1	1.03067044	-17.1810066	225	1	1.08889	0.933333;
./matpower/data/case1888rte.m:552:	516	1	84.2	7	0	0	1	1.03348651	-28.4813342	225	1	1.08889	0.933333;
./matpower/data/case1888rte.m:558:	523	1	52.8	5.5	0	0	1	1.03092244	-25.2633268	225	1	1.08889	0.933333;
./matpower/data/case1888rte.m:565:	530	1	69.8	5	0	0	1	1.03679758	-18.5663079	225	1	1.08889	0.933333;
./matpower/data/case1888rte.m:578:	544	1	107.7	7.9	0	0	1	1.02988975	-12.6954032	225	1	1.08889	0.933333;
./matpower/data/case1888rte.m:591:	557	1	0	0	0	0	1	1.049233	-28.7073252	225	1	1.08889	0.933333;
./matpower/data/case1888rte.m:592:	558	1	0	0	0	0	1	1.04257131	-27.2170803	225	1	1.08889	0.933333;
./matpower/data/case1888rte.m:601:	567	1	0	0	0	0	1	1.03085243	-8.98916705	225	1	1.08889	0.933333;
./matpower/data/case1888rte.m:604:	570	1	0	0	0	0	1	1.03582709	-15.7891755	225	1	1.08889	0.933333;
./matpower/data/case1888rte.m:627:	594	1	2	-9.4	0	0	1	1.03754014	-15.4689285	225	1	1.08889	0.933333;
./matpower/data/case1888rte.m:645:	611	1	40.3	-0.5	0	0	1	1.03581333	-15.7972565	225	1	1.08889	0.933333;
./matpower/data/case1888rte.m:646:	612	1	41.2	-1.5	0	0	1	1.03580933	-15.7979134	225	1	1.08889	0.933333;
./matpower/data/case1888rte.m:647:	613	1	43.2	6.2	0	0	1	1.03577552	-15.7994558	225	1	1.08889	0.933333;
./matpower/data/case1888rte.m:650:	616	1	50.6	11.4	0	0	1	1.05917257	-25.5504732	225	1	1.08889	0.933333;
./matpower/data/case1888rte.m:656:	622	1	97.2	9.6	0	0	1	1.03406802	-20.0145976	225	1	1.08889	0.933333;
./matpower/data/case1888rte.m:675:	643	1	0	0	0	0	1	1.05590632	-26.5460117	225	1	1.08889	0.933333;
./matpower/data/case1888rte.m:697:	666	1	92.8	-9.9	0	0	1	1.02030918	-25.347664	225	1	1.08889	0.933333;
./matpower/data/case1888rte.m:698:	667	1	76.1	10.9	0	0	1	1.0368886	-28.1817475	225	1	1.08889	0.933333;
./matpower/data/case1888rte.m:700:	669	1	44.5	3.1	0	0	1	1.0309525	-17.1627308	225	1	1.08889	0.933333;
./matpower/data/case1888rte.m:707:	676	1	119.6	-5.6	0	0	1	1.03607509	-20.3006083	225	1	1.08889	0.933333;
./matpower/data/case1888rte.m:724:	695	1	51.1	-7.6	0	0	1	1.0496682	-32.9775117	225	1	1.08444	1.00444;
./matpower/data/case1888rte.m:738:	709	1	0	0	0	0	1	1.03607862	-40.9982062	380	1	1.10526	1;
./matpower/data/case1888rte.m:756:	728	1	78.8	17.5	0	0	1	1.02442771	-25.6479859	225	1	1.08889	0.933333;
./matpower/data/case1888rte.m:757:	729	1	31.1	17.2	0	0	1	1.00511383	-13.6490679	150	1	1.08	0.966667;
./matpower/data/case1888rte.m:765:	737	1	20.8	-8.2	0	0	1	1.05590632	-26.5460117	225	1	1.08889	0.933333;
./matpower/data/case1888rte.m:782:	755	1	13.5	8	0	0	1	1.03477124	-15.8598861	225	1	1.08889	0.933333;
./matpower/data/case1888rte.m:787:	760	1	100	14.1	0	0	1	1.06310933	-25.1754259	225	1	1.08889	0.933333;
./matpower/data/case1888rte.m:788:	761	1	211.1	3.6	0	0	1	1.02787612	-25.713762	225	1	1.08889	0.933333;
./matpower/data/case1888rte.m:799:	771	1	55.8	-10.6	0	0	1	1.03990657	-16.792249	225	1	1.08972	0.933333;
./matpower/data/case1888rte.m:805:	777	1	37.5	6.5	0	0	1	1.02139265	-19.861413	225	1	1.08889	0.933333;
./matpower/data/case1888rte.m:827:	799	1	32.1	9.5	0	0	1	1.02028611	-25.3489748	225	1	1.08889	0.933333;
./matpower/data/case1888rte.m:836:	808	1	-1.4	-20.3	0	0	1	1.03650178	-19.3374772	225	1	1.08889	0.933333;
./matpower/data/case1888rte.m:839:	811	1	4	-3.1	0	0	1	1.03880659	-19.2653704	225	1	1.08889	0.933333;
./matpower/data/case1888rte.m:840:	812	1	42.8	-3	0	0	1	1.04044191	-17.7045951	225	1	1.08889	0.933333;
./matpower/data/case1888rte.m:848:	818	1	54.7	-10.5	0	0	1	1.03744816	-16.3408256	225	1	1.08889	0.933333;
./matpower/data/case1888rte.m:849:	819	1	0	0	0	0	1	1.04014061	-16.7527206	225	1	1.08889	0.933333;
./matpower/data/case1888rte.m:850:	820	1	0	0	0	0	1	1.0368308	-15.4558023	225	1	1.08889	0.933333;
./matpower/data/case1888rte.m:855:	825	1	85.4	8.3	0	0	1	1.04140446	-16.6038971	225	1	1.08889	0.933333;
./matpower/data/case1888rte.m:874:	843	1	0	0	0	0	1	1.03756874	-16.3415053	225	1	1.08889	0.933333;
./matpower/data/case1888rte.m:875:	844	1	101.6	19.4	0	0	1	1.03578634	-16.0356105	225	1	1.08889	0.933333;
./matpower/data/case1888rte.m:897:	868	1	81.3	-2.9	0	0	1	1.03354644	-24.404842	225	1	1.08889	0.933333;
./matpower/data/case1888rte.m:900:	871	1	17.3	-5.8	0	0	1	1.03482368	-11.1165119	225	1	1.08889	0.933333;
./matpower/data/case1888rte.m:901:	872	1	51.2	-3.1	0	0	1	1.0331001	-24.6743571	225	1	1.08889	0.933333;
./matpower/data/case1888rte.m:948:	920	1	0	0	0	0	1	1.06713647	-26.3619973	225	1	1.08889	0.933333;
./matpower/data/case1888rte.m:950:	922	1	11.9	1.8	0	0	1	1.04753977	-36.526887	225	1	1.08998	1.00444;
./matpower/data/case1888rte.m:957:	929	1	32.6	5.4	0	0	1	1.03568274	-16.0393136	225	1	1.08889	0.933333;
./matpower/data/case1888rte.m:969:	941	1	47.8	3.4	0	0	1	1.04247718	-16.5878888	225	1	1.08889	0.933333;
./matpower/data/case1888rte.m:971:	943	1	86.3	8.3	0	0	1	1.05097669	-26.8257167	225	1	1.08889	0.933333;
./matpower/data/case1888rte.m:982:	954	1	24.6	-5.3	0	0	1	1.03584185	-16.0568246	225	1	1.08889	0.933333;
./matpower/data/case1888rte.m:1004:	976	1	31.7	-12.6	0	0	1	1.03112344	-16.731104	225	1	1.08889	0.933333;
./matpower/data/case1888rte.m:1009:	981	1	114	17.8	0	0	1	1.0479922	-27.6252651	225	1	1.08889	0.933333;
./matpower/data/case1888rte.m:1016:	988	1	0	0	0	0	1	1.04763347	-15.5500145	225	1	1.08889	0.933333;
./matpower/data/case1888rte.m:1026:	998	1	16.4	19	0	0	1	1.06713424	-26.3619778	225	1	1.08889	0.933333;
./matpower/data/case1888rte.m:1036:	1008	1	8.9	-0.3	0	0	1	1.03998479	-8.80715984	380	1	1.10526	1.03947;
./matpower/data/case1888rte.m:1037:	1010	1	0	0	0	0	1	1.05545281	-14.6676073	225	1	1.08889	0.933333;
./matpower/data/case1888rte.m:1038:	1011	1	49	4.6	0	0	1	1.03256649	-14.4147961	225	1	1.08889	0.933333;
./matpower/data/case1888rte.m:1075:	1049	1	-5.2	-9.5	0	0	1	1.06030313	-25.7152126	225	1	1.08889	0.933333;
./matpower/data/case1888rte.m:1094:	1069	1	0	0	0	0	1	1.00966711	3.78638709	225	1	1.08444	1.00202;
./matpower/data/case1888rte.m:1116:	1092	1	45.6	2.6	0	0	1	1.02863306	-26.2506672	225	1	1.08889	0.933333;
./matpower/data/case1888rte.m:1119:	1096	1	119	-0.4	0	0	1	1.03114536	-17.1028446	225	1	1.08889	0.933333;
./matpower/data/case1888rte.m:1134:	1113	1	-0.7	5.3	0	0	1	1.06206797	-8.64817971	150	1	1.08	0.966667;
./matpower/data/case1888rte.m:1141:	1120	1	-2.3	-1.3	0	0	1	1.01625932	-12.6270897	150	1	1.08	0.966667;
./matpower/data/case1888rte.m:1148:	1127	1	0	0	0	0	1	1.02867012	-25.4503538	225	1	1.08889	0.933333;
./matpower/data/case1888rte.m:1158:	1137	1	92	15.6	0	0	1	1.04318137	-16.1616759	225	1	1.08889	0.933333;
./matpower/data/case1888rte.m:1159:	1138	1	0	0	0	0	1	1.03013195	-12.5284316	225	1	1.08889	0.933333;
./matpower/data/case1888rte.m:1166:	1145	1	40.2	10.9	0	0	1	1.02833334	-17.1982933	225	1	1.08889	0.933333;
./matpower/data/case1888rte.m:1176:	1155	1	9.3	-14.8	0	0	1	1.06319986	-26.4660128	225	1	1.08889	0.933333;
./matpower/data/case1888rte.m:1181:	1159	1	0	0	0	0	1	1.04865889	-15.3309663	225	1	1.08889	0.933333;
./matpower/data/case1888rte.m:1183:	1161	1	11.7	-13.7	0	0	1	1.05509043	-15.9538877	225	1	1.09235	0.933333;
./matpower/data/case1888rte.m:1188:	1166	1	0	0	0	0	1	1.04366811	-16.4064416	225	1	1.08889	0.933333;
./matpower/data/case1888rte.m:1190:	1168	1	54.4	8.5	0	0	1	1.02877953	-25.3549765	225	1	1.08889	0.933333;
./matpower/data/case1888rte.m:1198:	1175	1	21.9	5.5	0	0	1	1.04777863	-28.8909279	225	1	1.08889	0.933333;
./matpower/data/case1888rte.m:1199:	1176	1	67.6	4.3	0	0	1	1.0280404	-45.3363426	225	1	1.08889	0.933333;
./matpower/data/case1888rte.m:1205:	1182	1	9.3	-4.3	0	0	1	1.04522644	-16.1384601	225	1	1.08889	0.933333;
./matpower/data/case1888rte.m:1208:	1185	1	144.2	5	0	0	1	1.03207496	-16.9283719	225	1	1.08889	0.933333;
./matpower/data/case1888rte.m:1214:	1191	1	6.8	6.5	0	0	1	1.03209998	-8.46715072	150	1	1.10701	0.9;
./matpower/data/case1888rte.m:1219:	1835	1	35.6	-10.5	0	0	1	1.04363503	-18.7251472	225	1	1.08889	0.933333;
./matpower/data/case1888rte.m:1220:	1836	1	52.8	4.7	0	0	1	1.04952693	-16.4808661	225	1	1.08889	0.933333;
./matpower/data/case1888rte.m:1234:	1209	1	0	0	0	0	1	1.04763395	-15.5500202	225	1	1.08889	0.933333;
./matpower/data/case1888rte.m:1236:	1211	1	12.7	-4.2	0	0	1	1.01180961	-13.810946	150	1	1.08	0.966667;
./matpower/data/case1888rte.m:1263:	1237	1	0	0	0	0	1	1.06517162	-8.02093694	150	1	1.08809	0.966667;
./matpower/data/case1888rte.m:1267:	1241	1	118.9	2.1	0	0	1	1.03634911	-18.2583216	225	1	1.08889	0.933333;
./matpower/data/case1888rte.m:1277:	1253	1	0	0	0	0	1	1.02201326	-22.6902753	150	1	1.08	0.966667;
./matpower/data/case1888rte.m:1281:	1257	1	0	0	0	0	1	1.04133178	-17.4596567	150	1	1.08	0.966667;
./matpower/data/case1888rte.m:1326:	1304	1	92	17.4	0	0	1	1.02544626	-17.7758365	225	1	1.08889	0.933333;
./matpower/data/case1888rte.m:1341:	1319	1	0	0	0	0	1	1.00949992	3.7556498	225	1	1.08444	1.00889;
./matpower/data/case1888rte.m:1353:	1330	1	42.6	12.8	0	0	1	1.05869803	-25.4616897	225	1	1.08889	0.933333;
./matpower/data/case1888rte.m:1357:	1334	1	77.9	4	0	0	1	1.0497912	-16.4448797	225	1	1.08889	0.933333;
./matpower/data/case1888rte.m:1361:	1338	1	80.1	8.7	0	0	1	1.03051377	-8.89830024	225	1	1.08889	0.933333;
./matpower/data/case1888rte.m:1371:	1349	1	104.7	10.6	0	0	1	1.0386544	-16.748725	225	1	1.08889	0.933333;
./matpower/data/case1888rte.m:1372:	1350	1	-18.6	-13.6	0	0	1	1.06214748	-24.9500654	225	1	1.08889	0.933333;
./matpower/data/case1888rte.m:1431:	1405	1	51.1	14.9	0	0	1	1.017072	-26.5487672	225	1	1.08889	0.933333;
./matpower/data/case1888rte.m:1432:	1406	1	65.3	2.4	0	0	1	1.03085193	-17.3280682	225	1	1.08889	0.933333;
./matpower/data/case1888rte.m:1433:	1407	1	79.9	11.4	0	0	1	1.03155087	-27.4782924	225	1	1.08889	0.933333;
./matpower/data/case1888rte.m:1439:	1412	1	170.4	61.3	0	0	1	1.05440531	-26.6908618	225	1	1.08889	0.933333;
./matpower/data/case1888rte.m:1456:	1429	1	0	0	0	0	1	1.03648169	-7.87858138	150	1	1.10862	0.966667;
./matpower/data/case1888rte.m:1463:	1436	1	0	0	0	0	1	1.03181559	-24.9396365	225	1	1.08889	0.933333;
./matpower/data/case1888rte.m:1466:	1439	1	0	0	0	0	1	1.02168799	-22.2333615	150	1	1.08	0.966667;
./matpower/data/case1888rte.m:1470:	1443	1	0	0	0	0	1	1.03187661	-8.64842574	225	1	1.08889	0.933333;
./matpower/data/case1888rte.m:1474:	1447	1	0	0	0	0	1	1.03012598	-9.33697988	225	1	1.08889	0.933333;
./matpower/data/case1888rte.m:1482:	1455	1	0	0	0	0	1	1.02849687	-11.5452204	225	1	1.08889	0.933333;
./matpower/data/case1888rte.m:1483:	1456	1	0	0	0	0	1	1.04885143	-28.5688127	225	1	1.08889	0.933333;
./matpower/data/case1888rte.m:1506:	1479	1	0	0	0	0	1	1.0363644	-16.6289848	225	1	1.08889	0.933333;
./matpower/data/case1888rte.m:1513:	1486	1	0	0	0	0	1	1.0357428	-20.4586099	225	1	1.08889	0.933333;
./matpower/data/case1888rte.m:1519:	1492	1	-6.9	-0.5	0	0	1	1.03770614	-18.2376143	225	1	1.08889	0.933333;
./matpower/data/case1888rte.m:1527:	1500	1	0	0	0	0	1	1.02152278	-19.8433954	225	1	1.08889	0.933333;
./matpower/data/case1888rte.m:1532:	1505	1	0	0	0	0	1	1.03648219	-19.3373887	225	1	1.08889	0.933333;
./matpower/data/case1888rte.m:1534:	1507	1	0	0	0	0	1	1.03151363	-9.81301689	150	1	1.10847	0.966667;
./matpower/data/case1888rte.m:1538:	1511	1	0	0	0	0	1	1.03497609	-8.10028285	150	1	1.10879	0.966667;
./matpower/data/case1888rte.m:1550:	1523	1	0	0	0	0	1	1.06023741	-25.7159221	225	1	1.08889	0.933333;
./matpower/data/case1888rte.m:1555:	1528	1	0	0	0	0	1	1.01132176	-13.3334242	150	1	1.08	0.966667;
./matpower/data/case1888rte.m:1558:	1531	1	0	0	0	0	1	1.04454926	-16.0179355	225	1	1.08889	0.933333;
./matpower/data/case1888rte.m:1575:	1548	1	0	0	0	0	1	1.05724496	-26.5315417	225	1	1.08889	0.933333;
./matpower/data/case1888rte.m:1618:	1592	1	0	0	0	0	1	1.03757777	-40.9985543	380	1	1.18421	0.921053;
./matpower/data/case1888rte.m:1715:	1674	2	43	18	0	0	1	0.949	-9.63841894	24	1	1.05	0.949137;
./matpower/data/case1888rte.m:1729:	1683	2	5.6	2.6	0	0	1	0.933	-15.0324228	20	1	1.05	0.910046;
./matpower/data/case1888rte.m:1790:	1724	2	-0	0	0	0	1	0.966278691	-32.5864911	20	1	1.05	0.95;
./matpower/data/case1888rte.m:1871:	1775	2	3.7	2.1	0	0	1	0.949	-26.5277715	19	1	1.05	0.944322;
./matpower/data/case1888rte.m:1904:	1797	1	-60.2	0.6	0	0	1	1.04936336	-27.2030604	225	1	1.08889	0.933333;
./matpower/data/case1888rte.m:1925:	1818	1	28	-3.3	0	0	1	1.05052068	-28.3675415	225	1	1.08889	0.933333;
./matpower/data/case1888rte.m:1928:	1821	1	31.2	-9.6	0	0	1	1.05040608	-28.845506	225	1	1.08889	0.933333;
./matpower/data/case1888rte.m:1930:	1823	1	137.7	-21.3	0	0	1	1.04264022	-27.9080001	225	1	1.08889	0.933333;
./matpower/data/case1888rte.m:1931:	1824	1	137.5	-21.2	0	0	1	1.04263617	-27.9076743	225	1	1.08889	0.933333;
./matpower/data/case1888rte.m:2049:	1674	919	-7.76	555.41	-99.32	0.949	100	1	952.74	242.74	0	0	0	0	0	0	0	0	0	0	0;
./matpower/data/case1888rte.m:2063:	1683	588	-45.22	297.67	-191.83	0.933	100	1	610	310	0	0	0	0	0	0	0	0	0	0	0;
./matpower/data/case1888rte.m:2205:	1775	127	29.22	89.22	29.22	0.949	100	1	443	127	0	0	0	0	0	0	0	0	0	0	0;
./matpower/data/case1888rte.m:2289:	446	23	0.00156	0.006933	0.0121	432	432	432	1	0	1	0	0;
./matpower/data/case1888rte.m:2342:	1321	46	0.002933	0.010267	0.0032	0	0	0	1	0	1	0	0;
./matpower/data/case1888rte.m:2372:	461	57	0.012978	0.059338	0.1002	409	409	409	1	0	1	0	0;
./matpower/data/case1888rte.m:2456:	701	98	0.019498	0.06712	0.0206	0	0	0	1	0	1	0	0;
./matpower/data/case1888rte.m:2744:	623	263	0.000998	0.014177	0.465	2487	2487	2487	1	0	1	0	0;
./matpower/data/case1888rte.m:2813:	1359	295	0.002121	0.009661	0.0162	355	355	355	1	0	1	0	0;
./matpower/data/case1888rte.m:2885:	1298	2072	0.004365	0.029491	0.0537	575	575	575	1	0	1	0	0;
./matpower/data/case1888rte.m:2945:	1320	357	0.000949	0.009342	0.2426	1611	1611	1611	1	0	1	0	0;
./matpower/data/case1888rte.m:3065:	905	422	0.004464	0.029669	0.0547	540	540	540	1	0	1	0	0;
./matpower/data/case1888rte.m:3086:	679	436	0.000966	0.009803	0.2526	1579	1579	1579	1	0	1	0	0;
./matpower/data/case1888rte.m:3536:	1523	737	0.006696	0.029985	0.0527	288	288	288	1	0	1	0	0;
./matpower/data/case1888rte.m:3557:	1362	750	0.008	0.03998	0.0709	362	362	362	1	0	1	0	0;
./matpower/data/case1888rte.m:4034:	1184	1258	0.006933	0.033403	0.0607	333	333	333	1	0	1	0	0;
./matpower/data/case1888rte.m:4323:	2078	1589	0.001787	0.089335	0	0	0	0	1	0	1	0	0;
./matpower/data/case1888rte.m:4452:	1364	1365	0.000803	0.039335	0	600	600	600	0.996016	0	1	0	0;
./matpower/data/case6515rte.m:49:	4	1	49.6	2.8	0	0	1	1.02422997	-30.343276	90	1	1.08889	0.933333;
./matpower/data/case6515rte.m:75:	30	1	39.9	3.5	0	0	1	1.01607663	-29.4588142	90	1	1.08889	0.933333;
./matpower/data/case6515rte.m:78:	33	1	0	0	0	0	1	1.05862347	-7.53647866	225	1	1.08889	0.933333;
./matpower/data/case6515rte.m:79:	34	1	0	0	0	0	1	1.05568981	-6.87832327	225	1	1.08889	0.933333;
./matpower/data/case6515rte.m:96:	51	1	0	0	0	0	1	1.05441957	-10.919134	225	1	1.08889	0.933333;
./matpower/data/case6515rte.m:155:	110	1	0	0	0	0	1	1.02643332	-9.99598604	225	1	1.08889	0.933333;
./matpower/data/case6515rte.m:183:	138	1	0	0	0	0	1	1.05230738	-11.8528375	150	1	1.08	0.966667;
./matpower/data/case6515rte.m:199:	154	1	0	0	0	0	1	1.06674466	-9.80672971	225	1	1.08889	0.933333;
./matpower/data/case6515rte.m:218:	173	1	28.5	8	0	0	1	1.0590281	-23.829887	90	1	1.08889	0.933333;
./matpower/data/case6515rte.m:252:	207	1	33.9	4.5	0	0	1	0.998775541	-14.4398208	63	1	1.06349	0.968254;
./matpower/data/case6515rte.m:267:	222	1	0	0	0	0	1	1.08673421	-16.9442728	225	1	1.08975	0.933333;
./matpower/data/case6515rte.m:277:	232	1	7.2	0.1	0	0	1	1.02185177	-17.6540322	90	1	1.08889	0.933333;
./matpower/data/case6515rte.m:279:	234	1	24.7	8.1	0	0	1	1.05491928	-20.2117896	90	1	1.08889	0.933333;
./matpower/data/case6515rte.m:292:	247	1	0	0	0	0	1	1.05496602	-4.10290117	225	1	1.08889	0.933333;
./matpower/data/case6515rte.m:342:	297	1	2	-0.5	0	0	1	0.9983637	-22.1202927	63	1	1.06349	0.936508;
./matpower/data/case6515rte.m:354:	309	1	7	2.5	0	0	1	1.02998574	-31.482602	63	1	1.06349	0.968254;
./matpower/data/case6515rte.m:378:	333	2	0	0	0	0	1	1.04743343	-27.5673573	150	1	1.08	0.966667;
./matpower/data/case6515rte.m:408:	363	1	10	4	0	0	1	1.05981748	-23.8424745	90	1	1.08889	0.933333;
./matpower/data/case6515rte.m:411:	366	1	0	0	0	0	1	1.05471202	-6.84158263	225	1	1.08889	0.933333;
./matpower/data/case6515rte.m:424:	379	1	0	0	0	0	1	1.0476369	-14.7587915	225	1	1.08889	0.933333;
./matpower/data/case6515rte.m:437:	392	1	29.6	1.6	0	0	1	0.998611608	-29.9051234	63	1	1.06349	0.968254;
./matpower/data/case6515rte.m:514:	469	1	-0.6	-1.5	0	0	1	1.0479505	-14.7594695	225	1	1.08889	0.933333;
./matpower/data/case6515rte.m:515:	470	2	1.4	0	0	0	1	1.04933842	-19.1515427	63	1	1.06349	0.936508;
./matpower/data/case6515rte.m:526:	481	1	0	0	0	0	1	1.03456564	-9.45497399	225	1	1.08889	0.933333;
./matpower/data/case6515rte.m:535:	490	1	-26.9	9.1	0	0	1	1.06011318	-24.4816441	90	1	1.08889	0.933333;
./matpower/data/case6515rte.m:537:	492	1	24	-1.1	0	0	1	1.01998951	-21.3529256	63	1	1.06349	0.936508;
./matpower/data/case6515rte.m:564:	519	1	31.3	-1.8	0	0	1	0.998331496	-26.3502317	63	1	1.09524	0.936508;
./matpower/data/case6515rte.m:568:	523	1	0	0	0	0	1	1.04985119	-10.1091389	225	1	1.08889	0.933333;
./matpower/data/case6515rte.m:576:	531	1	0	0	0	0	1	0.998820193	-33.7948723	63	1	1.04762	0.952381;
./matpower/data/case6515rte.m:577:	532	1	31.6	9.1	0	0	1	0.998789358	-33.7993153	63	1	1.04762	0.952381;
./matpower/data/case6515rte.m:587:	542	1	54.7	7.6	0	0	1	1.04969764	-10.8765001	225	1	1.08889	0.933333;
./matpower/data/case6515rte.m:588:	543	1	55.7	10.6	0	0	1	1.0496531	-10.881783	225	1	1.08889	0.933333;
./matpower/data/case6515rte.m:621:	576	1	8	-0.9	0	0	1	1.05489379	-20.8522188	90	1	1.08889	0.933333;
./matpower/data/case6515rte.m:656:	611	1	0	0	0	0	1	1.02477974	-9.90969851	225	1	1.08889	0.933333;
./matpower/data/case6515rte.m:669:	624	2	0	0	0	0	1	1.047	-6.86792709	225	1	1.08889	0.933333;
./matpower/data/case6515rte.m:673:	628	1	0	0	0	0	1	1.05219488	-11.8307921	150	1	1.08	0.966667;
./matpower/data/case6515rte.m:705:	660	1	0	0	0	0	1	1.03949504	-10.4238218	63	1	1.07937	0.952381;
./matpower/data/case6515rte.m:734:	689	2	0	0	0	0	1	0.966	-9.39748967	45	1	1	0.888889;
./matpower/data/case6515rte.m:750:	705	1	0	0	0	0	1	1.02419497	-6.74104812	225	1	1.08889	0.933333;
./matpower/data/case6515rte.m:751:	706	1	0	0	0	0	1	1.02454266	-7.12145937	225	1	1.08889	0.933333;
./matpower/data/case6515rte.m:774:	729	1	37.4	6.4	0	0	1	0.998576228	-33.9998037	63	1	1.06349	0.968254;
./matpower/data/case6515rte.m:788:	743	1	46.3	-1.4	0	0	1	1.0594974	-30.0629904	90	1	1.07778	0.977778;
./matpower/data/case6515rte.m:840:	795	1	0	0	0	0	1	1.02539955	-8.12321068	225	1	1.08889	0.933333;
./matpower/data/case6515rte.m:854:	809	1	0	0	0	0	1	1.0246396	-7.44343633	225	1	1.08889	0.933333;
./matpower/data/case6515rte.m:855:	810	1	0	0	0	0	1	1.02511381	-7.70016068	225	1	1.08889	0.933333;
./matpower/data/case6515rte.m:919:	874	1	45.4	5.9	0	0	1	0.998157664	-35.0892678	63	1	1.06349	0.968254;
./matpower/data/case6515rte.m:933:	888	1	48	11.1	0	0	1	1.03849031	-26.2608483	90	1	1.08889	0.933333;
./matpower/data/case6515rte.m:940:	895	1	0	0	0	0	1	1.06456964	-21.6180831	150	1	1.08	0.966667;
./matpower/data/case6515rte.m:971:	926	1	13.7	-5.4	0	0	1	1.02558776	-8.15983019	225	1	1.08889	0.933333;
./matpower/data/case6515rte.m:1000:	955	1	17.3	2.3	0	0	1	1.03755506	-8.35592796	225	1	1.08889	0.933333;
./matpower/data/case6515rte.m:1014:	969	1	0.6	0.9	0	0	1	0.998757069	-25.2774299	63	1	1.07937	0.952381;
./matpower/data/case6515rte.m:1015:	970	2	48.8	29.8	0	0	1	1.061	-6.40994918	20	1	1.15	0.8;
./matpower/data/case6515rte.m:1047:	1002	1	0	0	0	0	1	1.05055552	-8.25431226	225	1	1.08889	0.933333;
./matpower/data/case6515rte.m:1056:	1011	1	0	0	0	0	1	1.05188119	-27.9767484	150	1	1.08	0.966667;
./matpower/data/case6515rte.m:1062:	1017	1	0	0	0	0	1	1.05681738	-9.18016207	225	1	1.08889	0.933333;
./matpower/data/case6515rte.m:1088:	1043	1	18.9	1.1	0	0	1	1.00994963	-11.7449108	63	1	1.06349	0.936508;
./matpower/data/case6515rte.m:1131:	1086	1	0.1	-6.5	0	0	1	1.05228264	-12.0135179	225	1	1.08889	0.933333;
./matpower/data/case6515rte.m:1189:	1144	1	20.9	8	0	0	1	1.02397834	-18.5008761	225	1	1.08889	0.933333;
./matpower/data/case6515rte.m:1196:	1151	1	38.1	5.8	0	0	1	1.04056927	-7.06676932	225	1	1.08889	0.933333;
./matpower/data/case6515rte.m:1203:	1158	1	0	0	0	0	1	1.05239998	-7.63969736	225	1	1.08889	0.933333;
./matpower/data/case6515rte.m:1219:	1174	1	0	0	0	30	1	1.0304617	-41.2006966	90	1	1.06667	0.977778;
./matpower/data/case6515rte.m:1226:	1181	1	0	0	0	0	1	1.0486834	-5.79524958	225	1	1.08889	0.933333;
./matpower/data/case6515rte.m:1241:	1196	1	0	0	0	0	1	1.06719546	-9.6306022	225	1	1.08889	0.933333;
./matpower/data/case6515rte.m:1242:	1197	1	0	0	0	0	1	1.06585316	-9.006477	225	1	1.08889	0.933333;
./matpower/data/case6515rte.m:1272:	1227	1	22.6	15.7	0	0	1	1.02626488	-8.76671159	225	1	1.08889	0.933333;
./matpower/data/case6515rte.m:1277:	1232	1	2	0.6	0	0	1	0.99833498	-32.0859644	63	1	1.07937	0.952381;
./matpower/data/case6515rte.m:1285:	1240	1	0	0	0	0	1	1.04470565	-6.68063343	225	1	1.08889	0.933333;
./matpower/data/case6515rte.m:1286:	1241	1	0	0	0	0	1	1.04841982	-5.72379269	225	1	1.08889	0.933333;
./matpower/data/case6515rte.m:1287:	1242	1	0	0	0	0	1	1.04643592	-5.32005442	225	1	1.08889	0.933333;
./matpower/data/case6515rte.m:1304:	1259	1	0	0	0	0	1	1.04278705	-19.5971566	225	1	1.08889	0.933333;
./matpower/data/case6515rte.m:1330:	1285	1	30.2	3.9	0	0	1	1.04863882	-25.6429159	90	1	1.08889	0.933333;
./matpower/data/case6515rte.m:1332:	1287	1	50.4	20.9	0	0	1	1.04209805	-7.37201457	225	1	1.08889	0.933333;
./matpower/data/case6515rte.m:1351:	1306	1	17.1	-0.3	0	0	1	1.0677923	-9.50893456	225	1	1.08889	0.933333;
./matpower/data/case6515rte.m:1357:	1312	1	0	0	0	0	1	1.06402811	-21.7713173	150	1	1.08	0.966667;
./matpower/data/case6515rte.m:1391:	1346	1	27.7	9.6	0	0	1	1.04982638	-10.8536915	225	1	1.08889	0.933333;
./matpower/data/case6515rte.m:1395:	1350	1	0	0	0	0	1	1.06406119	-21.7718905	150	1	1.08	0.966667;
./matpower/data/case6515rte.m:1426:	1381	1	0	0	0	0	1	1.03283048	-20.9982614	225	1	1.08889	0.92;
./matpower/data/case6515rte.m:1429:	1384	1	25.7	-1.4	0	0	1	1.01966117	-32.8141517	90	1	1.06667	0.977778;
./matpower/data/case6515rte.m:1438:	1393	1	-0.8	-0.7	0	0	1	1.0099835	-13.6395423	63	1	1.06349	0.968254;
./matpower/data/case6515rte.m:1453:	1408	1	0	0	0	0	1	1.04913168	-10.4655342	225	1	1.08889	0.933333;
./matpower/data/case6515rte.m:1496:	1451	1	79	24.7	0	0	1	1.04808899	-8.85640919	225	1	1.08889	0.933333;
./matpower/data/case6515rte.m:1521:	1476	1	50.1	4.7	0	0	1	0.998184197	-12.8360706	63	1	1.06349	0.936508;
./matpower/data/case6515rte.m:1530:	1485	1	0	0	0	0	1	1.01826918	-21.0089799	45	1	1.06667	0.933333;
./matpower/data/case6515rte.m:1533:	1488	1	43.7	5	0	0	1	1.05026496	-8.9438549	225	1	1.08889	0.933333;
./matpower/data/case6515rte.m:1547:	1502	1	34	3.9	0	0	1	1.03256946	-27.1619865	90	1	1.08889	0.933333;
./matpower/data/case6515rte.m:1610:	1565	1	44.4	10.6	0	0	1	1.06108966	-32.4543496	225	1	1.08889	1.00444;
./matpower/data/case6515rte.m:1630:	1585	1	0	0	0	0	1	1.05022385	-8.5157019	225	1	1.08889	0.933333;
./matpower/data/case6515rte.m:1660:	1615	1	0	0	0	0	1	1.05714896	-24.432818	150	1	1.08	0.966667;
./matpower/data/case6515rte.m:1663:	1618	1	0	0	0	0	1	1.02284512	-18.972234	225	1	1.08889	0.933333;
./matpower/data/case6515rte.m:1669:	1624	1	56.9	12.6	0	0	1	0.949779064	-41.1982675	63	1	1.04762	0.947469;
./matpower/data/case6515rte.m:1720:	1675	1	10.4	-6.6	0	0	1	1.02116485	-16.8381845	90	1	1.08889	0.933333;
./matpower/data/case6515rte.m:1728:	1683	1	0	0	0	0	1	1.04541233	-5.99555828	225	1	1.08889	0.933333;
./matpower/data/case6515rte.m:1777:	1732	1	17	4.3	0	0	1	1.06485602	-20.2770689	90	1	1.08889	0.933333;
./matpower/data/case6515rte.m:1801:	1756	1	23.8	8.5	0	15.4	1	0.998388545	-22.1100736	63	1	1.06349	0.936508;
./matpower/data/case6515rte.m:1808:	1763	1	3.5	2.7	0	0	1	1.03893858	-11.2626654	225	1	1.08889	0.933333;
./matpower/data/case6515rte.m:1832:	1787	1	0	0	0	0	1	1.04943773	-12.8688258	225	1	1.08889	0.933333;
./matpower/data/case6515rte.m:1850:	1805	1	0	0	0	0	1	1.04512054	-15.5838939	225	1	1.08889	0.933333;
./matpower/data/case6515rte.m:1871:	1826	1	44.8	1.4	0	0	1	1.05499514	-20.8386244	90	1	1.08889	0.933333;
./matpower/data/case6515rte.m:1882:	1837	1	16.3	-2	0	0	1	1.02719883	-30.2964658	90	1	1.08889	0.933333;
./matpower/data/case6515rte.m:1884:	1839	1	0	0	0	0	1	1.04254002	-7.34512462	225	1	1.08889	0.933333;
./matpower/data/case6515rte.m:1910:	1865	1	9	1.3	0	0	1	0.998687484	-16.904447	63	1	1.06349	0.968254;
./matpower/data/case6515rte.m:1914:	1869	1	3.1	-3.7	0	0	1	1.02177153	-17.1481774	90	1	1.08889	0.933333;
./matpower/data/case6515rte.m:1938:	1893	1	110.8	28.6	0	0	1	1.05397686	-30.0999898	225	1	1.08889	1.00444;
./matpower/data/case6515rte.m:1950:	1905	1	0	0	0	0	1	1.03010785	-8.90422954	225	1	1.08889	0.933333;
./matpower/data/case6515rte.m:2006:	1961	1	0	0	0	0	1	1.06842866	-9.17208304	225	1	1.08889	0.933333;
./matpower/data/case6515rte.m:2007:	1962	1	0	0	0	0	1	1.06760741	-9.68623115	225	1	1.08889	0.933333;
./matpower/data/case6515rte.m:2014:	1969	2	0	0	0	0	1	1.064	-3.10799825	20	1	1.15	0.8;
./matpower/data/case6515rte.m:2029:	1984	1	0	0	0	0	1	1.02586683	-7.81777238	225	1	1.08889	0.933333;
./matpower/data/case6515rte.m:2036:	1991	1	43.8	4	0	0	1	1.05538614	-23.4546291	90	1	1.06949	0.977778;
./matpower/data/case6515rte.m:2046:	2001	2	0	0	0	0	1	0.96600458	-9.39761699	45	1	1	0.888889;
./matpower/data/case6515rte.m:2050:	2005	1	0	0	0	0	1	1.04763747	-8.94528902	225	1	1.08889	0.933333;
./matpower/data/case6515rte.m:2055:	2010	1	22.3	6.8	0	0	1	1.05966225	-31.3378673	225	1	1.08889	1.00444;
./matpower/data/case6515rte.m:2117:	2072	1	37.1	3.8	0	0	1	1.04707572	-8.56663078	225	1	1.08889	0.933333;
./matpower/data/case6515rte.m:2120:	2075	1	0	0	0	0	1	1.06966335	-8.26284489	380	1	1.10526	1.03947;
./matpower/data/case6515rte.m:2175:	2130	1	0	0	0	0	1	1.04755227	-8.95890764	225	1	1.08889	0.933333;
./matpower/data/case6515rte.m:2176:	2131	1	0	0	0	0	1	1.04760379	-8.95691662	225	1	1.08889	0.933333;
./matpower/data/case6515rte.m:2177:	2132	1	0	0	0	0	1	1.04756101	-8.95913578	225	1	1.08889	0.933333;
./matpower/data/case6515rte.m:2184:	2139	1	0	0	0	0	1	1.05287284	-7.45013884	225	1	1.08889	0.933333;
./matpower/data/case6515rte.m:2194:	2149	1	0	0	0	0	1	1.04813356	-7.83864302	225	1	1.08889	0.933333;
./matpower/data/case6515rte.m:2241:	2196	1	6.2	-0.1	0	0	1	0.995098387	-17.367854	45	1	1.06667	0.933333;
./matpower/data/case6515rte.m:2267:	2222	1	0	0	0	0	1	1.04601245	-6.47178905	225	1	1.08889	0.933333;
./matpower/data/case6515rte.m:2299:	2254	1	49.3	30.1	0	0	1	1.01998135	-30.6930066	63	1	1.06349	0.968254;
./matpower/data/case6515rte.m:2338:	2293	1	0	0	0	0	1	1.03107277	-17.7226932	225	1	1.08889	0.933333;
./matpower/data/case6515rte.m:2344:	2299	1	0	0	0	0	1	1.05286511	-11.7084782	225	1	1.08889	0.933333;
./matpower/data/case6515rte.m:2358:	2313	1	60.4	0.5	0	0	1	1.03913188	-11.2494456	225	1	1.08889	0.933333;
./matpower/data/case6515rte.m:2391:	2346	1	0	0	0	0	1	1.03719765	-12.4426243	225	1	1.08889	0.933333;
./matpower/data/case6515rte.m:2453:	2408	1	0	0	0	0	1	1.05998813	-15.78971	90	1	1.07778	0.922222;
./matpower/data/case6515rte.m:2472:	2427	1	10.8	1.3	0	0	1	1.01966268	-4.72489634	63	1	1.07937	0.952381;
./matpower/data/case6515rte.m:2517:	2472	1	49.4	1.6	0	0	1	0.968786945	-30.0316782	63	1	1.06349	0.966009;
./matpower/data/case6515rte.m:2585:	2540	1	0	0	0	0	1	1.03362363	-17.1153943	225	1	1.08889	0.933333;
./matpower/data/case6515rte.m:2594:	2549	1	0	0	0	0	1	1.02804676	-28.9194449	150	1	1.08	0.966667;
./matpower/data/case6515rte.m:2619:	2574	1	0	0	0	0	1	1.04998017	-24.2956335	90	1	1.06667	0.977778;
./matpower/data/case6515rte.m:2625:	2580	1	0	0	0	0	1	1.04605486	-6.48083476	225	1	1.08889	0.933333;
./matpower/data/case6515rte.m:2669:	2624	1	32.9	4.1	0	0	1	1.04659217	-24.9710498	90	1	1.08889	0.933333;
./matpower/data/case6515rte.m:2724:	2679	1	7.8	8.3	0	0	1	1.04669303	-8.98123864	225	1	1.08889	0.933333;
./matpower/data/case6515rte.m:2749:	2704	1	0	0	0	0	1	1.05116936	-7.06488143	225	1	1.08889	0.933333;
./matpower/data/case6515rte.m:2752:	2707	1	0	0	0	0	1	1.03466618	-16.6809519	225	1	1.08889	0.933333;
./matpower/data/case6515rte.m:2757:	2712	1	34.6	4.9	0	0	1	1.04507305	-26.465825	90	1	1.08889	0.933333;
./matpower/data/case6515rte.m:2799:	2754	1	0	0	0	0	1	1.06804762	-14.0882666	225	1	1.08889	0.933333;
./matpower/data/case6515rte.m:2820:	2775	1	0	0	0	0	1	1.0246533	-9.92934774	225	1	1.08889	0.933333;
./matpower/data/case6515rte.m:2846:	2801	1	49.7	5	0	0	1	0.998892273	-28.1596586	63	1	1.07937	0.920635;
./matpower/data/case6515rte.m:2848:	2803	1	0	0	0	0	1	0.995216526	-17.3500271	45	1	1.06667	0.933333;
./matpower/data/case6515rte.m:2849:	2804	1	2.5	0.7	0	0	1	0.994187146	-17.1831425	45	1	1.06667	0.933333;
./matpower/data/case6515rte.m:2872:	2827	1	22.6	2.7	0	0	1	1.03106018	-17.7237022	225	1	1.08889	0.933333;
./matpower/data/case6515rte.m:2900:	2855	1	-13.1	-12.7	0	0	1	1.04642269	-7.57593981	225	1	1.08889	0.933333;
./matpower/data/case6515rte.m:2904:	2859	1	0.5	0.5	0	0	1	1.03949997	-27.6801235	63	1	1.07937	0.920635;
./matpower/data/case6515rte.m:2925:	2880	1	0.6	4	0	0	1	1.04360525	-11.2097063	225	1	1.08889	0.933333;
./matpower/data/case6515rte.m:2936:	2891	1	68	7.1	0	0	1	1.05090537	-9.54315141	225	1	1.08889	0.933333;
./matpower/data/case6515rte.m:2959:	2914	1	0	0	0	0	1	1.04975814	-8.62213845	225	1	1.08889	0.933333;
./matpower/data/case6515rte.m:2960:	2915	1	0	0	0	0	1	1.04758159	-8.43307747	225	1	1.08889	0.933333;
./matpower/data/case6515rte.m:2961:	2916	1	0	0	0	0	1	1.05367726	-8.53129597	225	1	1.08889	0.933333;
./matpower/data/case6515rte.m:2982:	2937	1	0	0	0	0	1	1.03985734	-7.43128024	225	1	1.08889	0.933333;
./matpower/data/case6515rte.m:3042:	2997	1	0	0	0	0	1	1.04988016	-8.62281816	225	1	1.08889	0.933333;
./matpower/data/case6515rte.m:3043:	2998	1	57.5	15.9	0	0	1	1.04469632	-9.28707553	225	1	1.08889	0.933333;
./matpower/data/case6515rte.m:3094:	3049	1	60	12.7	0	0	1	0.998877972	-14.7484717	63	1	1.06349	0.968254;
./matpower/data/case6515rte.m:3119:	3074	1	0	0	0	0	1	1.05176455	-17.8891854	225	1	1.08889	0.933333;
./matpower/data/case6515rte.m:3133:	3088	1	0	0	0	0	1	1.0492495	-9.94878933	225	1	1.08889	0.933333;
./matpower/data/case6515rte.m:3146:	3101	1	0	0	0	0	1	1.05071051	-17.2135738	225	1	1.08889	0.933333;
./matpower/data/case6515rte.m:3202:	3157	2	0	0	0	0	1	1.049	-24.8958794	90	1	1.08889	0.933333;
./matpower/data/case6515rte.m:3307:	3262	1	66.6	9.6	0	0	1	1.03548447	-26.6018885	90	1	1.08889	0.933333;
./matpower/data/case6515rte.m:3308:	3263	1	0	0	0	0	1	1.05404191	-4.43080434	225	1	1.08889	0.933333;
./matpower/data/case6515rte.m:3333:	3288	1	63.6	9.7	0	0	1	1.04480008	-9.31029116	225	1	1.08889	0.933333;
./matpower/data/case6515rte.m:3361:	3316	1	1	0	0	0	1	1.01933373	-12.1736873	63	1	1.06349	0.968254;
./matpower/data/case6515rte.m:3381:	3336	1	0	0	0	0	1	1.040517	-7.12296525	225	1	1.08889	0.933333;
./matpower/data/case6515rte.m:3391:	3346	1	0	0	0	0	1	1.0543625	-8.75877196	225	1	1.08889	0.933333;
./matpower/data/case6515rte.m:3393:	3348	1	37.6	0.8	0	0	1	0.999265176	-50.9493903	90	1	1.06667	0.977778;
./matpower/data/case6515rte.m:3427:	3382	1	37.1	1.9	0	0	1	1.04242003	-28.6041712	90	1	1.08889	0.933333;
./matpower/data/case6515rte.m:3434:	3389	1	46	0.6	0	0	1	1.04457324	-9.32129572	225	1	1.08889	0.933333;
./matpower/data/case6515rte.m:3554:	3509	1	0	0	0	0	1	1.0524434	-13.3375161	225	1	1.08889	0.933333;
./matpower/data/case6515rte.m:3565:	3520	1	2	0	0	0	1	1.04501675	-22.1631428	90	1	1.08889	0.933333;
./matpower/data/case6515rte.m:3568:	3523	1	0	0	0	0	1	1.06149529	-8.67405511	225	1	1.08889	0.933333;
./matpower/data/case6515rte.m:3583:	3538	1	0	0	0	0	1	1.05400802	-23.954007	90	1	1.08889	0.933333;
./matpower/data/case6515rte.m:3585:	3540	1	0	0	0	0	1	1.04876689	-5.77961852	225	1	1.08889	0.933333;
./matpower/data/case6515rte.m:3624:	3579	1	0	0	0	0	1	1.05402181	-4.43315235	225	1	1.08889	0.933333;
./matpower/data/case6515rte.m:3637:	3592	1	7.6	6.2	0	0	1	0.998133929	-20.6923532	150	1	1.1	0.9;
./matpower/data/case6515rte.m:3652:	3607	1	0	0	0	0	1	1.04841092	-6.24293471	225	1	1.08889	0.933333;
./matpower/data/case6515rte.m:3654:	3609	1	0	0	0	0	1	1.03848371	-8.97061883	225	1	1.08889	0.933333;
./matpower/data/case6515rte.m:3739:	3694	1	29.6	5.2	0	0	1	1.04900677	-21.1844578	90	1	1.08889	0.933333;
./matpower/data/case6515rte.m:3775:	3730	1	0	0	0	0	1	1.05588393	-7.16117961	225	1	1.08889	0.933333;
./matpower/data/case6515rte.m:3811:	3766	1	33.8	4.9	0	0	1	0.998443451	-46.5980159	90	1	1.07778	0.977778;
./matpower/data/case6515rte.m:3851:	3806	1	0	0	0	0	1	1.0794926	-1.08002921	380	1	1.10526	1;
./matpower/data/case6515rte.m:3886:	3841	1	0	0	0	0	1	1.04542676	-16.0885852	225	1	1.08889	0.933333;
./matpower/data/case6515rte.m:3901:	3856	1	52	5.3	0	0	1	1.03993457	-11.2766803	225	1	1.08889	0.933333;
./matpower/data/case6515rte.m:3908:	3863	1	0	0	0	0	1	1.03933223	-28.658773	90	1	1.06667	0.977778;
./matpower/data/case6515rte.m:3955:	3910	1	2.7	16.7	0	0	1	1.06312804	-20.315985	150	1	1.08	0.966667;
./matpower/data/case6515rte.m:3973:	3928	1	0	0	0	0	1	1.05029016	-28.0884136	150	1	1.08	0.966667;
./matpower/data/case6515rte.m:3987:	3942	1	0	0	0	0	1	1.03756372	-16.3837651	225	1	1.08889	0.933333;
./matpower/data/case6515rte.m:4011:	3966	1	96.3	30.4	0	0	1	1.04714275	-5.84472787	225	1	1.08889	0.933333;
./matpower/data/case6515rte.m:4016:	3971	1	0	0	0	0	1	1.03029646	-8.76568682	225	1	1.08889	0.933333;
./matpower/data/case6515rte.m:4045:	4000	1	34.7	-1.2	0	0	1	1.03721225	-27.0606933	90	1	1.1	0.944444;
./matpower/data/case6515rte.m:4056:	4011	1	0	0	0	0	1	1.04440891	-13.5221113	225	1	1.08889	0.933333;
./matpower/data/case6515rte.m:4076:	4031	1	28.7	2.4	0	0	1	1.0252393	-31.0844005	90	1	1.08889	0.933333;
./matpower/data/case6515rte.m:4091:	4046	1	0	0	0	0	1	1.05167068	-5.09724598	225	1	1.08889	0.933333;
./matpower/data/case6515rte.m:4097:	4052	1	0.9	0	0	0	1	1.04868633	-5.79706738	225	1	1.08889	0.933333;
./matpower/data/case6515rte.m:4109:	4064	1	0	0	0	0	1	1.07961169	-14.162192	225	1	1.08889	0.933333;
./matpower/data/case6515rte.m:4128:	4083	1	0	0	0	0	1	1.04477118	-6.66898806	225	1	1.08889	0.933333;
./matpower/data/case6515rte.m:4138:	4093	1	0	0	0	0	1	1.03554402	-16.1244595	225	1	1.08889	0.933333;
./matpower/data/case6515rte.m:4156:	4111	1	0	0	0	0	1	1.06899633	-9.43444052	225	1	1.08889	0.933333;
./matpower/data/case6515rte.m:4164:	4119	1	0	0	0	0	1	1.03999526	-22.2384921	225	1	1.08889	0.933333;
./matpower/data/case6515rte.m:4170:	4125	1	14.7	-3	0	0	1	0.998560499	-56.3692078	63	1	1.06349	0.952381;
./matpower/data/case6515rte.m:4175:	4130	1	25.4	-0.6	0	0	1	1.01383699	-17.0565281	90	1	1.08889	0.933333;
./matpower/data/case6515rte.m:4182:	4137	1	10.8	22.1	0	0	1	1.03722669	-2.85002567	225	1	1.08889	0.933333;
./matpower/data/case6515rte.m:4194:	4149	1	36.5	1.5	0	0	1	1.03880942	-10.7583356	225	1	1.08889	0.933333;
./matpower/data/case6515rte.m:4240:	4195	1	101.4	21.5	0	0	1	1.04721764	-8.93953974	225	1	1.08889	0.933333;
./matpower/data/case6515rte.m:4241:	4196	1	65.7	-2.1	0	0	1	1.0495305	-10.9056187	225	1	1.08889	0.933333;
./matpower/data/case6515rte.m:4259:	4214	1	16.6	4.4	0	0	1	1.03049982	-36.7338229	90	1	1.06667	0.977778;
./matpower/data/case6515rte.m:4307:	4262	1	0	0	0	0	1	1.04876737	-5.77962419	225	1	1.08889	0.933333;
./matpower/data/case6515rte.m:4321:	4276	1	0	0	0	0	1	1.04804715	-28.7119792	150	1	1.08	0.966667;
./matpower/data/case6515rte.m:4323:	4278	1	0	0	0	0	1	0.99857736	-33.999821	63	1	1.06349	0.968254;
./matpower/data/case6515rte.m:4324:	4279	1	41	3.3	0	0	1	0.998042628	-34.0870668	63	1	1.06349	0.968254;
./matpower/data/case6515rte.m:4352:	4307	1	0	0	0	0	1	0.99885454	-25.2270983	63	1	1.07937	0.952381;
./matpower/data/case6515rte.m:4369:	4324	2	0	0	0	0	1	1.04835544	-6.29789929	225	1	1.08889	0.933333;
./matpower/data/case6515rte.m:4488:	4443	1	0	0	0	0	1	1.07344338	-18.9893983	150	1	1.08913	0.966667;
./matpower/data/case6515rte.m:4495:	4450	1	41.7	8.3	0	0	1	1.01949064	-18.2016323	63	1	1.06349	0.968254;
./matpower/data/case6515rte.m:4496:	4451	2	0	0	0	0	1	1.052	-27.9789254	150	1	1.08	0.966667;
./matpower/data/case6515rte.m:4511:	4466	1	0.9	0.2	0	0	1	1.04534153	-10.2340497	225	1	1.08889	0.933333;
./matpower/data/case6515rte.m:4522:	4477	2	-3	0	0	0	1	1.01565491	-23.8059491	63	1	1.07937	0.920635;
./matpower/data/case6515rte.m:4539:	4494	1	2	-1	0	0	1	0.998165237	-35.092311	63	1	1.06349	0.968254;
./matpower/data/case6515rte.m:4548:	4503	1	16.2	0	0	0	1	1.05284893	-11.6314856	150	1	1.08	0.966667;
./matpower/data/case6515rte.m:4572:	4527	1	0	0	0	0	1	1.06230872	-10.7308078	150	1	1.08069	0.966667;
./matpower/data/case6515rte.m:4581:	4536	1	0	0	0	0	1	0.998089822	-24.415927	63	1	1.06349	0.968254;
./matpower/data/case6515rte.m:4655:	4610	1	60.8	-12.3	0	90	1	1.05949936	-60.2888206	63	1	1.06349	0.952381;
./matpower/data/case6515rte.m:4718:	4673	1	38.9	9.4	0	0	1	1.04919275	-24.6552733	90	1	1.08889	0.933333;
./matpower/data/case6515rte.m:4720:	4675	1	0	0	0	0	1	1.0448725	-17.603966	63	1	1.07937	0.920635;
./matpower/data/case6515rte.m:4724:	4679	1	0	0	0	0	1	1.00996616	-17.101841	63	1	1.06349	0.968254;
./matpower/data/case6515rte.m:4735:	4690	1	0	0	0	0	1	1.03361043	-13.0489345	225	1	1.08889	0.933333;
./matpower/data/case6515rte.m:4784:	4739	1	5.6	0.7	0	0	1	1.01818672	-21.0219825	45	1	1.06667	0.933333;
./matpower/data/case6515rte.m:4791:	4746	1	0	0	0	0	1	1.05740376	-7.65791787	225	1	1.08889	0.933333;
./matpower/data/case6515rte.m:4810:	4765	1	131.1	25.8	0	0	1	1.04798558	-8.87758189	225	1	1.08889	0.933333;
./matpower/data/case6515rte.m:4813:	4768	2	0	0	0	0	1	1.049	-27.4999138	150	1	1.08	0.966667;
./matpower/data/case6515rte.m:4825:	4780	1	0	0	0	0	1	1.02472597	-8.76724092	225	1	1.08889	0.933333;
./matpower/data/case6515rte.m:4829:	4784	1	0	0	0	0	1	1.02966384	-29.7455598	225	1	1.08889	1.00444;
./matpower/data/case6515rte.m:4840:	4795	1	-14	0	0	0	1	1.0781856	-5.75951703	225	1	1.08889	0.933333;
./matpower/data/case6515rte.m:4861:	4816	1	50.1	23.8	0	0	1	1.05167764	-24.1274328	90	1	1.08889	0.933333;
./matpower/data/case6515rte.m:4881:	4836	1	33.1	2.8	0	0	1	0.998287556	-24.4370645	63	1	1.06349	0.968254;
./matpower/data/case6515rte.m:4892:	4847	1	30.2	6	0	0	1	0.998087413	-24.9550626	63	1	1.07937	0.920635;
./matpower/data/case6515rte.m:4898:	4853	1	85.9	8.8	0	0	1	1.05036274	-8.91160102	225	1	1.08889	0.933333;
./matpower/data/case6515rte.m:4903:	4858	1	0	0	0	0	1	1.05602395	-6.92073115	225	1	1.08889	0.933333;
./matpower/data/case6515rte.m:4932:	4887	1	18.1	-0.4	0	0	1	1.02315446	-18.2509882	90	1	1.08889	0.933333;
./matpower/data/case6515rte.m:5027:	4982	1	0	0	0	0	1	1.02949258	-22.5678492	90	1	1.07778	0.922222;
./matpower/data/case6515rte.m:5047:	5002	1	0	0	0	0	1	1.02534846	-18.3400971	225	1	1.08889	0.933333;
./matpower/data/case6515rte.m:5049:	5004	1	0	0	0	0	1	1.03495435	-11.3215992	225	1	1.08889	0.933333;
./matpower/data/case6515rte.m:5054:	5009	1	0	0	0	0	1	1.05863683	-12.6819029	225	1	1.08889	0.933333;
./matpower/data/case6515rte.m:5094:	5049	1	171.6	61.7	0	0	1	1.04452937	-6.62947513	225	1	1.08889	0.933333;
./matpower/data/case6515rte.m:5136:	5091	1	0.5	-0.2	0	0	1	1.01998513	-43.1728534	90	1	1.06667	0.977778;
./matpower/data/case6515rte.m:5137:	5092	1	0	0	0	0	1	1.03672381	-23.7115009	90	1	1.07778	0.966667;
./matpower/data/case6515rte.m:5167:	5122	1	0	0	0	0	1	1.09903354	-16.9533811	150	1	1.1	0.966667;
./matpower/data/case6515rte.m:5204:	5159	1	0	0	0	0	1	1.04611775	-15.2691019	225	1	1.08889	0.933333;
./matpower/data/case6515rte.m:5211:	5166	1	0	0	0	0	1	1.03212623	-22.9858429	90	1	1.07778	0.966667;
./matpower/data/case6515rte.m:5212:	5167	1	0	0	0	0	1	1.04013653	-40.7307998	90	1	1.06667	0.977778;
./matpower/data/case6515rte.m:5230:	5185	1	0	0	0	0	1	1.05231433	-11.8114414	150	1	1.08	0.966667;
./matpower/data/case6515rte.m:5237:	5192	1	43.7	0	0	0	1	1.04998006	-24.2956312	90	1	1.06667	0.977778;
./matpower/data/case6515rte.m:5243:	5198	1	0	0	0	0	1	1.02964571	-22.5281079	90	1	1.07778	0.966667;
./matpower/data/case6515rte.m:5254:	5209	1	0	0	0	0	1	1.02481587	-7.53567902	225	1	1.08889	0.933333;
./matpower/data/case6515rte.m:5280:	5235	1	0	0	0	0	1	1.02630563	-8.14024198	225	1	1.08889	0.933333;
./matpower/data/case6515rte.m:5288:	5243	1	0	0	0	0	1	1.05093387	-23.964483	90	1	1.07778	0.966667;
./matpower/data/case6515rte.m:5320:	5275	1	0	0	0	0	1	1.02734744	-8.6998781	225	1	1.08889	0.933333;
./matpower/data/case6515rte.m:5332:	5287	1	0	0	0	0	1	1.06779463	-9.50722842	225	1	1.08889	0.933333;
./matpower/data/case6515rte.m:5344:	5299	1	0	0	0	0	1	1.04620696	-24.3839449	90	1	1.07778	0.966667;
./matpower/data/case6515rte.m:5352:	5307	1	0	0	0	0	1	1.03045537	-21.8283456	90	1	1.07778	0.966667;
./matpower/data/case6515rte.m:5386:	5341	1	0	0	0	0	1	1.02760225	-23.1369151	90	1	1.07778	0.966667;
./matpower/data/case6515rte.m:5390:	5345	1	0	0	0	0	1	1.04120805	-20.4303107	90	1	1.07778	0.966667;
./matpower/data/case6515rte.m:5398:	5353	1	0	0	0	0	1	1.01077118	-26.8351395	90	1	1.07778	0.966667;
./matpower/data/case6515rte.m:5415:	5370	1	3.3	0	0	0	1	1.06840844	-21.0605076	90	1	1.07778	0.966667;
./matpower/data/case6515rte.m:5441:	5396	1	22.2	0	0	0	1	1.03767461	-21.7014402	90	1	1.07778	0.966667;
./matpower/data/case6515rte.m:5442:	5397	1	0	0	0	0	1	1.04033386	-22.0637258	90	1	1.07778	0.966667;
./matpower/data/case6515rte.m:5450:	5405	1	0	0	0	0	1	1.04813808	-8.73683997	225	1	1.08889	0.933333;
./matpower/data/case6515rte.m:5461:	5416	1	0	0	0	0	1	0.966799699	-9.37203184	45	1	1	0.888889;
./matpower/data/case6515rte.m:5487:	5442	1	0	0	0	0	1	1.04104932	-12.2037667	225	1	1.08889	0.933333;
./matpower/data/case6515rte.m:5510:	5465	1	-5.2	1.1	0	0	1	1.04298538	-7.1233991	225	1	1.08889	0.933333;
./matpower/data/case6515rte.m:5543:	5498	1	0	0	0	0	1	1.01136017	-27.425712	90	1	1.07778	0.966667;
./matpower/data/case6515rte.m:5554:	5509	1	0	0	0	0	1	1.02477699	-9.91405466	225	1	1.08889	0.933333;
./matpower/data/case6515rte.m:5571:	5526	1	0	0	0	0	1	1.0464088	-7.57651874	225	1	1.08889	0.933333;
./matpower/data/case6515rte.m:5591:	5546	1	0	0	0	0	1	1.09286066	-18.2380624	150	1	1.1	0.966667;
./matpower/data/case6515rte.m:5600:	5555	1	0	0	0	0	1	1.03429844	-25.4003055	90	1	1.07778	0.966667;
./matpower/data/case6515rte.m:5602:	5557	1	0	0	0	0	1	1.03233783	-25.6136252	90	1	1.07778	0.966667;
./matpower/data/case6515rte.m:5616:	5571	1	0	0	0	0	1	1.06466803	-21.5141952	90	1	1.07778	0.966667;
./matpower/data/case6515rte.m:5629:	5584	1	-60.3	0	0	0	1	1.09895831	-16.9520071	150	1	1.1	0.966667;
./matpower/data/case6515rte.m:5645:	5600	1	0	0	0	0	1	1.03933015	-25.7857356	63	1	1.07937	0.920635;
./matpower/data/case6515rte.m:5669:	5624	1	0	0	0	0	1	0.99843349	-53.2376284	90	1	1.06667	0.977778;
./matpower/data/case6515rte.m:5679:	5634	1	0	0	0	0	1	1.02970163	-22.5904168	90	1	1.07778	0.966667;
./matpower/data/case6515rte.m:5693:	5648	1	0	0	0	0	1	0.998152736	-20.6919096	150	1	1.05333	0.986667;
./matpower/data/case6515rte.m:5716:	5671	1	0	0	0	0	1	1.05581883	-7.16145768	225	1	1.08889	0.933333;
./matpower/data/case6515rte.m:5738:	5693	1	0	0	0	0	1	1.01508783	-25.3467533	90	1	1.07778	0.966667;
./matpower/data/case6515rte.m:5740:	5695	1	0	0	0	0	1	1.04125313	-28.5876922	150	1	1.08	0.966667;
./matpower/data/case6515rte.m:5744:	5699	1	0	0	0	0	1	1.04664892	-5.34380619	225	1	1.08889	0.933333;
./matpower/data/case6515rte.m:5797:	5752	1	0	0	0	0	1	1.06031384	-14.98848	90	1	1.07778	0.966667;
./matpower/data/case6515rte.m:5807:	5762	1	0	0	0	0	1	1.05098287	-24.0599875	90	1	1.06667	0.977778;
./matpower/data/case6515rte.m:5880:	5835	1	0	0	0	0	1	0.998844426	-31.1860845	63	1	1.04762	0.952381;
./matpower/data/case6515rte.m:5893:	5848	1	0	0	0	0	1	1.04704013	-6.22925445	225	1	1.08889	0.933333;
./matpower/data/case6515rte.m:5894:	5849	1	0	0	0	0	1	0.99847424	-34.8943031	63	1	1.04762	0.952381;
./matpower/data/case6515rte.m:5899:	5854	1	0	0	0	0	1	1.01998283	-43.1725106	90	1	1.06667	0.977778;
./matpower/data/case6515rte.m:5975:	5930	1	0	0	0	0	1	1.03949126	-34.9974053	225	1	1.15	0.8;
./matpower/data/case6515rte.m:6010:	5965	2	-20	-26	0	0	1	1.13890911	1.8304933	225	1	1.15	0.8;
./matpower/data/case6515rte.m:6049:	6004	1	23	14.1	0	0	1	1.05966922	-7.22038123	225	1	1.15	0.8;
./matpower/data/case6515rte.m:6060:	6015	1	0	0	0	0	1	0.998149268	-16.7295866	63	1	1.15	0.8;
./matpower/data/case6515rte.m:6382:	6340	2	40	18	0	0	1	1.021	8.20094943	24	1	1.15	0.8;
./matpower/data/case6515rte.m:6464:	6423	2	12	3	0	0	1	1.035	-13.5908998	17	1	1.15	0.8;
./matpower/data/case6515rte.m:6704:	689	2.31	1.22	6	-5	0.966	100	1	9	0	0	0	0	0	0	0	0	0	0	0	0;
./matpower/data/case6515rte.m:6705:	689	2.31	1.22	6	-5	0.966	100	1	9	0	0	0	0	0	0	0	0	0	0	0	0;
./matpower/data/case6515rte.m:6706:	689	0	1.22	8	-5	0.966	100	0	11	0	0	0	0	0	0	0	0	0	0	0	0;
./matpower/data/case6515rte.m:6707:	689	2.31	1.22	8	-5	0.966	100	1	11	0	0	0	0	0	0	0	0	0	0	0	0;
./matpower/data/case6515rte.m:7076:	2649	0	0	0	0	0.998	100	0	35	0	0	0	0	0	0	0	0	0	0	0	0;
./matpower/data/case6515rte.m:7077:	2649	0	0	0	0	0.998	100	0	24	0	0	0	0	0	0	0	0	0	0	0	0;
./matpower/data/case6515rte.m:7699:	6261	0	1.21	22.19	-3.23	0.949	100	0	49	0	0	0	0	0	0	0	0	0	0	0	0;
./matpower/data/case6515rte.m:7775:	6340	966.27	260.2	521.6	-128.95	1.021	100	1	1000	280	0	0	0	0	0	0	0	0	0	0	0;
./matpower/data/case6515rte.m:7847:	6413	0	0	104.23	-23.38	0.966	100	0	185	5	0	0	0	0	0	0	0	0	0	0	0;
./matpower/data/case6515rte.m:7848:	6414	0	0	104.23	-23.38	0.966	100	0	185	5	0	0	0	0	0	0	0	0	0	0	0;
./matpower/data/case6515rte.m:7859:	6425	0	0	194.29	-148.96	0.949	100	0	304	156	0	0	0	0	0	0	0	0	0	0	0;
./matpower/data/case6515rte.m:7871:	6437	0	0	322.12	-100.08	0.966	100	0	585	175	0	0	0	0	0	0	0	0	0	0	0;
./matpower/data/case6515rte.m:7872:	6438	0	0	322.12	-100.08	0.966	100	0	585	175	0	0	0	0	0	0	0	0	0	0	0;
./matpower/data/case6515rte.m:8189:	1559	105	0.00156	0.006933	0.0121	432	432	432	1	0	1	0	0;
./matpower/data/case6515rte.m:8362:	4719	176	0.002933	0.010267	0.0032	0	0	0	1	0	1	0	0;
./matpower/data/case6515rte.m:8471:	1600	222	0.012978	0.059338	0.1002	409	409	409	1	0	1	0	0;
./matpower/data/case6515rte.m:8765:	2447	361	0.019498	0.06712	0.0206	0	0	0	1	0	1	0	0;
./matpower/data/case6515rte.m:9141:	668	535	0.009259	0.029333	0.0015	0	0	0	1	0	1	0	0;
./matpower/data/case6515rte.m:9640:	5609	816	0.008818	0.029982	0.0003	0	0	0	1	0	1	0	0;
./matpower/data/case6515rte.m:9888:	2150	959	0.000998	0.014177	0.465	2487	2487	2487	1	0	1	0	0;
./matpower/data/case6515rte.m:10090:	4886	1047	0.002121	0.009661	0.0162	355	355	355	1	0	1	0	0;
./matpower/data/case6515rte.m:10316:	4663	1167	0.004365	0.029491	0.0537	575	575	575	1	0	1	0	0;
./matpower/data/case6515rte.m:10440:	4714	1219	0.000949	0.009342	0.2426	1611	1611	1611	1	0	1	0	0;
./matpower/data/case6515rte.m:10875:	3202	1467	0.004464	0.029669	0.0547	540	540	540	1	0	1	0	0;
./matpower/data/case6515rte.m:10928:	1673	1491	0.04966	0.126455	0.0014	0	0	0	1	0	1	0	0;
./matpower/data/case6515rte.m:10974:	2352	1520	0.000966	0.009803	0.2526	1579	1579	1579	1	0	1	0	0;
./matpower/data/case6515rte.m:11075:	3073	1576	0.029982	0.102293	0.001	0	0	0	1	0	1	0	0;
./matpower/data/case6515rte.m:11239:	5060	1664	0.059662	0.164903	0.0018	0	0	0	1	0	1	0	0;
./matpower/data/case6515rte.m:11281:	5608	1689	0.012144	0.049332	0.0012	0	0	0	1	0	1	0	0;
./matpower/data/case6515rte.m:11559:	4013	1867	0.005901	0.019494	0.001	0	0	0	1	0	1	0	0;
./matpower/data/case6515rte.m:11759:	3410	2014	0.089494	0.244142	0.0028	0	0	0	1	0	1	0	0;
./matpower/data/case6515rte.m:12234:	5102	2345	0.011842	0.029982	0	0	0	0	1	0	1	0	0;
./matpower/data/case6515rte.m:12577:	5671	2580	0.006696	0.029985	0.0527	288	288	288	1	0	1	0	0;
./matpower/data/case6515rte.m:12689:	4896	2655	0.008	0.03998	0.0709	362	362	362	1	0	1	0	0;
./matpower/data/case6515rte.m:13576:	5486	3403	0.007307	0.029982	0.0004	0	0	0	1	0	1	0	0;
./matpower/data/case6515rte.m:13581:	4061	3411	0.029982	0.082892	0.001	0	0	0	1	0	1	0	0;
./matpower/data/case6515rte.m:13641:	3482	3473	0.001966	0.003599	0.0024	0	0	0	1	0	1	0	0;
./matpower/data/case6515rte.m:13666:	5485	3494	0.029982	0.085664	0	0	0	0	1	0	1	0	0;
./matpower/data/case6515rte.m:13932:	5670	3733	0.019331	0.035384	0.0003	0	0	0	1	0	1	0	0;
./matpower/data/case6515rte.m:14352:	5006	4287	0.029982	0.075838	0	0	0	0	1	0	1	0	0;
./matpower/data/case6515rte.m:14459:	4925	4442	0.03933	0.101789	0.0025	0	0	0	1	0	1	0	0;
./matpower/data/case6515rte.m:14508:	4144	4528	0.006933	0.033403	0.0607	333	333	333	1	0	1	0	0;
./matpower/data/case6515rte.m:14663:	5730	4842	0.029982	0.076594	0.0009	0	0	0	1	0	1	0	0;
./matpower/data/case6515rte.m:14897:	6232	5980	0.004998	0.030578	0.0553	0	0	0	1	0	1	0	0;
./matpower/data/case6515rte.m:14969:	6016	6012	0.000949	0.010021	0.2458	649	649	649	1	0	1	0	0;
./matpower/data/case6515rte.m:15413:	512	513	0.003527	0.103804	0	0	0	0	0.933707	0	1	0	0;
./matpower/data/case6515rte.m:15498:	928	929	0.001814	0.099308	0	1629	1629	1629	0.966188	0	1	0	0;
./matpower/data/case6515rte.m:15527:	981	982	0.001837	0.140247	0	724	724	724	0.998004	0	1	0	0;
./matpower/data/case6515rte.m:15579:	1166	1167	0.001659	0.099496	0	508	508	508	0.98619	0	1	0	0;
./matpower/data/case6515rte.m:15644:	1386	1387	0.001956	0.117531	0	721	721	721	0.998004	0	1	0	0;
./matpower/data/case6515rte.m:15652:	1441	1442	0.001679	0.122667	0	740	740	740	0.998004	0	1	0	0;
./matpower/data/case6515rte.m:15653:	1441	1442	0.001995	0.118716	0	740	740	740	0.998004	0	1	0	0;
./matpower/data/case6515rte.m:15681:	1533	1535	0.00316	0.11516	0	292	292	292	0.966187	0	1	0	0;
./matpower/data/case6515rte.m:15759:	1811	1812	0.003477	0.145185	0	557	557	557	0.96618	0	1	0	0;
./matpower/data/case6515rte.m:16176:	3344	3345	0.02066	0.410935	0	0	0	0	0.933703	0	1	0	0;
./matpower/data/case6515rte.m:16437:	4275	5895	0.008933	0.147111	0	0	0	0	1	0	1	0	0;
./matpower/data/case6515rte.m:16438:	4276	5895	0.0036	0.008933	0	0	0	0	1	0	1	0	0;
./matpower/data/case6515rte.m:16607:	4905	4907	0.003062	0.12484	0	435	435	435	0.966188	0	1	0	0;
./matpower/data/case6515rte.m:16609:	4906	4908	0.000803	0.039335	0	600	600	600	0.996016	0	1	0	0;
./matpower/data/case6515rte.m:16691:	6062	6063	0.000719	0.04375	0	0	0	0	0.998004	0	1	0	0;
./matpower/data/case6515rte.m:16700:	6093	6095	0.000136	0.015151	0	0	0	0	0.949669	0	1	0	0;
./matpower/data/case6515rte.m:16713:	6179	6180	0.000554	0.031524	0	0	0	0	0.966184	0	1	0	0;
./matpower/data/case57.m:58:	32	1	1.6	0.8	0	0	1	0.949	-18.46	0	1	1.06	0.94;
./matpower/data/case57.m:61:	35	1	6	3	0	0	1	0.966	-13.86	0	1	1.06	0.94;
./matpower/data/case57.m:68:	42	1	7.1	4.4	0	0	1	0.966	-15.5	0	1	1.06	0.94;
./matpower/data/case_ACTIVSg500.m:136:	88	1	5.25	1.4	0	0	1	1.0009336	0.755621	138	1	1.1	0.9	3.9200	-0.6400	0.0000	0.0000;
./matpower/data/case_ACTIVSg500.m:301:	253	1	0	0	0	0	1	0.9906966	-14.794733	138	1	1.1	0.9	24.1700	-0.0100	0.0000	0.0000;
./matpower/data/case_ACTIVSg500.m:302:	254	2	0	0	0	0	1	0.9906966	-14.794733	13.8	1	1.1	0.9	24.1700	-0.0100	0.0000	0.0000;
./matpower/data/case_ACTIVSg500.m:303:	255	2	0	0	0	0	1	0.9906966	-14.794733	13.8	1	1.1	0.9	24.1700	-0.0100	0.0000	0.0000;
./matpower/data/case_ACTIVSg500.m:304:	256	2	0	0	0	0	1	0.9906966	-14.794733	13.8	1	1.1	0.9	24.1700	-0.0100	0.0000	0.0000;
./matpower/data/case_ACTIVSg500.m:305:	257	2	0	0	0	0	1	0.9906966	-14.794733	13.8	1	1.1	0.9	24.1700	-0.0100	0.0000	0.0000;
./matpower/data/case_ACTIVSg500.m:362:	314	1	0	0	0	0	1	1.00966	-13.041157	138	1	1.1	0.9	25.0800	-0.2600	0.0000	0.0000;
./matpower/data/case_ACTIVSg500.m:376:	328	1	0	0	0	0	1	0.998439	-12.855872	138	1	1.1	0.9	24.1800	0.0000	0.0000	0.0000;
./matpower/data/case_ACTIVSg500.m:377:	329	1	26.02	6.94	0	0	1	0.9980834	-12.899052	138	1	1.1	0.9	24.1800	0.0000	0.0000	0.0000;
./matpower/data/case_ACTIVSg500.m:519:	471	1	0	0	0	0	1	1.0293341	-7.522043	345	1	1.1	0.9	23.9200	0.0100	0.0000	0.0000;
./matpower/data/case_ACTIVSg500.m:767:	69	68	0.000669	0.003998	0	27.64	0	0	0	0	1	0	0	-16.9600	-4.5200	16.9600	4.5400	0.0000	0.0000	0.0000	0.0000;
./matpower/data/case_ACTIVSg500.m:820:	236	106	0.003115	0.029915	0.00966	320.29	0	0	0	0	1	0	0	57.6300	1.0700	-57.5300	-1.1300	0.0000	0.0000	0.0000	0.0000;
./matpower/data/case_ACTIVSg500.m:855:	304	129	0.003063	0.029412	0.00949	320.29	0	0	0	0	1	0	0	16.6700	1.2200	-16.6600	-2.0600	0.0000	0.0000	0.0000	0.0000;
./matpower/data/case_ACTIVSg500.m:868:	137	426	0.002998	0.028792	0.00929	320.29	0	0	0	0	1	0	0	-64.4700	-12.8800	64.5900	13.1600	0.0000	0.0000	0.0000	0.0000;
./matpower/data/case_ACTIVSg500.m:954:	371	195	0.000451	0.005966	0.12573	1493.89	0	0	0	0	1	0	0	-223.6900	-4.1800	223.9100	-6.3000	0.0000	0.0000	0.0000	0.0000;
./matpower/data/case_ACTIVSg500.m:1176:	400	399	0.000694	0.003966	0	31.68	0	0	0	0	1	0	0	-23.0200	-6.1400	23.0300	6.1600	0.0000	0.0000	0.0000	0.0000;
./matpower/data/case6470rte.m:49:	4	1	44.7	-0.9	0	0	1	1.04420421	-12.9960661	90	1	1.08889	0.933333;
./matpower/data/case6470rte.m:75:	30	1	33.5	-0.9	0	0	1	1.03465163	-13.1714919	90	1	1.08889	0.933333;
./matpower/data/case6470rte.m:78:	33	1	0	0	0	0	1	1.05453305	-7.49488734	225	1	1.08889	0.933333;
./matpower/data/case6470rte.m:79:	34	1	0	0	0	0	1	1.05382682	-6.60576514	225	1	1.08889	0.933333;
./matpower/data/case6470rte.m:96:	51	1	0	0	0	0	1	1.05402062	-11.3483204	225	1	1.08889	0.933333;
./matpower/data/case6470rte.m:155:	110	1	0	0	0	0	1	1.02483778	-10.3393883	225	1	1.08889	0.933333;
./matpower/data/case6470rte.m:171:	126	1	0.3	-0.1	0	0	1	1.02949319	-19.3051119	63	1	1.06349	0.936508;
./matpower/data/case6470rte.m:183:	138	1	0	0	0	0	1	1.03902059	-14.7661854	150	1	1.08	0.966667;
./matpower/data/case6470rte.m:199:	154	1	0	0	0	0	1	1.06485541	-9.84131996	225	1	1.08889	0.933333;
./matpower/data/case6470rte.m:218:	173	1	27.7	8.5	0	0	1	1.06990619	-6.73343649	90	1	1.08889	0.933333;
./matpower/data/case6470rte.m:269:	224	1	0	0	0	0	1	1.0837059	-16.6249126	225	1	1.08902	0.933333;
./matpower/data/case6470rte.m:273:	228	1	38.6	44	0	0	1	1.03933453	-19.6265917	225	1	1.08444	1.00889;
./matpower/data/case6470rte.m:279:	234	1	6.4	1	0	0	1	1.03777101	-8.89348747	90	1	1.08889	0.933333;
./matpower/data/case6470rte.m:280:	235	1	0	0	0	0	1	1.05029335	-7.37307889	20	1	1.15	0.8;
./matpower/data/case6470rte.m:281:	236	1	23.9	8.5	0	0	1	1.05029335	-7.37307889	90	1	1.08889	0.933333;
./matpower/data/case6470rte.m:293:	248	2	12.3	4.9	0	0	1	0.99867764	-6.62716414	63	1	1.06349	0.936508;
./matpower/data/case6470rte.m:294:	249	1	0	0	0	0	1	1.05286244	-5.19345951	225	1	1.08889	0.933333;
./matpower/data/case6470rte.m:308:	263	2	0	0	0	0	1	0.998	-30.131873	63	1	1.07937	0.920635;
./matpower/data/case6470rte.m:329:	284	2	0	0	0	0	1	0.998678131	-6.62717569	63	1	1.06349	0.936508;
./matpower/data/case6470rte.m:365:	320	1	13.5	4.9	0	0	1	0.998751652	-20.579866	63	1	1.04762	0.952381;
./matpower/data/case6470rte.m:380:	335	2	0	0	0	0	1	1.037	-25.7229754	150	1	1.08	0.966667;
./matpower/data/case6470rte.m:385:	340	2	0	0	0	0	1	1.03933002	-25.271613	63	1	1.07937	0.920635;
./matpower/data/case6470rte.m:410:	365	1	9.3	4.2	0	0	1	1.07062813	-6.79086172	90	1	1.08889	0.933333;
./matpower/data/case6470rte.m:413:	368	1	0	0	0	0	1	1.0530118	-6.55989592	225	1	1.08889	0.933333;
./matpower/data/case6470rte.m:426:	381	1	0	0	0	0	1	1.05273729	-12.7823931	225	1	1.08889	0.933333;
./matpower/data/case6470rte.m:431:	386	1	17.7	1.8	0	0	1	0.99868086	-27.5097871	63	1	1.07937	0.920635;
./matpower/data/case6470rte.m:451:	406	1	31.1	7.4	0	0	1	1.01966782	-16.918623	63	1	1.06349	0.936508;
./matpower/data/case6470rte.m:514:	469	1	28.4	0.7	0	0	1	1.01949495	-22.8896587	63	1	1.04762	0.952381;
./matpower/data/case6470rte.m:515:	470	1	2.2	-2.9	0	0	1	1.05312205	-12.7991195	225	1	1.08889	0.933333;
./matpower/data/case6470rte.m:527:	482	1	0	0	0	0	1	1.03351893	-10.2792563	225	1	1.08889	0.933333;
./matpower/data/case6470rte.m:536:	491	1	-36	9.4	0	0	1	1.07044917	-7.72729071	90	1	1.08889	0.933333;
./matpower/data/case6470rte.m:551:	506	1	0	0	0	0	1	1.06998253	-8.34993986	225	1	1.08889	0.968889;
./matpower/data/case6470rte.m:563:	518	1	31.6	1.5	0	0	1	0.998890202	-13.9021049	63	1	1.09524	0.936508;
./matpower/data/case6470rte.m:567:	522	1	0	0	0	0	1	1.05764116	-8.83686595	225	1	1.08889	0.933333;
./matpower/data/case6470rte.m:585:	540	1	43.2	3.9	0	0	1	1.05885608	-9.45713998	225	1	1.08889	0.933333;
./matpower/data/case6470rte.m:586:	541	1	47.2	7.9	0	0	1	1.05880624	-9.4627496	225	1	1.08889	0.933333;
./matpower/data/case6470rte.m:620:	575	1	7	-0.9	0	0	1	1.05140782	-7.88349383	90	1	1.08889	0.933333;
./matpower/data/case6470rte.m:655:	610	1	0	0	0	0	1	1.02250079	-10.2156356	225	1	1.08889	0.933333;
./matpower/data/case6470rte.m:662:	617	1	14.6	-4.4	0	0	1	0.998829351	-23.6976243	63	1	1.04762	0.952381;
./matpower/data/case6470rte.m:668:	623	2	0	0	0	0	1	1.049	-6.2362434	225	1	1.08889	0.933333;
./matpower/data/case6470rte.m:672:	627	1	0	0	0	0	1	1.03828297	-14.6279387	150	1	1.08	0.966667;
./matpower/data/case6470rte.m:744:	699	1	0	0	0	0	1	1.03079614	-4.85424614	225	1	1.08889	0.933333;
./matpower/data/case6470rte.m:745:	700	1	0	0	0	0	1	1.03031104	-5.28350253	225	1	1.08889	0.933333;
./matpower/data/case6470rte.m:795:	750	2	0	0	0	0	1	0.998678755	-6.62719907	63	1	1.06349	0.936508;
./matpower/data/case6470rte.m:832:	787	1	-6.3	0	0	0	1	1.01009336	-10.4997805	63	1	1.06349	0.936508;
./matpower/data/case6470rte.m:834:	789	1	0	0	0	0	1	1.03116462	-6.36839581	225	1	1.08889	0.933333;
./matpower/data/case6470rte.m:848:	803	1	0	0	0	0	1	1.03046402	-5.63728415	225	1	1.08889	0.933333;
./matpower/data/case6470rte.m:849:	804	1	0	0	0	0	1	1.0307237	-5.92515975	225	1	1.08889	0.933333;
./matpower/data/case6470rte.m:892:	847	1	11	-2.4	0	0	1	1.01959298	-31.2099338	63	1	1.06349	0.968254;
./matpower/data/case6470rte.m:915:	870	1	22.9	8.9	0	0	1	0.998646675	-24.287667	63	1	1.06349	0.968254;
./matpower/data/case6470rte.m:928:	883	1	47.5	9.7	0	0	1	1.05332387	-10.9097602	90	1	1.08889	0.933333;
./matpower/data/case6470rte.m:935:	890	1	0	0	0	0	1	1.0567959	-22.8899107	150	1	1.08	0.966667;
./matpower/data/case6470rte.m:967:	922	1	0.9	-5.8	0	0	1	1.0314536	-6.37301932	225	1	1.08889	0.933333;
./matpower/data/case6470rte.m:993:	948	2	0.4	2.2	0	0	1	1.04004998	-24.260105	90	1	1.07778	0.922222;
./matpower/data/case6470rte.m:999:	954	1	8.7	0.4	0	0	1	1.04041943	-6.65634303	225	1	1.08889	0.933333;
./matpower/data/case6470rte.m:1040:	995	1	17.9	-3.6	0	0	1	1.01933515	-13.4680841	63	1	1.07937	0.952381;
./matpower/data/case6470rte.m:1046:	1001	1	0	0	0	0	1	1.05669073	-6.39035747	225	1	1.08889	0.933333;
./matpower/data/case6470rte.m:1055:	1010	1	0	0	0	0	1	1.0341792	-25.9087073	150	1	1.08	0.966667;
./matpower/data/case6470rte.m:1061:	1016	1	0	0	0	0	1	1.05493746	-9.22594605	225	1	1.08889	0.933333;
./matpower/data/case6470rte.m:1130:	1085	1	1.5	-3.6	0	0	1	1.04794206	-12.1069859	225	1	1.08889	0.933333;
./matpower/data/case6470rte.m:1188:	1143	1	19.5	0.9	0	0	1	1.03409961	-16.3812963	225	1	1.08889	0.933333;
./matpower/data/case6470rte.m:1195:	1150	1	35.3	6.2	0	0	1	1.04557675	-10.5523188	225	1	1.08889	0.933333;
./matpower/data/case6470rte.m:1202:	1157	1	0	0	0	0	1	1.05013226	-7.27864511	225	1	1.08889	0.933333;
./matpower/data/case6470rte.m:1225:	1180	1	0	0	0	0	1	1.05408237	-9.77331034	225	1	1.08889	0.933333;
./matpower/data/case6470rte.m:1240:	1195	1	0	0	0	0	1	1.06568864	-10.0877964	225	1	1.08889	0.933333;
./matpower/data/case6470rte.m:1241:	1196	1	0	0	0	0	1	1.06383479	-9.70672674	225	1	1.08889	0.933333;
./matpower/data/case6470rte.m:1271:	1226	1	24.1	15.9	0	0	1	1.03201909	-7.28770362	225	1	1.08889	0.933333;
./matpower/data/case6470rte.m:1284:	1239	1	0	0	0	0	1	1.04896567	-10.2893721	225	1	1.08889	0.933333;
./matpower/data/case6470rte.m:1285:	1240	1	0	0	0	0	1	1.05260751	-9.60864229	225	1	1.08889	0.933333;
./matpower/data/case6470rte.m:1286:	1241	1	0	0	0	0	1	1.05272846	-9.55759257	225	1	1.08889	0.933333;
./matpower/data/case6470rte.m:1303:	1258	1	0	0	0	0	1	1.06139489	-4.84300055	225	1	1.08889	0.933333;
./matpower/data/case6470rte.m:1329:	1284	1	24	4.2	0	0	1	1.05808399	-10.1637986	90	1	1.08889	0.933333;
./matpower/data/case6470rte.m:1331:	1286	1	48.6	22.6	0	0	1	1.04432708	-10.2288534	225	1	1.08889	0.933333;
./matpower/data/case6470rte.m:1348:	1303	1	0	0	0	0	1	1.01954852	-16.5049661	63	1	1.07937	0.952381;
./matpower/data/case6470rte.m:1350:	1305	1	15.7	1.6	0	0	1	1.065183	-9.86381349	225	1	1.08889	0.933333;
./matpower/data/case6470rte.m:1356:	1311	1	0	0	0	0	1	1.05682841	-22.8743067	150	1	1.08	0.966667;
./matpower/data/case6470rte.m:1357:	1312	1	0	0	0	0	1	1.00285578	-22.0299887	63	1	1.07937	0.920635;
./matpower/data/case6470rte.m:1379:	1334	1	0	0	0	0	1	0.966483783	-9.94796818	45	1	1	0.888889;
./matpower/data/case6470rte.m:1390:	1345	1	19.2	8.9	0	0	1	1.05893106	-9.43906195	225	1	1.08889	0.933333;
./matpower/data/case6470rte.m:1394:	1349	1	0	0	0	0	1	1.05687127	-22.8750542	150	1	1.08	0.966667;
./matpower/data/case6470rte.m:1451:	1406	1	0	0	0	0	1	1.05697082	-9.15989856	225	1	1.08889	0.933333;
./matpower/data/case6470rte.m:1463:	1418	1	0	0	0	0	1	0.998753561	-32.1557153	90	1	1.06667	0.977778;
./matpower/data/case6470rte.m:1464:	1419	1	2.8	0	0	0	1	1.00949853	-22.9697511	90	1	1.06667	0.977778;
./matpower/data/case6470rte.m:1466:	1421	1	21.9	2.2	0	0	1	0.998555453	-11.8844975	63	1	1.07937	0.952381;
./matpower/data/case6470rte.m:1494:	1449	1	59	15.6	0	0	1	1.05542365	-6.88174265	225	1	1.08889	0.933333;
./matpower/data/case6470rte.m:1500:	1455	1	0	0	0	0	1	1.06949858	-9.5096516	225	1	1.08889	0.986667;
./matpower/data/case6470rte.m:1528:	1483	1	0	0	0	0	1	0.99900946	-7.07321799	45	1	1.06667	0.933333;
./matpower/data/case6470rte.m:1531:	1486	1	41.6	3	0	0	1	1.05486944	-8.07108732	225	1	1.08889	0.933333;
./matpower/data/case6470rte.m:1545:	1500	1	31.7	3.8	0	0	1	1.05150223	-9.23658868	90	1	1.08889	0.933333;
./matpower/data/case6470rte.m:1630:	1585	1	0	0	0	0	1	1.05029066	-7.71674825	225	1	1.08889	0.933333;
./matpower/data/case6470rte.m:1633:	1588	1	0	0	0	0	1	1.06949332	-6.94533533	90	1	1.11111	0.922222;
./matpower/data/case6470rte.m:1639:	1594	1	21.7	1.8	0	0	1	0.998409127	-24.3900602	63	1	1.04762	0.952381;
./matpower/data/case6470rte.m:1656:	1611	1	22.6	-4.3	0	0	1	1.02400998	-6.82001895	63	1	1.07937	0.952381;
./matpower/data/case6470rte.m:1660:	1615	1	0	0	0	0	1	1.05006017	-24.3049647	150	1	1.08	0.966667;
./matpower/data/case6470rte.m:1663:	1618	1	0	0	0	0	1	1.0327992	-16.8639736	225	1	1.08889	0.933333;
./matpower/data/case6470rte.m:1720:	1675	1	12.7	-7	0	0	1	1.03950544	-8.02534409	90	1	1.08889	0.933333;
./matpower/data/case6470rte.m:1728:	1683	1	0	0	0	0	1	1.05039165	-9.82207009	225	1	1.08889	0.933333;
./matpower/data/case6470rte.m:1772:	1727	1	24.7	-0.8	0	0	1	0.998077206	-14.2234005	63	1	1.06349	0.936508;
./matpower/data/case6470rte.m:1777:	1732	1	15	3.2	0	0	1	1.05983692	-7.44164133	90	1	1.08889	0.933333;
./matpower/data/case6470rte.m:1781:	1736	1	0	0	0	0	1	1.06477637	-20.9497407	225	1	1.08889	1;
./matpower/data/case6470rte.m:1807:	1762	1	4.2	2.5	0	0	1	1.03822541	-10.4136858	225	1	1.08889	0.933333;
./matpower/data/case6470rte.m:1831:	1786	1	0	0	0	0	1	1.04456328	-12.9310527	225	1	1.08889	0.933333;
./matpower/data/case6470rte.m:1849:	1804	1	0	0	0	0	1	1.04961782	-13.5698991	225	1	1.08889	0.933333;
./matpower/data/case6470rte.m:1870:	1825	1	37.5	0.2	0	0	1	1.05149337	-7.8714178	90	1	1.08889	0.933333;
./matpower/data/case6470rte.m:1881:	1836	1	12.8	-3.6	0	0	1	1.04702709	-13.3009684	90	1	1.08889	0.933333;
./matpower/data/case6470rte.m:1883:	1838	1	0	0	0	0	1	1.04477833	-10.2036528	225	1	1.08889	0.933333;
./matpower/data/case6470rte.m:1913:	1868	1	2.9	-2.8	0	0	1	1.03873026	-8.31690204	90	1	1.08889	0.933333;
./matpower/data/case6470rte.m:1927:	1882	1	0	0	0	0	1	1.05000998	-14.7338501	90	1	1.07778	0.977778;
./matpower/data/case6470rte.m:1949:	1904	1	0	0	0	0	1	1.03596592	-7.56821759	225	1	1.08889	0.933333;
./matpower/data/case6470rte.m:2005:	1960	1	0	0	0	0	1	1.06458063	-9.39744967	225	1	1.08889	0.933333;
./matpower/data/case6470rte.m:2006:	1961	1	0	0	0	0	1	1.06598908	-9.7144567	225	1	1.08889	0.933333;
./matpower/data/case6470rte.m:2010:	1965	1	13	0.1	0	0	1	1.01949118	-12.5884113	63	1	1.06349	0.936508;
./matpower/data/case6470rte.m:2028:	1983	1	0	0	0	0	1	1.03221497	-6.06163004	225	1	1.08889	0.933333;
./matpower/data/case6470rte.m:2049:	2004	1	0	0	0	0	1	1.04862	-8.17899463	225	1	1.08889	0.933333;
./matpower/data/case6470rte.m:2052:	2007	2	0	0	0	0	1	1.026	-20.5069496	63	1	1.07937	0.952381;
./matpower/data/case6470rte.m:2058:	2013	1	12.2	-2.8	0	0	1	0.998847071	-7.62656258	63	1	1.07937	0.952381;
./matpower/data/case6470rte.m:2116:	2071	1	15.3	5.2	0	0	1	1.04953542	-7.94239847	225	1	1.08889	0.933333;
./matpower/data/case6470rte.m:2174:	2129	1	0	0	0	0	1	1.04858596	-8.19212444	225	1	1.08889	0.933333;
./matpower/data/case6470rte.m:2175:	2130	1	0	0	0	0	1	1.04858784	-8.18985084	225	1	1.08889	0.933333;
./matpower/data/case6470rte.m:2176:	2131	1	0	0	0	0	1	1.04855671	-8.19167008	225	1	1.08889	0.933333;
./matpower/data/case6470rte.m:2183:	2138	1	0	0	0	0	1	1.05054436	-7.11922574	225	1	1.08889	0.933333;
./matpower/data/case6470rte.m:2193:	2148	1	0	0	0	0	1	1.0479338	-9.10430474	225	1	1.08889	0.933333;
./matpower/data/case6470rte.m:2221:	2176	1	55.1	20.6	0	0	1	1.05949669	-19.4930771	90	1	1.07778	0.977778;
./matpower/data/case6470rte.m:2240:	2195	1	6.2	-1.6	0	0	1	0.977070916	-4.77841255	45	1	1.06667	0.933333;
./matpower/data/case6470rte.m:2255:	2210	1	8	-1.2	0	0	1	1.00966481	-11.6060067	63	1	1.06349	0.952381;
./matpower/data/case6470rte.m:2266:	2221	1	-2	0	0	0	1	1.04303501	-6.8860664	225	1	1.08889	0.933333;
./matpower/data/case6470rte.m:2274:	2229	1	21.4	-1.3	0	0	1	1.06009949	-9.82892511	63	1	1.07937	0.920635;
./matpower/data/case6470rte.m:2323:	2278	1	4.9	-0.9	0	0	1	1.0299853	-23.3147492	90	1	1.06667	0.977778;
./matpower/data/case6470rte.m:2337:	2292	1	0	0	0	0	1	1.0372047	-15.8940591	225	1	1.08889	0.933333;
./matpower/data/case6470rte.m:2343:	2298	1	0	0	0	0	1	1.04886578	-11.8106755	225	1	1.08889	0.933333;
./matpower/data/case6470rte.m:2357:	2312	1	53.7	8.9	0	0	1	1.03841307	-10.3973698	225	1	1.08889	0.933333;
./matpower/data/case6470rte.m:2390:	2345	1	0	0	0	0	1	1.04822828	-10.6244219	225	1	1.08889	0.933333;
./matpower/data/case6470rte.m:2502:	2457	1	0	0	0	0	1	1.07089496	-23.7662869	225	1	1.08889	1;
./matpower/data/case6470rte.m:2518:	2473	1	24.4	-1.2	0	0	1	0.998082238	-28.8750751	63	1	1.07937	0.920635;
./matpower/data/case6470rte.m:2543:	2498	1	25.4	-2.7	0	0	1	1.03998862	-19.857826	90	1	1.07778	0.977778;
./matpower/data/case6470rte.m:2587:	2542	1	0	0	0	0	1	1.0387967	-14.7629789	225	1	1.08889	0.933333;
./matpower/data/case6470rte.m:2596:	2551	1	0	0	0	0	1	1.02243808	-26.4267763	150	1	1.08	0.966667;
./matpower/data/case6470rte.m:2603:	2558	1	24.2	1.8	0	0	1	0.998607292	-48.4972264	63	1	1.06349	0.952381;
./matpower/data/case6470rte.m:2627:	2582	1	0	0	0	0	1	1.04305103	-6.89341906	225	1	1.08889	0.933333;
./matpower/data/case6470rte.m:2671:	2626	1	33.8	2.5	0	0	1	1.06038846	-7.62601083	90	1	1.08889	0.933333;
./matpower/data/case6470rte.m:2726:	2681	1	8.9	8.9	0	0	1	1.04758867	-8.22046987	225	1	1.08889	0.933333;
./matpower/data/case6470rte.m:2731:	2686	1	0	0	0	0	1	1.03009499	-17.9880671	63	1	1.07937	0.952381;
./matpower/data/case6470rte.m:2751:	2706	1	0	0	0	0	1	1.05361465	-6.56527843	225	1	1.08889	0.933333;
./matpower/data/case6470rte.m:2754:	2709	1	0	0	0	0	1	1.04195733	-14.108636	225	1	1.08889	0.933333;
./matpower/data/case6470rte.m:2759:	2714	1	30.2	4.5	0	0	1	1.05429277	-10.7203227	90	1	1.08889	0.933333;
./matpower/data/case6470rte.m:2800:	2755	1	0	0	0	0	1	1.06150518	-15.4986589	225	1	1.08889	0.933333;
./matpower/data/case6470rte.m:2821:	2776	1	0	0	0	0	1	1.02231396	-10.2345125	225	1	1.08889	0.933333;
./matpower/data/case6470rte.m:2847:	2802	1	42.8	1	0	0	1	0.998235565	-26.1114123	63	1	1.07937	0.920635;
./matpower/data/case6470rte.m:2849:	2804	1	0	0	0	0	1	0.977115438	-4.75814255	45	1	1.06667	0.933333;
./matpower/data/case6470rte.m:2850:	2805	1	3.3	0.2	0	0	1	0.97525353	-4.65744276	45	1	1.06667	0.933333;
./matpower/data/case6470rte.m:2873:	2828	1	27.8	5.2	0	0	1	1.03718766	-15.8952361	225	1	1.08889	0.933333;
./matpower/data/case6470rte.m:2901:	2856	1	21.2	-9.9	0	0	1	1.04691656	-9.69072006	225	1	1.08889	0.933333;
./matpower/data/case6470rte.m:2926:	2881	1	2.6	7.1	0	0	1	1.0527922	-9.68595403	225	1	1.08889	0.933333;
./matpower/data/case6470rte.m:2937:	2892	1	64.5	6	0	0	1	1.05735235	-8.43274237	225	1	1.08889	0.933333;
./matpower/data/case6470rte.m:2940:	2895	1	1	-0.1	0	0	1	1.04673131	-20.9985278	90	1	1.06667	0.977778;
./matpower/data/case6470rte.m:2952:	2907	1	33.9	-3.6	0	0	1	0.998321709	-29.1465298	63	1	1.07937	0.920635;
./matpower/data/case6470rte.m:2960:	2915	1	0	0	0	0	1	1.05378115	-7.81917135	225	1	1.08889	0.933333;
./matpower/data/case6470rte.m:2961:	2916	1	0	0	0	0	1	1.04992479	-7.8889839	225	1	1.08889	0.933333;
./matpower/data/case6470rte.m:2962:	2917	1	0	0	0	0	1	1.05820903	-7.63906728	225	1	1.08889	0.933333;
./matpower/data/case6470rte.m:2973:	2928	1	15.2	-0.8	0	0	1	1.04966761	-23.3740704	63	1	1.07937	0.920635;
./matpower/data/case6470rte.m:2983:	2938	1	0	0	0	0	1	1.04400187	-10.446758	225	1	1.08889	0.933333;
./matpower/data/case6470rte.m:2984:	2939	1	12	3.2	0	0	1	1.03966635	-10.5842534	63	1	1.06349	0.936508;
./matpower/data/case6470rte.m:3044:	2999	1	0	0	0	0	1	1.05390363	-7.81985107	225	1	1.08889	0.933333;
./matpower/data/case6470rte.m:3045:	3000	1	56.9	16.6	0	0	1	1.04705372	-8.57857839	225	1	1.08889	0.933333;
./matpower/data/case6470rte.m:3120:	3075	1	0	0	0	0	1	1.05507223	-15.3825931	225	1	1.08889	0.933333;
./matpower/data/case6470rte.m:3134:	3089	1	0	0	0	0	1	1.04725315	-9.17500969	225	1	1.08889	0.933333;
./matpower/data/case6470rte.m:3146:	3101	1	0	0	0	0	1	1.05325063	-14.9048218	225	1	1.08889	0.933333;
./matpower/data/case6470rte.m:3196:	3151	1	16.2	1.8	0	0	1	0.998445768	-11.9924191	63	1	1.07937	0.952381;
./matpower/data/case6470rte.m:3202:	3157	2	0	0	0	0	1	1.059	-9.42994296	90	1	1.08889	0.933333;
./matpower/data/case6470rte.m:3307:	3262	1	63.9	9.9	0	0	1	1.04051961	-11.5315476	90	1	1.08889	0.933333;
./matpower/data/case6470rte.m:3308:	3263	1	0	0	0	0	1	1.05298851	-5.112662	225	1	1.08889	0.933333;
./matpower/data/case6470rte.m:3333:	3288	1	55.2	5.6	0	0	1	1.04708185	-8.58576188	225	1	1.08889	0.933333;
./matpower/data/case6470rte.m:3381:	3336	1	0	0	0	0	1	1.04545258	-10.5958487	225	1	1.08889	0.933333;
./matpower/data/case6470rte.m:3391:	3346	1	0	0	0	0	1	1.05107424	-9.12019436	225	1	1.08889	0.933333;
./matpower/data/case6470rte.m:3427:	3382	1	36.3	2.4	0	0	1	1.05463366	-12.2644576	90	1	1.08889	0.933333;
./matpower/data/case6470rte.m:3433:	3388	1	7.8	-0.8	0	0	1	1.00966812	-11.9130844	63	1	1.07937	0.952381;
./matpower/data/case6470rte.m:3434:	3389	1	38	-1.3	0	0	1	1.04699469	-8.60761335	225	1	1.08889	0.933333;
./matpower/data/case6470rte.m:3531:	3486	1	34.3	4.6	0	0	1	0.966836007	-45.5286846	63	1	1.06349	0.947417;
./matpower/data/case6470rte.m:3555:	3510	1	0	0	0	0	1	1.05018794	-13.5917036	225	1	1.08889	0.933333;
./matpower/data/case6470rte.m:3566:	3521	1	1.5	0	0	0	1	1.06329327	-8.8853601	90	1	1.08889	0.933333;
./matpower/data/case6470rte.m:3569:	3524	1	0	0	0	0	1	1.05721882	-9.71687236	225	1	1.08889	0.933333;
./matpower/data/case6470rte.m:3584:	3539	1	0	0	0	0	1	1.06344791	-8.69706778	90	1	1.08889	0.933333;
./matpower/data/case6470rte.m:3586:	3541	1	0	0	0	0	1	1.05387181	-9.73510633	225	1	1.08889	0.933333;
./matpower/data/case6470rte.m:3611:	3566	1	81.2	38.2	0	0	1	1.0693375	-18.9308164	225	1	1.08889	1.00444;
./matpower/data/case6470rte.m:3625:	3580	1	0	0	0	0	1	1.05297314	-5.11419093	225	1	1.08889	0.933333;
./matpower/data/case6470rte.m:3654:	3609	1	0	0	0	0	1	1.05405188	-10.0829949	225	1	1.08889	0.933333;
./matpower/data/case6470rte.m:3656:	3611	1	0	0	0	0	1	1.04202772	-8.04852553	225	1	1.08889	0.933333;
./matpower/data/case6470rte.m:3740:	3695	1	27.8	5.7	0	0	1	1.04436064	-8.27959831	90	1	1.08889	0.933333;
./matpower/data/case6470rte.m:3766:	3721	1	49.6	5.7	0	0	1	0.998173044	-26.8333647	90	1	1.07778	0.977778;
./matpower/data/case6470rte.m:3776:	3731	1	0	0	0	0	1	1.05211525	-7.26298976	225	1	1.08889	0.933333;
./matpower/data/case6470rte.m:3807:	3762	2	0	0	0	0	1	0.998	-12.7920307	63	1	1.07937	0.952381;
./matpower/data/case6470rte.m:3887:	3842	1	0	0	0	0	1	1.04889793	-14.0406167	225	1	1.08889	0.933333;
./matpower/data/case6470rte.m:3902:	3857	1	40.3	3.5	0	0	1	1.03873578	-10.4513878	225	1	1.08889	0.933333;
./matpower/data/case6470rte.m:3956:	3911	1	1.8	8.4	0	0	1	1.05975183	-21.1909556	150	1	1.08	0.966667;
./matpower/data/case6470rte.m:3974:	3929	1	0	0	0	0	1	1.03322801	-25.9781209	150	1	1.08	0.966667;
./matpower/data/case6470rte.m:3988:	3943	1	0	0	0	0	1	1.04412137	-13.8157309	225	1	1.08889	0.933333;
./matpower/data/case6470rte.m:4012:	3967	1	94.3	28.8	0	0	1	1.05138655	-9.72642385	225	1	1.08889	0.933333;
./matpower/data/case6470rte.m:4017:	3972	1	0	0	0	0	1	1.03618431	-7.41148326	225	1	1.08889	0.933333;
./matpower/data/case6470rte.m:4033:	3988	2	14.3	0.9	0	0	1	0.998	-14.8644455	63	1	1.06349	0.968254;
./matpower/data/case6470rte.m:4057:	4012	1	0	0	0	0	1	1.04327223	-13.5352558	225	1	1.08889	0.933333;
./matpower/data/case6470rte.m:4072:	4027	1	-6.2	1.6	0	0	1	1.0396686	-19.2713061	63	1	1.07937	0.920635;
./matpower/data/case6470rte.m:4077:	4032	1	20.8	0.1	0	0	1	1.05355318	-12.1684323	90	1	1.08889	0.933333;
./matpower/data/case6470rte.m:4092:	4047	1	0	0	0	0	1	1.04902682	-5.68659251	225	1	1.08889	0.933333;
./matpower/data/case6470rte.m:4098:	4053	1	0.5	0	0	0	1	1.05408908	-9.77438604	225	1	1.08889	0.933333;
./matpower/data/case6470rte.m:4110:	4065	1	0	0	0	0	1	1.06857105	-16.8056468	225	1	1.08889	0.933333;
./matpower/data/case6470rte.m:4129:	4084	1	0	0	0	0	1	1.04902508	-10.2811555	225	1	1.08889	0.933333;
./matpower/data/case6470rte.m:4139:	4094	1	0	0	0	0	1	1.04126715	-14.08222	225	1	1.08889	0.933333;
./matpower/data/case6470rte.m:4158:	4113	1	0	0	0	0	1	1.06066624	-9.68808149	225	1	1.08889	0.933333;
./matpower/data/case6470rte.m:4166:	4121	1	0	0	0	0	1	1.06231606	-8.83733711	225	1	1.08889	0.933333;
./matpower/data/case6470rte.m:4177:	4132	1	25.1	-0.3	0	0	1	1.03238147	-8.17528451	90	1	1.08889	0.933333;
./matpower/data/case6470rte.m:4184:	4139	1	11.2	-0.1	0	0	1	1.05290209	-9.6544398	225	1	1.08889	0.933333;
./matpower/data/case6470rte.m:4196:	4151	1	29.4	-1.2	0	0	1	1.03984575	-9.90489295	225	1	1.08889	0.933333;
./matpower/data/case6470rte.m:4212:	4167	1	0	0	0	0	1	1.05949456	-5.10953809	225	1	1.08889	0.968889;
./matpower/data/case6470rte.m:4242:	4197	1	82.2	14.2	0	0	1	1.05478395	-6.9520367	225	1	1.08889	0.933333;
./matpower/data/case6470rte.m:4243:	4198	1	55.3	-6	0	0	1	1.05876296	-9.48426765	225	1	1.08889	0.933333;
./matpower/data/case6470rte.m:4267:	4222	1	15	6.9	0	0	1	0.933428093	-8.61622707	45	1	1	0.888889;
./matpower/data/case6470rte.m:4272:	4227	1	0	0	0	0	1	1.04500103	-20.6704949	90	1	1.07778	0.977778;
./matpower/data/case6470rte.m:4294:	4249	1	0	0	0	0	1	0.998411417	-21.8249248	63	1	1.06349	0.968254;
./matpower/data/case6470rte.m:4304:	4259	1	29	11	0	0	1	0.998848042	-17.5172969	63	1	1.06349	0.936508;
./matpower/data/case6470rte.m:4309:	4264	1	0	0	0	0	1	1.05387229	-9.735112	225	1	1.08889	0.933333;
./matpower/data/case6470rte.m:4323:	4278	1	0	0	0	0	1	1.0287387	-26.17068	150	1	1.08	0.966667;
./matpower/data/case6470rte.m:4371:	4326	2	0	0	0	0	1	1.05403982	-10.1262273	225	1	1.08889	0.933333;
./matpower/data/case6470rte.m:4385:	4340	1	1.9	-0.4	0	0	1	0.949997575	-8.16409651	45	1	1	0.888889;
./matpower/data/case6470rte.m:4480:	4435	1	25.6	-0.5	0	0	1	0.998390851	-17.4715808	63	1	1.06349	0.936508;
./matpower/data/case6470rte.m:4486:	4441	1	62	6.7	0	0	1	0.998726503	-35.0770071	63	1	1.06349	0.968254;
./matpower/data/case6470rte.m:4488:	4443	1	0	0	0	0	1	1.06939124	-19.6038719	150	1	1.08306	0.966667;
./matpower/data/case6470rte.m:4509:	4464	1	1.3	-4.4	0	0	1	1.05167343	-9.1900785	225	1	1.08889	0.933333;
./matpower/data/case6470rte.m:4546:	4501	1	17.5	0	0	0	1	1.03951162	-14.2423357	150	1	1.08	0.966667;
./matpower/data/case6470rte.m:4553:	4508	1	1.2	-0.6	0	0	1	0.998216994	-34.0548889	90	1	1.06667	0.977778;
./matpower/data/case6470rte.m:4569:	4524	1	0	0	0	0	1	1.0541742	-13.9453131	150	1	1.08	0.966667;
./matpower/data/case6470rte.m:4629:	4584	1	3	1	0	0	1	0.949893251	-6.69466037	45	1	1	0.888889;
./matpower/data/case6470rte.m:4636:	4591	1	9.5	0.2	0	0	1	0.998950787	-30.9128049	63	1	1.07937	0.920635;
./matpower/data/case6470rte.m:4702:	4657	1	0	0	0	0	1	0.998905375	-28.4031246	63	1	1.07937	0.920635;
./matpower/data/case6470rte.m:4715:	4670	1	31.2	0.1	0	0	1	1.05016833	-9.98317137	90	1	1.08889	0.933333;
./matpower/data/case6470rte.m:4734:	4689	1	0	0	0	0	1	1.03412358	-12.4993832	225	1	1.08889	0.933333;
./matpower/data/case6470rte.m:4783:	4738	1	6.2	2.1	0	0	1	0.998859076	-7.08744585	45	1	1.06667	0.933333;
./matpower/data/case6470rte.m:4790:	4745	1	0	0	0	0	1	1.04953097	-7.72248148	225	1	1.08889	0.933333;
./matpower/data/case6470rte.m:4808:	4763	1	113.6	19.5	0	0	1	1.0553397	-6.90074707	225	1	1.08889	0.933333;
./matpower/data/case6470rte.m:4811:	4766	2	0	0	0	0	1	1.038	-25.6068718	150	1	1.08	0.966667;
./matpower/data/case6470rte.m:4824:	4779	1	0	0	0	0	1	1.03062368	-6.98473848	225	1	1.08889	0.933333;
./matpower/data/case6470rte.m:4827:	4782	1	13.8	-6.9	0	0	1	1.01966559	-18.3489736	63	1	1.04762	0.952381;
./matpower/data/case6470rte.m:4839:	4794	1	-5	0	0	0	1	1.07131419	-8.32351152	225	1	1.08889	0.933333;
./matpower/data/case6470rte.m:4860:	4815	1	40.7	19.6	0	0	1	1.06157828	-8.83546081	90	1	1.08889	0.933333;
./matpower/data/case6470rte.m:4893:	4848	1	79.2	6.5	0	0	1	1.054932	-8.04020649	225	1	1.08889	0.933333;
./matpower/data/case6470rte.m:4898:	4853	1	0	0	0	0	1	1.053464	-6.60923254	225	1	1.08889	0.933333;
./matpower/data/case6470rte.m:4927:	4882	1	17.9	-3.1	0	0	1	1.03780157	-9.65686978	90	1	1.08889	0.933333;
./matpower/data/case6470rte.m:5022:	4977	1	0	0	0	0	1	1.07647621	-10.9494067	380	1	1.10526	1.04211;
./matpower/data/case6470rte.m:5044:	4999	1	0	0	0	0	1	1.03440972	-16.2264041	225	1	1.08889	0.933333;
./matpower/data/case6470rte.m:5046:	5001	1	0	0	0	0	1	1.03602944	-10.4506487	225	1	1.08889	0.933333;
./matpower/data/case6470rte.m:5051:	5006	1	0.8	0	0	0	1	1.05014065	-12.7641305	225	1	1.08889	0.933333;
./matpower/data/case6470rte.m:5091:	5046	1	171.8	62.1	0	0	1	1.04151376	-7.04304195	225	1	1.08889	0.933333;
./matpower/data/case6470rte.m:5134:	5089	1	0	0	0	0	1	1.05069821	-21.3591238	90	1	1.07778	0.966667;
./matpower/data/case6470rte.m:5147:	5102	1	0.2	2.1	0	0	1	0.966296828	-9.9432164	45	1	1	0.888889;
./matpower/data/case6470rte.m:5164:	5119	1	0	0	0	0	1	1.07309551	-17.8703617	150	1	1.1	0.966667;
./matpower/data/case6470rte.m:5201:	5156	1	0	0	0	0	1	1.0508473	-13.2693836	225	1	1.08889	0.933333;
./matpower/data/case6470rte.m:5208:	5163	1	0	0	0	0	1	1.04721065	-20.2750705	90	1	1.07778	0.966667;
./matpower/data/case6470rte.m:5213:	5168	1	0	0	0	0	1	0.998682191	-30.5617333	63	1	1.07937	0.920635;
./matpower/data/case6470rte.m:5225:	5180	1	0	0	0	0	1	0.998755122	-23.6758555	63	1	1.04762	0.952381;
./matpower/data/case6470rte.m:5228:	5183	1	0	0	0	0	1	1.03854487	-14.6018605	150	1	1.08	0.966667;
./matpower/data/case6470rte.m:5241:	5196	1	0	0	0	0	1	1.03400239	-24.9841038	90	1	1.07778	0.966667;
./matpower/data/case6470rte.m:5252:	5207	1	0	0	0	0	1	1.03061638	-5.73524584	225	1	1.08889	0.933333;
./matpower/data/case6470rte.m:5268:	5223	1	0	0	0	0	1	0.998633017	-25.1340308	63	1	1.07937	0.920635;
./matpower/data/case6470rte.m:5279:	5234	1	0	0	0	0	1	1.03187076	-6.38921612	225	1	1.08889	0.933333;
./matpower/data/case6470rte.m:5287:	5242	1	0	0	0	0	1	1.0639307	-22.1914343	90	1	1.07778	0.966667;
./matpower/data/case6470rte.m:5319:	5274	1	0	0	0	0	1	1.03311966	-7.21684809	225	1	1.08889	0.933333;
./matpower/data/case6470rte.m:5331:	5286	1	0	0	0	0	1	1.0651886	-9.86225816	225	1	1.08889	0.933333;
./matpower/data/case6470rte.m:5343:	5298	1	0	0	0	0	1	1.05915255	-22.5616375	90	1	1.07778	0.966667;
./matpower/data/case6470rte.m:5351:	5306	1	0	0	0	0	1	1.03660198	-24.1665441	90	1	1.07778	0.966667;
./matpower/data/case6470rte.m:5385:	5340	1	0	0	0	0	1	1.03545141	-24.9150633	90	1	1.07778	0.966667;
./matpower/data/case6470rte.m:5389:	5344	1	0	0	0	0	1	1.042003	-23.7753875	90	1	1.07778	0.966667;
./matpower/data/case6470rte.m:5397:	5352	1	0	0	0	0	1	1.02623234	-25.9690127	90	1	1.07778	0.966667;
./matpower/data/case6470rte.m:5414:	5369	1	1.7	0	0	0	1	1.07444568	-21.3450992	90	1	1.07778	0.966667;
./matpower/data/case6470rte.m:5440:	5395	1	22.4	0	0	0	1	1.05109718	-17.740317	90	1	1.07778	0.966667;
./matpower/data/case6470rte.m:5441:	5396	1	0	0	0	0	1	1.05715135	-18.2358899	90	1	1.07778	0.966667;
./matpower/data/case6470rte.m:5449:	5404	1	0	0	0	0	1	1.05171239	-8.02491941	225	1	1.08889	0.933333;
./matpower/data/case6470rte.m:5486:	5441	1	0	0	0	0	1	1.05295918	-10.250606	225	1	1.08889	0.933333;
./matpower/data/case6470rte.m:5509:	5464	1	4.5	5.7	0	0	1	1.0455739	-10.1468297	225	1	1.08889	0.933333;
./matpower/data/case6470rte.m:5542:	5497	1	0	0	0	0	1	1.02867105	-25.4945809	90	1	1.07778	0.966667;
./matpower/data/case6470rte.m:5553:	5508	1	0	0	0	0	1	1.02249415	-10.22023	225	1	1.08889	0.933333;
./matpower/data/case6470rte.m:5570:	5525	1	0	0	0	0	1	1.04691024	-9.68954527	225	1	1.08889	0.933333;
./matpower/data/case6470rte.m:5579:	5534	1	0	0	0	0	1	1.03998564	-28.9961969	63	1	1.07937	0.920635;
./matpower/data/case6470rte.m:5590:	5545	1	0	0	0	0	1	1.07274264	-18.9200018	150	1	1.1	0.966667;
./matpower/data/case6470rte.m:5599:	5554	1	0	0	0	0	1	1.04829709	-23.5287113	90	1	1.07778	0.966667;
./matpower/data/case6470rte.m:5601:	5556	1	0	0	0	0	1	1.04716145	-23.6557784	90	1	1.07778	0.966667;
./matpower/data/case6470rte.m:5615:	5570	1	0	0	0	0	1	1.07172383	-21.5934716	90	1	1.07778	0.966667;
./matpower/data/case6470rte.m:5628:	5583	1	-54.4	0	0	0	1	1.07302206	-17.8689877	150	1	1.1	0.966667;
./matpower/data/case6470rte.m:5678:	5633	1	0	0	0	0	1	1.03351211	-25.0095638	90	1	1.07778	0.966667;
./matpower/data/case6470rte.m:5715:	5670	1	0	0	0	0	1	1.0520509	-7.26414	225	1	1.08889	0.933333;
./matpower/data/case6470rte.m:5737:	5692	1	0	0	0	0	1	1.02768024	-25.7734041	90	1	1.07778	0.966667;
./matpower/data/case6470rte.m:5739:	5694	1	0	0	0	0	1	1.02819299	-26.2182772	150	1	1.08	0.966667;
./matpower/data/case6470rte.m:5743:	5698	1	0	0	0	0	1	1.05286857	-9.56847593	225	1	1.08889	0.933333;
./matpower/data/case6470rte.m:5796:	5751	1	0	0	0	0	1	1.06104112	-19.3887167	90	1	1.07778	0.966667;
./matpower/data/case6470rte.m:5832:	5787	1	0	0	0	0	1	1.0723091	-19.4069339	225	1	1.09333	1;
./matpower/data/case6470rte.m:5883:	5838	1	0	0	0	0	1	1.04311255	-20.9668147	90	1	1.07778	0.977778;
./matpower/data/case6470rte.m:5894:	5849	1	0	0	0	0	1	1.04411296	-6.67392392	225	1	1.08889	0.933333;
./matpower/data/case6470rte.m:5905:	5860	1	0	0	0	0	1	1.07998106	15.4911648	380	1	1.15	0.8;
./matpower/data/case6470rte.m:5968:	5923	1	0	0	0	0	1	1.07998393	-16.1535777	380	1	1.15	0.8;
./matpower/data/case6470rte.m:6207:	6162	1	-1430.2	124.2	0	0	1	1.10099839	7.11807054	380	1	1.15	0.8;
./matpower/data/case6470rte.m:6383:	6341	2	40	17	0	0	1	0.998	1.55260989	24	1	1.15	0.8;
./matpower/data/case6470rte.m:6457:	6416	2	0	0	0	0	1	0.998	-9.38743419	10	1	1.15	0.8;
./matpower/data/case6470rte.m:6469:	6428	2	0	0	0	0	1	0.966	1.72626984	10	1	1.15	0.8;
./matpower/data/case6470rte.m:6471:	6430	2	0	0	0	0	1	0.966	1.72626984	10	1	1.15	0.8;
./matpower/data/case6470rte.m:6497:	6456	2	0	0	0	0	1	0.998	5.52309261	15	1	1.15	0.8;
./matpower/data/case6470rte.m:6498:	6457	2	0	0	0	0	1	0.998	5.62584996	15	1	1.15	0.8;
./matpower/data/case6470rte.m:6580:	263	3.85	-0.6	4	-4	0.998	100	1	8	0	0	0	0	0	0	0	0	0	0	0	0;
./matpower/data/case6470rte.m:7252:	3762	5.87	-1.2	1.2	-1.2	0.998	100	1	12	0	0	0	0	0	0	0	0	0	0	0	0;
./matpower/data/case6470rte.m:7291:	3988	0	0.75	1	-1	0.998	100	0	2	0	0	0	0	0	0	0	0	0	0	0	0;
./matpower/data/case6470rte.m:7292:	3988	0	2.25	3	-3	0.998	100	0	8	0	0	0	0	0	0	0	0	0	0	0	0;
./matpower/data/case6470rte.m:7293:	3988	1.16	2.25	3	-3	0.998	100	1	8	0	0	0	0	0	0	0	0	0	0	0	0;
./matpower/data/case6470rte.m:7669:	6290	933.12	97.73	552.2	-226.69	0.99	100	1	935.97	265.97	0	0	0	0	0	0	0	0	0	0	0;
./matpower/data/case6470rte.m:7718:	6341	924.76	76.13	526.3	-151.26	0.998	100	1	927.69	237.69	0	0	0	0	0	0	0	0	0	0	0;
./matpower/data/case6470rte.m:7792:	6416	64.9	-0.44	42.66	-21.78	0.998	100	1	80	0	0	0	0	0	0	0	0	0	0	0	0;
./matpower/data/case6470rte.m:7804:	6428	29.2	-2.17	19.57	-10.43	0.966	100	1	32	0	0	0	0	0	0	0	0	0	0	0	0;
./matpower/data/case6470rte.m:7806:	6430	29.2	-2.17	19.57	-10.43	0.966	100	1	32	0	0	0	0	0	0	0	0	0	0	0	0;
./matpower/data/case6470rte.m:7832:	6456	133.43	-0.84	114.06	-45.94	0.998	100	1	161	-161	0	0	0	0	0	0	0	0	0	0	0;
./matpower/data/case6470rte.m:7833:	6457	135.36	-0.35	112.39	-47.61	0.998	100	1	156	0	0	0	0	0	0	0	0	0	0	0	0;
./matpower/data/case6470rte.m:8087:	1559	105	0.00156	0.006933	0.0121	432	432	432	1	0	1	0	0;
./matpower/data/case6470rte.m:8263:	4718	177	0.002933	0.010267	0.0032	0	0	0	1	0	1	0	0;
./matpower/data/case6470rte.m:8371:	1600	224	0.012978	0.059338	0.1002	409	409	409	1	0	1	0	0;
./matpower/data/case6470rte.m:8667:	2449	363	0.019498	0.06712	0.0206	0	0	0	1	0	1	0	0;
./matpower/data/case6470rte.m:9040:	662	533	0.009259	0.029333	0.0015	0	0	0	1	0	1	0	0;
./matpower/data/case6470rte.m:9536:	5608	810	0.008818	0.029982	0.0003	0	0	0	1	0	1	0	0;
./matpower/data/case6470rte.m:9754:	2710	949	0.003023	0.008314	0.0001	0	0	0	1	0	1	0	0;
./matpower/data/case6470rte.m:9785:	2149	958	0.000998	0.014177	0.465	2487	2487	2487	1	0	1	0	0;
./matpower/data/case6470rte.m:9811:	4860	966	0.000499	0.005042	0.13	1380	1380	1380	1	0	1	0	0;
./matpower/data/case6470rte.m:9985:	4881	1046	0.002121	0.009661	0.0162	355	355	355	1	0	1	0	0;
./matpower/data/case6470rte.m:10211:	4660	1166	0.004365	0.029491	0.0537	575	575	575	1	0	1	0	0;
./matpower/data/case6470rte.m:10335:	4713	1218	0.000949	0.009342	0.2426	1611	1611	1611	1	0	1	0	0;
./matpower/data/case6470rte.m:10769:	3202	1465	0.004464	0.029669	0.0547	540	540	540	1	0	1	0	0;
./matpower/data/case6470rte.m:10822:	1673	1489	0.04966	0.126455	0.0014	0	0	0	1	0	1	0	0;
./matpower/data/case6470rte.m:10868:	2351	1518	0.000966	0.009803	0.2526	1579	1579	1579	1	0	1	0	0;
./matpower/data/case6470rte.m:10969:	3074	1576	0.029982	0.102293	0.001	0	0	0	1	0	1	0	0;
./matpower/data/case6470rte.m:11132:	5057	1664	0.059662	0.164903	0.0018	0	0	0	1	0	1	0	0;
./matpower/data/case6470rte.m:11174:	5607	1689	0.012144	0.049332	0.0012	0	0	0	1	0	1	0	0;
./matpower/data/case6470rte.m:11453:	4014	1866	0.005901	0.019494	0.001	0	0	0	1	0	1	0	0;
./matpower/data/case6470rte.m:11653:	3410	2013	0.089494	0.244142	0.0028	0	0	0	1	0	1	0	0;
./matpower/data/case6470rte.m:12127:	5099	2344	0.011842	0.029982	0	0	0	0	1	0	1	0	0;
./matpower/data/case6470rte.m:12474:	5670	2582	0.006696	0.029985	0.0527	288	288	288	1	0	1	0	0;
./matpower/data/case6470rte.m:12586:	4891	2657	0.008	0.03998	0.0709	362	362	362	1	0	1	0	0;
./matpower/data/case6470rte.m:13474:	5485	3403	0.007307	0.029982	0.0004	0	0	0	1	0	1	0	0;
./matpower/data/case6470rte.m:13479:	4062	3411	0.029982	0.082892	0.001	0	0	0	1	0	1	0	0;
./matpower/data/case6470rte.m:13539:	3482	3473	0.001966	0.003599	0.0024	0	0	0	1	0	1	0	0;
./matpower/data/case6470rte.m:13564:	5484	3494	0.029982	0.085664	0	0	0	0	1	0	1	0	0;
./matpower/data/case6470rte.m:13830:	5669	3734	0.019331	0.035384	0.0003	0	0	0	1	0	1	0	0;
./matpower/data/case6470rte.m:14251:	5003	4289	0.029982	0.075838	0	0	0	0	1	0	1	0	0;
./matpower/data/case6470rte.m:14358:	4920	4442	0.03933	0.101789	0.0025	0	0	0	1	0	1	0	0;
./matpower/data/case6470rte.m:14406:	4146	4525	0.006933	0.033403	0.0607	333	333	333	1	0	1	0	0;
./matpower/data/case6470rte.m:14563:	5729	4837	0.029982	0.076594	0.0009	0	0	0	1	0	1	0	0;
./matpower/data/case6470rte.m:14798:	6233	5981	0.004998	0.030578	0.0553	0	0	0	1	0	1	0	0;
./matpower/data/case6470rte.m:14870:	6017	6013	0.000949	0.010021	0.2458	514	514	514	1	0	1	0	0;
./matpower/data/case6470rte.m:15401:	924	925	0.001814	0.099308	0	1629	1629	1629	0.966188	0	1	0	0;
./matpower/data/case6470rte.m:15429:	972	973	0.001936	0.117926	0	724	724	724	0.998004	0	1	0	0;
./matpower/data/case6470rte.m:15430:	972	973	0.001995	0.118716	0	724	724	724	0.998004	0	1	0	0;
./matpower/data/case6470rte.m:15432:	978	979	0.001794	0.100831	0	1139	1139	1139	0.966188	0	1	0	0;
./matpower/data/case6470rte.m:15485:	1165	1166	0.001659	0.099496	0	508	508	508	0.997009	0	1	0	0;
./matpower/data/case6470rte.m:15593:	1533	1536	0.001357	0.09973	0	1139	1139	1139	0.966188	0	1	0	0;
./matpower/data/case6470rte.m:15670:	1810	1811	0.003536	0.147556	0	579	579	579	0.96618	0	1	0	0;
./matpower/data/case6470rte.m:15679:	1842	1843	0.003654	0.122074	0	435	435	435	0.998004	0	1	0	0;
./matpower/data/case6470rte.m:15686:	1903	1904	0.001778	0.122864	0	724	724	724	0.998004	0	1	0	0;
./matpower/data/case6470rte.m:15687:	1903	1904	0.00158	0.122272	0	724	724	724	0.998004	0	1	0	0;
./matpower/data/case6470rte.m:15755:	2136	2137	0.013354	0.302343	0	0	0	0	0.933703	0	1	0	0;
./matpower/data/case6470rte.m:15756:	2136	2137	0.013354	0.302343	0	0	0	0	0.933703	0	1	0	0;
./matpower/data/case6470rte.m:15836:	2459	2460	0.00187	0.104571	0	1243	1243	1243	0.966188	0	1	0	0;
./matpower/data/case6470rte.m:15837:	2459	2460	0.001842	0.099931	0	1243	1243	1243	0.966188	0	1	0	0;
./matpower/data/case6470rte.m:15846:	2470	2472	0.001759	0.101177	0	1139	1139	1139	0.966188	0	1	0	0;
./matpower/data/case6470rte.m:15991:	2966	5914	0.001787	0.089335	0	0	0	0	1	0	1	0	0;
./matpower/data/case6470rte.m:16086:	3344	3345	0.02066	0.410935	0	0	0	0	0.933703	0	1	0	0;
./matpower/data/case6470rte.m:16214:	3774	3775	0.001787	0.100208	0	1579	1579	1579	0.966188	0	1	0	0;
./matpower/data/case6470rte.m:16348:	4277	5896	0.008933	0.147111	0	0	0	0	1	0	1	0	0;
./matpower/data/case6470rte.m:16349:	4278	5896	0.0036	0.008933	0	0	0	0	1	0	1	0	0;
./matpower/data/case6470rte.m:16475:	4744	4745	0.005057	0.160988	0	374	374	374	0.933709	0	1	0	0;
./matpower/data/case6470rte.m:16476:	4744	4745	0.005057	0.160988	0	374	374	374	0.933709	0	1	0	0;
./matpower/data/case6470rte.m:16518:	4901	4903	0.000803	0.039335	0	600	600	600	0.996016	0	1	0	0;
./matpower/data/case6470rte.m:16611:	6094	6096	0.000136	0.015151	0	0	0	0	0.949669	0	1	0	0;
./matpower/data/case33bw.m:92:	27	28	1.0590	0.9337	0	0	0	0	0	0	1	-360	360;
./matpower/data/case2736sp.m:148:	116	2	8	15	0	0	1	1.0996683	32.845139	220	3	1.11	0.95	99.3969	-0.0498	0.0000	0.0000;
./matpower/data/case2736sp.m:219:	187	1	0	0	0	0	1	1.0799827	14.890281	220	5	1.11	0.95	109.3264	0.2353	0.0000	0.0000;
./matpower/data/case2736sp.m:231:	199	1	0	0	0	0	1	1.0293306	18.17969	400	5	1.05	0.95	107.8567	-0.3766	0.0000	0.0000;
./matpower/data/case2736sp.m:259:	227	1	4.475	0.7	0	0	1	1.0926342	18.011529	110	1	1.12	0.95	106.4583	0.9337	0.0000	0.0000;
./matpower/data/case2736sp.m:260:	228	1	4.262	0.7	0	0	1	1.092672	18.018912	110	1	1.12	0.95	106.4553	0.9331	0.0000	0.0000;
./matpower/data/case2736sp.m:416:	384	1	12.254	3.5	0	0	1	1.0908721	15.705998	110	1	1.12	0.95	109.5150	0.2947	0.0000	0.0000;
./matpower/data/case2736sp.m:522:	490	1	7.459	4	0	0	1	1.1089331	31.940407	110	1	1.12	0.95	99.0702	-0.1654	0.0000	0.0000;
./matpower/data/case2736sp.m:707:	675	1	10.922	1	0	0	1	1.0896696	24.84212	110	2	1.12	0.95	103.1315	-0.4585	0.0000	0.0000;
./matpower/data/case2736sp.m:796:	764	1	25.388	1.701	0	0	1	1.0893353	24.627494	110	2	1.12	0.95	103.2884	-0.4052	0.0000	0.0000;
./matpower/data/case2736sp.m:1019:	987	1	7.229	0.966	0	0	1	1.0836994	29.403855	110	3	1.12	0.95	100.8626	-0.2485	0.0000	0.0000;
./matpower/data/case2736sp.m:1046:	1014	1	30.999	7.137	0	0	1	1.0893353	29.178757	110	3	1.12	0.95	100.3615	0.3749	0.0000	0.0000;
./matpower/data/case2736sp.m:1071:	1039	1	2.524	0.966	0	0	1	1.0858134	30.552012	110	3	1.12	0.95	100.2471	0.0922	0.0000	0.0000;
./matpower/data/case2736sp.m:1287:	1255	1	0	0	0	0	1	1.0707949	27.31192	110	3	1.12	0.95	101.5846	-0.3358	0.0000	0.0000;
./matpower/data/case2736sp.m:1333:	1301	1	4.022	0.949	0	0	1	1.0826679	29.226759	110	3	1.12	0.95	101.2700	-0.3130	0.0000	0.0000;
./matpower/data/case2736sp.m:1575:	1543	1	19.506	9.657	0	0	1	1.0778525	27.99517	110	3	1.12	0.95	101.9888	0.9336	0.0000	0.0000;
./matpower/data/case2736sp.m:1728:	1696	1	2.295	0.594	0	0	1	1.0899872	29.478568	110	3	1.12	0.95	100.2131	0.3852	0.0000	0.0000;
./matpower/data/case2736sp.m:1735:	1703	1	3.442	0.966	0	0	1	1.0918534	29.273984	110	3	1.12	0.95	100.4594	0.1492	0.0000	0.0000;
./matpower/data/case2736sp.m:1928:	1896	1	5.508	0.966	0	0	1	1.09173	30.42555	110	3	1.12	0.95	100.0234	-0.5372	0.0000	0.0000;
./matpower/data/case2736sp.m:1962:	1930	1	15.357	6.21	0	0	1	1.1130731	28.798417	110	4	1.12	0.95	100.9989	0.2846	0.0000	0.0000;
./matpower/data/case2736sp.m:2210:	2178	1	4.274	0.998	0	0	1	1.1094523	11.767662	110	4	1.12	0.95	110.6034	0.1312	0.0000	0.0000;
./matpower/data/case2736sp.m:2335:	2303	1	8.981	2.2	0	0	1	1.0796685	15.567292	110	4	1.12	0.95	109.8202	1.3710	0.0000	0.0000;
./matpower/data/case2736sp.m:2380:	2348	1	8.108	1.075	0	0	1	1.1186944	23.340416	110	4	1.12	0.95	100.9490	-2.6721	0.0000	0.0000;
./matpower/data/case2736sp.m:2435:	2403	1	0	0	0	0	1	1.1009661	14.329635	110	4	1.12	0.95	109.0300	0.3423	0.0000	0.0000;
./matpower/data/case2736sp.m:2449:	2417	1	2.756	0.583	0	0	1	1.0996678	16.685528	110	4	1.12	0.95	107.2125	0.4650	0.0000	0.0000;
./matpower/data/case2736sp.m:2608:	2576	1	3.002	2	0	0	1	1.0705966	12.250237	110	5	1.12	0.95	112.1748	1.4287	0.0000	0.0000;
./matpower/data/case2736sp.m:2734:	2702	2	0	0	0	0	1	1.0894997	16.602348	110	5	1.12	0.95	107.7661	0.8303	0.0000	0.0000;
./matpower/data/case2736sp.m:2756:	2724	1	431.5	10.504	0	0	0	1.0302489	27.798762	400	0	1.05	0.95	100.9982	-0.2578	0.0000	0.0000;
./matpower/data/case2736sp.m:2889:	443	1.5	2	2	0	1.04966	3.6	1	1.5	1.5	0	0	0	0	0	0	0	0	0	0	0	100.0280	0.0000	0.3760	0.0000;
./matpower/data/case2736sp.m:3107:	2459	0.6	0.2	0.2	0	1.04966	0.7	1	0.6	0.6	0	0	0	0	0	0	0	0	0	0	0	112.7517	0.0000	1.3854	0.0000;
./matpower/data/case2736sp.m:3125:	2536	10	1	1	0	1.08949	11	1	10	10	0	0	0	0	0	0	0	0	0	0	0	108.4524	0.0000	0.1149	0.0000;
./matpower/data/case2736sp.m:3187:	2724	0	0	0	0	1.01875	0	1	0	0	0	0	0	0	0	0	0	0	0	0	0	100.9982	0.0000	0.0000	0.2578;
./matpower/data/case2736sp.m:3285:	51	38	0.006979	0.051961	0.079666	316	316	316	0	0	1	-360	360	42.1599	5.8209	-42.0458	-14.1039	0.0000	0.0000	0.0000	0.0000;
./matpower/data/case2736sp.m:3464:	1233	93	0.00145	0.06736	-0.006582	160	160	160	1.0052	0	1	-360	360	-28.0511	-19.4901	28.0658	20.9497	0.0000	0.0000	0.0000	0.0000;
./matpower/data/case2736sp.m:3487:	1838	124	0.00145	0.068599	-0.002323	160	160	160	0.9984	0	1	-360	360	-71.4506	24.1266	71.5171	-20.6931	0.0000	0.0000	0.0000	0.0000;
./matpower/data/case2736sp.m:3544:	2528	193	0.001591	0.067355	0	160	160	160	1.059	0	1	-360	360	-78.4880	-26.8068	78.5859	30.9491	0.0000	0.0000	0.0000	0.0000;
./matpower/data/case2736sp.m:3568:	828	1279	0.045446	0.079339	0.008521	90	90	90	0	0	1	-360	360	-7.2567	0.4798	7.2774	-1.4479	0.0000	0.0000	0.0000	0.0000;
./matpower/data/case2736sp.m:3618:	565	569	0.002727	0.009496	0.000999	133	133	133	0	0	1	-360	360	2.1311	0.3825	-2.1310	-0.5000	0.0000	0.0000	0.0000	0.0000;
./matpower/data/case2736sp.m:3622:	476	343	0.019669	0.059587	0.005871	120	120	120	0	0	1	-360	360	-17.8219	-4.9451	17.8773	4.4040	0.0000	0.0000	0.0000	0.0000;
./matpower/data/case2736sp.m:3630:	425	237	0.024554	0.079669	0.00818	133	133	133	0	0	1	-360	360	2.5532	3.3821	-2.5487	-4.3359	0.0000	0.0000	0.0000	0.0000;
./matpower/data/case2736sp.m:3634:	288	276	0.019669	0.064554	0.00652	133	133	133	0	0	1	-360	360	-19.7495	-3.4096	19.8132	2.8121	0.0000	0.0000	0.0000	0.0000;
./matpower/data/case2736sp.m:3640:	577	430	0.029339	0.095124	0.00992	133	133	133	0	0	1	-360	360	-1.4920	-0.4000	1.4925	-0.8342	0.0000	0.0000	0.0000	0.0000;
./matpower/data/case2736sp.m:3657:	320	352	0.006686	0.019339	0.002069	137	137	137	0	0	1	-360	360	-32.9047	-13.9580	32.9765	13.9192	0.0000	0.0000	0.0000	0.0000;
./matpower/data/case2736sp.m:3659:	210	354	0.006281	0.019339	0.00221	137	137	137	0	0	1	-360	360	38.1193	19.0314	-38.0239	-19.0008	0.0000	0.0000	0.0000	0.0000;
./matpower/data/case2736sp.m:3674:	540	550	0.01405	0.039669	0.00432	133	133	133	0	0	1	-360	360	-31.5062	-2.1316	31.6258	1.9616	0.0000	0.0000	0.0000	0.0000;
./matpower/data/case2736sp.m:3715:	502	340	0.019669	0.053554	0.005779	120	120	120	0	0	1	-360	360	-7.2759	-0.2413	7.2849	-0.4023	0.0000	0.0000	0.0000	0.0000;
./matpower/data/case2736sp.m:3723:	545	542	0.000826	0.003719	0.019491	109	109	109	0	0	1	-360	360	60.7320	12.5774	-60.7047	-14.7394	0.0000	0.0000	0.0000	0.0000;
./matpower/data/case2736sp.m:3737:	416	381	0.011818	0.019669	0.002069	90	90	90	0	0	1	-360	360	-5.3170	-0.3672	5.3199	0.1296	0.0000	0.0000	0.0000	0.0000;
./matpower/data/case2736sp.m:3750:	556	553	0.011066	0.019339	0.001839	90	90	90	0	0	1	-360	360	-5.3595	-0.4972	5.3622	0.2840	0.0000	0.0000	0.0000	0.0000;
./matpower/data/case2736sp.m:3755:	386	384	0.039669	0.128603	0.01323	133	133	133	0	0	1	-360	360	3.9343	7.9376	-3.9043	-9.4316	0.0000	0.0000	0.0000	0.0000;
./matpower/data/case2736sp.m:3871:	394	212	0.019669	0.063802	0.006599	120	120	120	0	0	1	-360	360	28.7852	5.1288	-28.6452	-5.4650	0.0000	0.0000	0.0000	0.0000;
./matpower/data/case2736sp.m:3895:	573	576	0.012149	0.039339	0.004051	120	120	120	0	0	1	-360	360	10.2111	5.5880	-10.1973	-6.0362	0.0000	0.0000	0.0000	0.0000;
./matpower/data/case2736sp.m:3897:	218	482	0.033876	0.059339	0.00582	90	90	90	0	0	1	-360	360	-16.1994	-5.9679	16.2846	5.4315	0.0000	0.0000	0.0000	0.0000;
./matpower/data/case2736sp.m:3899:	572	523	0.024215	0.079339	0.008027	133	133	133	0	0	1	-360	360	-22.1026	3.6988	22.2043	-4.3340	0.0000	0.0000	0.0000	0.0000;
./matpower/data/case2736sp.m:3917:	472	418	0.030331	0.099669	0.01006	133	133	133	0	0	1	-360	360	26.7608	4.2505	-26.5757	-4.8493	0.0000	0.0000	0.0000	0.0000;
./matpower/data/case2736sp.m:3953:	377	247	0.049917	0.089669	0.008981	90	90	90	0	0	1	-360	360	-30.6809	2.9943	31.0913	-3.3100	0.0000	0.0000	0.0000	0.0000;
./matpower/data/case2736sp.m:4028:	608	605	0.029339	0.094793	0.009699	90	90	90	0	0	1	-360	360	9.3344	3.7795	-9.3082	-4.8414	0.0000	0.0000	0.0000	0.0000;
./matpower/data/case2736sp.m:4047:	697	682	0.019669	0.063636	0.00651	90	90	90	0	0	1	-360	360	25.7003	-0.7786	-25.5916	0.3549	0.0000	0.0000	0.0000	0.0000;
./matpower/data/case2736sp.m:4149:	779	652	0.009669	0.031488	0.003221	90	90	90	0	0	1	-360	360	10.9981	0.8151	-10.9880	-1.1582	0.0000	0.0000	0.0000	0.0000;
./matpower/data/case2736sp.m:4165:	659	633	0.009669	0.026198	0.002631	58	58	58	0	0	1	-360	360	7.9758	-2.5203	-7.9697	2.2474	0.0000	0.0000	0.0000	0.0000;
./matpower/data/case2736sp.m:4182:	732	740	0.029669	0.066364	0.00649	90	90	90	0	0	1	-360	360	-27.0785	6.7981	27.2772	-7.1164	0.0000	0.0000	0.0000	0.0000;
./matpower/data/case2736sp.m:4197:	672	670	0.011488	0.029669	0.003011	58	58	58	0	0	1	-360	360	11.8019	-0.0450	-11.7874	-0.2502	0.0000	0.0000	0.0000	0.0000;
./matpower/data/case2736sp.m:4241:	713	628	0.029496	0.051818	0.004881	90	90	90	0	0	1	-360	360	36.5172	-7.4129	-36.1728	7.4426	0.0000	0.0000	0.0000	0.0000;
./matpower/data/case2736sp.m:4257:	759	718	0.009669	0.03157	0.003221	90	90	90	0	0	1	-360	360	8.9619	2.8904	-8.9545	-3.2423	0.0000	0.0000	0.0000	0.0000;
./matpower/data/case2736sp.m:4283:	743	744	0.019339	0.062636	0.006411	90	90	90	0	0	1	-360	360	3.3756	8.8038	-3.3600	-9.5081	0.0000	0.0000	0.0000	0.0000;
./matpower/data/case2736sp.m:4290:	1272	1273	0.002975	0.009669	0.001004	140	140	140	0	0	1	-360	360	-7.0190	-2.5240	7.0204	2.4084	0.0000	0.0000	0.0000	0.0000;
./matpower/data/case2736sp.m:4377:	1739	960	0.01876	0.059339	0.006437	114	114	114	0	0	1	-360	360	-15.8870	-4.3827	15.9320	3.8003	0.0000	0.0000	0.0000	0.0000;
./matpower/data/case2736sp.m:4406:	1124	855	0.010826	0.021818	0.002998	90	90	90	0	0	1	-360	360	-8.4132	2.5249	8.4203	-2.8708	0.0000	0.0000	0.0000	0.0000;
./matpower/data/case2736sp.m:4482:	1285	1027	0.002645	0.008017	0.000949	114	114	114	0	0	1	-360	360	0.0000	-0.1117	-0.0000	0.0000	0.0000	0.0000	0.0000	0.0000;
./matpower/data/case2736sp.m:4505:	952	1640	0.019669	0.040579	0.003599	90	90	90	0	0	1	-360	360	-59.1457	-9.5079	59.7539	10.3396	0.0000	0.0000	0.0000	0.0000;
./matpower/data/case2736sp.m:4581:	1194	1196	0.003141	0.009669	0.001125	140	140	140	0	0	0	-360	360	0.0000	0.0000	0.0000	0.0000	0.0000	0.0000	0.0000	0.0000;
./matpower/data/case2736sp.m:4589:	1271	1114	0.009339	0.025289	0.002592	120	120	120	0	0	1	-360	360	-8.1956	-3.5364	8.2018	3.2479	0.0000	0.0000	0.0000	0.0000;
./matpower/data/case2736sp.m:4591:	1271	1268	0.005537	0.009339	0.00097	90	90	90	0	0	1	-360	360	12.8590	2.2765	-12.8510	-2.3770	0.0000	0.0000	0.0000	0.0000;
./matpower/data/case2736sp.m:4592:	1318	1114	0.015041	0.039669	0.004104	120	120	120	0	0	1	-360	360	27.6853	-0.1788	-27.5883	-0.0513	0.0000	0.0000	0.0000	0.0000;
./matpower/data/case2736sp.m:4627:	1822	1784	0.011901	0.029669	0.003277	120	120	120	0	0	1	-360	360	3.8796	-3.0498	-3.8772	2.6715	0.0000	0.0000	0.0000	0.0000;
./matpower/data/case2736sp.m:4632:	1839	1703	0.002397	0.007355	0.000857	140	140	140	0	0	1	-360	360	3.4423	0.8646	-3.4420	-0.9660	0.0000	0.0000	0.0000	0.0000;
./matpower/data/case2736sp.m:4681:	1039	1040	0.000331	0.001074	0.000107	140	140	140	0	0	1	-360	360	-2.5240	-0.9660	2.5240	0.9535	0.0000	0.0000	0.0000	0.0000;
./matpower/data/case2736sp.m:4715:	1431	1179	0.009339	0.031901	0.003243	140	140	140	0	0	1	-360	360	-18.7973	-5.9458	18.8279	5.6664	0.0000	0.0000	0.0000	0.0000;
./matpower/data/case2736sp.m:4742:	1665	945	0.006446	0.019669	0.002335	140	140	140	0	0	1	-360	360	-8.9427	-9.1906	8.9514	8.9369	0.0000	0.0000	0.0000	0.0000;
./matpower/data/case2736sp.m:4791:	1223	1396	0.009917	0.019669	0.003705	120	120	120	0	0	1	-360	360	-11.5937	-8.7080	11.6108	8.2989	0.0000	0.0000	0.0000	0.0000;
./matpower/data/case2736sp.m:4925:	1685	1572	0.025124	0.089339	0.008877	114	114	114	0	0	1	-360	360	6.1596	3.5663	-6.1481	-4.5721	0.0000	0.0000	0.0000	0.0000;
./matpower/data/case2736sp.m:4964:	1438	1391	0.039339	0.090413	0.018963	114	114	114	0	0	1	-360	360	25.2204	-4.0217	-25.0028	2.3258	0.0000	0.0000	0.0000	0.0000;
./matpower/data/case2736sp.m:4968:	1078	1540	0.009339	0.017355	0.001779	90	90	90	0	0	1	-360	360	4.3626	0.8851	-4.3610	-1.0850	0.0000	0.0000	0.0000	0.0000;
./matpower/data/case2736sp.m:5147:	1324	857	0.012479	0.039669	0.004279	140	140	140	0	0	1	-360	360	12.0545	-0.2800	-12.0394	-0.1862	0.0000	0.0000	0.0000	0.0000;
./matpower/data/case2736sp.m:5194:	2126	2174	0.059669	0.104554	0.009951	59	59	59	0	0	1	-360	360	-17.2138	4.8158	17.3795	-5.6971	0.0000	0.0000	0.0000	0.0000;
./matpower/data/case2736sp.m:5241:	2280	2212	0.029496	0.099901	0.009891	123	123	123	0	0	1	-360	360	-52.4731	-5.0923	53.1760	6.3008	0.0000	0.0000	0.0000	0.0000;
./matpower/data/case2736sp.m:5244:	2437	2200	0.039669	0.069421	0.00666	78	78	78	0	0	1	-360	360	-5.6010	-0.1640	5.6114	-0.6166	0.0000	0.0000	0.0000	0.0000;
./matpower/data/case2736sp.m:5300:	2179	2045	0.016612	0.029496	0.00288	78	78	78	0	0	1	-360	360	35.6665	7.6983	-35.4832	-7.7187	0.0000	0.0000	0.0000	0.0000;
./matpower/data/case2736sp.m:5324:	2381	2164	0.039669	0.069339	0.006631	78	78	78	0	0	1	-360	360	23.1417	55.2590	-21.8235	-53.6482	0.0000	0.0000	0.0000	0.0000;
./matpower/data/case2736sp.m:5360:	2258	2185	0.014752	0.049984	0.004949	78	78	78	0	0	1	-360	360	-3.7827	3.1878	3.7860	-3.7604	0.0000	0.0000	0.0000	0.0000;
./matpower/data/case2736sp.m:5368:	2257	2179	0.022719	0.039727	0.00379	78	78	78	0	0	1	-360	360	46.8400	10.9986	-46.4145	-10.7183	0.0000	0.0000	0.0000	0.0000;
./matpower/data/case2736sp.m:5371:	2063	1966	0.029669	0.076612	0.007771	62	62	62	0	0	1	-360	360	-51.1358	2.8015	51.7868	-2.0611	0.0000	0.0000	0.0000	0.0000;
./matpower/data/case2736sp.m:5384:	2085	2054	0.015289	0.049669	0.005179	91	91	91	0	0	1	-360	360	-2.9624	-2.1805	2.9640	1.5778	0.0000	0.0000	0.0000	0.0000;
./matpower/data/case2736sp.m:5408:	1935	2133	0.01395	0.039983	0.00401	69	69	69	0	0	1	-360	360	-13.9939	-1.2970	14.0165	0.8715	0.0000	0.0000	0.0000	0.0000;
./matpower/data/case2736sp.m:5440:	2118	2031	0.029669	0.049256	0.004859	78	78	78	0	0	1	-360	360	-13.9571	-0.8087	14.0072	0.3279	0.0000	0.0000	0.0000	0.0000;
./matpower/data/case2736sp.m:5451:	2402	2015	0.03224	0.069984	0.006778	78	78	78	0	0	1	-360	360	-18.2887	0.1885	18.3786	-0.8112	0.0000	0.0000	0.0000	0.0000;
./matpower/data/case2736sp.m:5499:	2419	2016	0.039826	0.069669	0.00666	78	78	78	0	0	1	-360	360	36.4506	2.3105	-36.0027	-2.3072	0.0000	0.0000	0.0000	0.0000;
./matpower/data/case2736sp.m:5660:	2312	2412	0.005529	0.009669	0.00092	120	120	120	0	0	1	-360	360	0.0000	-0.0000	0.0000	-0.1077	0.0000	0.0000	0.0000	0.0000;
./matpower/data/case2736sp.m:5677:	2284	2153	0.039339	0.129174	0.013201	123	123	123	0	0	1	-360	360	-35.9930	1.9884	36.4128	-2.2371	0.0000	0.0000	0.0000	0.0000;
./matpower/data/case2736sp.m:5685:	2192	1961	0.029496	0.050174	0.00484	78	78	78	0	0	1	-360	360	-24.4405	10.8381	24.6258	-11.0788	0.0000	0.0000	0.0000	0.0000;
./matpower/data/case2736sp.m:5690:	2154	1956	0.020992	0.069339	0.006989	123	123	123	0	0	1	-360	360	23.5869	-5.2377	-23.4877	4.7096	0.0000	0.0000	0.0000	0.0000;
./matpower/data/case2736sp.m:5741:	2646	2578	0.029008	0.09438	0.009661	76	76	76	0	0	1	-360	360	0.1771	-12.6350	-0.1404	11.6315	0.0000	0.0000	0.0000	0.0000;
./matpower/data/case2736sp.m:5816:	2703	2700	0.009339	0.016529	0.00174	90	90	90	0	0	1	-360	360	-18.7628	7.8218	18.7956	-7.9693	0.0000	0.0000	0.0000	0.0000;
./matpower/data/case2736sp.m:5886:	2512	2635	0.003719	0.009339	0.000939	120	120	120	0	0	1	-360	360	5.3994	-3.6675	-5.3981	3.5600	0.0000	0.0000	0.0000	0.0000;
./matpower/data/case2736sp.m:5966:	2511	2531	0.039669	0.07157	0.006411	69	69	69	0	0	1	-360	360	-6.5572	-1.0505	6.5713	0.2914	0.0000	0.0000	0.0000	0.0000;
./matpower/data/case2736sp.m:5978:	2691	2489	0.026612	0.089422	0.008949	137	137	137	0	0	1	-360	360	-22.7136	-3.0053	22.8269	2.2811	0.0000	0.0000	0.0000	0.0000;
./matpower/data/case2736sp.m:5985:	2620	2650	0.019669	0.086124	0.00924	57	57	57	0	0	1	-360	360	0.0001	-1.1469	0.0000	-0.0000	0.0000	0.0000	0.0000	0.0000;
./matpower/data/case2736sp.m:6085:	201	200	2.1e-05	0.000207	0	876	876	876	0	0	1	-360	360	30.9498	-11.7435	-30.9496	11.7455	0.0000	0.0000	0.0000	0.0000;
./matpower/data/case2736sp.m:6368:	1417	1416	8.3e-05	0.000826	0	438	438	438	0	0	1	-360	360	3.0642	-0.9988	-3.0642	0.9989	0.0000	0.0000	0.0000	0.0000;
./matpower/data/case2736sp.m:6440:	1604	1603	8.3e-05	0.000826	0	438	438	438	0	0	1	-360	360	-10.9660	0.5708	10.9661	-0.5699	0.0000	0.0000	0.0000	0.0000;
./matpower/data/case33mg.m:93:	27	28	1.0590	0.9337	0	0	0	0	0	0	1	-360	360;
./matpower/data/case13659pegase.m:89:	15	1	0	0	0	0	0	0.966985	-9.629605	150	9	1.1	0.9;
./matpower/data/case13659pegase.m:123:	49	1	-0	0	0.019959	0.320041	0	0.998825	-10.375539	150	10	1.1	0.9;
./matpower/data/case13659pegase.m:212:	138	1	33.14	12	0	0.65	0	0.998323	-1.616561	110	19	1.1	0.9;
./matpower/data/case13659pegase.m:223:	149	1	-0	-0	0	3.77	0	0.998552	-23.031405	220	6	1.1	0.9;
./matpower/data/case13659pegase.m:237:	163	1	0	0	0	0	0	0.998875	-9.905754	150	9	1.1	0.9;
./matpower/data/case13659pegase.m:412:	338	2	0	0	0	0	0	1.00038	-5.809998	20	4	1.1	0.9;
./matpower/data/case13659pegase.m:492:	418	1	-0	0	0	2.44	0	1.049988	90.865555	220	3	1.1	0.9;
./matpower/data/case13659pegase.m:503:	429	1	101.6	14.5	0	1.94	0	0.998912	29.803254	154	1	1.1	0.9;
./matpower/data/case13659pegase.m:620:	546	1	0	0	0	7.11	0	0.998467	-3.301764	220	6	1.1	0.9;
./matpower/data/case13659pegase.m:621:	547	1	-0	-0	0	3.78	0	0.998593	42.474186	220	8	1.1	0.9;
./matpower/data/case13659pegase.m:626:	552	2	0	0	0	0	0	0.99834	24.249316	13.8	1	1.1	0.9;
./matpower/data/case13659pegase.m:692:	618	1	33.74	20.9	0	1.1	0	0.998875	-9.905754	150	9	1.1	0.9;
./matpower/data/case13659pegase.m:788:	714	1	7.01	2	0	0.44	0	0.998982	27.909753	150	8	1.1	0.9;
./matpower/data/case13659pegase.m:800:	726	1	0	0	0	0	0	0.998821	-8.907903	150	9	1.1	0.9;
./matpower/data/case13659pegase.m:861:	787	1	118.1	16.8	0	2.94	0	0.9983	26.918478	154	1	1.1	0.9;
./matpower/data/case13659pegase.m:903:	829	1	-0	0	0	35.364539	0	1.089984	2.669964	380	20	1.2	0.8;
./matpower/data/case13659pegase.m:904:	830	1	47.95	29.7	0	1.59	0	0.998601	-10.373841	150	9	1.1	0.9;
./matpower/data/case13659pegase.m:908:	834	1	82.89	26.8	0	0.65	0	0.998019	-5.508598	110	19	1.1	0.9;
./matpower/data/case13659pegase.m:969:	895	1	18.5	3.7	0	0.01	0	0.966895	-14.773838	150	9	1.1	0.9;
./matpower/data/case13659pegase.m:1010:	936	1	45.32	18.5	0	0.74	0	1.009981	13.559945	220	5	1.1	0.9;
./matpower/data/case13659pegase.m:1016:	942	1	26.33	9.5	0	1.85	0	1.009333	-1.804582	110	19	1.1	0.9;
./matpower/data/case13659pegase.m:1088:	1014	1	12.4	6.89	0	0.63	0	1.059988	0.149576	150	9	1.1	0.9;
./matpower/data/case13659pegase.m:1121:	1047	1	-0	0	0	0.78	0	1.030726	27.099334	150	8	1.1	0.9;
./matpower/data/case13659pegase.m:1185:	1111	1	-0	-0	0	0.45	0	1.000291	0.966435	150	9	1.1	0.9;
./matpower/data/case13659pegase.m:1194:	1120	1	-55.14	-27.14	0	0	0	1.025958	34.069666	150	8	1.1	0.9;
./matpower/data/case13659pegase.m:1248:	1174	1	32.1	4.5	0	8.93	0	0.998348	22.168889	154	1	1.1	0.9;
./matpower/data/case13659pegase.m:1350:	1276	1	12.61	4.5	0	2.63	0	1.049499	-1.562398	110	15	1.1	0.9;
./matpower/data/case13659pegase.m:1353:	1279	1	13.21	2.2	0	10.05	0	0.998779	-14.538696	110	22	1.1	0.9;
./matpower/data/case13659pegase.m:1469:	1395	1	-0	0	0.933942	3.100629	0	1.027954	-6.383546	380	6	1.1	0.9;
./matpower/data/case13659pegase.m:1621:	1547	1	0	0	0	0	0	0.966992	-14.766387	150	9	1.1	0.9;
./matpower/data/case13659pegase.m:1755:	1681	1	0	0	0.019971	0.640029	0	0.998143	-10.564266	150	10	1.1	0.9;
./matpower/data/case13659pegase.m:1863:	1789	1	151.2	96.4	0.302056	38.856615	0	0.998882	24.025243	380	3	1.1	0.9;
./matpower/data/case13659pegase.m:1872:	1798	1	130.4	44.33	0	5.22	0	0.998219	11.690674	220	5	1.1	0.9;
./matpower/data/case13659pegase.m:1908:	1834	2	0	0	0	0	0	0.998251	7.060817	20	18	1.1	0.9;
./matpower/data/case13659pegase.m:2017:	1943	1	-0	0	0	0.29	0	0.998756	-10.351408	150	9	1.1	0.9;
./matpower/data/case13659pegase.m:2068:	1994	1	15.52	5.2	0	0.29	0	0.966913	-9.382322	110	21	1.1	0.9;
./matpower/data/case13659pegase.m:2081:	2007	1	144.7	20.3	0	6.35	0	0.998972	2.227611	220	5	1.1	0.9;
./matpower/data/case13659pegase.m:2138:	2064	1	4	172.7	1.18784	144.149627	0	1.024743	-10.705998	380	4	1.1	0.9;
./matpower/data/case13659pegase.m:2173:	2099	1	-0	0	0	0.77	0	0.966304	-5.236521	110	19	1.1	0.9;
./matpower/data/case13659pegase.m:2188:	2114	1	144.9	87.7	0.213866	36.224477	0	0.998509	12.552323	380	3	1.1	0.9;
./matpower/data/case13659pegase.m:2427:	2353	1	15.34	-1.3	0	0.71	0	0.998554	89.915574	150	1	1.1	0.9;
./matpower/data/case13659pegase.m:2565:	2491	1	0	0	0	0	0	0.966548	-5.661815	150	9	1.1	0.9;
./matpower/data/case13659pegase.m:2611:	2537	1	226.4	-13	0	15.2	0	1.009987	-18.52003	220	4	1.1	0.9;
./matpower/data/case13659pegase.m:2631:	2557	1	166.1	64.9	0.039665	2.130335	0	1.010888	-16.54274	220	4	1.1	0.9;
./matpower/data/case13659pegase.m:2672:	2598	1	0	0	0	0.06	0	0.998698	2.211508	220	19	1.1	0.9;
./matpower/data/case13659pegase.m:2696:	2622	1	-0	0	0	0.62	0	0.96688	-9.635467	150	9	1.1	0.9;
./matpower/data/case13659pegase.m:2702:	2628	1	123.9	17.6	0	11.56	0	1.02517	17.079665	154	1	1.1	0.9;
./matpower/data/case13659pegase.m:2830:	2756	2	0	0	0	0	0	0.998215	12.734047	20	18	1.1	0.9;
./matpower/data/case13659pegase.m:2965:	2891	1	153.64	29.2	0	7.65	0	1.001933	0.520394	220	6	1.1	0.9;
./matpower/data/case13659pegase.m:3026:	2952	1	-0	-0	0	6.01	0	1.059984	46.329026	380	14	1.1	0.9;
./matpower/data/case13659pegase.m:3034:	2960	1	110.09	53.32	0	0	0	0.966387	0.261157	110	18	1.1	0.9;
./matpower/data/case13659pegase.m:3272:	3198	1	-0	-0	0	144.15	0	0.966153	37.549398	400	1	1.1	0.9;
./matpower/data/case13659pegase.m:3297:	3223	1	0	-0	0	29.88	0	1.069984	-1.843245	380	1	1.2	0.8;
./matpower/data/case13659pegase.m:3392:	3318	1	24.23	6.6	0	1.05	0	0.998359	-14.319232	110	22	1.1	0.9;
./matpower/data/case13659pegase.m:3533:	3459	1	14	1.9	0	1.33	0	0.966758	19.018606	154	1	1.1	0.9;
./matpower/data/case13659pegase.m:3573:	3499	2	0	0	0	0	0	0.998951	38.095582	9	1	1.1	0.9;
./matpower/data/case13659pegase.m:3728:	3654	1	27.33	5	0	0.15	0	0.998271	89.04279	150	1	1.1	0.9;
./matpower/data/case13659pegase.m:3783:	3709	1	-15.72	5.2	0	1.02	0	0.966332	-8.051077	150	9	1.1	0.9;
./matpower/data/case13659pegase.m:3815:	3741	1	0	-0	0	5.09	0	0.998862	-13.022323	150	9	1.1	0.9;
./matpower/data/case13659pegase.m:3899:	3825	1	20.92	1.1	0	1.18	0	0.998239	-16.359764	110	22	1.1	0.9;
./matpower/data/case13659pegase.m:3900:	3826	1	16.82	5.5	0	0.11	0	0.998667	-8.872941	110	12	1.1	0.9;
./matpower/data/case13659pegase.m:3903:	3829	1	-0	0	0	0.12	0	0.966718	-9.612211	150	9	1.1	0.9;
./matpower/data/case13659pegase.m:4026:	3952	1	263.3	21.9	0.933649	45.680861	0	1.039539	40.11205	380	13	1.1	0.9;
./matpower/data/case13659pegase.m:4080:	4006	1	24.63	8.1	0	0.93	0	0.966005	-6.185631	110	21	1.1	0.9;
./matpower/data/case13659pegase.m:4098:	4024	2	0	0	0	0	0	1.049669	23.260983	20	5	1.1	0.9;
./matpower/data/case13659pegase.m:4099:	4025	2	0	0	0	0	0	1.049669	23.260983	20	5	1.1	0.9;
./matpower/data/case13659pegase.m:4329:	4255	1	-0	0	0	32.63	0	0.998069	-6.301264	220	12	1.1	0.9;
./matpower/data/case13659pegase.m:4332:	4258	1	16.72	5.5	0	0.66	0	0.998306	-13.674263	110	12	1.1	0.9;
./matpower/data/case13659pegase.m:4387:	4313	1	5.81	1.9	0	3.45	0	0.998654	-9.322995	110	12	1.1	0.9;
./matpower/data/case13659pegase.m:4409:	4335	1	80.8	11.6	0	6.96	0	0.998851	33.48563	154	1	1.1	0.9;
./matpower/data/case13659pegase.m:4448:	4374	1	-0	0	0	0.86	0	0.966228	-9.704952	150	9	1.1	0.9;
./matpower/data/case13659pegase.m:4462:	4388	1	2.2	0.8	0	1.31	0	0.96614	1.586225	110	18	1.1	0.9;
./matpower/data/case13659pegase.m:4494:	4420	1	272.3	58.5	0	23.57	0	1.009664	-14.472462	380	4	1.1	0.9;
./matpower/data/case13659pegase.m:4495:	4421	1	566.1	54.2	0	44.559841	0	0.998549	-19.873954	380	6	1.1	0.9;
./matpower/data/case13659pegase.m:4549:	4475	1	28.63	12.1	0	0.77	0	0.998935	-13.055396	110	22	1.1	0.9;
./matpower/data/case13659pegase.m:4574:	4500	1	7	1	0	4.69	0	0.998219	19.035279	154	1	1.1	0.9;
./matpower/data/case13659pegase.m:4635:	4561	1	0	-0	0	0.21	0	0.949812	-10.547801	150	9	1.1	0.9;
./matpower/data/case13659pegase.m:4703:	4629	1	15.92	12	0	6.79	0	0.949924	12.732443	220	16	1.1	0.9;
./matpower/data/case13659pegase.m:4742:	4668	2	0	0	0	0	0	0.998951	38.095582	9	1	1.1	0.9;
./matpower/data/case13659pegase.m:4817:	4743	1	0	0	0	3.71	0	0.998781	42.499423	220	8	1.1	0.9;
./matpower/data/case13659pegase.m:4841:	4767	1	-0	-0	0	5.12	0	1.004933	30.37899	380	3	1.1	0.9;
./matpower/data/case13659pegase.m:4873:	4799	1	27.8	4	0	9.38	0	0.990537	37.906966	154	1	1.1	0.9;
./matpower/data/case13659pegase.m:4879:	4805	1	33.14	11.6	0	4.51	0	1.029498	19.437343	220	5	1.1	0.9;
./matpower/data/case13659pegase.m:4922:	4848	1	70.48	16.4	0.040466	4.649534	0	0.998611	13.238352	220	5	1.1	0.9;
./matpower/data/case13659pegase.m:4986:	4912	1	-0	0	0	0.19	0	0.966719	-9.648099	150	9	1.1	0.9;
./matpower/data/case13659pegase.m:5070:	4996	1	11.5	1.7	0	3.11	0	0.966778	18.754357	154	1	1.1	0.9;
./matpower/data/case13659pegase.m:5099:	5025	2	0	0	0	0	0	1.050987	40.998977	20	10	1.1	0.9;
./matpower/data/case13659pegase.m:5109:	5035	1	15.63	4.8	0	1.21	0	0.949685	-7.51879	110	18	1.1	0.9;
./matpower/data/case13659pegase.m:5142:	5068	1	3.8	1.3	0	0.65	0	0.998339	6.169569	110	18	1.1	0.9;
./matpower/data/case13659pegase.m:5276:	5202	2	0	0	0	0	0	0.99834	24.249316	13.8	1	1.1	0.9;
./matpower/data/case13659pegase.m:5332:	5258	1	115	34.8	0.03998	3.70001	0	1.009593	-17.836874	220	4	1.1	0.9;
./matpower/data/case13659pegase.m:5396:	5322	2	0	0	0	0	0	0.99879	3.61899	20	2	1.1	0.9;
./matpower/data/case13659pegase.m:5587:	5513	1	7.61	0.5	0	0.59	0	0.966548	-0.111776	110	18	1.1	0.9;
./matpower/data/case13659pegase.m:5618:	5544	1	-0	0	0	0.46	0	0.944329	-10.949935	150	9	1.1	0.9;
./matpower/data/case13659pegase.m:5640:	5566	1	105.4	92.5	0.117734	22.942266	0	1.029668	-16.520796	220	4	1.1	0.9;
./matpower/data/case13659pegase.m:5673:	5599	1	0	-0	0	6.32	0	0.998677	-23.026413	220	6	1.1	0.9;
./matpower/data/case13659pegase.m:5713:	5639	1	33.04	10.9	0	0.97	0	0.949125	-8.184163	110	21	1.1	0.9;
./matpower/data/case13659pegase.m:5737:	5663	1	28.03	8.8	0	1.05	0	0.998779	-8.829037	110	12	1.1	0.9;
./matpower/data/case13659pegase.m:5887:	5813	1	310.8	162.6	0	19.47	0	0.966594	-29.247887	220	10	1.1	0.9;
./matpower/data/case13659pegase.m:5892:	5818	1	25	3.6	0	13	0	1.019498	21.474685	154	1	1.1	0.9;
./matpower/data/case13659pegase.m:5918:	5844	1	148	26.1	0	9.44	0	0.9664	4.444682	220	5	1.1	0.9;
./matpower/data/case13659pegase.m:5968:	5894	1	92.3	13.1	0	2.09	0	0.998753	12.721985	154	1	1.1	0.9;
./matpower/data/case13659pegase.m:6012:	5938	1	37.24	40.5	0	67.07	0	1.019496	15.814985	380	6	1.1	0.9;
./matpower/data/case13659pegase.m:6023:	5949	1	-0	-0	0	107.36	0	0.998206	29.448628	400	1	1.1	0.9;
./matpower/data/case13659pegase.m:6098:	6024	1	225.8	123	0.305983	9.235014	0	0.998597	-10.549173	220	6	1.1	0.9;
./matpower/data/case13659pegase.m:6185:	6111	1	29.03	10.1	0	2.41	0	0.998443	-1.488477	110	19	1.1	0.9;
./matpower/data/case13659pegase.m:6198:	6124	1	0	-0	0.019597	0.530403	0	0.998791	-11.061968	110	12	1.1	0.9;
./matpower/data/case13659pegase.m:6327:	6253	1	-11.81	-4.02	0	0.37	0	1.001763	-1.609966	110	18	1.1	0.9;
./matpower/data/case13659pegase.m:6499:	6425	1	-0	0	0.174934	1.86394	0	0.999966	90.949741	150	1	1.1	0.9;
./matpower/data/case13659pegase.m:6608:	6534	1	0	0	0	1	0	0.966258	9.890834	220	5	1.1	0.9;
./matpower/data/case13659pegase.m:6623:	6549	1	22.42	4.8	0	0.53	0	0.998877	-5.06743	110	3	1.1	0.9;
./matpower/data/case13659pegase.m:6637:	6563	2	0	0	0	0	0	0.998951	38.095582	9	1	1.1	0.9;
./matpower/data/case13659pegase.m:6742:	6668	1	21.12	13.1	0	0.18	0	0.966548	-5.661815	150	9	1.1	0.9;
./matpower/data/case13659pegase.m:6818:	6744	1	0	-0	0	37.74	0	0.998584	90.169777	150	1	1.1	0.9;
./matpower/data/case13659pegase.m:6964:	6890	1	25.33	8.8	0	1.39	0	0.998448	-7.205564	110	22	1.1	0.9;
./matpower/data/case13659pegase.m:7089:	7015	1	0	0	0	0	0	0.998601	-10.373841	150	9	1.1	0.9;
./matpower/data/case13659pegase.m:7280:	7206	1	71.6	10.2	0	58.47	0	0.97201	10.933304	400	1	1.1	0.9;
./matpower/data/case13659pegase.m:7297:	7223	1	-0	-0	0.049332	27.640668	0	1.03301	-15.651629	380	4	1.1	0.9;
./matpower/data/case13659pegase.m:7417:	7343	1	159.27	38.31	0	2.18	0	1.019982	14.451272	220	5	1.1	0.9;
./matpower/data/case13659pegase.m:7502:	7428	2	0	0	0	0	0	1.049495	12.649819	20	5	1.1	0.9;
./matpower/data/case13659pegase.m:7569:	7495	1	12.31	3	0	0.98	0	0.966785	-7.214159	110	18	1.1	0.9;
./matpower/data/case13659pegase.m:7594:	7520	1	1.63	8.8	0	0.16	0	0.966985	-9.629605	150	9	1.1	0.9;
./matpower/data/case13659pegase.m:7596:	7522	1	-0	0	0	1.33	0	0.99887	-8.910757	150	9	1.1	0.9;
./matpower/data/case13659pegase.m:7628:	7554	1	182.18	36.4	0	7.79	0	0.966012	-26.182023	220	6	1.1	0.9;
./matpower/data/case13659pegase.m:7652:	7578	1	10.8	1.6	0	2.88	0	0.966425	19.011458	154	1	1.1	0.9;
./matpower/data/case13659pegase.m:7659:	7585	2	0	0	0	0	0	0.998951	38.095582	9	1	1.1	0.9;
./matpower/data/case13659pegase.m:7766:	7692	1	46.05	1	0.058848	3.14096	0	0.998297	91.50797	150	1	1.1	0.9;
./matpower/data/case13659pegase.m:7878:	7804	1	58.16	16.5	0	6.24	0	1.029984	17.936173	220	5	1.1	0.9;
./matpower/data/case13659pegase.m:8028:	7954	1	0	0	0.05035	5.60965	0	0.998859	-19.342822	220	4	1.1	0.9;
./matpower/data/case13659pegase.m:8184:	8110	2	0	0	0	0	0	1.055415	20.933966	20	14	1.1	0.9;
./matpower/data/case13659pegase.m:8186:	8112	2	0	0	0	0	0	1.055415	20.933966	20	14	1.1	0.9;
./matpower/data/case13659pegase.m:8194:	8120	1	-0	0	0	0.17	0	0.966664	-9.644625	150	9	1.1	0.9;
./matpower/data/case13659pegase.m:8235:	8161	1	-0	0	0.06177	8.002243	0	0.998943	95.769564	380	1	1.1	0.9;
./matpower/data/case13659pegase.m:8281:	8207	1	27.46	5.87	0	0.8	0	0.96659	-5.094534	110	18	1.1	0.9;
./matpower/data/case13659pegase.m:8304:	8230	1	0	-0	0.181156	1.859101	0	0.998349	-1.002676	220	10	1.1	0.9;
./matpower/data/case13659pegase.m:8313:	8239	1	-0.21	-1.04	0	0	0	0.998394	26.560836	150	8	1.1	0.9;
./matpower/data/case13659pegase.m:8395:	8321	2	0	0	0	0	0	0.998025	27.572524	154	1	1.1	0.9;
./matpower/data/case13659pegase.m:8438:	8364	1	210.7	30	0	116.98	0	0.998121	2.826748	400	1	1.1	0.9;
./matpower/data/case13659pegase.m:8584:	8510	1	0	-0	0.29	-0.42	0	0.998909	45.144777	380	2	1.1	0.9;
./matpower/data/case13659pegase.m:8599:	8525	1	2.2	-0.48	0	3.47	0	0.998818	-9.928904	150	9	1.1	0.9;
./matpower/data/case13659pegase.m:8651:	8577	2	0	0	0	0	0	1.039495	25.225942	20	14	1.1	0.9;
./matpower/data/case13659pegase.m:8652:	8578	2	0	0	0	0	0	1.039495	25.225942	20	14	1.1	0.9;
./matpower/data/case13659pegase.m:8695:	8621	1	-0	0	0	1.75	0	1.019496	22.104164	150	8	1.1	0.9;
./matpower/data/case13659pegase.m:8726:	8652	1	114.4	34.2	0.019661	4.460339	0	1.016464	14.858583	220	5	1.1	0.9;
./matpower/data/case13659pegase.m:8758:	8684	1	43.25	15.2	0.03938	0.18062	0	0.998764	-1.713308	110	18	1.1	0.9;
./matpower/data/case13659pegase.m:8768:	8694	1	148.2	65.3	0	10.51	0	1.00949	12.391585	380	3	1.1	0.9;
./matpower/data/case13659pegase.m:8906:	8832	1	13.31	2.8	0	0.88	0	0.998808	-3.513311	110	18	1.1	0.9;
./matpower/data/case13659pegase.m:8923:	8849	1	-14.58	-5.96	0	4.76	0	1.009499	4.528531	220	6	1.1	0.9;
./matpower/data/case13659pegase.m:8953:	8879	1	26.23	8.6	0	6.14	0	0.998148	-8.920058	110	12	1.1	0.9;
./matpower/data/case13659pegase.m:9001:	8927	1	0	-0	0	0.05	0	0.966455	-9.685045	150	9	1.1	0.9;
./matpower/data/case13659pegase.m:9021:	8947	1	55.8	7.9	0	11.5	0	0.998	10.001814	154	1	1.1	0.9;
./matpower/data/case13659pegase.m:9049:	8975	1	-0	-0	0	37.02	0	1.02966	70.488194	380	3	1.1	0.9;
./matpower/data/case13659pegase.m:9057:	8983	1	116.2	16.5	0	2.4	0	0.998637	27.042734	154	1	1.1	0.9;
./matpower/data/case13659pegase.m:9070:	8996	1	67.98	54.6	0	3.39	0	0.966187	48.309261	220	3	1.1	0.9;
./matpower/data/case13659pegase.m:9092:	9018	1	-0	-0	0.039334	1.160333	0	1.013542	14.132282	220	5	1.1	0.9;
./matpower/data/case13659pegase.m:9095:	9021	1	-0	0	0	0.29	0	0.96673	-9.641623	150	9	1.1	0.9;
./matpower/data/case13659pegase.m:9191:	9117	1	-0	0	0	86.73	0	0.998796	-9.18697	380	5	1.1	0.9;
./matpower/data/case13659pegase.m:9208:	9134	1	45.05	12.7	0	1.73	0	0.998994	-9.854786	110	22	1.1	0.9;
./matpower/data/case13659pegase.m:9244:	9170	1	100.1	44.5	0	3.28	0	0.998493	-23.037485	220	6	1.1	0.9;
./matpower/data/case13659pegase.m:9344:	9270	1	0	-0	0.039331	1.250334	0	1.021841	-1.962085	110	18	1.1	0.9;
./matpower/data/case13659pegase.m:9385:	9311	1	105.5	24.7	0	58.37	0	0.998366	-7.281753	220	6	1.1	0.9;
./matpower/data/case13659pegase.m:9418:	9344	1	16.52	3.3	0	0.37	0	0.998231	-17.176137	110	22	1.1	0.9;
./matpower/data/case13659pegase.m:9429:	9355	1	80.09	19	0	1.88	0	1.019668	-2.710611	110	15	1.1	0.9;
./matpower/data/case13659pegase.m:9441:	9367	1	62.7	9	0	1.55	0	0.996384	33.202949	154	1	1.1	0.9;
./matpower/data/case13659pegase.m:9527:	9453	1	71.68	14.8	0	13.66	0	0.998614	-23.017212	220	6	1.1	0.9;
./matpower/data/case13659pegase.m:9693:	9619	2	0	0	0	0	0	1.025226	0.949671	20	6	1.1	0.9;
./matpower/data/case13659pegase.m:9696:	9622	2	0	0	0	0	0	1.025226	0.949671	20	6	1.1	0.9;
./matpower/data/case13659pegase.m:9934:	9860	2	0	0	0	0	0	0.998215	12.734047	20	18	1.1	0.9;
./matpower/data/case13659pegase.m:9991:	9917	1	50.96	17	0	0.31	0	0.998017	-7.448126	110	21	1.1	0.9;
./matpower/data/case13659pegase.m:10017:	9943	1	-0	-0	0	0.05	0	0.966804	-9.648323	150	9	1.1	0.9;
./matpower/data/case13659pegase.m:10202:	10128	1	76.38	6.8	0.039079	2.110691	0	0.9986	90.164736	150	1	1.1	0.9;
./matpower/data/case13659pegase.m:10207:	10133	1	0	0	0	0.71	0	0.966583	-5.616871	150	9	1.1	0.9;
./matpower/data/case13659pegase.m:10258:	10184	1	-0	-0	0	7.51	0	0.998885	2.232778	220	19	1.1	0.9;
./matpower/data/case13659pegase.m:10312:	10238	2	0	0	0	0	0	0.99879	3.61899	20	2	1.1	0.9;
./matpower/data/case13659pegase.m:10459:	10385	1	20.02	8.5	0	1.68	0	0.949279	-0.499054	110	18	1.1	0.9;
./matpower/data/case13659pegase.m:10466:	10392	1	282.5	56.2	0	8.6	0	0.998615	-13.124885	380	6	1.1	0.9;
./matpower/data/case13659pegase.m:10493:	10419	1	-0	0	0	0.28	0	0.998209	-5.886993	110	3	1.1	0.9;
./matpower/data/case13659pegase.m:10506:	10432	2	0	0	0	0	0	0.998217	13.335097	20	5	1.1	0.9;
./matpower/data/case13659pegase.m:10513:	10439	2	0	0	0	0	0	0.998217	13.335097	20	5	1.1	0.9;
./matpower/data/case13659pegase.m:10528:	10454	1	-0	0	0.094706	0.435294	0	1.049983	5.255239	220	21	1.1	0.9;
./matpower/data/case13659pegase.m:10603:	10529	1	-18.52	6.1	0	1.01	0	1.01949	-6.454647	150	9	1.1	0.9;
./matpower/data/case13659pegase.m:10688:	10614	1	7.41	2.7	0	0.61	0	0.998681	-5.302422	110	19	1.1	0.9;
./matpower/data/case13659pegase.m:10775:	10701	1	0	-0	0	0	0	0.998771	-8.905049	150	9	1.1	0.9;
./matpower/data/case13659pegase.m:10892:	10818	1	-0	-0	0	0.63	0	0.998652	13.237944	220	5	1.1	0.9;
./matpower/data/case13659pegase.m:10954:	10880	1	4.2	0.6	0	2.98	0	0.99896	35.843784	154	1	1.1	0.9;
./matpower/data/case13659pegase.m:10963:	10889	1	0	-0	0.039495	0.960505	0	1.015268	-1.232652	220	19	1.1	0.9;
./matpower/data/case13659pegase.m:11011:	10937	1	1.5	0.4	0	0.66	0	0.966707	0.298451	110	18	1.1	0.9;
./matpower/data/case13659pegase.m:11030:	10956	1	0	0	0	0.04	0	0.966842	-9.620847	150	9	1.1	0.9;
./matpower/data/case13659pegase.m:11087:	11013	1	125.4	17.8	0	7.64	0	0.99812	29.873325	154	1	1.1	0.9;
./matpower/data/case13659pegase.m:11092:	11018	1	26.23	8.4	0	0.96	0	0.99801	-10.108962	110	12	1.1	0.9;
./matpower/data/case13659pegase.m:11101:	11027	1	130.5	17.2	0	5.65	0	0.99836	-22.714373	220	6	1.1	0.9;
./matpower/data/case13659pegase.m:11127:	11053	1	8.98	-3.79	0	2.86	0	0.998763	89.131252	150	1	1.1	0.9;
./matpower/data/case13659pegase.m:11134:	11060	1	-0	0	0	0.81	0	1.03274	40.004966	110	8	1.1	0.9;
./matpower/data/case13659pegase.m:11144:	11070	1	-0	0	0	12.4	0	1.049335	-12.691784	380	1	1.1	0.9;
./matpower/data/case13659pegase.m:11209:	11135	1	8.31	3	0	1.27	0	0.949807	-0.06613	110	19	1.1	0.9;
./matpower/data/case13659pegase.m:11234:	11160	1	90.5	12.8	0	6.78	0	0.998522	27.102964	154	1	1.1	0.9;
./matpower/data/case13659pegase.m:11247:	11173	1	5.5	0.8	0	1.9	0	0.99898	15.395595	154	1	1.1	0.9;
./matpower/data/case13659pegase.m:11255:	11181	1	110.1	44.6	0.04004	2.98997	0	0.998612	-7.023033	220	6	1.1	0.9;
./matpower/data/case13659pegase.m:11343:	11269	1	90.2	30.3	0.039983	2.510017	0	1.00751	-6.732268	110	21	1.1	0.9;
./matpower/data/case13659pegase.m:11487:	11413	1	0	-0	0.11	2.57	0	0.998061	-2.568006	220	21	1.1	0.9;
./matpower/data/case13659pegase.m:11653:	11579	2	0	0	0	0	0	1.050987	40.998977	20	10	1.1	0.9;
./matpower/data/case13659pegase.m:11994:	11920	2	0	0	0	0	0	0.998951	38.095582	9	1	1.1	0.9;
./matpower/data/case13659pegase.m:12048:	11974	1	11.01	4	0	0.73	0	0.966317	0.966505	110	19	1.1	0.9;
./matpower/data/case13659pegase.m:12066:	11992	1	-0	-0	0	4.47	0	0.966158	-9.712391	150	9	1.1	0.9;
./matpower/data/case13659pegase.m:12096:	12022	1	-0	0	0	0.39	0	0.998709	-8.901449	150	9	1.1	0.9;
./matpower/data/case13659pegase.m:12136:	12062	1	-134.35	-6.5	0	3.38	0	0.998503	-10.411516	150	10	1.1	0.9;
./matpower/data/case13659pegase.m:12175:	12101	1	0	0	0.019665	0.420335	0	1.029639	17.04104	220	5	1.1	0.9;
./matpower/data/case13659pegase.m:12255:	12181	1	40.05	20	0	7.45	0	0.998766	-23.003981	220	6	1.1	0.9;
./matpower/data/case13659pegase.m:12305:	12231	1	99.3	23.6	0	1.77	0	0.998346	-4.38145	110	21	1.1	0.9;
./matpower/data/case13659pegase.m:12390:	12316	1	2.8	1	0	0.74	0	0.998315	-1.39854	110	19	1.1	0.9;
./matpower/data/case13659pegase.m:12656:	12582	2	0	0	0	0	0	1.049495	12.649819	20	5	1.1	0.9;
./matpower/data/case13659pegase.m:12657:	12583	2	0	0	0	0	0	1.049495	12.649819	20	5	1.1	0.9;
./matpower/data/case13659pegase.m:12711:	12637	1	15.32	3.5	0	0.69	0	0.998377	6.098094	110	18	1.1	0.9;
./matpower/data/case13659pegase.m:12721:	12647	2	0	0	0	0	0	1.029333	-7.499675	20	6	1.1	0.9;
./matpower/data/case13659pegase.m:12722:	12648	2	0	0	0	0	0	1.029333	-7.499675	20	6	1.1	0.9;
./matpower/data/case13659pegase.m:12724:	12650	2	0	0	0	0	0	1.029333	-7.499675	20	6	1.1	0.9;
./matpower/data/case13659pegase.m:12727:	12653	2	0	0	0	0	0	1.029333	-7.499675	20	6	1.1	0.9;
./matpower/data/case13659pegase.m:12819:	12745	1	136	36.1	0	6.07	0	0.998919	12.925679	220	5	1.1	0.9;
./matpower/data/case13659pegase.m:12828:	12754	1	0	-0	0	117.47	0	1.015754	-20.966355	380	4	1.1	0.9;
./matpower/data/case13659pegase.m:12941:	12867	1	0	-0	0	20.75	0	1.021041	-10.966008	150	9	1.1	0.9;
./matpower/data/case13659pegase.m:13001:	12927	1	25	3.6	0	3.77	0	0.998271	35.539323	154	1	1.1	0.9;
./matpower/data/case13659pegase.m:13009:	12935	1	-0	-0	0	0.93	0	1.009492	30.233366	154	1	1.1	0.9;
./matpower/data/case13659pegase.m:13020:	12946	2	0	0	0	0	0	0.998951	38.095582	9	1	1.1	0.9;
./matpower/data/case13659pegase.m:13032:	12958	1	-0.21	-1.04	0	0	0	0.998386	26.560735	150	8	1.1	0.9;
./matpower/data/case13659pegase.m:13114:	13040	1	12.02	3.6	0	0.47	0	0.966671	-6.553134	110	18	1.1	0.9;
./matpower/data/case13659pegase.m:13158:	13084	1	20.02	12.4	0	0.03	0	0.966992	-14.766387	150	9	1.1	0.9;
./matpower/data/case13659pegase.m:13176:	13102	1	-0	0	0	0.2	0	0.966688	-9.645178	150	9	1.1	0.9;
./matpower/data/case13659pegase.m:13209:	13135	1	426.6	32.4	0.157467	3.3319	0	1.019336	-25.362726	220	4	1.1	0.9;
./matpower/data/case13659pegase.m:13299:	13225	1	0	-0	0	3.72	0	0.998123	-23.060675	220	6	1.1	0.9;
./matpower/data/case13659pegase.m:13365:	13291	1	-8.49	-17.09	0	0	0	0.998718	26.916364	150	8	1.1	0.9;
./matpower/data/case13659pegase.m:13450:	13376	1	27.93	11.1	0.217305	30.057967	0	1.089497	1.416675	380	21	1.2	0.8;
./matpower/data/case13659pegase.m:13504:	13430	1	50.2	7.1	0	3.52	0	0.998645	10.064174	154	1	1.1	0.9;
./matpower/data/case13659pegase.m:13549:	13475	1	25.03	12	0	2.76	0	0.998052	-0.623483	220	6	1.1	0.9;
./matpower/data/case13659pegase.m:13554:	13480	1	0	0	0	37.112979	0	0.998235	2.780849	380	5	1.1	0.9;
./matpower/data/case13659pegase.m:13596:	13522	1	-0	0	0.24842	10.168602	0	0.94985	0.99867	220	19	1.1	0.9;
./matpower/data/case13659pegase.m:13649:	13575	1	156.3	34.9	0	125.56	0	1.059983	-1.662639	380	20	1.1	0.9;
./matpower/data/case13659pegase.m:13889:	552	30.6	-1.46	20	-20	0.99834	100	1	100	20.4	0	0	0	0	0	0	0	0	0	0	0;
./matpower/data/case13659pegase.m:14208:	1834	14.99	2.45	10	-10	0.998251	100	1	100	9.99	0	0	0	0	0	0	0	0	0	0	0;
./matpower/data/case13659pegase.m:14477:	2756	22.5	7.8	30	-10	0.998215	100	1	100	15	0	0	0	0	0	0	0	0	0	0	0;
./matpower/data/case13659pegase.m:14696:	3499	31.3	-0.89	20	-20	0.998951	100	1	100	20.87	0	0	0	0	0	0	0	0	0	0	0;
./matpower/data/case13659pegase.m:14840:	4024	27.42	7.69	30	-10	1.049669	100	1	100	18.28	0	0	0	0	0	0	0	0	0	0	0;
./matpower/data/case13659pegase.m:14841:	4025	27.42	7.69	30	-10	1.049669	100	1	100	18.28	0	0	0	0	0	0	0	0	0	0	0;
./matpower/data/case13659pegase.m:15078:	4668	31.3	-0.89	20	-20	0.998951	100	1	100	20.87	0	0	0	0	0	0	0	0	0	0	0;
./matpower/data/case13659pegase.m:15279:	5202	30.6	-1.46	20	-20	0.99834	100	1	100	20.4	0	0	0	0	0	0	0	0	0	0	0;
./matpower/data/case13659pegase.m:15326:	5322	24.81	-3.88	30	-10	0.99879	100	1	100	16.54	0	0	0	0	0	0	0	0	0	0	0;
./matpower/data/case13659pegase.m:15689:	6563	31.3	-0.89	20	-20	0.998951	100	1	100	20.87	0	0	0	0	0	0	0	0	0	0	0;
./matpower/data/case13659pegase.m:15923:	7428	38.56	8.03	30	-10	1.049495	100	1	100	25.71	0	0	0	0	0	0	0	0	0	0	0;
./matpower/data/case13659pegase.m:15970:	7585	31.3	-0.89	20	-20	0.998951	100	1	100	20.87	0	0	0	0	0	0	0	0	0	0	0;
./matpower/data/case13659pegase.m:16156:	8321	-42.07	-6.87	40	-70	0.998025	100	1	100	-56.09	0	0	0	0	0	0	0	0	0	0	0;
./matpower/data/case13659pegase.m:16233:	8577	21.89	8.72	30	-10	1.039495	100	1	100	14.59	0	0	0	0	0	0	0	0	0	0	0;
./matpower/data/case13659pegase.m:16234:	8578	21.89	8.72	30	-10	1.039495	100	1	100	14.59	0	0	0	0	0	0	0	0	0	0	0;
./matpower/data/case13659pegase.m:16630:	9860	22.5	7.8	30	-10	0.998215	100	1	100	15	0	0	0	0	0	0	0	0	0	0	0;
./matpower/data/case13659pegase.m:16745:	10238	24.81	-3.88	30	-10	0.99879	100	1	100	16.54	0	0	0	0	0	0	0	0	0	0	0;
./matpower/data/case13659pegase.m:16810:	10432	12.66	5.6	30	-10	0.998217	100	1	100	8.44	0	0	0	0	0	0	0	0	0	0	0;
./matpower/data/case13659pegase.m:16817:	10439	12.66	5.6	30	-10	0.998217	100	1	100	8.44	0	0	0	0	0	0	0	0	0	0	0;
./matpower/data/case13659pegase.m:17287:	11920	31.3	-0.89	20	-20	0.998951	100	1	100	20.87	0	0	0	0	0	0	0	0	0	0	0;
./matpower/data/case13659pegase.m:17500:	12582	38.56	8.03	30	-10	1.049495	100	1	100	25.71	0	0	0	0	0	0	0	0	0	0	0;
./matpower/data/case13659pegase.m:17501:	12583	38.56	8.03	30	-10	1.049495	100	1	100	25.71	0	0	0	0	0	0	0	0	0	0	0;
./matpower/data/case13659pegase.m:17521:	12647	85.48	16.57	60	-20	1.029333	100	1	200	56.99	0	0	0	0	0	0	0	0	0	0	0;
./matpower/data/case13659pegase.m:17522:	12648	85.48	16.57	60	-20	1.029333	100	1	200	56.99	0	0	0	0	0	0	0	0	0	0	0;
./matpower/data/case13659pegase.m:17523:	12650	85.48	16.57	60	-20	1.029333	100	1	200	56.99	0	0	0	0	0	0	0	0	0	0	0;
./matpower/data/case13659pegase.m:17526:	12653	85.48	16.57	60	-20	1.029333	100	1	200	56.99	0	0	0	0	0	0	0	0	0	0	0;
./matpower/data/case13659pegase.m:17635:	12946	31.3	-0.89	20	-20	0.998951	100	1	100	20.87	0	0	0	0	0	0	0	0	0	0	0;
./matpower/data/case13659pegase.m:17942:	3223	9919	0.00152	0.01949	0	0	0	0	0	0	1	-360	360;
./matpower/data/case13659pegase.m:17996:	3314	879	0.0043	0.01949	0	0	0	0	0	0	1	-360	360;
./matpower/data/case13659pegase.m:18086:	2031	372	0.00511	0.02949	0	0	0	0	0	0	1	-360	360;
./matpower/data/case13659pegase.m:18249:	11268	11750	0.00064	0.00998	0	0	0	0	0	0	1	-360	360;
./matpower/data/case13659pegase.m:18514:	7310	1769	0.049669	0.141083	0	0	0	0	0	0	1	-360	360;
./matpower/data/case13659pegase.m:18524:	7418	3659	0.009331	0.027413	0	0	0	0	0	0	1	-360	360;
./matpower/data/case13659pegase.m:18641:	1375	8855	0.029496	0.09295	0	0	0	0	0	0	1	-360	360;
./matpower/data/case13659pegase.m:18737:	5137	4174	0.006458	0.039982	0	0	0	0	0	0	1	-360	360;
./matpower/data/case13659pegase.m:18881:	9872	13113	0.002471	0.009331	0	0	0	0	0	0	1	-360	360;
./matpower/data/case13659pegase.m:18988:	10766	12254	0.069983	0.127058	0	0	0	0	0	0	1	-360	360;
./matpower/data/case13659pegase.m:19004:	704	4122	0.009661	0.04095	0	0	0	0	0	0	1	-360	360;
./matpower/data/case13659pegase.m:19028:	13276	2261	0.009331	0.045339	0	0	0	0	0	0	1	-360	360;
./matpower/data/case13659pegase.m:19406:	4783	3764	0.00355	0.019669	0	0	0	0	0	0	1	-360	360;
./matpower/data/case13659pegase.m:19698:	917	9099	19.22748	20.93388	0	0	0	0	0	0	1	-360	360;
./matpower/data/case13659pegase.m:20098:	5344	1467	0.119159	0.998905	0	0	0	0	0	0	1	-360	360;
./matpower/data/case13659pegase.m:20813:	5470	9499	0.01954	0.281191	0	0	0	0	0	0	1	-360	360;
./matpower/data/case13659pegase.m:21000:	4740	9661	0.00034	0.00243	0	0	0	0	0	0	1	-360	360;
./matpower/data/case13659pegase.m:21015:	5190	949	0.00338	0.01488	0	0	0	0	0	0	1	-360	360;
./matpower/data/case13659pegase.m:21081:	6735	7472	0.001331	0.009331	0	0	0	0	0	0	1	-360	360;
./matpower/data/case13659pegase.m:21108:	10225	11358	0.05949	0.340661	0	0	0	0	0	0	1	-360	360;
./matpower/data/case13659pegase.m:21197:	2771	7990	0.00128	0.00933	0	0	0	0	0	0	1	-360	360;
./matpower/data/case13659pegase.m:21211:	700	13243	0.005081	0.029331	0	0	0	0	0	0	1	-360	360;
./matpower/data/case13659pegase.m:21486:	5557	3260	0.05061	0.949861	0	0	0	0	0	0	1	-360	360;
./matpower/data/case13659pegase.m:21542:	7818	7012	0.07358	0.966343	0	0	0	0	0	0	1	-360	360;
./matpower/data/case13659pegase.m:21561:	2027	1209	0.02949	0.13405	0	0	0	0	0	0	1	-360	360;
./matpower/data/case13659pegase.m:21960:	12396	9924	0.004651	0.039669	0	0	0	0	0	0	1	-360	360;
./matpower/data/case13659pegase.m:21985:	9637	5994	0.013	0.049983	0	0	0	0	0	0	1	-360	360;
./matpower/data/case13659pegase.m:22268:	3545	10628	0.00949	0.05145	0	0	0	0	0	0	1	-360	360;
./matpower/data/case13659pegase.m:22277:	9185	3807	0.009711	0.059669	0	0	0	0	0	0	1	-360	360;
./matpower/data/case13659pegase.m:22297:	4623	1625	0.00236	0.01933	0	0	0	0	0	0	1	-360	360;
./matpower/data/case13659pegase.m:22655:	1018	4248	0.00169	0.009331	0	0	0	0	0	0	1	-360	360;
./matpower/data/case13659pegase.m:22772:	3492	10272	0.00238	0.01949	0	0	0	0	0	0	1	-360	360;
./matpower/data/case13659pegase.m:22846:	216	5435	0.009669	0.05649	0	0	0	0	0	0	1	-360	360;
./matpower/data/case13659pegase.m:22912:	6501	7695	0.00143	0.009331	0	0	0	0	0	0	1	-360	360;
./matpower/data/case13659pegase.m:22979:	375	7714	0.00949	0.06625	0	0	0	0	0	0	1	-360	360;
./matpower/data/case13659pegase.m:23404:	83	8374	0.00339	0.019669	0	0	0	0	0	0	1	-360	360;
./matpower/data/case13659pegase.m:23498:	2058	11287	0.001219	0.00949	0	0	0	0	0	0	1	-360	360;
./matpower/data/case13659pegase.m:23504:	5857	9324	0.004289	0.019331	0	0	0	0	0	0	1	-360	360;
./matpower/data/case13659pegase.m:23689:	11274	6212	0.00105	0.00966	0	0	0	0	0	0	1	-360	360;
./matpower/data/case13659pegase.m:23994:	7320	9331	0.00038	0.002271	0	0	0	0	0	0	1	-360	360;
./matpower/data/case13659pegase.m:24032:	2863	169	0.001229	0.009669	0	0	0	0	0	0	1	-360	360;
./matpower/data/case13659pegase.m:24050:	1153	9849	0.001729	0.019331	0	0	0	0	0	0	1	-360	360;
./matpower/data/case13659pegase.m:24527:	10468	13541	0.00262	0.019669	0	0	0	0	0	0	1	-360	360;
./matpower/data/case13659pegase.m:24844:	6943	5395	0.009669	0.03513	0	0	0	0	0	0	1	-360	360;
./matpower/data/case13659pegase.m:24921:	7229	5545	0.004039	0.029669	0	0	0	0	0	0	1	-360	360;
./matpower/data/case13659pegase.m:25423:	7809	3433	0.006231	0.029498	0	0	0	0	0	0	1	-360	360;
./matpower/data/case13659pegase.m:25567:	1610	1588	0.02368	0.099338	0	0	0	0	0	0	1	-360	360;
./matpower/data/case13659pegase.m:26194:	5954	8083	0.006591	0.029498	0	0	0	0	0	0	1	-360	360;
./matpower/data/case13659pegase.m:26323:	3002	7433	0.019496	0.078083	0	0	0	0	0	0	1	-360	360;
./matpower/data/case13659pegase.m:26327:	187	9093	0.044	0.099339	0	0	0	0	0	0	1	-360	360;
./matpower/data/case13659pegase.m:26842:	1700	998	0.00037	0.00589	0	0	0	0	0	0	1	-360	360;
./matpower/data/case13659pegase.m:27236:	12534	11008	0.00587	0.02949	0	0	0	0	0	0	1	-360	360;
./matpower/data/case13659pegase.m:27329:	10679	92	0.005198	0.019331	0	0	0	0	0	0	1	-360	360;
./matpower/data/case13659pegase.m:27346:	5329	5577	0.049339	0.138727	0	0	0	0	0	0	1	-360	360;
./matpower/data/case13659pegase.m:27400:	10839	11072	0.004	0.019339	0	0	0	0	0	0	1	-360	360;
./matpower/data/case13659pegase.m:28656:	8480	9390	0.004901	0.02949	0	0	0	0	0	0	1	-360	360;
./matpower/data/case13659pegase.m:29232:	1336	172	0.014298	0.039983	0	0	0	0	0	0	1	-360	360;
./matpower/data/case13659pegase.m:29305:	2578	451	0.008083	0.029661	0	0	0	0	0	0	1	-360	360;
./matpower/data/case13659pegase.m:29444:	10937	3594	0.029496	0.076149	0	0	0	0	0	0	1	-360	360;
./matpower/data/case13659pegase.m:29456:	8463	10190	0.008281	0.029331	0	0	0	0	0	0	1	-360	360;
./matpower/data/case13659pegase.m:29590:	1316	12206	0.009669	0.023033	0	0	0	0	0	0	1	-360	360;
./matpower/data/case13659pegase.m:29641:	3467	6657	0.004223	0.009339	0	0	0	0	0	0	1	-360	360;
./matpower/data/case13659pegase.m:29727:	7188	3537	0.040339	0.079496	0	0	0	0	0	0	1	-360	360;
./matpower/data/case13659pegase.m:29814:	10812	11357	0.049983	0.088198	0	0	0	0	0	0	1	-360	360;
./matpower/data/case13659pegase.m:29898:	9135	12490	0.039661	0.101099	0	0	0	0	0	0	1	-360	360;
./matpower/data/case13659pegase.m:30084:	6681	12354	0.019983	0.054711	0	0	0	0	0	0	1	-360	360;
./matpower/data/case13659pegase.m:30115:	12427	10500	0.04943	0.099331	0	0	0	0	0	0	1	-360	360;
./matpower/data/case13659pegase.m:30135:	6450	12567	0.00637	0.029669	0	0	0	0	0	0	1	-360	360;
./matpower/data/case13659pegase.m:30249:	7264	4082	0.009669	0.04251	0	0	0	0	0	0	1	-360	360;
./matpower/data/case13659pegase.m:30885:	2765	9684	0.02949	0.14059	0	0	0	0	0	0	1	-360	360;
./matpower/data/case13659pegase.m:31033:	2704	10703	0.01458	0.06949	0	0	0	0	0	0	1	-360	360;
./matpower/data/case13659pegase.m:31201:	10125	13515	0.00966	0.04606	0	0	0	0	0	0	1	-360	360;
./matpower/data/case13659pegase.m:31203:	3554	8160	0.01858	0.05966	0	0	0	0	0	0	1	-360	360;
./matpower/data/case13659pegase.m:31314:	5574	13416	0.01458	0.06949	0	0	0	0	0	0	1	-360	360;
./matpower/data/case13659pegase.m:31350:	13100	9668	0.05405	0.17357	0	0	0	0	0	0	1	-360	360;
./matpower/data/case13659pegase.m:31352:	8280	9668	0.03254	0.19959	0	0	0	0	0	0	1	-360	360;
./matpower/data/case13659pegase.m:31361:	474	10726	0.00232	0.02949	0	0	0	0	0	0	1	-360	360;
./matpower/data/case13659pegase.m:31421:	667	9253	0.04949	0.15892	0	0	0	0	0	0	1	-360	360;
./matpower/data/case13659pegase.m:31675:	9701	11180	0.000121	0.016316	0	0	0	0	0.998827	0.048422	1	-360	360;
./matpower/data/case13659pegase.m:31685:	8134	8509	0.000121	0.015958	0	0	0	0	0.998827	0.048422	1	-360	360;
./matpower/data/case13659pegase.m:31686:	8134	5450	0.000121	0.014773	0	0	0	0	0.998827	0.048422	1	-360	360;
./matpower/data/case13659pegase.m:31690:	11750	404	0.000463	0.031001	0	0	0	0	0.966619	0	1	-360	360;
./matpower/data/case13659pegase.m:31697:	3925	10834	0.0022	0.065399	0	0	0	0	0.966291	0	1	-360	360;
./matpower/data/case13659pegase.m:31728:	7727	3277	0.000559	0.039982	0	0	0	0	0.938747	0	1	-360	360;
./matpower/data/case13659pegase.m:31826:	5852	2346	0.001134	0.053193	0	0	0	0	0.998185	0	1	-360	360;
./matpower/data/case13659pegase.m:32181:	12474	9401	0.966621	4.164474	0	0	0	0	0	0	1	-360	360;
./matpower/data/case13659pegase.m:32370:	2843	13196	0.00046	0.03512	0	0	0	0	0.998397	0	1	-360	360;
./matpower/data/case13659pegase.m:32427:	1649	13016	0.949862	3.139543	0	0	0	0	0	0	1	-360	360;
./matpower/data/case13659pegase.m:32658:	3291	12396	0.000243	0.01637	0	0	0	0	0.933986	-0.032541	1	-360	360;
./matpower/data/case13659pegase.m:32661:	739	12396	0.000231	0.015741	0	0	0	0	0.933986	-0.032541	1	-360	360;
./matpower/data/case13659pegase.m:32680:	9727	9494	0.000768	0.027532	0	0	0	0	0.998512	0	1	-360	360;
./matpower/data/case13659pegase.m:32695:	6230	3205	0.000214	0.018189	0	0	0	0	0.966505	0	1	-360	360;
./matpower/data/case13659pegase.m:32742:	10840	7911	0.000616	0.030505	0	0	0	0	0.998594	0	1	-360	360;
./matpower/data/case13659pegase.m:32743:	10840	7911	0.000626	0.029369	0	0	0	0	0.998622	0	1	-360	360;
./matpower/data/case13659pegase.m:32767:	11083	4466	0.000197	0.019495	0	0	0	0	0.992052	0	1	-360	360;
./matpower/data/case13659pegase.m:32771:	1060	5766	0.000593	0.031521	0	0	0	0	0.998708	0	1	-360	360;
./matpower/data/case13659pegase.m:32772:	1060	5766	0.000612	0.031123	0	0	0	0	0.998743	0	1	-360	360;
./matpower/data/case13659pegase.m:32832:	9749	7207	0.000344	0.029336	0	0	0	0	0.940894	0	1	-360	360;
./matpower/data/case13659pegase.m:32867:	3395	544	0.000323	0.025478	0	0	0	0	0.966322	0	1	-360	360;
./matpower/data/case13659pegase.m:32878:	8137	1420	0.000355	0.027305	0	0	0	0	0.933898	0	1	-360	360;
./matpower/data/case13659pegase.m:32879:	8137	1420	0.000355	0.026666	0	0	0	0	0.93371	0	1	-360	360;
./matpower/data/case13659pegase.m:32888:	1185	8038	0.000344	0.024893	0	0	0	0	0.933442	0	1	-360	360;
./matpower/data/case13659pegase.m:32914:	2507	5664	0.000334	0.029986	0	0	0	0	0.93499	0	1	-360	360;
./matpower/data/case13659pegase.m:32921:	12476	8034	0.000334	0.026812	0	0	0	0	0.949752	0	1	-360	360;
./matpower/data/case13659pegase.m:32944:	9592	12495	0.000323	0.028554	0	0	0	0	0.933305	0	1	-360	360;
./matpower/data/case13659pegase.m:32945:	9592	12495	0.000302	0.026437	0	0	0	0	0.933048	0	1	-360	360;
./matpower/data/case13659pegase.m:32952:	1465	10468	0.000344	0.029667	0	0	0	0	0.928657	0	1	-360	360;
./matpower/data/case13659pegase.m:32953:	1465	55	0.000334	0.02748	0	0	0	0	0.933328	0	1	-360	360;
./matpower/data/case13659pegase.m:32971:	10630	6586	0.00012	0.009966	0	0	0	0	0	-0.036236	1	-360	360;
./matpower/data/case13659pegase.m:32981:	11004	820	0.000323	0.025863	0	0	0	0	0.949117	0	1	-360	360;
./matpower/data/case13659pegase.m:32993:	8497	2050	0.000323	0.029986	0	0	0	0	0.93585	0	1	-360	360;
./matpower/data/case13659pegase.m:33002:	6937	3180	0.000302	0.029667	0	0	0	0	0.947685	0	1	-360	360;
./matpower/data/case13659pegase.m:33020:	2467	169	0.000344	0.029986	0	0	0	0	0.938164	0	1	-360	360;
./matpower/data/case13659pegase.m:33022:	3891	8318	0.000323	0.02748	0	0	0	0	0.933289	0	1	-360	360;
./matpower/data/case13659pegase.m:33023:	3891	8318	0.000313	0.028001	0	0	0	0	0.933329	0	1	-360	360;
./matpower/data/case13659pegase.m:33032:	634	11544	0.000354	0.02725	0	0	0	0	0.96645	0	1	-360	360;
./matpower/data/case13659pegase.m:33105:	4111	5040	0.001177	0.089984	0	0	0	0	1.038781	0	1	-360	360;
./matpower/data/case13659pegase.m:33136:	8002	5638	0	0.07161	0	0	0	0	0.966242	0	1	-360	360;
./matpower/data/case13659pegase.m:33184:	12587	9197	0	0.019669	0	0	0	0	1.006865	0	1	-360	360;
./matpower/data/case13659pegase.m:33274:	9199	2407	0.000454	0.019669	0	0	0	0	1.006865	0	1	-360	360;
./matpower/data/case13659pegase.m:33448:	12852	12998	0.000213	0.026084	0	0	0	0	0.949952	0	1	-360	360;
./matpower/data/case13659pegase.m:33670:	10005	11663	0.0026	0.07998	0	0	0	0	0	0	1	-360	360;
./matpower/data/case13659pegase.m:33716:	7215	3071	0.00042	0.030031	0	0	0	0	0.99815	0	1	-360	360;
./matpower/data/case13659pegase.m:33717:	7215	3071	0.00043	0.02938	0	0	0	0	0.998666	0	1	-360	360;
./matpower/data/case13659pegase.m:33917:	3764	144	0.005208	0.208268	0	0	0	0	1.009661	0	1	-360	360;
./matpower/data/case13659pegase.m:33918:	3764	7139	0.005208	0.208268	0	0	0	0	1.009661	0	1	-360	360;
./matpower/data/case13659pegase.m:33919:	3764	12551	0.005208	0.208268	0	0	0	0	1.009661	0	1	-360	360;
./matpower/data/case13659pegase.m:34142:	11433	6076	0.005208	0.208268	0	0	0	0	1.009669	0	1	-360	360;
./matpower/data/case13659pegase.m:34143:	11433	11145	0.005208	0.208268	0	0	0	0	1.009669	0	1	-360	360;
./matpower/data/case13659pegase.m:34144:	11433	4590	0.005208	0.208268	0	0	0	0	1.009669	0	1	-360	360;
./matpower/data/case13659pegase.m:34318:	6113	3165	0.000531	0.021225	0	0	0	0	1.019664	0	1	-360	360;
./matpower/data/case13659pegase.m:34373:	10265	9815	0.005208	0.208268	0	0	0	0	0.998115	0	1	-360	360;
./matpower/data/case13659pegase.m:34433:	5474	12088	0.005208	0.208268	0	0	0	0	0.998327	0	1	-360	360;
./matpower/data/case13659pegase.m:34434:	200	5512	0.005208	0.208268	0	0	0	0	0.998339	0	1	-360	360;
./matpower/data/case13659pegase.m:34747:	5256	6159	0.006649	0.265874	0	0	0	0	0.998979	0	1	-360	360;
./matpower/data/case13659pegase.m:34748:	5256	6160	0.006649	0.265874	0	0	0	0	0.998979	0	1	-360	360;
./matpower/data/case13659pegase.m:34749:	5256	10977	0.006649	0.265874	0	0	0	0	0.998979	0	1	-360	360;
./matpower/data/case13659pegase.m:34750:	5256	13261	0.006649	0.265874	0	0	0	0	0.998979	0	1	-360	360;
./matpower/data/case13659pegase.m:34792:	719	1045	0.024272	0.97057	0	0	0	0	0.998099	0	1	-360	360;
./matpower/data/case13659pegase.m:34825:	10450	4893	0.000708	0.02832	0	0	0	0	0.998716	0	1	-360	360;
./matpower/data/case13659pegase.m:34826:	10450	4892	0.000708	0.02832	0	0	0	0	0.998716	0	1	-360	360;
./matpower/data/case13659pegase.m:34827:	10450	4897	0.000708	0.02832	0	0	0	0	0.998716	0	1	-360	360;
./matpower/data/case13659pegase.m:34828:	10450	4896	0.000708	0.02832	0	0	0	0	0.998716	0	1	-360	360;
./matpower/data/case13659pegase.m:34885:	11466	8403	0.008091	0.323523	0	0	0	0	0.99875	0	1	-360	360;
./matpower/data/case13659pegase.m:34914:	999	6168	0.01	0.399875	0	0	0	0	0.998152	0	1	-360	360;
./matpower/data/case13659pegase.m:34915:	999	6165	0.01	0.399875	0	0	0	0	0.998152	0	1	-360	360;
./matpower/data/case13659pegase.m:34916:	999	6166	0.01	0.399875	0	0	0	0	0.998152	0	1	-360	360;
./matpower/data/case13659pegase.m:34917:	999	6170	0.01	0.399875	0	0	0	0	0.998152	0	1	-360	360;
./matpower/data/case13659pegase.m:34967:	12079	346	0.000531	0.021225	0	0	0	0	0.998487	0	1	-360	360;
./matpower/data/case13659pegase.m:34968:	12079	345	0.000531	0.021225	0	0	0	0	0.998487	0	1	-360	360;
./matpower/data/case13659pegase.m:34969:	12079	646	0.000531	0.021225	0	0	0	0	0.998487	0	1	-360	360;
./matpower/data/case13659pegase.m:34970:	12079	649	0.000531	0.021225	0	0	0	0	0.998487	0	1	-360	360;
./matpower/data/case13659pegase.m:34974:	5854	5401	0.005353	0.214066	0	0	0	0	0.998883	0	1	-360	360;
./matpower/data/case13659pegase.m:34988:	4575	12342	0.006127	0.245021	0	0	0	0	0.998741	0	1	-360	360;
./matpower/data/case13659pegase.m:34989:	4575	6810	0.006127	0.245021	0	0	0	0	0.998741	0	1	-360	360;
./matpower/data/case13659pegase.m:34990:	4575	6809	0.006127	0.245021	0	0	0	0	0.998741	0	1	-360	360;
./matpower/data/case13659pegase.m:34991:	4575	6812	0.006127	0.245021	0	0	0	0	0.998741	0	1	-360	360;
./matpower/data/case13659pegase.m:34992:	4575	6811	0.006127	0.245021	0	0	0	0	0.998741	0	1	-360	360;
./matpower/data/case13659pegase.m:35003:	2537	3674	0.048077	1.922476	0	0	0	0	0.998226	0	1	-360	360;
./matpower/data/case13659pegase.m:35043:	5438	1881	0.003521	0.140801	0	0	0	0	0.998845	0	1	-360	360;
./matpower/data/case13659pegase.m:35044:	5438	1880	0.003521	0.140801	0	0	0	0	0.998845	0	1	-360	360;
./matpower/data/case13659pegase.m:35045:	5438	1879	0.003521	0.140801	0	0	0	0	0.998845	0	1	-360	360;
./matpower/data/case13659pegase.m:35046:	5438	1878	0.003521	0.140801	0	0	0	0	0.998845	0	1	-360	360;
./matpower/data/case13659pegase.m:35047:	5438	1877	0.003521	0.140801	0	0	0	0	0.998845	0	1	-360	360;
./matpower/data/case13659pegase.m:35048:	5438	1876	0.003521	0.140801	0	0	0	0	0.998845	0	1	-360	360;
./matpower/data/case13659pegase.m:35049:	5438	8456	0.003521	0.140801	0	0	0	0	0.998845	0	1	-360	360;
./matpower/data/case13659pegase.m:35056:	11168	12021	0.004744	0.189694	0	0	0	0	0.998715	0	1	-360	360;
./matpower/data/case13659pegase.m:35081:	1235	6433	0.009881	0.395133	0	0	0	0	0.998264	0	1	-360	360;
./matpower/data/case13659pegase.m:35082:	1235	6432	0.009881	0.395133	0	0	0	0	0.998264	0	1	-360	360;
./matpower/data/case13659pegase.m:35083:	1235	11350	0.009881	0.395133	0	0	0	0	0.998264	0	1	-360	360;
./matpower/data/case13659pegase.m:35084:	1235	11346	0.009881	0.395133	0	0	0	0	0.998264	0	1	-360	360;
./matpower/data/case13659pegase.m:35148:	1370	13531	0.018797	0.751645	0	0	0	0	0.998764	0	1	-360	360;
./matpower/data/case13659pegase.m:35149:	1370	6892	0.018797	0.751645	0	0	0	0	0.998764	0	1	-360	360;
./matpower/data/case13659pegase.m:35275:	13276	10375	0.000531	0.021225	0	0	0	0	1.019667	0	1	-360	360;
./matpower/data/case13659pegase.m:35276:	13276	10374	0.000531	0.021225	0	0	0	0	1.019667	0	1	-360	360;
./matpower/data/case13659pegase.m:35784:	6011	5229	0.003521	0.140801	0	0	0	0	1.009982	0	1	-360	360;
./matpower/data/case13659pegase.m:35785:	6011	5228	0.003521	0.140801	0	0	0	0	1.009982	0	1	-360	360;
./matpower/data/case13659pegase.m:35786:	6011	5226	0.003521	0.140801	0	0	0	0	1.009982	0	1	-360	360;
./matpower/data/case13659pegase.m:35787:	6011	5225	0.003521	0.140801	0	0	0	0	1.009982	0	1	-360	360;
./matpower/data/case13659pegase.m:35788:	6011	11759	0.003521	0.140801	0	0	0	0	1.009982	0	1	-360	360;
./matpower/data/case13659pegase.m:35789:	6011	11760	0.003521	0.140801	0	0	0	0	1.009982	0	1	-360	360;
./matpower/data/case13659pegase.m:35790:	6011	2646	0.003521	0.140801	0	0	0	0	1.009982	0	1	-360	360;
./matpower/data/case13659pegase.m:35791:	6011	11758	0.003521	0.140801	0	0	0	0	1.009982	0	1	-360	360;
./matpower/data/case13659pegase.m:35792:	6011	11762	0.003521	0.140801	0	0	0	0	1.009982	0	1	-360	360;
./matpower/data/case13659pegase.m:35793:	6011	11763	0.003521	0.140801	0	0	0	0	1.009982	0	1	-360	360;
./matpower/data/case13659pegase.m:35928:	12511	12825	0.005208	0.208268	0	0	0	0	0.998862	0	1	-360	360;
./matpower/data/case13659pegase.m:35929:	12511	11122	0.005208	0.208268	0	0	0	0	0.998862	0	1	-360	360;
./matpower/data/case13659pegase.m:36023:	10309	3528	0.002119	0.084719	0	0	0	0	0.998279	0	1	-360	360;
./matpower/data/case13659pegase.m:36024:	10309	3529	0.002119	0.084719	0	0	0	0	0.998279	0	1	-360	360;
./matpower/data/case13659pegase.m:36025:	10309	3530	0.002119	0.084719	0	0	0	0	0.998279	0	1	-360	360;
./matpower/data/case13659pegase.m:36026:	10309	8123	0.002119	0.084719	0	0	0	0	0.998279	0	1	-360	360;
./matpower/data/case13659pegase.m:36027:	10309	8126	0.002119	0.084719	0	0	0	0	0.998279	0	1	-360	360;
./matpower/data/case13659pegase.m:36028:	10309	10619	0.002119	0.084719	0	0	0	0	0.998279	0	1	-360	360;
./matpower/data/case13659pegase.m:36092:	1744	3491	0.005208	0.208268	0	0	0	0	0.998258	0	1	-360	360;
./matpower/data/case13659pegase.m:36093:	1744	3812	0.005208	0.208268	0	0	0	0	0.998258	0	1	-360	360;
./matpower/data/case13659pegase.m:36094:	1744	3811	0.005208	0.208268	0	0	0	0	0.998258	0	1	-360	360;
./matpower/data/case13659pegase.m:36169:	7062	8425	0.019841	0.793403	0	0	0	0	1.003966	0	1	-360	360;
./matpower/data/case13659pegase.m:36232:	1206	5071	0.005208	0.208268	0	0	0	0	0.998104	0	1	-360	360;
./matpower/data/case13659pegase.m:36233:	1206	5072	0.005208	0.208268	0	0	0	0	0.998104	0	1	-360	360;
./matpower/data/case13659pegase.m:36234:	1206	5073	0.005208	0.208268	0	0	0	0	0.998104	0	1	-360	360;
./matpower/data/case13659pegase.m:36235:	1206	5074	0.005208	0.208268	0	0	0	0	0.998104	0	1	-360	360;
./matpower/data/case13659pegase.m:36236:	1206	5069	0.005208	0.208268	0	0	0	0	0.998104	0	1	-360	360;
./matpower/data/case13659pegase.m:36629:	31	8908	0.002119	0.084719	0	0	0	0	1.009987	0	1	-360	360;
./matpower/data/case13659pegase.m:36630:	31	8909	0.002119	0.084719	0	0	0	0	1.009987	0	1	-360	360;
./matpower/data/case13659pegase.m:36631:	31	8910	0.002119	0.084719	0	0	0	0	1.009987	0	1	-360	360;
./matpower/data/case13659pegase.m:36632:	31	8897	0.002119	0.084719	0	0	0	0	1.009987	0	1	-360	360;
./matpower/data/case13659pegase.m:36840:	2938	9106	0.005208	0.208268	0	0	0	0	0.998143	0	1	-360	360;
./matpower/data/case13659pegase.m:36841:	2938	9107	0.005208	0.208268	0	0	0	0	0.998143	0	1	-360	360;
./matpower/data/case13659pegase.m:36842:	2938	9102	0.005208	0.208268	0	0	0	0	0.998143	0	1	-360	360;
./matpower/data/case13659pegase.m:36981:	2043	9602	0.002747	0.109856	0	0	0	0	1.029337	0	1	-360	360;
./matpower/data/case13659pegase.m:37137:	12229	11472	0.000708	0.02832	0	0	0	0	0.998196	0	1	-360	360;
./matpower/data/case13659pegase.m:37138:	12229	11477	0.000708	0.02832	0	0	0	0	0.998196	0	1	-360	360;
./matpower/data/case13659pegase.m:37139:	9069	11478	0.000708	0.02832	0	0	0	0	0.998227	0	1	-360	360;
./matpower/data/case13659pegase.m:37140:	9069	11475	0.000708	0.02832	0	0	0	0	0.998227	0	1	-360	360;
./matpower/data/case13659pegase.m:37141:	11671	1083	0.000708	0.02832	0	0	0	0	0.998207	0	1	-360	360;
./matpower/data/case13659pegase.m:37142:	11671	11479	0.000708	0.02832	0	0	0	0	0.998207	0	1	-360	360;
./matpower/data/case13659pegase.m:37143:	2742	11480	0.000708	0.02832	0	0	0	0	0.998251	0	1	-360	360;
./matpower/data/case13659pegase.m:37144:	2742	2434	0.000708	0.02832	0	0	0	0	0.998251	0	1	-360	360;
./matpower/data/case13659pegase.m:37278:	9524	88	0.001377	0.055049	0	0	0	0	0.998959	0	1	-360	360;
./matpower/data/case13659pegase.m:37279:	9524	87	0.001377	0.055049	0	0	0	0	0.998959	0	1	-360	360;
./matpower/data/case13659pegase.m:37302:	2484	12338	0.003521	0.140801	0	0	0	0	0.998191	0	1	-360	360;
./matpower/data/case13659pegase.m:37303:	2484	12337	0.003521	0.140801	0	0	0	0	0.998191	0	1	-360	360;
./matpower/data/case13659pegase.m:37304:	8104	5305	0.003521	0.140801	0	0	0	0	0.998244	0	1	-360	360;
./matpower/data/case13659pegase.m:37305:	8104	5306	0.003521	0.140801	0	0	0	0	0.998244	0	1	-360	360;
./matpower/data/case13659pegase.m:37306:	5995	5307	0.003521	0.140801	0	0	0	0	0.998295	0	1	-360	360;
./matpower/data/case13659pegase.m:37307:	5995	5308	0.003521	0.140801	0	0	0	0	0.998295	0	1	-360	360;
./matpower/data/case13659pegase.m:37487:	13503	9033	0.000531	0.021225	0	0	0	0	1.008933	0	1	-360	360;
./matpower/data/case13659pegase.m:37488:	13503	9034	0.000531	0.021225	0	0	0	0	1.008933	0	1	-360	360;
./matpower/data/case13659pegase.m:37689:	11937	2260	0	0.07869	0	0	0	0	1.049981	0	1	-360	360;
./matpower/data/case13659pegase.m:37716:	9036	9168	0	2.85714	0	0	0	0	0.99887	0	1	-360	360;
./matpower/data/case13659pegase.m:37717:	9036	1004	0	2.85714	0	0	0	0	0.998989	0	1	-360	360;
./matpower/data/case13659pegase.m:37728:	2152	8433	0	0.25714	0	0	0	0	0.998938	0	1	-360	360;
./matpower/data/case13659pegase.m:37730:	2152	13075	0	6	0	0	0	0	0.998562	0	1	-360	360;
./matpower/data/case13659pegase.m:37731:	2152	315	0	6	0	0	0	0	0.998562	0	1	-360	360;
./matpower/data/case13659pegase.m:37749:	10885	13630	0	0.07187	0	0	0	0	0.949888	0	1	-360	360;
./matpower/data/case13659pegase.m:37761:	13258	1551	0	0.049246	0	0	0	0	0.933179	0	1	-360	360;
./matpower/data/case13659pegase.m:37762:	13258	1551	0	0.049246	0	0	0	0	0.933179	0	1	-360	360;
./matpower/data/case13659pegase.m:37763:	13258	1551	0	0.049246	0	0	0	0	0.933179	0	1	-360	360;
./matpower/data/case13659pegase.m:37828:	3841	602	0	0.049246	0	0	0	0	0.949121	0	1	-360	360;
./matpower/data/case13659pegase.m:37829:	3841	602	0	0.049246	0	0	0	0	0.949121	0	1	-360	360;
./matpower/data/case13659pegase.m:37950:	2477	7743	0	0.06667	0	0	0	0	0.998525	0	1	-360	360;
./matpower/data/case13659pegase.m:37951:	2477	12287	0	0.06667	0	0	0	0	0.998525	0	1	-360	360;
./matpower/data/case13659pegase.m:37952:	2477	539	0	0.06667	0	0	0	0	0.998558	0	1	-360	360;
./matpower/data/case13659pegase.m:37953:	2477	8830	0	0.06667	0	0	0	0	0.998558	0	1	-360	360;
./matpower/data/case13659pegase.m:37964:	7769	6958	0	0.046721	0	0	0	0	0.949484	0	1	-360	360;
./matpower/data/case13659pegase.m:38043:	2129	8449	0	0.073292	0	0	0	0	0.933547	0	1	-360	360;
./matpower/data/case13659pegase.m:38045:	2129	8449	0	0.073292	0	0	0	0	0.933547	0	1	-360	360;
./matpower/data/case13659pegase.m:38090:	8462	8252	0	0.049246	0	0	0	0	0.949671	0	1	-360	360;
./matpower/data/case13659pegase.m:38116:	4116	5403	0	0.048	0	0	0	0	0.933396	0	1	-360	360;
./matpower/data/case13659pegase.m:38117:	4116	5403	0	0.048	0	0	0	0	0.933396	0	1	-360	360;
./matpower/data/case13659pegase.m:38118:	4116	5403	0	0.048	0	0	0	0	0.933396	0	1	-360	360;
./matpower/data/case13659pegase.m:38119:	4116	5403	0	0.048	0	0	0	0	0.933396	0	1	-360	360;
./matpower/data/case13659pegase.m:38169:	13612	13493	0	0.03226	0	0	0	0	0.99893	0	1	-360	360;
./matpower/data/case13659pegase.m:38170:	13612	3797	0	0.03226	0	0	0	0	0.99893	0	1	-360	360;
./matpower/data/case13659pegase.m:38211:	8119	7642	0	0.045483	0	0	0	0	0.966173	0	1	-360	360;
./matpower/data/case13659pegase.m:38297:	3253	9906	0	0.06857	0	0	0	0	0.998577	0	1	-360	360;
./matpower/data/case_ACTIVSg25k.m:54:	11006	1	0	0	0	0	11	1.0094988	-10.611985	138	1	1.1	0.9	26.8500	0.2600	0.0000	0.0000;
./matpower/data/case_ACTIVSg25k.m:115:	11067	1	26.38	11.13	0	0	11	1.0199875	-12.764822	69	1	1.1	0.9	27.2600	0.2200	0.0000	0.0000;
./matpower/data/case_ACTIVSg25k.m:127:	11079	1	0	0	0	0	11	1.0299855	-10.428734	69	1	1.1	0.9	26.6700	0.2700	0.0000	0.0000;
./matpower/data/case_ACTIVSg25k.m:196:	11148	1	7.17	1.14	0	0	11	0.9981935	-7.414332	69	1	1.1	0.9	26.4500	0.3700	0.0000	0.0000;
./matpower/data/case_ACTIVSg25k.m:244:	11196	1	22.55	5.68	0	0	11	0.9989234	-7.391848	69	1	1.1	0.9	26.4200	0.3500	0.0000	0.0000;
./matpower/data/case_ACTIVSg25k.m:248:	11200	1	0	0	0	0	11	0.9982935	-14.540626	18	1	1.1	0.9	26.3900	0.4600	0.0000	0.0000;
./matpower/data/case_ACTIVSg25k.m:249:	11201	1	0	0	0	0	11	0.9982935	-14.540626	1	1	1.1	0.9	26.3900	0.4600	0.0000	0.0000;
./matpower/data/case_ACTIVSg25k.m:310:	11262	1	38.28	8.47	0	0	11	1.0394909	-13.1539	138	1	1.1	0.9	26.6500	0.1200	0.0000	0.0000;
./matpower/data/case_ACTIVSg25k.m:601:	13054	1	0	0	0	0	13	1.0416151	-96.069331	100	1	1.1	0.9	35.0200	0.0800	0.0000	0.0000;
./matpower/data/case_ACTIVSg25k.m:707:	13160	1	28.87	17.72	0	0	13	1.0396684	-95.266023	100	1	1.1	0.9	34.9200	0.1000	0.0000	0.0000;
./matpower/data/case_ACTIVSg25k.m:814:	13267	1	50.38	18.51	0	0	13	1.0399814	-96.135642	100	1	1.1	0.9	34.9700	0.0900	0.0000	0.0000;
./matpower/data/case_ACTIVSg25k.m:1063:	13516	1	0	0	0	0	13	1.0193357	-95.66583	100	1	1.1	0.9	35.3000	0.2000	0.0000	0.0000;
./matpower/data/case_ACTIVSg25k.m:1121:	13574	1	0	0	0	0	13	1.0099292	-95.069491	100	1	1.1	0.9	35.2400	0.4300	0.0000	0.0000;
./matpower/data/case_ACTIVSg25k.m:1455:	13908	1	14.61	1.58	0	0	13	1.0393352	-88.689009	100	1	1.1	0.9	34.4000	0.2000	0.0000	0.0000;
./matpower/data/case_ACTIVSg25k.m:1689:	14142	1	0	0	0	0	13	1.0396647	-89.597036	230	1	1.1	0.9	34.5500	0.0900	0.0000	0.0000;
./matpower/data/case_ACTIVSg25k.m:1704:	14157	1	0	0	0	0	13	1.0307998	-92.036771	100	1	1.1	0.9	34.8700	0.1300	0.0000	0.0000;
./matpower/data/case_ACTIVSg25k.m:2020:	14473	2	0	0	0	0	13	1.049337	-75.299146	13.8	1	1.1	0.9	33.1900	0.0400	0.0000	0.0000;
./matpower/data/case_ACTIVSg25k.m:2169:	14622	1	0	0	0	0	13	1.0294917	-87.07032	100	1	1.1	0.9	33.8300	0.1600	0.0000	0.0000;
./matpower/data/case_ACTIVSg25k.m:2170:	14623	1	0	0	0	0	13	1.0299843	-86.174283	18	1	1.1	0.9	34.0500	0.1100	0.0000	0.0000;
./matpower/data/case_ACTIVSg25k.m:2171:	14624	1	0	0	0	0	13	1.0299843	-86.174283	1	1	1.1	0.9	34.0500	0.1100	0.0000	0.0000;
./matpower/data/case_ACTIVSg25k.m:2202:	14655	1	0	0	0	0	13	1.0399828	-90.744676	230	1	1.1	0.9	34.5600	0.0400	0.0000	0.0000;
./matpower/data/case_ACTIVSg25k.m:2368:	15014	1	0	0	0	0	15	0.9985416	-65.579222	69	1	1.1	0.9	34.0400	0.4200	0.0000	0.0000;
./matpower/data/case_ACTIVSg25k.m:2369:	15015	1	9.24	1.09	0	0	15	0.998502	-65.585262	69	1	1.1	0.9	34.0400	0.4200	0.0000	0.0000;
./matpower/data/case_ACTIVSg25k.m:2471:	15117	1	0	0	0	0	15	1.0299879	-53.925646	138	1	1.1	0.9	30.9000	0.2600	0.0000	0.0000;
./matpower/data/case_ACTIVSg25k.m:2601:	15247	1	30.01	5.81	0	0	15	1.0296682	-63.081333	69	1	1.1	0.9	33.0400	0.0900	0.0000	0.0000;
./matpower/data/case_ACTIVSg25k.m:2792:	15438	1	0	0	0	0	15	1.0196677	-60.843313	69	1	1.1	0.9	32.2100	0.3300	0.0000	0.0000;
./matpower/data/case_ACTIVSg25k.m:2849:	15495	1	46.75	11.74	0	0	15	1.0048026	-60.966973	69	1	1.1	0.9	32.3900	0.3800	0.0000	0.0000;
./matpower/data/case_ACTIVSg25k.m:3280:	15926	1	0	0	0	0	15	0.9981359	-50.773237	69	1	1.1	0.9	32.1800	0.5000	0.0000	0.0000;
./matpower/data/case_ACTIVSg25k.m:3516:	16162	1	0	0	0	0	15	1.0471115	-50.949574	69	1	1.1	0.9	30.9300	0.2800	0.0000	0.0000;
./matpower/data/case_ACTIVSg25k.m:3685:	16331	1	0	0	0	0	15	1.0470574	-48.029493	69	1	1.1	0.9	30.1400	0.1400	0.0000	0.0000;
./matpower/data/case_ACTIVSg25k.m:3892:	17050	1	0	0	0	0	17	1.0394999	-76.815237	69	1	1.1	0.9	33.1700	0.2400	0.0000	0.0000;
./matpower/data/case_ACTIVSg25k.m:3963:	17121	1	15.94	7.64	0	0	17	0.9982135	-79.762366	69	1	1.1	0.9	36.0500	0.5900	0.0000	0.0000;
./matpower/data/case_ACTIVSg25k.m:3972:	17130	1	36.81	6.97	0	0	17	0.9988741	-78.532761	161	1	1.1	0.9	34.4700	0.4600	0.0000	0.0000;
./matpower/data/case_ACTIVSg25k.m:4075:	17233	1	19.63	8.49	0	0	17	0.9987599	-83.196795	69	1	1.1	0.9	36.4400	0.6500	0.0000	0.0000;
./matpower/data/case_ACTIVSg25k.m:4428:	17586	2	0	0	0	0	17	0.9981503	-72.756605	13.8	1	1.1	0.9	32.7900	0.0000	0.0000	0.0000;
./matpower/data/case_ACTIVSg25k.m:4614:	19144	1	57.5	6.75	0	0	19	1.0284224	-16.049497	138	1	1.1	0.9	27.0500	0.0900	0.0000	0.0000;
./matpower/data/case_ACTIVSg25k.m:4771:	19301	2	0	0	0	0	19	1.0432722	-4.039498	13.8	1	1.1	0.9	26.0600	0.0300	0.0000	0.0000;
./matpower/data/case_ACTIVSg25k.m:5147:	21292	1	32.72	10.6	0	0	21	1.0493378	-75.991894	115	1	1.1	0.9	33.2400	0.1400	0.0000	0.0000;
./matpower/data/case_ACTIVSg25k.m:5268:	21413	1	36.56	17.11	0	0	21	1.0399869	-77.258625	115	1	1.1	0.9	33.5100	0.2600	0.0000	0.0000;
./matpower/data/case_ACTIVSg25k.m:5665:	21810	1	12.7	0.12	0	0	21	1.0393328	-75.455037	115	1	1.1	0.9	33.5600	0.2700	0.0000	0.0000;
./matpower/data/case_ACTIVSg25k.m:5959:	22104	2	0	0	0	0	21	1.0099843	-75.698187	13.8	1	1.1	0.9	33.5400	0.2600	0.0000	0.0000;
./matpower/data/case_ACTIVSg25k.m:6067:	23092	1	55.91	13.25	0	0	23	1.0399841	-81.633932	230	1	1.1	0.9	33.7000	0.0200	0.0000	0.0000;
./matpower/data/case_ACTIVSg25k.m:6209:	23234	1	0	0	0	0	23	1.0294991	-86.466453	13.8	1	1.1	0.9	33.9500	0.1800	0.0000	0.0000;
./matpower/data/case_ACTIVSg25k.m:6210:	23235	1	0	0	0	0	23	1.0294991	-86.466453	1	1	1.1	0.9	33.9500	0.1800	0.0000	0.0000;
./matpower/data/case_ACTIVSg25k.m:6326:	23351	1	0	0	0	0	23	1.0294948	-87.56111	100	1	1.1	0.9	34.1200	0.1400	0.0000	0.0000;
./matpower/data/case_ACTIVSg25k.m:6341:	23366	1	33.83	13.06	0	0	23	1.0396631	-83.337431	230	1	1.1	0.9	33.7700	0.0700	0.0000	0.0000;
./matpower/data/case_ACTIVSg25k.m:6802:	25047	1	22.19	7.75	0	0	25	1.0096606	-33.573607	69	1	1.1	0.9	29.7200	0.5500	0.0000	0.0000;
./matpower/data/case_ACTIVSg25k.m:7041:	25286	1	0	0	0	0	25	1.0099809	-33.849669	69	1	1.1	0.9	29.2000	0.6200	0.0000	0.0000;
./matpower/data/case_ACTIVSg25k.m:7077:	25322	1	41.74	17.93	0	0	25	1.0224351	-41.029338	69	1	1.1	0.9	30.0700	0.3200	0.0000	0.0000;
./matpower/data/case_ACTIVSg25k.m:7121:	25366	1	0	0	0	0	25	1.0496698	-17.556035	69	1	1.1	0.9	26.8700	0.1200	0.0000	0.0000;
./matpower/data/case_ACTIVSg25k.m:7358:	25603	1	0	0	0	0	25	1.0393351	-30.252582	138	1	1.1	0.9	28.6800	0.1100	0.0000	0.0000;
./matpower/data/case_ACTIVSg25k.m:7364:	25609	1	0	0	0	0	25	1.0393351	-30.252582	138	1	1.1	0.9	28.6800	0.1100	0.0000	0.0000;
./matpower/data/case_ACTIVSg25k.m:7367:	25612	1	32.93	12.07	0	0	25	1.0193342	-29.396973	138	1	1.1	0.9	28.5900	0.2100	0.0000	0.0000;
./matpower/data/case_ACTIVSg25k.m:7570:	25815	1	0	0	0	0	25	1.0294955	-29.990982	69	1	1.1	0.9	28.6000	0.4200	0.0000	0.0000;
./matpower/data/case_ACTIVSg25k.m:7673:	25918	2	0	0	0	0	25	1.0293325	-11.604328	13.8	1	1.1	0.9	26.9500	0.1400	0.0000	0.0000;
./matpower/data/case_ACTIVSg25k.m:7785:	27096	1	4.06	0.52	0	0	27	1.0303998	-69.344965	161	1	1.1	0.9	32.8000	0.1800	0.0000	0.0000;
./matpower/data/case_ACTIVSg25k.m:7907:	27218	1	1.95	0.3	0	0	27	1.0394957	-68.448821	161	1	1.1	0.9	32.7200	0.0500	0.0000	0.0000;
./matpower/data/case_ACTIVSg25k.m:8037:	27348	2	0	0	0	0	27	1.0396622	-67.700982	13.8	1	1.1	0.9	32.6200	0.0300	0.0000	0.0000;
./matpower/data/case_ACTIVSg25k.m:8390:	29183	1	0	0	0	0	29	1.0496628	-64.995154	115	1	1.1	0.9	32.1200	0.0600	0.0000	0.0000;
./matpower/data/case_ACTIVSg25k.m:8402:	29195	1	0	0	0	0	29	1.0294976	-64.142717	230	1	1.1	0.9	32.1800	0.1500	0.0000	0.0000;
./matpower/data/case_ACTIVSg25k.m:8668:	29461	1	0	0	0	0	29	1.0393303	-77.997459	115	1	1.1	0.9	33.5800	0.1100	0.0000	0.0000;
./matpower/data/case_ACTIVSg25k.m:8729:	29522	1	0	0	0	0	29	1.0396654	-77.135418	115	1	1.1	0.9	33.3300	0.0300	0.0000	0.0000;
./matpower/data/case_ACTIVSg25k.m:8843:	29636	1	0	0	0	0	29	1.0401949	-77.551827	115	1	1.1	0.9	33.4600	0.0600	0.0000	0.0000;
./matpower/data/case_ACTIVSg25k.m:8893:	29686	1	0.63	0.14	0	0	29	1.0399884	-77.520756	115	1	1.1	0.9	33.5300	0.0400	0.0000	0.0000;
./matpower/data/case_ACTIVSg25k.m:9291:	31006	1	22.82	4.56	0	0	31	0.9989464	-23.251914	138	1	1.1	0.9	28.3300	0.1300	0.0000	0.0000;
./matpower/data/case_ACTIVSg25k.m:9339:	31054	1	0	0	0	0	31	1.0204949	-33.079187	69	1	1.1	0.9	29.2700	0.4600	0.0000	0.0000;
./matpower/data/case_ACTIVSg25k.m:9369:	31084	1	37.01	3.67	0	0	31	1.0394993	-35.632807	69	1	1.1	0.9	30.2400	-0.2600	0.0000	0.0000;
./matpower/data/case_ACTIVSg25k.m:9397:	31112	1	61.4	40.43	0	0	31	0.9988666	-30.322435	138	1	1.1	0.9	29.0500	0.3300	0.0000	0.0000;
./matpower/data/case_ACTIVSg25k.m:9495:	31210	1	45.78	21.28	0	0	31	1.0296652	-33.20772	138	1	1.1	0.9	29.3700	0.1400	0.0000	0.0000;
./matpower/data/case_ACTIVSg25k.m:10300:	35056	1	29.66	8.9	0	0	35	1.0493381	-87.472498	69	1	1.1	0.9	34.8700	-0.0200	0.0000	0.0000;
./matpower/data/case_ACTIVSg25k.m:10361:	35117	1	26.65	4.75	0	0	35	0.9989254	-93.618052	69	1	1.1	0.9	39.8300	-0.3900	0.0000	0.0000;
./matpower/data/case_ACTIVSg25k.m:10611:	35367	2	0	0	0	0	35	1.0099855	-92.196013	13.8	1	1.1	0.9	38.9600	-0.5800	0.0000	0.0000;
./matpower/data/case_ACTIVSg25k.m:10662:	35418	1	0	0	0	0	35	1.0393343	-83.499686	69	1	1.1	0.9	33.5300	0.3200	0.0000	0.0000;
./matpower/data/case_ACTIVSg25k.m:10937:	37215	1	0	0	0	0	37	1.0399882	-92.756671	161	1	1.1	0.9	34.7500	0.0100	0.0000	0.0000;
./matpower/data/case_ACTIVSg25k.m:11266:	39012	1	26.43	9.16	0	0	39	1.0202966	-42.690877	69	1	1.1	0.9	30.5200	0.4100	0.0000	0.0000;
./matpower/data/case_ACTIVSg25k.m:11312:	39058	1	0	0	0	0	39	1.0205966	-38.42542	138	1	1.1	0.9	29.8400	0.2200	0.0000	0.0000;
./matpower/data/case_ACTIVSg25k.m:11318:	39064	1	0	0	0	0	39	1.0205966	-38.42542	138	1	1.1	0.9	29.8400	0.2200	0.0000	0.0000;
./matpower/data/case_ACTIVSg25k.m:11519:	39265	1	0	0	0	0	39	1.0118383	-38.049983	138	1	1.1	0.9	29.7400	0.3300	0.0000	0.0000;
./matpower/data/case_ACTIVSg25k.m:11543:	39289	1	55.19	28.27	0	0	39	1.029984	-41.684863	138	1	1.1	0.9	30.0400	0.1400	0.0000	0.0000;
./matpower/data/case_ACTIVSg25k.m:11594:	39340	1	0	0	0	0	39	1.039495	-45.497173	69	1	1.1	0.9	30.2300	0.1900	0.0000	0.0000;
./matpower/data/case_ACTIVSg25k.m:11694:	39440	1	0	0	0	0	39	1.0399838	-61.490245	69	1	1.1	0.9	32.6000	0.2100	0.0000	0.0000;
./matpower/data/case_ACTIVSg25k.m:12112:	39858	2	0	0	0	0	39	1.0089497	-43.350135	13.8	1	1.1	0.9	30.5700	0.3100	0.0000	0.0000;
./matpower/data/case_ACTIVSg25k.m:12198:	39944	2	0	0	0	0	39	1.0294942	-39.350589	13.8	1	1.1	0.9	29.6400	0.2200	0.0000	0.0000;
./matpower/data/case_ACTIVSg25k.m:12376:	40122	2	0	0	0	0	39	1.0399801	-39.678889	13.8	1	1.1	0.9	30.2900	0.1700	0.0000	0.0000;
./matpower/data/case_ACTIVSg25k.m:13551:	42149	1	0	0	0	0	41	1.0494983	-87.423524	500	1	1.1	0.9	34.3600	-0.0400	0.0000	0.0000;
./matpower/data/case_ACTIVSg25k.m:13637:	43019	1	0	0	0	0	43	1.0293387	-60.691065	115	1	1.1	0.9	31.9200	0.2600	0.0000	0.0000;
./matpower/data/case_ACTIVSg25k.m:13641:	43023	1	0	0	0	0	43	1.0296623	-56.41965	230	1	1.1	0.9	31.5300	0.0800	0.0000	0.0000;
./matpower/data/case_ACTIVSg25k.m:13772:	43154	1	32.08	5	0	0	43	1.0385563	-60.949304	115	1	1.1	0.9	31.7900	0.1300	0.0000	0.0000;
./matpower/data/case_ACTIVSg25k.m:13803:	43185	1	7.58	1.16	0	0	43	1.0382363	-61.205966	115	1	1.1	0.9	31.8500	0.1200	0.0000	0.0000;
./matpower/data/case_ACTIVSg25k.m:14063:	43445	1	3.88	1.19	0	0	43	1.0296634	-60.09682	115	1	1.1	0.9	31.7000	0.2100	0.0000	0.0000;
./matpower/data/case_ACTIVSg25k.m:14107:	43489	1	1.03	0.15	0	0	43	1.0196647	-68.609285	13.8	1	1.1	0.9	32.8500	0.8000	0.0000	0.0000;
./matpower/data/case_ACTIVSg25k.m:14321:	43703	2	0	0	0	0	43	1.0496622	-51.502488	13.8	1	1.1	0.9	31.0600	0.0100	0.0000	0.0000;
./matpower/data/case_ACTIVSg25k.m:14322:	43704	2	0	0	0	0	43	1.0496622	-51.502488	13.8	1	1.1	0.9	31.0600	0.0100	0.0000	0.0000;
./matpower/data/case_ACTIVSg25k.m:14604:	45139	1	1.32	0.91	0	0	45	1.0332911	-40.998007	69	1	1.1	0.9	29.8100	0.1500	0.0000	0.0000;
./matpower/data/case_ACTIVSg25k.m:14645:	45180	1	34.93	9.96	0	0	45	1.0359886	-36.900933	138	1	1.1	0.9	29.2800	0.1200	0.0000	0.0000;
./matpower/data/case_ACTIVSg25k.m:14806:	45341	1	9.09	1.18	0	0	45	1.0196665	-41.621096	69	1	1.1	0.9	30.6800	0.2400	0.0000	0.0000;
./matpower/data/case_ACTIVSg25k.m:14860:	45395	1	6.69	2.9	0	0	45	1.0293386	-45.45768	69	1	1.1	0.9	30.6300	0.3100	0.0000	0.0000;
./matpower/data/case_ACTIVSg25k.m:15044:	45579	1	34.6	6.49	0	0	45	1.0593314	-60.899492	115	1	1.1	0.9	32.0600	0.0500	0.0000	0.0000;
./matpower/data/case_ACTIVSg25k.m:15597:	46132	1	0	0	0	0	45	1.0493319	-55.068215	115	1	1.1	0.9	31.1500	0.0600	0.0000	0.0000;
./matpower/data/case_ACTIVSg25k.m:15598:	46133	1	0	0	0	0	45	1.0493319	-55.068215	69	1	1.1	0.9	31.1500	0.0600	0.0000	0.0000;
./matpower/data/case_ACTIVSg25k.m:15701:	47006	1	8.27	0.93	0	0	47	1.0194955	-88.14364	69	1	1.1	0.9	37.2600	0.5400	0.0000	0.0000;
./matpower/data/case_ACTIVSg25k.m:15703:	47008	1	0	0	0	0	47	0.9982436	-89.946336	69	1	1.1	0.9	38.8900	0.0900	0.0000	0.0000;
./matpower/data/case_ACTIVSg25k.m:15704:	47009	1	16.69	2.26	0	0	47	0.9981826	-89.957382	69	1	1.1	0.9	38.8900	0.0900	0.0000	0.0000;
./matpower/data/case_ACTIVSg25k.m:15705:	47010	1	0	0	0	0	47	0.9983082	-89.936498	69	1	1.1	0.9	38.8900	0.0900	0.0000	0.0000;
./matpower/data/case_ACTIVSg25k.m:15753:	47058	1	0	0	0	0	47	1.0376352	-80.305998	69	1	1.1	0.9	33.7000	0.7400	0.0000	0.0000;
./matpower/data/case_ACTIVSg25k.m:15816:	47121	1	24.27	8.67	0	0	47	0.9989963	-86.320659	69	1	1.1	0.9	37.0900	0.7500	0.0000	0.0000;
./matpower/data/case_ACTIVSg25k.m:15874:	47179	2	0	0	0	0	47	1.0394928	-80.020419	69	1	1.1	0.9	33.5500	0.7300	0.0000	0.0000;
./matpower/data/case_ACTIVSg25k.m:15979:	47284	2	0	0	0	0	47	0.9988215	-77.30841	18	1	1.1	0.9	34.1100	0.5700	0.0000	0.0000;
./matpower/data/case_ACTIVSg25k.m:16124:	49104	1	0	0	0	0	49	1.0293329	-81.195179	115	1	1.1	0.9	33.6100	0.1000	0.0000	0.0000;
./matpower/data/case_ACTIVSg25k.m:16235:	49215	1	3.2	0.66	0	21	49	1.0399852	-84.139061	115	1	1.1	0.9	34.2200	0.0600	0.0000	0.0000;
./matpower/data/case_ACTIVSg25k.m:16393:	49373	1	0	0	0	0	49	1.0399887	-76.842622	230	1	1.1	0.9	33.2500	0.0800	0.0000	0.0000;
./matpower/data/case_ACTIVSg25k.m:16663:	51102	1	1.74	0.47	0	0	51	1.0535605	-30.208933	69	1	1.1	0.9	28.5800	0.1900	0.0000	0.0000;
./matpower/data/case_ACTIVSg25k.m:17024:	53232	1	0	0	0	0	53	1.0293318	-72.957578	138	1	1.1	0.9	34.1300	0.4400	0.0000	0.0000;
./matpower/data/case_ACTIVSg25k.m:17199:	53407	1	0	0	0	0	53	1.0596681	-76.154212	18	1	1.1	0.9	34.5200	1.0000	0.0000	0.0000;
./matpower/data/case_ACTIVSg25k.m:17200:	53408	1	0	0	0	0	53	1.0596681	-76.154211	1	1	1.1	0.9	34.5200	1.0000	0.0000	0.0000;
./matpower/data/case_ACTIVSg25k.m:17242:	53450	1	38.23	21.6	0	0	53	1.0143645	-70.99829	138	1	1.1	0.9	34.1200	0.5900	0.0000	0.0000;
./matpower/data/case_ACTIVSg25k.m:17266:	53474	1	0.58	0.11	0	0	53	1.0347861	-73.003998	138	1	1.1	0.9	34.3500	0.3300	0.0000	0.0000;
./matpower/data/case_ACTIVSg25k.m:17295:	53503	1	59.24	4.55	0	0	53	0.9989911	-67.810917	345	1	1.1	0.9	33.5900	0.5500	0.0000	0.0000;
./matpower/data/case_ACTIVSg25k.m:17627:	53835	1	0	0	0	0	53	1.0572531	-70.998451	69	1	1.1	0.9	33.4300	0.1900	0.0000	0.0000;
./matpower/data/case_ACTIVSg25k.m:17632:	53840	1	0	0	0	0	53	1.0572531	-70.998451	69	1	1.1	0.9	33.4300	0.1900	0.0000	0.0000;
./matpower/data/case_ACTIVSg25k.m:17734:	53942	2	0	0	0	0	53	1.0393346	-71.902386	13.8	1	1.1	0.9	33.9300	0.0000	0.0000	0.0000;
./matpower/data/case_ACTIVSg25k.m:18565:	57049	1	0	0	0	0	57	1.0382415	-81.03933	230	1	1.1	0.9	33.6900	0.0900	0.0000	0.0000;
./matpower/data/case_ACTIVSg25k.m:18690:	57174	1	30.29	11.8	0	0	57	1.0193355	-87.431259	100	1	1.1	0.9	34.6700	0.2700	0.0000	0.0000;
./matpower/data/case_ACTIVSg25k.m:18878:	57362	1	63.31	18.78	0	0	57	1.0357093	-84.706966	100	1	1.1	0.9	34.0200	0.1900	0.0000	0.0000;
./matpower/data/case_ACTIVSg25k.m:18899:	57383	1	30.04	6.16	0	0	57	1.039666	-85.358188	100	1	1.1	0.9	33.9500	0.1400	0.0000	0.0000;
./matpower/data/case_ACTIVSg25k.m:19006:	57490	1	56.73	30.12	0	0	57	1.040546	-86.309998	100	1	1.1	0.9	34.2800	0.1600	0.0000	0.0000;
./matpower/data/case_ACTIVSg25k.m:19009:	57493	1	23.7	0.9	0	0	57	1.0399819	-86.400542	100	1	1.1	0.9	34.3000	0.1600	0.0000	0.0000;
./matpower/data/case_ACTIVSg25k.m:19184:	57668	1	9.72	2.84	0	0	57	1.0296656	-83.227084	100	1	1.1	0.9	33.7400	0.2100	0.0000	0.0000;
./matpower/data/case_ACTIVSg25k.m:19199:	57683	1	0	0	0	0	57	1.0299883	-81.327651	100	1	1.1	0.9	33.5200	0.1200	0.0000	0.0000;
./matpower/data/case_ACTIVSg25k.m:19728:	59246	1	0	0	0	0	59	1.0294956	-54.460451	138	1	1.1	0.9	31.5500	0.5700	0.0000	0.0000;
./matpower/data/case_ACTIVSg25k.m:19812:	59330	1	39.58	9.32	0	0	59	1.0193345	-57.446287	138	1	1.1	0.9	32.1300	0.5700	0.0000	0.0000;
./matpower/data/case_ACTIVSg25k.m:19893:	59411	1	0	0	0	0	59	1.0301966	-51.883012	345	1	1.1	0.9	31.3100	0.3300	0.0000	0.0000;
./matpower/data/case_ACTIVSg25k.m:19936:	59454	1	14.07	2.53	0	0	59	0.9987923	-55.352492	69	1	1.1	0.9	31.8400	0.7900	0.0000	0.0000;
./matpower/data/case_ACTIVSg25k.m:20537:	60055	1	0	0	0	0	59	1.0399854	-62.400988	69	1	1.1	0.9	32.5900	0.0000	0.0000	0.0000;
./matpower/data/case_ACTIVSg25k.m:20554:	61016	1	0	0	0	0	61	1.0396685	-81.828739	115	1	1.1	0.9	33.8200	0.1300	0.0000	0.0000;
./matpower/data/case_ACTIVSg25k.m:20680:	61142	1	18.44	3.89	0	0	61	1.0302966	-85.801327	115	1	1.1	0.9	34.2600	0.1500	0.0000	0.0000;
./matpower/data/case_ACTIVSg25k.m:21117:	61579	1	0	0	0	0	61	1.0393311	-84.97248	115	1	1.1	0.9	33.8900	0.0800	0.0000	0.0000;
./matpower/data/case_ACTIVSg25k.m:21212:	61674	1	0	0	0	0	61	1.0409949	-86.748852	100	1	1.1	0.9	34.1300	0.0600	0.0000	0.0000;
./matpower/data/case_ACTIVSg25k.m:21456:	61918	1	42.38	4.98	0	0	61	1.0394944	-83.846689	230	1	1.1	0.9	34.0300	0.0900	0.0000	0.0000;
./matpower/data/case_ACTIVSg25k.m:21665:	62127	1	0	0	0	0	61	1.0399825	-78.187897	115	1	1.1	0.9	33.2300	0.0800	0.0000	0.0000;
./matpower/data/case_ACTIVSg25k.m:21870:	62332	1	0	0	0	0	61	0.9989672	-87.986245	1	1	1.1	0.9	34.3200	0.0400	0.0000	0.0000;
./matpower/data/case_ACTIVSg25k.m:21902:	62364	1	0	0	0	0	61	1.0093305	-80.687392	1	1	1.1	0.9	33.8800	0.0300	0.0000	0.0000;
./matpower/data/case_ACTIVSg25k.m:21905:	62367	1	0	0	0	0	61	1.0459447	-80.966881	230	1	1.1	0.9	33.9000	0.0300	0.0000	0.0000;
./matpower/data/case_ACTIVSg25k.m:22036:	63092	1	0	0	0	0	63	1.0196632	-73.723766	69	1	1.1	0.9	34.2700	0.5500	0.0000	0.0000;
./matpower/data/case_ACTIVSg25k.m:22354:	63410	2	0	0	0	0	63	1.0499884	-60.339974	13.8	1	1.1	0.9	31.8800	0.0000	0.0000	0.0000;
./matpower/data/case_ACTIVSg25k.m:22356:	63412	2	0	0	0	0	63	1.0493358	-60.700372	13.8	1	1.1	0.9	31.8900	0.0000	0.0000	0.0000;
./matpower/data/case_ACTIVSg25k.m:22363:	63419	1	0	0	0	0	63	1.0394931	-62.315516	500	1	1.1	0.9	32.0300	0.0300	0.0000	0.0000;
./matpower/data/case_ACTIVSg25k.m:22396:	63452	2	0	0	0	0	63	1.0101966	-66.682892	13.8	1	1.1	0.9	31.8800	0.2600	0.0000	0.0000;
./matpower/data/case_ACTIVSg25k.m:22521:	65119	1	47.02	21.47	0	0	65	0.9982928	-85.777777	100	1	1.1	0.9	34.3500	0.5300	0.0000	0.0000;
./matpower/data/case_ACTIVSg25k.m:22522:	65120	1	0	0	0	0	65	0.9986133	-85.752999	100	1	1.1	0.9	34.3500	0.5300	0.0000	0.0000;
./matpower/data/case_ACTIVSg25k.m:22909:	65507	1	0	0	0	0	65	0.9984917	-86.177709	100	1	1.1	0.9	34.4500	0.5200	0.0000	0.0000;
./matpower/data/case_ACTIVSg25k.m:22911:	65509	1	0	0	0	0	65	0.9984816	-86.180303	100	1	1.1	0.9	34.4500	0.5200	0.0000	0.0000;
./matpower/data/case_ACTIVSg25k.m:23014:	67086	1	0	0	0	0	67	1.0393357	-73.463024	161	1	1.1	0.9	33.2200	0.0600	0.0000	0.0000;
./matpower/data/case_ACTIVSg25k.m:23019:	67091	1	0	0	0	0	67	1.0393357	-73.463024	161	1	1.1	0.9	33.2200	0.0600	0.0000	0.0000;
./matpower/data/case_ACTIVSg25k.m:23020:	67092	1	0	0	0	0	67	1.0393357	-73.463024	161	1	1.1	0.9	33.2200	0.0600	0.0000	0.0000;
./matpower/data/case_ACTIVSg25k.m:23133:	67205	1	11.92	5.59	0	0	67	1.0450699	-73.019987	161	1	1.1	0.9	33.1000	0.0700	0.0000	0.0000;
./matpower/data/case_ACTIVSg25k.m:23304:	67376	1	13.53	7.73	0	-24	67	1.039492	-71.366959	161	1	1.1	0.9	32.8900	0.1000	0.0000	0.0000;
./matpower/data/case_ACTIVSg25k.m:23432:	67504	1	0	0	0	-14	67	1.0314706	-72.059332	161	1	1.1	0.9	33.0400	0.1100	0.0000	0.0000;
./matpower/data/case_ACTIVSg25k.m:23455:	67527	1	20.94	0.31	0	0	67	1.0396613	-74.730061	161	1	1.1	0.9	33.2600	0.0200	0.0000	0.0000;
./matpower/data/case_ACTIVSg25k.m:23734:	67806	1	0	0	0	0	67	1.048971	-74.405966	115	1	1.1	0.9	33.2000	0.0100	0.0000	0.0000;
./matpower/data/case_ACTIVSg25k.m:23962:	68034	1	0	0	0	0	67	1.0393388	-72.801864	161	1	1.1	0.9	33.1100	0.0600	0.0000	0.0000;
./matpower/data/case_ACTIVSg25k.m:24456:	69387	1	65.35	10.74	0	0	69	1.0424829	-94.009338	161	1	1.1	0.9	34.8400	0.0200	0.0000	0.0000;
./matpower/data/case_ACTIVSg25k.m:24667:	69598	1	0	0	0	0	69	1.0394958	-91.627438	500	1	1.1	0.9	34.7600	0.0400	0.0000	0.0000;
./matpower/data/case_ACTIVSg25k.m:26048:	17586	4.83	0.19	1.86	-0.24	0.9982	5.8	1	4.83	1.56	0	0	0	0	0	0	0	0	0	0	4.8333	0.0000	0.0000	0.0000	0.0000;
./matpower/data/case_ACTIVSg25k.m:26049:	17586	4.83	0.19	1.86	-0.24	0.9982	5.8	1	4.83	0.88	0	0	0	0	0	0	0	0	0	0	4.8333	0.0000	0.0000	0.0000	0.0000;
./matpower/data/case_ACTIVSg25k.m:27281:	33535	0.97	-0.11	0.49	-0.11	1.0408	1.16	1	0.97	0.33	0	0	0	0	0	0	0	0	0	0	0.9667	0.0000	0.0000	0.0000	0.0000;
./matpower/data/case_ACTIVSg25k.m:27282:	33536	0.97	-0.11	0.49	-0.11	1.0419	1.16	1	0.97	0.19	0	0	0	0	0	0	0	0	0	0	0.9667	0.0000	0.0000	0.0000	0.0000;
./matpower/data/case_ACTIVSg25k.m:27283:	33536	0.97	-0.11	0.49	-0.11	1.0419	1.16	1	0.97	0.45	0	0	0	0	0	0	0	0	0	0	0.9667	0.0000	0.0000	0.0000	0.0000;
./matpower/data/case_ACTIVSg25k.m:27646:	39976	40.97	20.85	20.85	-4.55	1.0367	49.16	1	40.97	16.93	0	0	0	0	0	0	0	0	0	0	40.9667	0.0000	0.0000	0.0000	0.0000;
./matpower/data/case_ACTIVSg25k.m:27647:	39978	40.97	16.85	20.85	-4.55	1.0479	49.16	1	40.97	12.65	0	0	0	0	0	0	0	0	0	0	40.9667	0.0000	0.0000	0.0000	0.0000;
./matpower/data/case_ACTIVSg25k.m:27648:	39978	40.97	16.85	20.85	-4.55	1.0479	49.16	1	40.97	6.6	0	0	0	0	0	0	0	0	0	0	40.9667	0.0000	0.0000	0.0000	0.0000;
./matpower/data/case_ACTIVSg25k.m:27649:	39979	40.97	20.85	20.85	-4.55	1.0599	49.16	1	40.97	10.73	0	0	0	0	0	0	0	0	0	0	40.9667	0.0000	0.0000	0.0000	0.0000;
./matpower/data/case_ACTIVSg25k.m:27650:	39980	40.97	16.85	20.85	-4.55	1.037	49.16	1	40.97	9.7	0	0	0	0	0	0	0	0	0	0	40.9667	0.0000	0.0000	0.0000	0.0000;
./matpower/data/case_ACTIVSg25k.m:27651:	39980	40.97	16.85	20.85	-4.55	1.037	49.16	1	40.97	18.48	0	0	0	0	0	0	0	0	0	0	40.9667	0.0000	0.0000	0.0000	0.0000;
./matpower/data/case_ACTIVSg25k.m:28154:	46164	0.93	0.36	0.36	-0.05	1.04	1.12	1	0.93	0.38	0	0	0	0	0	0	0	0	0	0	0.9333	0.0000	0.0000	0.0000	0.0000;
./matpower/data/case_ACTIVSg25k.m:28155:	46165	0.93	0.36	0.36	-0.05	1.0309	1.12	1	0.93	0.1	0	0	0	0	0	0	0	0	0	0	0.9333	0.0000	0.0000	0.0000	0.0000;
./matpower/data/case_ACTIVSg25k.m:28156:	46166	0.93	0.36	0.36	-0.05	1.0309	1.12	1	0.93	0.25	0	0	0	0	0	0	0	0	0	0	0.9333	0.0000	0.0000	0.0000	0.0000;
./matpower/data/case_ACTIVSg25k.m:28271:	47284	40	8.52	8.52	-5.76	0.9988	48	1	40	6.34	0	0	0	0	0	0	0	0	0	0	40	0.0000	0.0000	0.0000	0.0000;
./matpower/data/case_ACTIVSg25k.m:28973:	59900	0.93	0.48	0.48	-0.1	1.0234	1.12	1	0.93	0.42	0	0	0	0	0	0	0	0	0	0	0.9333	0.0000	0.0000	0.0000	0.0000;
./matpower/data/case_ACTIVSg25k.m:28974:	59900	0.93	0.48	0.48	-0.1	1.0234	1.12	1	0.93	0.43	0	0	0	0	0	0	0	0	0	0	0.9333	0.0000	0.0000	0.0000	0.0000;
./matpower/data/case_ACTIVSg25k.m:28975:	59901	0.93	0.48	0.48	-0.1	1.0233	1.12	1	0.93	0.43	0	0	0	0	0	0	0	0	0	0	0.9333	0.0000	0.0000	0.0000	0.0000;
./matpower/data/case_ACTIVSg25k.m:28976:	59901	0.93	0.48	0.48	-0.1	1.0233	1.12	1	0.93	0.11	0	0	0	0	0	0	0	0	0	0	0.9333	0.0000	0.0000	0.0000	0.0000;
./matpower/data/case_ACTIVSg25k.m:28977:	59902	0.93	0.48	0.48	-0.1	1.022	1.12	1	0.93	0.37	0	0	0	0	0	0	0	0	0	0	0.9333	0.0000	0.0000	0.0000	0.0000;
./matpower/data/case_ACTIVSg25k.m:28978:	59902	0.93	0.48	0.48	-0.1	1.022	1.12	1	0.93	0.24	0	0	0	0	0	0	0	0	0	0	0.9333	0.0000	0.0000	0.0000	0.0000;
./matpower/data/case_ACTIVSg25k.m:29136:	62191	0.93	0	0	0	1.0406	1.12	1	0.93	0.27	0	0	0	0	0	0	0	0	0	0	0.9333	0.0000	0.0000	0.0000	0.0000;
./matpower/data/case_ACTIVSg25k.m:29137:	62191	0	0	0	0	1.0406	1.12	0	0.93	0.11	0	0	0	0	0	0	0	0	0	0	0.9333	0.0000	0.0000	0.0000	0.0000;
./matpower/data/case_ACTIVSg25k.m:29138:	62192	0.93	0	0	0	1.0407	1.12	1	0.93	0.2	0	0	0	0	0	0	0	0	0	0	0.9333	0.0000	0.0000	0.0000	0.0000;
./matpower/data/case_ACTIVSg25k.m:29231:	62371	0	0	0.48	-0.1	1.0238	1.12	0	0.93	0.32	0	0	0	0	0	0	0	0	0	0	0.9333	0.0000	0.0000	0.0000	0.0000;
./matpower/data/case_ACTIVSg25k.m:29232:	62371	0.93	0.48	0.48	-0.1	1.0238	1.12	1	0.93	0.24	0	0	0	0	0	0	0	0	0	0	0.9333	0.0000	0.0000	0.0000	0.0000;
./matpower/data/case_ACTIVSg25k.m:29233:	62372	0	0	0.48	-0.1	1.0233	1.12	0	0.93	0.28	0	0	0	0	0	0	0	0	0	0	0.9333	0.0000	0.0000	0.0000	0.0000;
./matpower/data/case_ACTIVSg25k.m:29234:	62372	0.93	0.48	0.48	-0.1	1.0233	1.12	1	0.93	0.31	0	0	0	0	0	0	0	0	0	0	0.9333	0.0000	0.0000	0.0000	0.0000;
./matpower/data/case_ACTIVSg25k.m:29235:	62373	0.93	0.48	0.48	-0.1	1.024	1.12	1	0.93	0.15	0	0	0	0	0	0	0	0	0	0	0.9333	0.0000	0.0000	0.0000	0.0000;
./matpower/data/case_ACTIVSg25k.m:29236:	62373	0	0	0.48	-0.1	1.024	1.12	0	0.93	0.33	0	0	0	0	0	0	0	0	0	0	0.9333	0.0000	0.0000	0.0000	0.0000;
./matpower/data/case_ACTIVSg25k.m:29632:	67976	0	0	0.48	-0.1	1.04	1.12	0	0.93	0.16	0	0	0	0	0	0	0	0	0	0	0.9333	0.0000	0.0000	0.0000	0.0000;
./matpower/data/case_ACTIVSg25k.m:29634:	67976	0.93	-0.1	0.48	-0.1	1.04	1.12	1	0.93	0.31	0	0	0	0	0	0	0	0	0	0	0.9333	0.0000	0.0000	0.0000	0.0000;
./matpower/data/case_ACTIVSg25k.m:29635:	67976	0	0	0.48	-0.1	1.04	1.12	0	0.93	0.3	0	0	0	0	0	0	0	0	0	0	0.9333	0.0000	0.0000	0.0000	0.0000;
./matpower/data/case_ACTIVSg25k.m:29636:	67976	0	0	0.48	-0.1	1.04	1.12	0	0.93	0.12	0	0	0	0	0	0	0	0	0	0	0.9333	0.0000	0.0000	0.0000	0.0000;
./matpower/data/case_ACTIVSg25k.m:29637:	67976	0.93	-0.1	0.48	-0.1	1.04	1.12	1	0.93	0.46	0	0	0	0	0	0	0	0	0	0	0.9333	0.0000	0.0000	0.0000	0.0000;
./matpower/data/case_ACTIVSg25k.m:29638:	67976	0.93	-0.1	0.48	-0.1	1.04	1.12	1	0.93	0.31	0	0	0	0	0	0	0	0	0	0	0.9333	0.0000	0.0000	0.0000	0.0000;
./matpower/data/case_ACTIVSg25k.m:29799:	69718	0	0	0.48	-0.1	1.039	1.12	0	0.93	0.12	0	0	0	0	0	0	0	0	0	0	0.9333	0.0000	0.0000	0.0000	0.0000;
./matpower/data/case_ACTIVSg25k.m:29800:	69718	0.93	-0.1	0.48	-0.1	1.039	1.12	1	0.93	0.39	0	0	0	0	0	0	0	0	0	0	0.9333	0.0000	0.0000	0.0000	0.0000;
./matpower/data/case_ACTIVSg25k.m:29801:	69719	0	0	0.48	-0.1	1.039	1.12	0	0.93	0.42	0	0	0	0	0	0	0	0	0	0	0.9333	0.0000	0.0000	0.0000	0.0000;
./matpower/data/case_ACTIVSg25k.m:29802:	69719	0.93	-0.1	0.48	-0.1	1.039	1.12	1	0.93	0.14	0	0	0	0	0	0	0	0	0	0	0.9333	0.0000	0.0000	0.0000	0.0000;
./matpower/data/case_ACTIVSg25k.m:29803:	69720	0.93	-0.1	0.48	-0.1	1.039	1.12	1	0.93	0.13	0	0	0	0	0	0	0	0	0	0	0.9333	0.0000	0.0000	0.0000	0.0000;
./matpower/data/case_ACTIVSg25k.m:29804:	69720	0	0	0.48	-0.1	1.039	1.12	0	0.93	0.17	0	0	0	0	0	0	0	0	0	0	0.9333	0.0000	0.0000	0.0000	0.0000;
./matpower/data/case_ACTIVSg25k.m:30251:	11199	11201	-0.009661	-0.259042	0	97.52	0	0	1	0	1	0	0	-53.6700	-6.2200	53.3900	-1.1900	0.0000	0.0000	0.0000	0.0000;
./matpower/data/case_ACTIVSg25k.m:30343:	11260	11282	0.008998	0.0393	0.03245	244.11	0	0	0	0	1	0	0	110.8600	-6.2200	-109.8400	7.2100	0.0000	0.0000	0.0000	0.0000;
./matpower/data/case_ACTIVSg25k.m:30490:	11386	11390	0.000475	0.029661	0	410.86	0	0	1	0	1	0	0	-196.8300	25.9200	197.0000	-15.1100	0.0000	0.0000	0.0000	0.0000;
./matpower/data/case_ACTIVSg25k.m:30666:	13182	13021	0.000757	0.002933	0.0004	115.19	0	0	0	0	1	0	0	-10.5400	-8.4100	10.5400	8.3700	0.0000	0.0000	0.0000	0.0000;
./matpower/data/case_ACTIVSg25k.m:30767:	13121	13081	0.001098	0.00924	0.01949	481.78	0	0	0	0	1	0	0	80.0500	62.1400	-79.9400	-63.2800	0.0000	0.0000	0.0000	0.0000;
./matpower/data/case_ACTIVSg25k.m:30768:	13081	13633	0.001297	0.01187	0.03933	498.65	0	0	0	0	1	0	0	-98.0100	48.7200	98.1600	-51.4200	0.0000	0.0000	0.0000	0.0000;
./matpower/data/case_ACTIVSg25k.m:30871:	13144	13211	0.001784	0.007949	0.00069	133.75	0	0	0	0	1	0	0	-40.4100	-28.1800	40.4500	28.2800	0.0000	0.0000	0.0000	0.0000;
./matpower/data/case_ACTIVSg25k.m:30878:	13147	13148	0.00933	0.391103	0	125	0	0	1	0	1	0	0	0.0000	0.0000	0.0000	0.0000	0.0000	0.0000	0.0000	0.0000;
./matpower/data/case_ACTIVSg25k.m:31019:	69426	13241	0.001966	0.008481	0.0012	159.43	0	0	0	0	1	0	0	-4.4300	4.0700	4.4300	-4.2000	0.0000	0.0000	0.0000	0.0000;
./matpower/data/case_ACTIVSg25k.m:31028:	13248	13253	0.0001	-0.001415	0	949.24	0	0	1	0	1	0	0	69.1800	7.8100	-69.1700	-7.8700	0.0000	0.0000	0.0000	0.0000;
./matpower/data/case_ACTIVSg25k.m:31105:	13308	13566	0.019335	0.065218	0.00973	109.4	0	0	0	0	1	0	0	-4.6300	-1.1000	4.6400	0.0800	0.0000	0.0000	0.0000	0.0000;
./matpower/data/case_ACTIVSg25k.m:31157:	13347	14307	0.007441	0.019982	0.00267	124.32	0	0	0	0	1	0	0	-27.7600	50.8500	27.9900	-50.4900	0.0000	0.0000	0.0000	0.0000;
./matpower/data/case_ACTIVSg25k.m:31189:	13441	13377	0.002737	0.009334	0.00161	107.84	0	0	0	0	1	0	0	7.7900	-5.9500	-7.7900	5.7900	0.0000	0.0000	0.0000	0.0000;
./matpower/data/case_ACTIVSg25k.m:31340:	13489	13488	0.001949	0.063141	0	237.44	0	0	1.08125	0	1	0	0	-125.8300	-82.2000	126.3100	97.6000	0.0000	0.0000	0.0000	0.0000;
./matpower/data/case_ACTIVSg25k.m:31378:	14597	13518	0.004966	0.019364	0.00252	132.81	0	0	0	0	1	0	0	-30.0500	15.9700	30.1100	-16.0200	0.0000	0.0000	0.0000	0.0000;
./matpower/data/case_ACTIVSg25k.m:31531:	13639	14618	0.006166	0.019983	0.00228	128.21	0	0	0	0	1	0	0	43.0400	31.3300	-42.8700	-31.0400	0.0000	0.0000	0.0000	0.0000;
./matpower/data/case_ACTIVSg25k.m:31631:	13705	13728	0.008998	0.038743	0.00677	104.93	0	0	0	0	1	0	0	-12.0200	-1.6900	12.0300	1.0200	0.0000	0.0000	0.0000	0.0000;
./matpower/data/case_ACTIVSg25k.m:31700:	61727	13756	0.001966	0.009218	0.00086	140.95	0	0	0	0	1	0	0	-60.8900	10.5700	60.9600	-10.3300	0.0000	0.0000	0.0000	0.0000;
./matpower/data/case_ACTIVSg25k.m:31954:	13944	61537	0.00949	0.035498	0.00388	119.55	0	0	0	0	1	0	0	-21.0100	-22.7900	21.1000	22.7200	0.0000	0.0000	0.0000	0.0000;
./matpower/data/case_ACTIVSg25k.m:32068:	14036	14025	0.000957	0.009336	0.02367	475.61	0	0	0	0	1	0	0	-67.1100	-24.3100	67.1600	22.1800	0.0000	0.0000	0.0000	0.0000;
./matpower/data/case_ACTIVSg25k.m:32503:	14380	14383	0.000116	0.009499	0	1001.55	0	0	1	0	1	0	0	-251.2600	-43.5600	251.3300	49.2300	0.0000	0.0000	0.0000	0.0000;
./matpower/data/case_ACTIVSg25k.m:32743:	14600	14601	0.002085	0.059661	0	234.58	0	0	1	0	1	0	0	-5.0000	0.0100	5.0000	0.0000	0.0000	0.0000	0.0000	0.0000;
./matpower/data/case_ACTIVSg25k.m:32904:	14749	14757	0.000122	0.009498	0	642.87	0	0	1.00625	0	1	0	0	-99.1900	-16.0200	99.2000	16.9200	0.0000	0.0000	0.0000	0.0000;
./matpower/data/case_ACTIVSg25k.m:33001:	15016	15033	0.024579	0.056488	0.00949	54.45	0	0	0	0	1	0	0	-10.4000	0.4000	10.4300	-1.2700	0.0000	0.0000	0.0000	0.0000;
./matpower/data/case_ACTIVSg25k.m:33287:	15194	15169	0.027701	0.069336	0.00637	58.23	0	0	0	0	1	0	0	-14.8500	1.1900	14.9100	-1.7100	0.0000	0.0000	0.0000	0.0000;
./matpower/data/case_ACTIVSg25k.m:33775:	16086	15456	0.009009	0.019987	0.00059	80	0	0	0	0	1	0	0	42.7200	3.1600	-42.5600	-2.8800	0.0000	0.0000	0.0000	0.0000;
./matpower/data/case_ACTIVSg25k.m:33776:	16086	15456	0.009009	0.019987	0.00059	80	0	0	0	0	1	0	0	42.7200	3.1600	-42.5600	-2.8800	0.0000	0.0000	0.0000	0.0000;
./matpower/data/case_ACTIVSg25k.m:33777:	16086	15456	0.009009	0.019987	0.00059	80	0	0	0	0	1	0	0	42.7200	3.1600	-42.5600	-2.8800	0.0000	0.0000	0.0000	0.0000;
./matpower/data/case_ACTIVSg25k.m:33914:	15626	15541	0.021525	0.049335	0.00259	81.37	0	0	0	0	1	0	0	33.3800	11.1400	-33.1300	-10.8400	0.0000	0.0000	0.0000	0.0000;
./matpower/data/case_ACTIVSg25k.m:33930:	15552	15608	0.001933	0.003851	0.00012	69.12	0	0	0	0	1	0	0	-24.8000	-31.6200	24.8300	31.6700	0.0000	0.0000	0.0000	0.0000;
./matpower/data/case_ACTIVSg25k.m:33931:	15552	15608	0.001933	0.003851	0.00012	69.12	0	0	0	0	1	0	0	-24.8000	-31.6200	24.8300	31.6700	0.0000	0.0000	0.0000	0.0000;
./matpower/data/case_ACTIVSg25k.m:34211:	15738	15733	0.009336	0.032524	0.00955	60.37	0	0	0	0	1	0	0	12.1900	3.7600	-12.1800	-4.7700	0.0000	0.0000	0.0000	0.0000;
./matpower/data/case_ACTIVSg25k.m:34287:	15967	15777	0.000429	0.00733	0.68012	3016.95	0	0	0	0	1	0	0	-930.5200	-28.5200	933.9900	14.6600	0.0000	0.0000	0.0000	0.0000;
./matpower/data/case_ACTIVSg25k.m:34362:	51013	15808	0.029495	0.084448	0.00409	67.51	0	0	0	0	1	0	0	33.7500	-0.8600	-33.4200	1.4100	0.0000	0.0000	0.0000	0.0000;
./matpower/data/case_ACTIVSg25k.m:34379:	15825	15824	0.003933	0.118136	0	54.18	0	0	1	0	1	0	0	-13.0800	2.7700	13.0900	-2.5800	0.0000	0.0000	0.0000	0.0000;
./matpower/data/case_ACTIVSg25k.m:34866:	16169	25929	0.001534	0.019339	0.28524	1313.12	0	0	0	0	1	0	0	-418.8300	71.7800	421.3800	-70.8500	0.0000	0.0000	0.0000	0.0000;
./matpower/data/case_ACTIVSg25k.m:34867:	16169	25929	0.001534	0.019339	0.28524	1313.12	0	0	0	0	1	0	0	-418.8300	71.7800	421.3800	-70.8500	0.0000	0.0000	0.0000	0.0000;
./matpower/data/case_ACTIVSg25k.m:35503:	17194	17628	0.007933	0.040732	0.08572	294.35	0	0	0	0	1	0	0	-54.5100	-14.6600	54.7400	6.6000	0.0000	0.0000	0.0000	0.0000;
./matpower/data/case_ACTIVSg25k.m:35555:	17234	17625	0.058105	0.132107	0.00933	45.4	0	0	0	0	1	0	0	0.6300	-1.0900	-0.6300	0.1600	0.0000	0.0000	0.0000	0.0000;
./matpower/data/case_ACTIVSg25k.m:35564:	17244	17438	0.004383	0.029331	0.02155	257.8	0	0	0	0	1	0	0	-30.1900	3.4600	30.2200	-5.5400	0.0000	0.0000	0.0000	0.0000;
./matpower/data/case_ACTIVSg25k.m:35756:	17405	17411	0.05998	0.912459	0	14.48	0	0	1	0	1	0	0	0.0000	0.0000	0.0000	0.0000	0.0000	0.0000	0.0000	0.0000;
./matpower/data/case_ACTIVSg25k.m:36055:	19130	19052	0.009982	0.016471	0.00119	56.77	0	0	0	0	1	0	0	-13.7800	1.0700	13.8000	-1.1600	0.0000	0.0000	0.0000	0.0000;
./matpower/data/case_ACTIVSg25k.m:36519:	21015	21231	0.002437	0.009986	0.00308	195.18	0	0	0	0	1	0	0	-39.3000	-3.7700	39.3400	3.5800	0.0000	0.0000	0.0000	0.0000;
./matpower/data/case_ACTIVSg25k.m:36520:	21015	21231	0.002437	0.009986	0.00308	195.18	0	0	0	0	1	0	0	-39.3000	-3.7700	39.3400	3.5800	0.0000	0.0000	0.0000	0.0000;
./matpower/data/case_ACTIVSg25k.m:36521:	21015	21231	0.002437	0.009986	0.00308	195.18	0	0	0	0	1	0	0	-39.3000	-3.7700	39.3400	3.5800	0.0000	0.0000	0.0000	0.0000;
./matpower/data/case_ACTIVSg25k.m:36647:	21066	21237	0.002949	0.01248	0.06004	171.26	0	0	0	0	1	0	0	68.4000	23.0300	-68.2600	-28.9800	0.0000	0.0000	0.0000	0.0000;
./matpower/data/case_ACTIVSg25k.m:37054:	21450	21325	0.001369	0.005966	0.00199	135.21	0	0	0	0	1	0	0	-10.6400	-11.3200	10.6500	11.1200	0.0000	0.0000	0.0000	0.0000;
./matpower/data/case_ACTIVSg25k.m:37218:	21427	21426	0.000933	0.008734	0.02084	428.47	0	0	0	0	1	0	0	-19.8600	37.2200	19.8700	-39.3000	0.0000	0.0000	0.0000	0.0000;
./matpower/data/case_ACTIVSg25k.m:37223:	21430	21429	0.001019	0.039983	0	281.78	0	0	1.03125	0	1	0	0	-117.4900	-51.0300	117.6500	57.3300	0.0000	0.0000	0.0000	0.0000;
./matpower/data/case_ACTIVSg25k.m:37224:	21430	21429	0.001019	0.039983	0	281.78	0	0	1.03125	0	1	0	0	-117.4900	-51.0300	117.6500	57.3300	0.0000	0.0000	0.0000	0.0000;
./matpower/data/case_ACTIVSg25k.m:37225:	21430	21429	0.001019	0.039983	0	281.78	0	0	1.03125	0	1	0	0	-117.4900	-51.0300	117.6500	57.3300	0.0000	0.0000	0.0000	0.0000;
./matpower/data/case_ACTIVSg25k.m:37545:	21651	22026	0.00333	0.019989	0.00483	159.68	0	0	0	0	1	0	0	-69.1600	-36.2300	69.3500	36.8300	0.0000	0.0000	0.0000	0.0000;
./matpower/data/case_ACTIVSg25k.m:37698:	21780	21779	0.008966	0.233013	0	57.91	0	0	1.00625	0	1	0	0	-9.0400	1.3300	9.0400	-1.1500	0.0000	0.0000	0.0000	0.0000;
./matpower/data/case_ACTIVSg25k.m:37710:	21787	21797	0.001933	0.017831	0.03793	505	0	0	0	0	1	0	0	-86.8800	-24.9900	87.0200	22.1200	0.0000	0.0000	0.0000	0.0000;
./matpower/data/case_ACTIVSg25k.m:37762:	21815	46175	0.008331	0.02998	0.00196	74.44	0	0	0	0	1	0	0	-23.2100	4.7500	23.2500	-4.8200	0.0000	0.0000	0.0000	0.0000;
./matpower/data/case_ACTIVSg25k.m:37789:	29400	21835	0.001998	0.016346	0.05916	484.18	0	0	0	0	1	0	0	-84.6300	0.5100	84.7600	-5.9600	0.0000	0.0000	0.0000	0.0000;
./matpower/data/case_ACTIVSg25k.m:37957:	21982	45204	0.010125	0.046953	0.03998	195.47	0	0	0	0	1	0	0	-8.2900	24.9900	8.3600	-28.9800	0.0000	0.0000	0.0000	0.0000;
./matpower/data/case_ACTIVSg25k.m:37973:	21994	21995	0.009338	0.20484	0	56.54	0	0	1	0	1	0	0	-21.9500	-10.0800	22.0000	11.2000	0.0000	0.0000	0.0000	0.0000;
./matpower/data/case_ACTIVSg25k.m:38071:	22086	22090	0.000268	0.019338	0	874.13	0	0	1	0	1	0	0	-172.7300	11.7900	172.8000	-6.5000	0.0000	0.0000	0.0000	0.0000;
./matpower/data/case_ACTIVSg25k.m:38239:	23087	23118	0.00966	0.042406	0.0026	124.42	0	0	0	0	1	0	0	25.7700	5.5900	-25.7100	-5.5800	0.0000	0.0000	0.0000	0.0000;
./matpower/data/case_ACTIVSg25k.m:38371:	23189	23706	0.003631	0.019988	0.00161	123.89	0	0	0	0	1	0	0	-43.6800	-4.1800	43.7500	4.3700	0.0000	0.0000	0.0000	0.0000;
./matpower/data/case_ACTIVSg25k.m:38439:	23237	23718	0.003966	0.021585	0.0039	147.17	0	0	0	0	1	0	0	-60.3700	-13.8600	60.5100	14.2100	0.0000	0.0000	0.0000	0.0000;
./matpower/data/case_ACTIVSg25k.m:38498:	23372	23278	0.00823	0.039989	0.00349	130.05	0	0	0	0	1	0	0	1.5800	-4.3700	-1.5800	4.0100	0.0000	0.0000	0.0000	0.0000;
./matpower/data/case_ACTIVSg25k.m:38581:	41273	23341	0.006933	0.037333	0.01657	220.64	0	0	0	0	1	0	0	-44.7400	-3.6200	44.8700	2.5300	0.0000	0.0000	0.0000	0.0000;
./matpower/data/case_ACTIVSg25k.m:39006:	23725	23732	0.000121	0.009986	0	1420.42	0	0	1	0	1	0	0	-173.3000	-57.0100	173.3300	60.0800	0.0000	0.0000	0.0000	0.0000;
./matpower/data/case_ACTIVSg25k.m:39172:	25097	25069	0.008218	0.024921	0.00966	235.38	0	0	0	0	1	0	0	107.4000	15.6900	-106.5000	-13.9800	0.0000	0.0000	0.0000	0.0000;
./matpower/data/case_ACTIVSg25k.m:39782:	25415	25513	0.009998	0.027989	0.02694	55.53	0	0	0	0	1	0	0	15.7200	26.8300	-15.6300	-29.4400	0.0000	0.0000	0.0000	0.0000;
./matpower/data/case_ACTIVSg25k.m:39881:	25491	25483	0.002949	0.01686	0.00729	237.91	0	0	0	0	1	0	0	112.5600	-4.1500	-112.2100	5.3900	0.0000	0.0000	0.0000	0.0000;
./matpower/data/case_ACTIVSg25k.m:40121:	25618	25757	0.019497	0.046725	0.00222	60.79	0	0	0	0	1	0	0	23.6400	-4.7800	-23.5400	4.7800	0.0000	0.0000	0.0000	0.0000;
./matpower/data/case_ACTIVSg25k.m:40192:	25681	25897	0.000712	0.009333	0.13114	1088.25	0	0	0	0	1	0	0	-178.2600	111.7100	178.5600	-121.9300	0.0000	0.0000	0.0000	0.0000;
./matpower/data/case_ACTIVSg25k.m:40246:	25715	40127	0.014144	0.029982	0.00102	61.45	0	0	0	0	1	0	0	-18.5900	-3.2600	18.6400	3.2400	0.0000	0.0000	0.0000	0.0000;
./matpower/data/case_ACTIVSg25k.m:40484:	41826	27011	0.005182	0.029666	0.01698	282.7	0	0	0	0	1	0	0	38.5100	2.6600	-38.4400	-4.0400	0.0000	0.0000	0.0000	0.0000;
./matpower/data/case_ACTIVSg25k.m:40498:	27043	27021	0.004036	0.024404	0.01966	231.9	0	0	0	0	1	0	0	-9.9900	-2.7900	9.9900	0.6900	0.0000	0.0000	0.0000	0.0000;
./matpower/data/case_ACTIVSg25k.m:40499:	27021	27048	0.00477	0.029339	0.00883	206.84	0	0	0	0	1	0	0	-4.9200	-2.7000	4.9200	1.7600	0.0000	0.0000	0.0000	0.0000;
./matpower/data/case_ACTIVSg25k.m:40638:	27124	27315	0.001949	0.012836	0.01431	266.04	0	0	0	0	1	0	0	-45.7800	10.7800	45.8200	-12.0800	0.0000	0.0000	0.0000	0.0000;
./matpower/data/case_ACTIVSg25k.m:40777:	27239	27240	0.002949	0.102496	0	123.46	0	0	1	0	1	0	0	-23.9800	-8.6000	24.0000	9.2200	0.0000	0.0000	0.0000	0.0000;
./matpower/data/case_ACTIVSg25k.m:40995:	27446	27448	0.009669	0.360492	0	36.64	0	0	1	0	1	0	0	-0.7000	-0.2700	0.7000	0.2700	0.0000	0.0000	0.0000	0.0000;
./matpower/data/case_ACTIVSg25k.m:41153:	29071	29075	0.000965	0.009337	0.05586	580.44	0	0	0	0	1	0	0	-186.0900	0.6100	186.4000	-3.7000	0.0000	0.0000	0.0000	0.0000;
./matpower/data/case_ACTIVSg25k.m:41159:	29075	29886	0.001377	0.013406	0.01949	533.56	0	0	0	0	1	0	0	-130.6100	-5.7700	130.8200	5.7500	0.0000	0.0000	0.0000	0.0000;
./matpower/data/case_ACTIVSg25k.m:41162:	29089	29078	0.003897	0.019665	0.0057	182.86	0	0	0	0	1	0	0	66.6900	-10.8300	-66.5200	11.0400	0.0000	0.0000	0.0000	0.0000;
./matpower/data/case_ACTIVSg25k.m:41295:	29588	29181	0.000785	0.010095	1.01588	2994.43	0	0	0	0	1	0	0	-959.5800	102.8000	966.4000	-125.2300	0.0000	0.0000	0.0000	0.0000;
./matpower/data/case_ACTIVSg25k.m:41366:	29248	29237	0.009661	0.051189	0.01794	151.24	0	0	0	0	1	0	0	15.9100	-2.9500	-15.8900	1.1100	0.0000	0.0000	0.0000	0.0000;
./matpower/data/case_ACTIVSg25k.m:41430:	29346	29282	0.014936	0.064893	0.00933	127.24	0	0	0	0	1	0	0	13.5000	7.9500	-13.4600	-8.8000	0.0000	0.0000	0.0000	0.0000;
./matpower/data/case_ACTIVSg25k.m:41497:	29320	29642	0.009495	0.050389	0.03162	177.16	0	0	0	0	1	0	0	50.0300	-7.3800	-49.8100	5.1500	0.0000	0.0000	0.0000	0.0000;
./matpower/data/case_ACTIVSg25k.m:41540:	29381	29356	0.001998	0.008615	0.00253	160.35	0	0	0	0	1	0	0	-5.0300	0.3600	5.0300	-0.6400	0.0000	0.0000	0.0000	0.0000;
./matpower/data/case_ACTIVSg25k.m:41688:	30043	29489	0.000998	0.005454	0.00211	178.13	0	0	0	0	1	0	0	96.5500	9.5500	-96.4700	-9.3100	0.0000	0.0000	0.0000	0.0000;
./matpower/data/case_ACTIVSg25k.m:41950:	29704	29773	0.003966	0.035836	0.1207	567.13	0	0	0	0	1	0	0	-170.9500	-4.7000	172.0200	1.2500	0.0000	0.0000	0.0000	0.0000;
./matpower/data/case_ACTIVSg25k.m:42019:	29763	29762	0.001289	0.059332	0	147.67	0	0	1.00625	0	1	0	0	-51.9100	-3.6700	51.9400	5.1500	0.0000	0.0000	0.0000	0.0000;
./matpower/data/case_ACTIVSg25k.m:42075:	62235	29810	0.000374	0.00638	0.516	2911.55	0	0	0	0	1	0	0	-963.6900	43.8000	966.9400	-44.1600	0.0000	0.0000	0.0000	0.0000;
./matpower/data/case_ACTIVSg25k.m:42334:	30071	30070	0.001998	0.06812	0	100.87	0	0	1.00625	0	1	0	0	-42.9400	-0.9800	42.9700	2.1300	0.0000	0.0000	0.0000	0.0000;
./matpower/data/case_ACTIVSg25k.m:42453:	31075	31071	0.004961	0.034276	0.00949	228.83	0	0	0	0	1	0	0	-66.5400	-72.7800	67.0100	75.0200	0.0000	0.0000	0.0000	0.0000;
./matpower/data/case_ACTIVSg25k.m:42572:	31154	31155	0.001966	0.133045	0	25	0	0	1	0	1	0	0	0.0000	0.0000	0.0000	0.0000	0.0000	0.0000	0.0000	0.0000;
./matpower/data/case_ACTIVSg25k.m:42624:	31247	31190	0.069662	0.196116	0.0069	57.56	0	0	0	0	1	0	0	9.2800	4.3700	-9.2100	-4.9200	0.0000	0.0000	0.0000	0.0000;
./matpower/data/case_ACTIVSg25k.m:42627:	31191	31254	0.049491	0.134581	0.02236	75.29	0	0	0	0	1	0	0	-12.3300	1.8800	12.4000	-3.9900	0.0000	0.0000	0.0000	0.0000;
./matpower/data/case_ACTIVSg25k.m:42628:	31191	31254	0.049491	0.134581	0.02236	75.29	0	0	0	0	1	0	0	-12.3300	1.8800	12.4000	-3.9900	0.0000	0.0000	0.0000	0.0000;
./matpower/data/case_ACTIVSg25k.m:43032:	33070	33273	0.019338	0.055175	0.0037	67.15	0	0	0	0	1	0	0	-5.7600	2.8500	5.7700	-3.2200	0.0000	0.0000	0.0000	0.0000;
./matpower/data/case_ACTIVSg25k.m:43318:	33268	55347	0.089986	0.189024	0.01061	40.59	0	0	0	0	1	0	0	0.6600	10.2900	-0.5700	-11.2300	0.0000	0.0000	0.0000	0.0000;
./matpower/data/case_ACTIVSg25k.m:43472:	33393	33395	0.00949	0.250357	0	37.33	0	0	1.025	0	1	0	0	-1.8000	-0.8300	1.8000	0.8400	0.0000	0.0000	0.0000	0.0000;
./matpower/data/case_ACTIVSg25k.m:43697:	35122	35038	0.009663	0.022471	0.02573	49.77	0	0	0	0	1	0	0	-4.3200	-8.2400	4.3200	5.6300	0.0000	0.0000	0.0000	0.0000;
./matpower/data/case_ACTIVSg25k.m:43786:	35124	35096	0.033499	0.069985	0.00472	88.13	0	0	0	0	1	0	0	-28.7300	7.0900	29.0300	-6.9400	0.0000	0.0000	0.0000	0.0000;
./matpower/data/case_ACTIVSg25k.m:43897:	35170	35351	0.029497	0.089909	0.00303	72.55	0	0	0	0	1	0	0	-19.8500	-0.5900	19.9600	0.6200	0.0000	0.0000	0.0000	0.0000;
./matpower/data/case_ACTIVSg25k.m:43999:	35243	35254	0.021851	0.059982	0.00529	61.66	0	0	0	0	1	0	0	23.5500	9.0300	-23.4200	-9.2200	0.0000	0.0000	0.0000	0.0000;
./matpower/data/case_ACTIVSg25k.m:44002:	35244	35446	0.06158	0.131275	0.00933	67.1	0	0	0	0	1	0	0	-30.0400	-2.0500	30.6000	2.3200	0.0000	0.0000	0.0000	0.0000;
./matpower/data/case_ACTIVSg25k.m:44321:	37037	37058	0.001581	0.009339	0.01194	260.55	0	0	0	0	1	0	0	-41.9700	1.0800	42.0000	-2.2200	0.0000	0.0000	0.0000	0.0000;
./matpower/data/case_ACTIVSg25k.m:44495:	37155	37247	0.001933	0.009781	0.00515	286.38	0	0	0	0	1	0	0	63.1600	18.7300	-63.0800	-18.8900	0.0000	0.0000	0.0000	0.0000;
./matpower/data/case_ACTIVSg25k.m:44972:	39505	39044	0.000832	0.009339	0.20608	1206	0	0	0	0	1	0	0	319.4800	-68.7800	-318.6500	56.2500	0.0000	0.0000	0.0000	0.0000;
./matpower/data/case_ACTIVSg25k.m:45075:	40029	39116	0.009949	0.022628	0.0006	60.51	0	0	0	0	1	0	0	17.9500	-10.8700	-17.9100	10.9000	0.0000	0.0000	0.0000	0.0000;
./matpower/data/case_ACTIVSg25k.m:45225:	39224	39213	0.003933	0.022788	0.00602	214.02	0	0	0	0	1	0	0	50.9300	38.8300	-50.7800	-38.6100	0.0000	0.0000	0.0000	0.0000;
./matpower/data/case_ACTIVSg25k.m:45589:	39480	39494	0.049336	0.097084	0.00301	67.92	0	0	0	0	1	0	0	32.7000	-12.2500	-32.1600	12.9900	0.0000	0.0000	0.0000	0.0000;
./matpower/data/case_ACTIVSg25k.m:45797:	39597	39618	0.005975	0.029076	0.01966	204.08	0	0	0	0	1	0	0	-116.1200	-35.9400	116.9800	38.0700	0.0000	0.0000	0.0000	0.0000;
./matpower/data/case_ACTIVSg25k.m:45979:	39749	39748	0.003949	0.11905	0	74.44	0	0	1	0	1	0	0	-18.0000	0.9800	18.0200	-0.6100	0.0000	0.0000	0.0000	0.0000;
./matpower/data/case_ACTIVSg25k.m:46006:	39969	39777	0.019499	0.044506	0.0011	58.81	0	0	0	0	1	0	0	10.5400	-4.5700	-10.5100	4.5100	0.0000	0.0000	0.0000	0.0000;
./matpower/data/case_ACTIVSg25k.m:46012:	39780	39782	-0.002742	-0.08998	0	58.82	0	0	1	0	1	0	0	7.4500	5.9800	-7.4500	-6.0500	0.0000	0.0000	0.0000	0.0000;
./matpower/data/case_ACTIVSg25k.m:46042:	39817	39818	0.009499	0.205688	0	45.84	0	0	1	0	1	0	0	-5.0000	0.0500	5.0000	0.0000	0.0000	0.0000	0.0000	0.0000;
./matpower/data/case_ACTIVSg25k.m:46079:	39854	39858	0.009982	0.238	0	49.58	0	0	1.025	0	1	0	0	-5.0000	0.0600	5.0000	0.0000	0.0000	0.0000	0.0000	0.0000;
./matpower/data/case_ACTIVSg25k.m:46140:	40084	39919	0.004966	0.011251	0.00159	51.92	0	0	0	0	1	0	0	-4.0600	7.3300	4.0600	-7.5000	0.0000	0.0000	0.0000	0.0000;
./matpower/data/case_ACTIVSg25k.m:46515:	41326	41128	0.000933	0.006122	0.00608	235.85	0	0	0	0	1	0	0	10.1100	-17.0400	-10.1100	16.4100	0.0000	0.0000	0.0000	0.0000;
./matpower/data/case_ACTIVSg25k.m:46605:	41198	41276	0.002949	0.017369	0.0354	279.08	0	0	0	0	1	0	0	47.0000	-10.8500	-46.9300	7.4400	0.0000	0.0000	0.0000	0.0000;
./matpower/data/case_ACTIVSg25k.m:46665:	41241	69465	0.000626	0.003949	0.01053	316.79	0	0	0	0	1	0	0	-148.1300	-6.8900	148.2600	6.5700	0.0000	0.0000	0.0000	0.0000;
./matpower/data/case_ACTIVSg25k.m:46852:	41400	41403	0.002219	0.014243	0.02966	305.32	0	0	0	0	1	0	0	99.3900	3.2700	-99.1900	-5.1300	0.0000	0.0000	0.0000	0.0000;
./matpower/data/case_ACTIVSg25k.m:47062:	41557	42157	0.001379	0.008289	0.02966	251.44	0	0	0	0	1	0	0	-29.6900	-5.6500	29.7100	2.4700	0.0000	0.0000	0.0000	0.0000;
./matpower/data/case_ACTIVSg25k.m:47182:	41669	41650	0.001967	0.011673	0.04966	268.41	0	0	0	0	1	0	0	59.2000	-5.0300	-59.1300	0.0300	0.0000	0.0000	0.0000	0.0000;
./matpower/data/case_ACTIVSg25k.m:47671:	42090	42092	0.006949	0.233896	0	43.85	0	0	1.00625	0	1	0	0	-1.6000	-0.8100	1.6000	0.8100	0.0000	0.0000	0.0000	0.0000;
./matpower/data/case_ACTIVSg25k.m:48005:	43139	43223	0.00285	0.009981	0.00476	165.2	0	0	0	0	1	0	0	-35.9900	-5.4900	36.0300	5.1000	0.0000	0.0000	0.0000	0.0000;
./matpower/data/case_ACTIVSg25k.m:48243:	43341	43396	0.004998	0.022465	0.0493	149.1	0	0	0	0	1	0	0	17.5000	-4.5200	-17.4900	-0.7100	0.0000	0.0000	0.0000	0.0000;
./matpower/data/case_ACTIVSg25k.m:48346:	43426	43446	0.010053	0.049996	0.00949	140.17	0	0	0	0	1	0	0	43.4300	-14.7300	-43.2300	14.7200	0.0000	0.0000	0.0000	0.0000;
./matpower/data/case_ACTIVSg25k.m:48408:	43473	43475	0.011567	0.039666	0.00518	135.35	0	0	0	0	1	0	0	11.3700	-9.5600	-11.3400	9.0900	0.0000	0.0000	0.0000	0.0000;
./matpower/data/case_ACTIVSg25k.m:48635:	43655	43654	0.001714	0.069985	0	193.94	0	0	1.025	0	1	0	0	-65.1500	-32.4800	65.2300	36.0500	0.0000	0.0000	0.0000	0.0000;
./matpower/data/case_ACTIVSg25k.m:48685:	45513	43700	0.003582	0.01949	0.01639	177.91	0	0	0	0	1	0	0	-25.2500	-11.7600	25.2800	10.1200	0.0000	0.0000	0.0000	0.0000;
./matpower/data/case_ACTIVSg25k.m:49072:	45173	45165	0.02254	0.059988	0.00221	46.8	0	0	0	0	1	0	0	2.0100	-0.6700	-2.0100	0.4300	0.0000	0.0000	0.0000	0.0000;
./matpower/data/case_ACTIVSg25k.m:49545:	45516	45535	0.03072	0.059338	0.00422	55.41	0	0	0	0	1	0	0	9.5800	5.7600	-9.5500	-6.1600	0.0000	0.0000	0.0000	0.0000;
./matpower/data/case_ACTIVSg25k.m:49666:	45630	45744	0.012145	0.06899	0.01966	217.89	0	0	0	0	1	0	0	48.7600	19.1600	-48.4500	-19.4600	0.0000	0.0000	0.0000	0.0000;
./matpower/data/case_ACTIVSg25k.m:49745:	45689	45683	0.059981	0.16611	0.00317	58.13	0	0	0	0	1	0	0	11.9800	0.5200	-11.9000	-0.6400	0.0000	0.0000	0.0000	0.0000;
./matpower/data/case_ACTIVSg25k.m:50049:	45910	45913	0.000585	0.009499	0	121.51	0	0	1	0	1	0	0	0.0000	0.0000	-0.0000	0.0000	0.0000	0.0000	0.0000	0.0000;
./matpower/data/case_ACTIVSg25k.m:50185:	46027	46030	0.000742	0.039495	0	270.44	0	0	1	0	1	0	0	-53.9800	7.6700	54.0000	-6.5900	0.0000	0.0000	0.0000	0.0000;
./matpower/data/case_ACTIVSg25k.m:50492:	47074	47057	0.049494	0.104857	0.00484	47.86	0	0	0	0	1	0	0	2.4500	-0.8100	-2.4500	0.3400	0.0000	0.0000	0.0000	0.0000;
./matpower/data/case_ACTIVSg25k.m:50600:	47125	47120	0.041765	0.138595	0.00998	54.48	0	0	0	0	1	0	0	17.2500	7.7100	-17.1000	-8.2400	0.0000	0.0000	0.0000	0.0000;
./matpower/data/case_ACTIVSg25k.m:50662:	47176	47177	0.019983	0.421482	0	34.06	0	0	1	0	1	0	0	-3.2000	-0.4400	3.2000	0.4800	0.0000	0.0000	0.0000	0.0000;
./matpower/data/case_ACTIVSg25k.m:50890:	61829	49061	0.001057	0.009663	0.02361	582.95	0	0	0	0	1	0	0	212.8200	16.1400	-212.3800	-14.6500	0.0000	0.0000	0.0000	0.0000;
./matpower/data/case_ACTIVSg25k.m:50907:	49074	49071	0.000998	0.005432	0.00767	155.33	0	0	0	0	1	0	0	34.7500	0.1800	-34.7400	-0.9300	0.0000	0.0000	0.0000	0.0000;
./matpower/data/case_ACTIVSg25k.m:51019:	49145	49157	0.007692	0.039496	0.01568	148.89	0	0	0	0	1	0	0	-11.4200	8.0400	11.4300	-9.6300	0.0000	0.0000	0.0000	0.0000;
./matpower/data/case_ACTIVSg25k.m:51178:	49279	49303	0.009663	0.042094	0.02606	142.44	0	0	0	0	1	0	0	2.1800	-1.8800	-2.1800	-0.9300	0.0000	0.0000	0.0000	0.0000;
./matpower/data/case_ACTIVSg25k.m:51206:	61864	49300	0.012322	0.049336	0.01651	193.9	0	0	0	0	1	0	0	92.2000	-8.8200	-91.2000	11.0500	0.0000	0.0000	0.0000	0.0000;
./matpower/data/case_ACTIVSg25k.m:51246:	49339	49346	0.000124	0.009988	0	954.54	0	0	1.05625	0	1	0	0	-232.5200	-111.6400	232.6000	118.3900	0.0000	0.0000	0.0000	0.0000;
./matpower/data/case_ACTIVSg25k.m:51724:	51225	51224	0.000164	0.011297	0	966.4	0	0	1.0125	0	1	0	0	-339.1000	-115.3100	339.2900	128.9200	0.0000	0.0000	0.0000	0.0000;
./matpower/data/case_ACTIVSg25k.m:51753:	53012	53011	0.007933	0.193175	0	67.16	0	0	1	0	1	0	0	0.0000	0.0000	0.0000	0.0000	0.0000	0.0000	0.0000	0.0000;
./matpower/data/case_ACTIVSg25k.m:51774:	53104	53026	0.009989	0.037477	0.02222	198.47	0	0	0	0	1	0	0	23.1000	15.5100	-23.0300	-17.6000	0.0000	0.0000	0.0000	0.0000;
./matpower/data/case_ACTIVSg25k.m:51816:	53393	53050	0.005613	0.021206	0.00933	226.92	0	0	0	0	1	0	0	75.1800	18.2200	-74.8700	-18.0600	0.0000	0.0000	0.0000	0.0000;
./matpower/data/case_ACTIVSg25k.m:52066:	53213	53222	0.002012	0.009998	0.01335	225.37	0	0	0	0	1	0	0	-98.3600	-38.3600	98.5700	38.0500	0.0000	0.0000	0.0000	0.0000;
./matpower/data/case_ACTIVSg25k.m:52475:	53507	53510	0.004949	0.014614	0.01311	238.48	0	0	0	0	1	0	0	-63.4300	16.3900	63.6400	-17.1200	0.0000	0.0000	0.0000	0.0000;
./matpower/data/case_ACTIVSg25k.m:52616:	53607	53655	0.00061	0.006966	0.41694	1272.98	0	0	0	0	1	0	0	-697.1500	16.7800	700.0400	-26.7700	0.0000	0.0000	0.0000	0.0000;
./matpower/data/case_ACTIVSg25k.m:52617:	53607	53655	0.00061	0.006966	0.41694	1272.98	0	0	0	0	1	0	0	-697.1500	16.7800	700.0400	-26.7700	0.0000	0.0000	0.0000	0.0000;
./matpower/data/case_ACTIVSg25k.m:52844:	53801	53863	0.000846	0.009661	0.14985	1209.98	0	0	0	0	1	0	0	-352.9300	-8.8000	353.9100	3.7800	0.0000	0.0000	0.0000	0.0000;
./matpower/data/case_ACTIVSg25k.m:52897:	53854	59907	0.009773	0.029493	0.00053	50.65	0	0	0	0	1	0	0	2.9900	-0.7400	-2.9900	0.6900	0.0000	0.0000	0.0000	0.0000;
./matpower/data/case_ACTIVSg25k.m:53071:	55035	55034	0.00343	0.099665	0	87.86	0	0	1	0	1	0	0	-29.9500	-3.9200	29.9800	4.8000	0.0000	0.0000	0.0000	0.0000;
./matpower/data/case_ACTIVSg25k.m:53099:	55055	55099	0.009497	0.024237	0.001	53.56	0	0	0	0	1	0	0	8.3400	-2.0000	-8.3300	1.9100	0.0000	0.0000	0.0000	0.0000;
./matpower/data/case_ACTIVSg25k.m:53221:	55741	55149	0.000933	0.009755	0.1817	1343.01	0	0	0	0	1	0	0	780.6900	-82.6900	-775.2600	120.2400	0.0000	0.0000	0.0000	0.0000;
./matpower/data/case_ACTIVSg25k.m:53222:	55741	55149	0.000933	0.009755	0.1817	1343.01	0	0	0	0	1	0	0	780.6900	-82.6900	-775.2600	120.2400	0.0000	0.0000	0.0000	0.0000;
./matpower/data/case_ACTIVSg25k.m:53471:	55311	55433	0.019983	0.042933	0.00073	71.67	0	0	0	0	1	0	0	35.4000	-10.3600	-35.1400	10.8400	0.0000	0.0000	0.0000	0.0000;
./matpower/data/case_ACTIVSg25k.m:53501:	55321	55702	0.002949	0.012527	0.06494	253.91	0	0	0	0	1	0	0	-93.9400	-17.2400	94.1900	11.4100	0.0000	0.0000	0.0000	0.0000;
./matpower/data/case_ACTIVSg25k.m:53502:	55321	55702	0.002949	0.012527	0.06494	253.91	0	0	0	0	1	0	0	-93.9400	-17.2400	94.1900	11.4100	0.0000	0.0000	0.0000	0.0000;
./matpower/data/case_ACTIVSg25k.m:53659:	55447	55434	0.007317	0.032084	0.00949	250.62	0	0	0	0	1	0	0	168.5800	-24.9600	-166.5600	32.8500	0.0000	0.0000	0.0000	0.0000;
./matpower/data/case_ACTIVSg25k.m:53955:	55722	55706	0.001526	0.019987	0.33936	1176.77	0	0	0	0	1	0	0	-419.4300	75.8600	422.0500	-77.6700	0.0000	0.0000	0.0000	0.0000;
./matpower/data/case_ACTIVSg25k.m:54067:	57457	57048	0.002071	0.009333	0.00067	147.39	0	0	0	0	1	0	0	-68.7800	-25.9100	68.8900	26.3100	0.0000	0.0000	0.0000	0.0000;
./matpower/data/case_ACTIVSg25k.m:54148:	57100	57648	0.008872	0.039333	0.00652	150.1	0	0	0	0	1	0	0	86.2900	18.0000	-85.6700	-15.9400	0.0000	0.0000	0.0000	0.0000;
./matpower/data/case_ACTIVSg25k.m:54379:	57272	57311	0.001841	0.009949	0.00148	128.15	0	0	0	0	1	0	0	33.3400	13.0100	-33.3200	-13.0500	0.0000	0.0000	0.0000	0.0000;
./matpower/data/case_ACTIVSg25k.m:54420:	57290	57293	0.002966	0.136378	0	274.29	0	0	1	0	1	0	0	136.5200	18.4400	-136.0000	5.4500	0.0000	0.0000	0.0000	0.0000;
./matpower/data/case_ACTIVSg25k.m:54495:	57336	57339	0.00147	0.069666	0	366.99	0	0	1	0	1	0	0	130.5900	21.6400	-130.3500	-10.2700	0.0000	0.0000	0.0000	0.0000;
./matpower/data/case_ACTIVSg25k.m:54621:	57436	57439	0.000916	0.007933	0.04443	490.9	0	0	0	0	1	0	0	-81.8500	-24.4000	81.9100	20.1200	0.0000	0.0000	0.0000	0.0000;
./matpower/data/case_ACTIVSg25k.m:54681:	57498	57793	0.001966	0.019569	0.10003	587.61	0	0	0	0	1	0	0	-222.2800	-20.4900	223.1900	18.8400	0.0000	0.0000	0.0000	0.0000;
./matpower/data/case_ACTIVSg25k.m:54703:	57514	57788	0.010753	0.049913	0.00949	106.24	0	0	0	0	1	0	0	-0.1200	-3.7200	0.1200	2.7100	0.0000	0.0000	0.0000	0.0000;
./matpower/data/case_ACTIVSg25k.m:54736:	57660	57543	0.013832	0.073332	0.00933	127.56	0	0	0	0	1	0	0	23.9300	11.4700	-23.8300	-11.9300	0.0000	0.0000	0.0000	0.0000;
./matpower/data/case_ACTIVSg25k.m:54800:	57592	71082	0.008949	0.035391	0.00401	110.65	0	0	0	0	1	0	0	-4.2600	14.9700	4.2800	-15.3100	0.0000	0.0000	0.0000	0.0000;
./matpower/data/case_ACTIVSg25k.m:54895:	57683	57943	0.011247	0.049984	0.00733	128.35	0	0	0	0	1	0	0	-35.2900	-4.0400	35.4200	3.8600	0.0000	0.0000	0.0000	0.0000;
./matpower/data/case_ACTIVSg25k.m:54982:	57760	57761	0.001998	0.051627	0	253.15	0	0	1	0	1	0	0	-5.6000	0.0200	5.6000	0.0000	0.0000	0.0000	0.0000	0.0000;
./matpower/data/case_ACTIVSg25k.m:55134:	57923	57926	0.001694	0.049669	0	326.06	0	0	1	0	1	0	0	-15.8300	-13.9400	15.8400	14.1600	0.0000	0.0000	0.0000	0.0000;
./matpower/data/case_ACTIVSg25k.m:55154:	57937	57938	0.002949	0.067696	0	204.19	0	0	1	0	1	0	0	-3.4000	-0.7200	3.4000	0.7200	0.0000	0.0000	0.0000	0.0000;
./matpower/data/case_ACTIVSg25k.m:55186:	59004	59006	0.009663	0.183919	0	62.09	0	0	1	0	1	0	0	0.0000	0.0000	0.0000	0.0000	0.0000	0.0000	0.0000	0.0000;
./matpower/data/case_ACTIVSg25k.m:55187:	59005	59006	0.009663	0.183919	0	62.09	0	0	1	0	1	0	0	0.0000	0.0000	0.0000	0.0000	0.0000	0.0000	0.0000	0.0000;
./matpower/data/case_ACTIVSg25k.m:55322:	59398	59094	0.013336	0.079988	0.0382	224.26	0	0	0	0	1	0	0	-47.8200	18.3900	48.1600	-20.4300	0.0000	0.0000	0.0000	0.0000;
./matpower/data/case_ACTIVSg25k.m:56157:	60015	59644	0.008752	0.019987	0.00148	67.19	0	0	0	0	1	0	0	34.6100	-4.4500	-34.5100	4.5300	0.0000	0.0000	0.0000	0.0000;
./matpower/data/case_ACTIVSg25k.m:56285:	59857	59754	0.003637	0.019496	0.00576	269.56	0	0	0	0	1	0	0	85.0900	-11.0900	-84.8300	11.8800	0.0000	0.0000	0.0000	0.0000;
./matpower/data/case_ACTIVSg25k.m:56518:	59955	59964	0.01191	0.029495	0.00067	57.6	0	0	0	0	1	0	0	11.7300	3.9800	-11.7100	-4.0100	0.0000	0.0000	0.0000	0.0000;
./matpower/data/case_ACTIVSg25k.m:56596:	60046	60048	0.029494	0.681823	0	20.91	0	0	0.99375	0	1	0	0	-1.8000	-0.8100	1.8000	0.8400	0.0000	0.0000	0.0000	0.0000;
./matpower/data/case_ACTIVSg25k.m:56615:	61007	61009	0.003933	0.112375	0	77.14	0	0	1	0	1	0	0	-10.7300	-1.5900	10.7300	1.7100	0.0000	0.0000	0.0000	0.0000;
./matpower/data/case_ACTIVSg25k.m:56616:	61008	61009	0.003933	0.112375	0	77.14	0	0	1	0	1	0	0	0.0000	0.0000	0.0000	0.0000	0.0000	0.0000	0.0000	0.0000;
./matpower/data/case_ACTIVSg25k.m:56965:	61268	61286	0.009497	0.054646	0.01559	140.47	0	0	0	0	1	0	0	7.1100	0.2000	-7.1000	-1.8500	0.0000	0.0000	0.0000	0.0000;
./matpower/data/case_ACTIVSg25k.m:57054:	61340	61369	0.002242	0.009664	0.00229	149.97	0	0	0	0	1	0	0	-25.5700	-11.5600	25.5900	11.3800	0.0000	0.0000	0.0000	0.0000;
./matpower/data/case_ACTIVSg25k.m:57076:	61355	62115	0.000324	0.004908	0.56361	2852.77	0	0	0	0	1	0	0	-946.4400	7.6300	949.1400	-27.7200	0.0000	0.0000	0.0000	0.0000;
./matpower/data/case_ACTIVSg25k.m:57175:	61439	61443	0.0003	0.022421	0	966.99	0	0	1	0	1	0	0	357.6900	125.4000	-357.2900	-95.9200	0.0000	0.0000	0.0000	0.0000;
./matpower/data/case_ACTIVSg25k.m:57394:	61921	61592	0.002143	0.007998	0.00155	187.82	0	0	0	0	1	0	0	65.0000	3.8700	-64.9100	-3.7100	0.0000	0.0000	0.0000	0.0000;
./matpower/data/case_ACTIVSg25k.m:57612:	61752	61751	0.009987	0.281835	0	43.5	0	0	1	0	1	0	0	1.1600	8.3000	-1.1500	-8.1100	0.0000	0.0000	0.0000	0.0000;
./matpower/data/case_ACTIVSg25k.m:57861:	62011	61993	0.004152	0.019666	0.00804	193.44	0	0	0	0	1	0	0	94.8400	-3.8800	-94.4900	4.7000	0.0000	0.0000	0.0000	0.0000;
./matpower/data/case_ACTIVSg25k.m:57985:	62115	62215	0.000202	0.003949	0.43717	2945.34	0	0	0	0	1	0	0	-1100.0700	22.0000	1102.3400	-25.2000	0.0000	0.0000	0.0000	0.0000;
./matpower/data/case_ACTIVSg25k.m:58149:	62275	62279	0.009988	0.228847	0	37.05	0	0	0.99375	0	1	0	0	-1.4000	-0.7100	1.4000	0.7100	0.0000	0.0000	0.0000	0.0000;
./matpower/data/case_ACTIVSg25k.m:58318:	63018	63219	0.009664	0.024903	0.02755	72.84	0	0	0	0	1	0	0	20.5600	-14.5400	-20.5100	11.7500	0.0000	0.0000	0.0000	0.0000;
./matpower/data/case_ACTIVSg25k.m:58319:	63018	63219	0.009664	0.024903	0.02755	72.84	0	0	0	0	1	0	0	20.5600	-14.5400	-20.5100	11.7500	0.0000	0.0000	0.0000	0.0000;
./matpower/data/case_ACTIVSg25k.m:58320:	63018	63219	0.009664	0.024903	0.02755	72.84	0	0	0	0	1	0	0	20.5600	-14.5400	-20.5100	11.7500	0.0000	0.0000	0.0000	0.0000;
./matpower/data/case_ACTIVSg25k.m:58584:	63145	63187	0.017677	0.039493	0.00111	47.43	0	0	0	0	1	0	0	-1.3600	2.8900	1.3600	-3.0100	0.0000	0.0000	0.0000	0.0000;
./matpower/data/case_ACTIVSg25k.m:58807:	63251	63264	0.002933	0.016641	0.00547	221.78	0	0	0	0	1	0	0	76.3100	44.8500	-76.0900	-44.1800	0.0000	0.0000	0.0000	0.0000;
./matpower/data/case_ACTIVSg25k.m:58931:	63334	63337	0.001933	0.010624	0.06421	400	0	0	0	0	1	0	0	-290.3800	-21.5300	291.9000	22.8900	0.0000	0.0000	0.0000	0.0000;
./matpower/data/case_ACTIVSg25k.m:58932:	63334	63337	0.001933	0.010624	0.06421	400	0	0	0	0	1	0	0	-290.3800	-21.5300	291.9000	22.8900	0.0000	0.0000	0.0000	0.0000;
./matpower/data/case_ACTIVSg25k.m:58933:	63334	63337	0.001933	0.010624	0.06421	400	0	0	0	0	1	0	0	-290.3800	-21.5300	291.9000	22.8900	0.0000	0.0000	0.0000	0.0000;
./matpower/data/case_ACTIVSg25k.m:59145:	65039	65136	0.017005	0.073941	0.00998	107.57	0	0	0	0	1	0	0	-11.9900	-6.1700	12.0200	5.2300	0.0000	0.0000	0.0000	0.0000;
./matpower/data/case_ACTIVSg25k.m:59179:	65066	65234	0.008998	0.028021	0.00306	114.72	0	0	0	0	1	0	0	-1.4700	7.3200	1.4700	-7.6300	0.0000	0.0000	0.0000	0.0000;
./matpower/data/case_ACTIVSg25k.m:59440:	65264	65266	0.001798	0.049333	0	143.5	0	0	1	0	1	0	0	0.0000	0.0000	0.0000	0.0000	0.0000	0.0000	0.0000	0.0000;
./matpower/data/case_ACTIVSg25k.m:59467:	65289	65288	0.00011	0.008949	0	1507.73	0	0	1	0	1	0	0	-390.7500	-9.6000	390.9100	22.2200	0.0000	0.0000	0.0000	0.0000;
./matpower/data/case_ACTIVSg25k.m:59588:	65411	65414	0.001949	0.054948	0	196.19	0	0	1	0	1	0	0	-1.5000	0.0000	1.5000	0.0000	0.0000	0.0000	0.0000	0.0000;
./matpower/data/case_ACTIVSg25k.m:59657:	65494	65499	7.2e-05	0.005949	0	1573.12	0	0	1	0	1	0	0	0.0000	0.0000	0.0000	0.0000	0.0000	0.0000	0.0000	0.0000;
./matpower/data/case_ACTIVSg25k.m:59922:	67193	67180	0.003567	0.019495	0.0394	277.95	0	0	0	0	1	0	0	54.2500	-1.5700	-54.1600	-2.1200	0.0000	0.0000	0.0000	0.0000;
./matpower/data/case_ACTIVSg25k.m:59940:	67199	67953	0.003729	0.023756	0.02966	271.93	0	0	0	0	1	0	0	-29.5800	-11.3400	29.6100	8.3400	0.0000	0.0000	0.0000	0.0000;
./matpower/data/case_ACTIVSg25k.m:60014:	67262	67298	0.002456	0.016405	0.02949	272.28	0	0	0	0	1	0	0	53.3400	4.7500	-53.2700	-7.4900	0.0000	0.0000	0.0000	0.0000;
./matpower/data/case_ACTIVSg25k.m:60106:	67367	67340	0.001556	0.009989	0.00851	268.1	0	0	0	0	1	0	0	42.5600	0.4600	-42.5400	-1.2300	0.0000	0.0000	0.0000	0.0000;
./matpower/data/case_ACTIVSg25k.m:60152:	67367	67391	0.003173	0.018577	0.05949	283.56	0	0	0	0	1	0	0	-21.8600	-2.4800	21.8800	-3.9600	0.0000	0.0000	0.0000	0.0000;
./matpower/data/case_ACTIVSg25k.m:60317:	67592	67503	0.00072	0.003933	0.00472	240.92	0	0	0	0	1	0	0	-11.6100	-3.0900	11.6100	2.5900	0.0000	0.0000	0.0000	0.0000;
./matpower/data/case_ACTIVSg25k.m:60321:	67506	67745	0.003949	0.025052	0.02282	267.89	0	0	0	0	1	0	0	18.6500	-9.7900	-18.6300	7.4200	0.0000	0.0000	0.0000	0.0000;
./matpower/data/case_ACTIVSg25k.m:60365:	67537	67662	0.002021	0.012679	0.03949	243.39	0	0	0	0	1	0	0	-14.7400	-15.5500	14.7500	11.3500	0.0000	0.0000	0.0000	0.0000;
./matpower/data/case_ACTIVSg25k.m:60736:	67867	67868	0.002345	0.069494	0	110.06	0	0	0.9875	0	1	0	0	-14.5300	0.8400	14.5300	-0.7100	0.0000	0.0000	0.0000	0.0000;
./matpower/data/case_ACTIVSg25k.m:60886:	68087	68029	0.000998	0.004779	0.0014	276.69	0	0	0	0	1	0	0	-71.3400	-6.3500	71.3800	6.4300	0.0000	0.0000	0.0000	0.0000;
./matpower/data/case_ACTIVSg25k.m:60910:	68058	68057	0.000117	0.009495	0	1473.39	0	0	1	0	1	0	0	-363.3800	64.9900	363.5300	-53.1600	0.0000	0.0000	0.0000	0.0000;
./matpower/data/case_ACTIVSg25k.m:61526:	69390	69403	0.001803	0.009949	0.02547	298.69	0	0	0	0	1	0	0	80.6600	-21.7400	-80.5500	19.6100	0.0000	0.0000	0.0000	0.0000;
./matpower/data/case_ACTIVSg25k.m:61620:	69485	69489	7.9e-05	0.000933	0.09356	2583.84	0	0	0	0	1	0	0	472.7700	177.2700	-472.5800	-185.2100	0.0000	0.0000	0.0000	0.0000;
./matpower/data/case_ACTIVSg25k.m:62042:	71094	71171	0.002827	0.009665	0.00339	131.33	0	0	0	0	1	0	0	-35.8200	-6.5200	35.8600	6.2800	0.0000	0.0000	0.0000	0.0000;
./matpower/data/case_ACTIVSg25k.m:62045:	71096	71098	0.000966	0.025898	0	431.49	0	0	1	0	1	0	0	-43.0900	-6.4400	43.1000	6.9000	0.0000	0.0000	0.0000	0.0000;
./matpower/data/case_ACTIVSg25k.m:62046:	71097	71098	0.000966	0.025898	0	431.49	0	0	1	0	1	0	0	0.0000	0.0000	0.0000	0.0000	0.0000	0.0000	0.0000	0.0000;
./matpower/data/case_ACTIVSg25k.m:62069:	71118	71121	0.001966	0.083249	0	330.82	0	0	1	0	1	0	0	111.4200	11.2600	-111.1900	-1.5900	0.0000	0.0000	0.0000	0.0000;
./matpower/data/case_ACTIVSg25k.m:63426:	2	0	0	3	0.003	30.933	237.61;
./matpower/data/case_ACTIVSg25k.m:66586:	2	0	0	3	0.003	30.966	236.07;
./matpower/data/case60nordic.m:99:	46	2	0	0	0	0	1	0.9989	-12.116254	15	1	1.1	0.9;
./matpower/data/case60nordic.m:127:	46	435.5865	99.922135	900	-900	0.9989	1000	1	900	10	0	0	0	0	0	0	0	0	0	0	0;
./matpower/data/case8387pegase.m:135:	23	1	0	0	0	0	1	0.96616	-25.110965	150	1	1.1	0.9;
./matpower/data/case8387pegase.m:175:	63	1	15.71743	5.2	0	0	1	0.933539	-34.456554	110	1	1.1	0.9;
./matpower/data/case8387pegase.m:204:	92	1	65.07214	40.3	0	0	1	0.998755	-26.993988	150	1	1.1	0.9;
./matpower/data/case8387pegase.m:215:	103	1	1.801998	0.7	0	0	1	1.005392	-18.555746	110	1	1.1	0.9;
./matpower/data/case8387pegase.m:281:	169	2	4.805328	1.3	0	0	1	0.998323	-23.519367	110	1	1.1	0.9;
./matpower/data/case8387pegase.m:373:	261	1	177.1	66.9	0	0	1	1.099334	-14.390411	380	1	1.147872	0.9;
./matpower/data/case8387pegase.m:479:	367	2	-0.6	-0.5	0	0	1	0.949182	-31.519731	110	1	1.1	0.9;
./matpower/data/case8387pegase.m:524:	412	1	1.801998	0.7	0	0	1	0.994994	-13.474962	110	1	1.1	0.9;
./matpower/data/case8387pegase.m:763:	651	2	152.3	46.2	0	0	1	1.039331	-24.598821	220	1	1.123711	0.9;
./matpower/data/case8387pegase.m:773:	661	1	20.62287	6.5	0	0	1	0.998773	-37.10915	110	1	1.1	0.9;
./matpower/data/case8387pegase.m:820:	708	1	34.03774	11	0	0	1	0.998449	-40.215058	110	1	1.1	0.9;
./matpower/data/case8387pegase.m:826:	714	1	18.01998	6.4	0	0	1	0.935692	-25.509866	110	1	1.1	0.9;
./matpower/data/case8387pegase.m:948:	836	1	10.0111	5	0	0	1	1.019985	-46.415581	220	1	1.1	0.9;
./matpower/data/case8387pegase.m:1061:	949	1	12.11343	4.4	0	0	1	0.998391	-39.64231	110	1	1.1	0.9;
./matpower/data/case8387pegase.m:1122:	1010	1	1.801998	0.6	0	0	1	0.958198	-18.793219	110	1	1.1	0.9;
./matpower/data/case8387pegase.m:1171:	1059	1	26.4293	16.4	0	0	1	0.998013	-23.701566	150	1	1.1	0.9;
./matpower/data/case8387pegase.m:1188:	1076	1	10.81199	3.9	0	0	1	0.998031	-19.530608	110	1	1.1	0.9;
./matpower/data/case8387pegase.m:1267:	1155	1	1.801998	0.7	0	0	1	1.038896	-20.019694	110	1	1.1	0.9;
./matpower/data/case8387pegase.m:1347:	1235	1	100.3	4.8	0	0	1	0.933329	-30.696806	110	1	1.1	0.9;
./matpower/data/case8387pegase.m:1357:	1245	1	0	0	0	0	1	0.99822	-23.421572	150	1	1.1	0.9;
./matpower/data/case8387pegase.m:1365:	1253	1	18.01998	6	0	0	1	0.950026	-27.230988	110	1	1.1	0.9;
./matpower/data/case8387pegase.m:1412:	1300	1	22.82531	7.5	0	0	1	0.949529	-32.34433	110	1	1.1	0.9;
./matpower/data/case8387pegase.m:1435:	1323	1	18.01998	4.8	0	0	1	0.963329	-27.248259	110	1	1.1	0.9;
./matpower/data/case8387pegase.m:1473:	1361	1	18.01998	6	0	0	1	0.986505	-23.401632	110	1	1.1	0.9;
./matpower/data/case8387pegase.m:1669:	1557	1	92.60267	36.3	0	0	1	1.003933	11.690271	220	1	1.1	0.9;
./matpower/data/case8387pegase.m:1695:	1583	1	16.01776	5.3	0	0	1	0.966738	-32.096715	110	1	1.1	0.9;
./matpower/data/case8387pegase.m:1719:	1607	1	0	0	0	0	1	1.073339	-4.602966	380	1	1.140462	0.9;
./matpower/data/case8387pegase.m:1729:	1617	1	73.98203	22.5	0	0	1	1.069988	-10.720539	220	1	1.131764	0.9;
./matpower/data/case8387pegase.m:2042:	1930	1	53.35916	7.1	0	0	1	1.019666	-42.352732	220	1	1.1	0.9;
./matpower/data/case8387pegase.m:2047:	1935	1	19.82198	6	0	0	1	0.949197	-28.666154	110	1	1.1	0.9;
./matpower/data/case8387pegase.m:2124:	2012	1	6.00666	4.1	0	0	1	0.949007	-24.357908	110	1	1.1	0.9;
./matpower/data/case8387pegase.m:2160:	2048	1	1.801998	0.7	0	0	1	1.058269	-20.827296	110	1	1.162201	0.9;
./matpower/data/case8387pegase.m:2165:	2053	1	0	-8	0	0	1	0.998778	-26.993978	150	1	1.1	0.9;
./matpower/data/case8387pegase.m:2407:	2295	1	15.11676	9.4	0	0	1	0.966203	-24.767487	150	1	1.1	0.9;
./matpower/data/case8387pegase.m:2431:	2319	1	1.801998	0.7	0	0	1	1.02276	-23.603719	110	1	1.122935	0.9;
./matpower/data/case8387pegase.m:2498:	2386	1	3.704107	1.3	0	0	1	0.99888	-19.443847	110	1	1.1	0.9;
./matpower/data/case8387pegase.m:2528:	2416	1	0	0	0	0	1	1.000498	11.102933	220	1	1.1	0.9;
./matpower/data/case8387pegase.m:2542:	2430	1	0	0	0	0	1	1.079494	-35.172571	380	1	1.154696	0.9;
./matpower/data/case8387pegase.m:2556:	2444	1	0	0	0	0	1	0.998154	-23.43324	150	1	1.1	0.9;
./matpower/data/case8387pegase.m:2639:	2527	1	0	0	0	0	1	0.998351	-27.112844	150	1	1.1	0.9;
./matpower/data/case8387pegase.m:2693:	2581	1	0	0	0	0	1	1.072116	-17.809949	220	1	1.135568	0.9;
./matpower/data/case8387pegase.m:2703:	2591	1	0	0	0	0	1	0.966203	-24.767487	150	1	1.1	0.9;
./matpower/data/case8387pegase.m:2801:	2689	1	0	0	0	0	1	0.998342	-16.784976	150	1	1.1	0.9;
./matpower/data/case8387pegase.m:2824:	2712	2	17.81976	0	0	0	1	0.966927	-24.57451	110	1	1.1	0.9;
./matpower/data/case8387pegase.m:2853:	2741	1	0	0	0	0	1	0.99831	-4.853194	220	1	1.1	0.9;
./matpower/data/case8387pegase.m:2887:	2775	1	0	0	0	0	1	1.039331	-24.598821	220	1	1.123711	0.9;
./matpower/data/case8387pegase.m:2953:	2841	1	13.21465	4.4	0	0	1	0.933176	-27.925794	110	1	1.1	0.9;
./matpower/data/case8387pegase.m:2993:	2881	1	11.11232	3.6	0	0	1	0.998479	-30.140155	110	1	1.1	0.9;
./matpower/data/case8387pegase.m:3173:	3061	1	3.403774	1.4	0	0	1	0.949452	-20.611045	110	1	1.1	0.9;
./matpower/data/case8387pegase.m:3183:	3071	1	50.0555	19.7	0	0	1	0.998568	-21.430918	110	1	1.1	0.9;
./matpower/data/case8387pegase.m:3241:	3129	1	5.105661	1.3	0	0	1	0.949447	-24.354367	110	1	1.1	0.9;
./matpower/data/case8387pegase.m:3266:	3154	1	18.01998	-15.7	0	0	1	1.055968	-19.423448	110	1	1.1154	0.9;
./matpower/data/case8387pegase.m:3461:	3349	1	2.502775	1.3	0	0	1	0.949194	-24.320657	110	1	1.1	0.9;
./matpower/data/case8387pegase.m:3540:	3428	1	18.01998	6.5	0	0	1	1.048768	-19.06868	110	1	1.111683	0.9;
./matpower/data/case8387pegase.m:3792:	3680	1	15.5172	4.1	0	0	1	0.949911	-31.576791	110	1	1.1	0.9;
./matpower/data/case8387pegase.m:3797:	3685	1	0	0	0	0	1	0.949039	-24.354578	110	1	1.1	0.9;
./matpower/data/case8387pegase.m:3841:	3729	1	47.65283	7.1	0	0	1	1.039981	-44.216049	220	1	1.105095	0.9;
./matpower/data/case8387pegase.m:3865:	3753	1	0	0	0	0	1	0.998005	-23.696172	150	1	1.1	0.9;
./matpower/data/case8387pegase.m:3913:	3801	2	0	0	0	0	1	0.966545	-31.741052	110	1	1.1	0.9;
./matpower/data/case8387pegase.m:3953:	3841	1	0	0	0.120317	0	1	1.004933	66.711146	380	1	1.1	0.9;
./matpower/data/case8387pegase.m:4048:	3936	1	0	0	0	0	1	0.998005	-9.696315	220	1	1.1	0.9;
./matpower/data/case8387pegase.m:4199:	4087	1	0	0	0	0	1	1.039984	-25.124667	220	1	1.138618	0.9;
./matpower/data/case8387pegase.m:4264:	4152	2	0	0	0	0	1	0.966331	-19.670432	110	1	1.1	0.9;
./matpower/data/case8387pegase.m:4283:	4171	1	0	0	0	0	1	1.000933	-23.445073	110	1	1.1	0.9;
./matpower/data/case8387pegase.m:4418:	4306	1	0	0	0	0	1	1.039981	-41.264288	380	1	1.120231	0.9;
./matpower/data/case8387pegase.m:4458:	4346	1	2.502775	1.5	0	0	1	0.966936	-25.731264	110	1	1.1	0.9;
./matpower/data/case8387pegase.m:4462:	4350	1	69.77736	22.4	0	0	1	0.949674	-29.544673	110	1	1.1	0.9;
./matpower/data/case8387pegase.m:4513:	4401	1	19.82198	6.5	0	0	1	0.966067	-25.801762	110	1	1.1	0.9;
./matpower/data/case8387pegase.m:4622:	4510	2	1.801998	91.2	0	0	1	1.088895	-34.997542	380	1	1.140083	0.9;
./matpower/data/case8387pegase.m:4624:	4512	1	12.91432	7.1	0	0	1	0.949173	-27.31455	110	1	1.1	0.9;
./matpower/data/case8387pegase.m:4627:	4515	1	0	0	0	0	1	0.998124	-23.701706	150	1	1.1	0.9;
./matpower/data/case8387pegase.m:4764:	4652	2	2.502775	-0.1	0	0	1	0.99876	64.434016	150	1	1.1	0.9;
./matpower/data/case8387pegase.m:4773:	4661	1	17.81976	7.3	0	0	1	0.966355	-23.226656	110	1	1.1	0.9;
./matpower/data/case8387pegase.m:4817:	4705	1	0	0	0	0	1	0.966002	-29.140275	110	1	1.1	0.9;
./matpower/data/case8387pegase.m:4841:	4729	1	76.08436	17.1	0	0	1	1.029982	-21.168518	220	1	1.1	0.9;
./matpower/data/case8387pegase.m:4860:	4748	1	0	0	0	0	1	0.949041	-24.332914	110	1	1.1	0.9;
./matpower/data/case8387pegase.m:4884:	4772	1	101.2	48.9	0	0	1	0.998351	-27.112844	150	1	1.1	0.9;
./matpower/data/case8387pegase.m:4960:	4848	1	1.601776	0.8	0	0	1	0.974612	-25.003966	110	1	1.1	0.9;
./matpower/data/case8387pegase.m:4995:	4883	1	13.21465	4.4	0	0	1	0.998202	-40.055334	110	1	1.1	0.9;
./matpower/data/case8387pegase.m:5070:	4958	1	25.22797	3.3	0	0	1	1.089663	-34.962151	380	1	1.139783	0.9;
./matpower/data/case8387pegase.m:5147:	5035	1	10.0111	3	0	0	1	0.966752	-26.950565	110	1	1.1	0.9;
./matpower/data/case8387pegase.m:5182:	5070	1	1.902109	0.7	0	0	1	1.020412	-16.099983	110	1	1.122615	0.9;
./matpower/data/case8387pegase.m:5243:	5131	2	5.506105	2.2	0	0	1	0.998327	-34.518067	110	1	1.1	0.9;
./matpower/data/case8387pegase.m:5349:	5237	1	190.5	70.9	0	0	1	1.051016	-43.03966	380	1	1.120009	0.9;
./matpower/data/case8387pegase.m:5399:	5287	1	83.5	41.5	0	0	1	1.030445	-26.504949	150	1	1.1	0.9;
./matpower/data/case8387pegase.m:5402:	5290	1	53.85971	17.7	0	0	1	0.933829	-27.860892	110	1	1.1	0.9;
./matpower/data/case8387pegase.m:5445:	5333	1	0	0	0	0	1	0.966103	-25.11584	150	1	1.1	0.9;
./matpower/data/case8387pegase.m:5534:	5422	2	0	0	0	0	1	0.966818	-29.040951	110	1	1.1	0.9;
./matpower/data/case8387pegase.m:5568:	5456	1	-8.80977	2.9	0	0	1	0.99828	-22.259085	150	1	1.1	0.9;
./matpower/data/case8387pegase.m:5574:	5462	1	27.53052	17	0	0	1	0.99822	-23.421572	150	1	1.1	0.9;
./matpower/data/case8387pegase.m:5627:	5515	1	1.801998	0.7	0	0	1	1.028706	-15.341709	110	1	1.131885	0.9;
./matpower/data/case8387pegase.m:5640:	5528	2	1.801998	72	0	0	1	1.094658	-35.860203	380	1	1.131543	0.9;
./matpower/data/case8387pegase.m:5693:	5581	1	0	0	0	0	1	0.94979	55.935489	220	1	1.1	0.9;
./matpower/data/case8387pegase.m:5799:	5687	2	61.36804	13.9	0	0	1	0.99851	-22.44434	110	1	1.1	0.9;
./matpower/data/case8387pegase.m:5814:	5702	1	51.95761	22.8	0	0	1	0.966357	-23.228813	110	1	1.1	0.9;
./matpower/data/case8387pegase.m:5861:	5749	2	0	0	0	0	1	0.998	-23.282478	110	1	1.1	0.9;
./matpower/data/case8387pegase.m:5890:	5778	1	7.408214	2.7	0	0	1	0.996383	-10.998077	110	1	1.1	0.9;
./matpower/data/case8387pegase.m:6051:	5939	1	0	0	0	0	1	0.949519	-30.776944	150	1	1.1	0.864418;
./matpower/data/case8387pegase.m:6072:	5960	1	23.92653	7.9	0	0	1	0.933918	-29.143855	110	1	1.1	0.9;
./matpower/data/case8387pegase.m:6089:	5977	1	1.301443	0	0	0	1	0.949704	-27.156203	110	1	1.1	0.9;
./matpower/data/case8387pegase.m:6183:	6071	1	0	0	0	0	1	1.039667	-39.179092	220	1	1.1	0.9;
./matpower/data/case8387pegase.m:6210:	6098	1	18.01998	5.9	0	0	1	0.941107	-31.117418	110	1	1.1	0.9;
./matpower/data/case8387pegase.m:6253:	6141	1	60.26682	21.3	0	0	1	0.99894	-22.299386	110	1	1.1	0.9;
./matpower/data/case8387pegase.m:6350:	6238	1	1.801998	0.6	0	0	1	0.98638	-34.264429	110	1	1.1	0.9;
./matpower/data/case8387pegase.m:6376:	6264	1	0	0	0	0	1	0.998941	-27.323126	150	1	1.1	0.9;
./matpower/data/case8387pegase.m:6539:	6427	1	10.81199	3.6	0	0	1	0.933849	-34.308822	110	1	1.1	0.9;
./matpower/data/case8387pegase.m:6592:	6480	2	14.71632	1.6	0	0	1	1.039663	-12.953042	220	1	1.11265	0.9;
./matpower/data/case8387pegase.m:6598:	6486	1	0	0	0	0	1	0.949534	-24.621387	110	1	1.1	0.9;
./matpower/data/case8387pegase.m:6679:	6567	1	0	0	0	0	1	0.998103	10.514609	220	1	1.1	0.9;
./matpower/data/case8387pegase.m:6751:	6639	1	36.94096	62.6	0	0	1	0.998712	-23.907111	150	1	1.1	0.9;
./matpower/data/case8387pegase.m:6837:	6725	1	18.01998	12.2	0	0	1	0.962369	-21.031232	110	1	1.1	0.9;
./matpower/data/case8387pegase.m:6844:	6732	1	1.801998	0.6	0	0	1	1.026235	-14.935499	110	1	1.1	0.9;
./matpower/data/case8387pegase.m:6866:	6754	1	227.4892	61.6	0	0	1	0.998059	10.359685	220	1	1.1	0.9;
./matpower/data/case8387pegase.m:6876:	6764	1	10.11121	3.7	0	0	1	0.998989	-18.953416	110	1	1.1	0.9;
./matpower/data/case8387pegase.m:6931:	6819	2	0	0	0	0	1	0.966052	-17.89012	110	1	1.1	0.9;
./matpower/data/case8387pegase.m:6943:	6831	1	26.22908	8.4	0	0	1	0.966059	-30.910296	110	1	1.1	0.9;
./matpower/data/case8387pegase.m:7005:	6893	1	18.01998	4	0	0	1	1.086952	-26.306588	220	1	1.149219	0.9;
./matpower/data/case8387pegase.m:7012:	6900	1	86.99646	30.8	0	0	1	0.949883	-27.129655	110	1	1.1	0.9;
./matpower/data/case8387pegase.m:7172:	7060	1	26.12897	8.5	0	0	1	0.966934	-26.980067	110	1	1.1	0.9;
./matpower/data/case8387pegase.m:7178:	7066	1	0	0	0	0	1	1.039662	-12.933214	220	1	1.112647	0.9;
./matpower/data/case8387pegase.m:7198:	7086	1	1.801998	0.5	0	0	1	0.961349	-18.477656	110	1	1.1	0.9;
./matpower/data/case8387pegase.m:7259:	7147	1	0	0	0.037402	0	1	1.07998	67.259738	380	1	1.1	0.9;
./matpower/data/case8387pegase.m:7262:	7150	1	73.58158	48.6	0	0	1	1.007391	-50.933435	150	1	1.1	0.9;
./matpower/data/case8387pegase.m:7341:	7229	1	4.805328	1.6	0	0	1	0.998642	-29.559814	110	1	1.1	0.9;
./matpower/data/case8387pegase.m:7361:	7249	1	400.4	23.6	0.534155	0	1	1.079497	-24.475019	380	1	1.131596	0.9;
./matpower/data/case8387pegase.m:7362:	7250	1	18.2202	6.3	0	0	1	0.966154	-19.655089	110	1	1.1	0.9;
./matpower/data/case8387pegase.m:7387:	7275	1	1.801998	0.7	0	0	1	0.98583	-18.022117	110	1	1.1	0.9;
./matpower/data/case8387pegase.m:7392:	7280	1	0	0	0	0	1	0.96649	-22.247036	110	1	1.1	0.9;
./matpower/data/case8387pegase.m:7448:	7336	1	39.34362	24.4	0	0	1	0.96616	-25.110965	150	1	1.1	0.9;
./matpower/data/case8387pegase.m:7511:	7399	1	1.801998	0.6	0	0	1	1.056095	5.507076	150	1	1.109766	0.9;
./matpower/data/case8387pegase.m:7516:	7404	1	0	0	0	0	1	1.02933	-23.360155	150	1	1.1	0.9;
./matpower/data/case8387pegase.m:7573:	7461	1	1.801998	0.7	0	0	1	1.042001	-16.273815	110	1	1.1	0.9;
./matpower/data/case8387pegase.m:7638:	7526	1	59.66615	9.2	0	0	1	1.059983	-47.024751	220	1	1.113433	0.9;
./matpower/data/case8387pegase.m:7653:	7541	1	18.01998	6.5	0	0	1	1.054067	-21.066519	110	1	1.157522	0.9;
./matpower/data/case8387pegase.m:7657:	7545	1	0	0	0	0	1	1.029332	-21.484298	220	1	1.1	0.9;
./matpower/data/case8387pegase.m:7799:	7687	2	18.01998	5.9	0	0	1	0.998636	-24.288343	110	1	1.1	0.9;
./matpower/data/case8387pegase.m:7812:	7700	1	9.510545	3.4	0	0	1	0.998665	-16.233295	110	1	1.1	0.9;
./matpower/data/case8387pegase.m:7816:	7704	2	0	0	0	0	1	0.998578	-16.322326	110	1	1.1	0.9;
./matpower/data/case8387pegase.m:7827:	7715	1	0	0	0	0	1	1.019667	11.45253	220	1	1.1	0.9;
./matpower/data/case8387pegase.m:7911:	7799	1	0	0	0	0	1	0.998159	10.927225	220	1	1.1	0.9;
./matpower/data/case8387pegase.m:8021:	7909	1	3.503885	2.7	0	0	1	0.949867	-24.250246	110	1	1.1	0.9;
./matpower/data/case8387pegase.m:8036:	7924	1	0	0	0	0	1	0.998013	-23.701566	150	1	1.1	0.9;
./matpower/data/case8387pegase.m:8053:	7941	2	0	0	0	0	1	1.069492	-10.02076	220	1	1.136078	0.9;
./matpower/data/case8387pegase.m:8078:	7966	1	1.801998	0.8	0	0	1	1.000852	-16.223379	110	1	1.1	0.9;
./matpower/data/case8387pegase.m:8205:	8093	1	0	0	0	0	1	0.998475	10.35515	220	1	1.1	0.9;
./matpower/data/case8387pegase.m:8267:	8155	1	63.97093	12.8	0	0	1	1.046298	-11.104949	220	1	1.117991	0.9;
./matpower/data/case8387pegase.m:8322:	8210	1	0	0	0	0	1	0.966304	-25.099908	150	1	1.1	0.9;
./matpower/data/case8387pegase.m:8342:	8230	2	0	0	0	0	1	1.077674	10.049499	150	1	1.131408	0.9;
./matpower/data/case8387pegase.m:8350:	8238	1	0	0	0	0	1	0.966122	-33.947664	220	1	1.1	0.9;
./matpower/data/case8387pegase.m:8416:	8304	1	2.202442	1.1	0	0	1	1.021591	-34.200998	110	1	1.1	0.9;
./matpower/data/case8387pegase.m:8535:	169	19.85	6.42	Inf	-Inf	0.998323	100	1	Inf	-Inf	0	0	0	0	0	0	0	0	0	0	0;
./matpower/data/case8387pegase.m:8585:	355	2404.4	187.9	1224.256	-490.165	1.082	100	1	2800	933.333331	0	0	0	0	0	0	0	0	0	0	0;
./matpower/data/case8387pegase.m:8589:	367	30.4	-0.7	22.21964	-17.3452	0.949182	100	1	61.22614	0	0	0	0	0	0	0	0	0	0	0	0;
./matpower/data/case8387pegase.m:8650:	651	17.19	5.2	Inf	-Inf	1.039331	100	1	Inf	-Inf	0	0	0	0	0	0	0	0	0	0	0;
./matpower/data/case8387pegase.m:9111:	2712	0.47	0.8	Inf	-Inf	0.966927	100	1	Inf	-Inf	0	0	0	0	0	0	0	0	0	0	0;
./matpower/data/case8387pegase.m:9375:	3801	26.2	5.6	18.58363	-6.27517	0.966545	100	1	40	0	0	0	0	0	0	0	0	0	0	0	0;
./matpower/data/case8387pegase.m:9450:	4152	9.87	3.77	Inf	-Inf	0.966331	100	1	Inf	-Inf	0	0	0	0	0	0	0	0	0	0	0;
./matpower/data/case8387pegase.m:9563:	4652	0.03	0.52	Inf	-Inf	0.99876	100	1	Inf	-Inf	0	0	0	0	0	0	0	0	0	0	0;
./matpower/data/case8387pegase.m:9668:	5131	5.65	3.71	Inf	-Inf	0.998327	100	1	Inf	-Inf	0	0	0	0	0	0	0	0	0	0	0;
./matpower/data/case8387pegase.m:9736:	5422	60.4	9.2	35.89595	-13.7154	0.966818	100	1	80	0	0	0	0	0	0	0	0	0	0	0	0;
./matpower/data/case8387pegase.m:9796:	5687	14.81	4.65	Inf	-Inf	0.99851	100	1	Inf	-Inf	0	0	0	0	0	0	0	0	0	0	0;
./matpower/data/case8387pegase.m:9810:	5749	29.5	4.8	21.92169	-16.8577	0.998	100	1	59.9797	0	0	0	0	0	0	0	0	0	0	0	0;
./matpower/data/case8387pegase.m:9974:	6480	6.24	3.42	Inf	-Inf	1.039663	100	1	Inf	-Inf	0	0	0	0	0	0	0	0	0	0	0;
./matpower/data/case8387pegase.m:10040:	6819	14.89	4.46	Inf	-Inf	0.966052	100	1	Inf	-Inf	0	0	0	0	0	0	0	0	0	0	0;
./matpower/data/case8387pegase.m:10205:	7687	79.5	26.7	55.64274	-18.9316	0.998636	100	1	120	0	0	0	0	0	0	0	0	0	0	0	0;
./matpower/data/case8387pegase.m:10212:	7704	14.89	4.43	Inf	-Inf	0.998578	100	1	Inf	-Inf	0	0	0	0	0	0	0	0	0	0	0;
./matpower/data/case8387pegase.m:10255:	7941	23.09	46.44	Inf	-Inf	1.069492	100	1	Inf	-Inf	0	0	0	0	0	0	0	0	0	0	0;
./matpower/data/case8387pegase.m:10481:	1725	6159	0.00152	0.01949	0.37613	1402.56233	1402.56233	1402.56233	0	0	1	-360	360;
./matpower/data/case8387pegase.m:10535:	2112	543	0.0043	0.01949	0.03241	339.998629	339.998629	339.998629	0	0	1	-360	360;
./matpower/data/case8387pegase.m:10625:	1305	224	0.00511	0.02949	0.03885	432.507948	432.507948	432.507948	0	0	1	-360	360;
./matpower/data/case8387pegase.m:10652:	615	5153	0.00405	0.02231	0.03933	647.787002	647.787002	647.787002	0	0	1	-360	360;
./matpower/data/case8387pegase.m:10680:	1805	5150	0.00038	0.00307	0.13025	1860.94999	1860.94999	1860.94999	0	0	1	-360	360;
./matpower/data/case8387pegase.m:10788:	6972	7249	0.00064	0.00998	0.43888	1170.50213	1170.50213	1170.50213	0	0	1	-360	360;
./matpower/data/case8387pegase.m:11053:	4545	1137	0.049669	0.141083	0.01734	57.157677	57.157677	57.157677	0	0	1	-360	360;
./matpower/data/case8387pegase.m:11063:	4613	367	0.009331	0.027413	0.00321	57.157677	57.157677	57.157677	0	0	1	-360	360;
./matpower/data/case8387pegase.m:11180:	884	5513	0.029496	0.09295	0.01005	71.399845	71.399845	71.399845	0	0	1	-360	360;
./matpower/data/case8387pegase.m:11220:	7775	1473	0.00039	0.00386	0.07949	1445.70533	1445.70533	1445.70533	0	0	1	-360	360;
./matpower/data/case8387pegase.m:11276:	3186	2637	0.006458	0.039982	0.01196	125.741433	125.741433	125.741433	0	0	1	-360	360;
./matpower/data/case8387pegase.m:11420:	6132	6428	0.002471	0.009331	0.00134	57.157677	57.157677	57.157677	0	0	1	-360	360;
./matpower/data/case8387pegase.m:11527:	6655	7541	0.069983	0.127058	0.01149	59.465323	59.465323	59.465323	0	0	1	-360	360;
./matpower/data/case8387pegase.m:11543:	434	2609	0.009661	0.04095	0.00386	72.418776	72.418776	72.418776	0	0	1	-360	360;
./matpower/data/case8387pegase.m:11567:	8153	1445	0.009331	0.045339	0.0051	88.512282	88.512282	88.512282	0	0	1	-360	360;
./matpower/data/case8387pegase.m:11609:	6420	4938	0.039421	0.085686	0.00949	69.514785	69.514785	69.514785	0	0	1	-360	360;
./matpower/data/case8387pegase.m:11708:	517	5622	0.021992	0.059397	0.00535	80.966516	80.966516	80.966516	0	0	1	-360	360;
./matpower/data/case8387pegase.m:11945:	2980	2377	0.00355	0.019669	0.02695	596.841603	596.841603	596.841603	0	0	1	-360	360;
./matpower/data/case8387pegase.m:12083:	6562	3621	0.00375	0.025099	0.05933	306.419256	306.419256	306.419256	0	0	1	-360	360;
./matpower/data/case8387pegase.m:12176:	3230	3712	0.002031	0.01382	0.01998	473.144388	473.144388	473.144388	0	0	1	-360	360;
./matpower/data/case8387pegase.m:12237:	570	5657	19.22748	20.93388	0	215.929128	215.929128	215.929128	0	0	1	-360	360;
./matpower/data/case8387pegase.m:12637:	3024	937	0.119159	0.998905	0	215.929128	215.929128	215.929128	0	0	1	-360	360;
./matpower/data/case8387pegase.m:13315:	706	1060	6e-05	0.00065	0.01998	1108.52402	1108.52402	1108.52402	0	0	1	-360	360;
./matpower/data/case8387pegase.m:13453:	3976	1297	0.00013	0.00147	0.03966	2303.62757	2303.62757	2303.62757	0	0	1	-360	360;
./matpower/data/case8387pegase.m:13577:	5323	7046	0.000719	0.005461	0.02933	285.665304	285.665304	285.665304	0	0	1	-360	360;
./matpower/data/case8387pegase.m:13620:	4179	7744	0.001331	0.009331	0.02305	647.787002	647.787002	647.787002	0	0	1	-360	360;
./matpower/data/case8387pegase.m:13647:	6345	7029	0.05949	0.340661	0	215.929128	215.929128	215.929128	0	0	1	-360	360;
./matpower/data/case8387pegase.m:13691:	7799	619	0.00131	0.00636	0.01933	606.515349	606.515349	606.515349	0	0	1	-360	360;
./matpower/data/case8387pegase.m:13736:	1775	4982	0.00128	0.00933	0.39636	1799.5932	1799.5932	1799.5932	0	0	1	-360	360;
./matpower/data/case8387pegase.m:13750:	430	8130	0.005081	0.029331	0.08408	215.929128	215.929128	215.929128	0	0	1	-360	360;
./matpower/data/case8387pegase.m:13953:	1820	2171	0.00057	0.002841	0.00933	537.231862	537.231862	537.231862	0	0	1	-360	360;
./matpower/data/case8387pegase.m:14025:	3445	4165	0.05061	0.949861	0	767.876077	767.876077	767.876077	0	0	1	-360	360;
./matpower/data/case8387pegase.m:14081:	5018	4352	0.07358	0.966343	0	767.876077	767.876077	767.876077	0	0	1	-360	360;
./matpower/data/case8387pegase.m:14100:	1304	771	0.02949	0.13405	0	215.929128	215.929128	215.929128	0	0	1	-360	360;
./matpower/data/case8387pegase.m:14499:	7626	6163	0.004651	0.039669	0.11195	513.522857	513.522857	513.522857	0	0	1	-360	360;
./matpower/data/case8387pegase.m:14524:	5972	3710	0.013	0.049983	0.005	64.935884	64.935884	64.935884	0	0	1	-360	360;
./matpower/data/case8387pegase.m:14634:	71	4187	0.005129	0.040671	0.01966	128.463697	128.463697	128.463697	0	0	1	-360	360;
./matpower/data/case8387pegase.m:14756:	6936	7444	0.00062	0.004841	0.0117	380.949818	380.949818	380.949818	0	0	1	-360	360;
./matpower/data/case8387pegase.m:14782:	4418	460	0.00261	0.016651	0.02966	306.664653	306.664653	306.664653	0	0	1	-360	360;
./matpower/data/case8387pegase.m:14807:	2241	8069	0.00949	0.05145	0.07187	493.945591	493.945591	493.945591	0	0	1	-360	360;
./matpower/data/case8387pegase.m:14816:	5708	2410	0.009711	0.059669	0.08431	406.681061	406.681061	406.681061	0	0	1	-360	360;
./matpower/data/case8387pegase.m:14836:	2906	1032	0.00236	0.01933	0.6099	1191.66128	1191.66128	1191.66128	0	0	1	-360	360;
./matpower/data/case8387pegase.m:14848:	2787	4053	0.00107	0.008669	0.04933	241.059453	241.059453	241.059453	0	0	1	-360	360;
./matpower/data/case8387pegase.m:15194:	634	2681	0.00169	0.009331	0.02372	237.536254	237.536254	237.536254	0	0	1	-360	360;
./matpower/data/case8387pegase.m:15291:	7763	6734	0.00387	0.0452	0.93392	1467.51739	1467.51739	1467.51739	0	0	1	-360	360;
./matpower/data/case8387pegase.m:15311:	2212	6374	0.00238	0.01949	0.58514	1655.2479	1655.2479	1655.2479	0	0	1	-360	360;
./matpower/data/case8387pegase.m:15385:	2830	3356	0.009669	0.05649	0.13532	324.375531	324.375531	324.375531	0	0	1	-360	360;
./matpower/data/case8387pegase.m:15451:	4033	4796	0.00143	0.009331	0.02649	225.565531	225.565531	225.565531	0	0	1	-360	360;
./matpower/data/case8387pegase.m:15518:	227	4807	0.00949	0.06625	0.18391	309.626945	309.626945	309.626945	0	0	1	-360	360;
./matpower/data/case8387pegase.m:15752:	2202	7726	0.00688	0.035969	0.04966	414.189674	414.189674	414.189674	0	0	1	-360	360;
./matpower/data/case8387pegase.m:15911:	1561	8283	0.001659	0.01206	0.01949	558.33219	558.33219	558.33219	0	0	1	-360	360;
./matpower/data/case8387pegase.m:15943:	50	5231	0.00339	0.019669	0.03869	577.18965	577.18965	577.18965	0	0	1	-360	360;
./matpower/data/case8387pegase.m:16037:	8041	6985	0.001219	0.00949	0.28237	506.666223	506.666223	506.666223	0	0	1	-360	360;
./matpower/data/case8387pegase.m:16043:	3630	5786	0.004289	0.019331	0.04391	370.029653	370.029653	370.029653	0	0	1	-360	360;
./matpower/data/case8387pegase.m:16228:	6976	3853	0.00105	0.00966	0.26685	1910.21537	1910.21537	1910.21537	0	0	1	-360	360;
./matpower/data/case8387pegase.m:16317:	7882	7931	0.009531	0.033711	0.05135	459.208966	459.208966	459.208966	0	0	1	-360	360;
./matpower/data/case8387pegase.m:16350:	1150	4031	0.0068	0.04613	0.07998	532.165024	532.165024	532.165024	0	0	1	-360	360;
./matpower/data/case8387pegase.m:16352:	7312	6495	0.00011	0.0005	0.04966	246.960411	246.960411	246.960411	0	0	1	-360	360;
./matpower/data/case8387pegase.m:16357:	8136	6250	0.00482	0.02232	0.03949	389.630545	389.630545	389.630545	0	0	1	-360	360;
./matpower/data/case8387pegase.m:16571:	3081	102	0.001229	0.009669	0.01425	643.406819	643.406819	643.406819	0	0	1	-360	360;
./matpower/data/case8387pegase.m:16586:	729	1951	0.000919	0.00561	0.01949	543.29591	543.29591	543.29591	0	0	1	-360	360;
./matpower/data/case8387pegase.m:16589:	729	6117	0.001729	0.019331	0.05096	484.208209	484.208209	484.208209	0	0	1	-360	360;
./matpower/data/case8387pegase.m:16633:	6391	3735	0.00038	0.00306	0.02547	520.966692	520.966692	520.966692	0	0	1	-360	360;
./matpower/data/case8387pegase.m:16888:	7864	2597	0.00656	0.02288	0.03949	392.086039	392.086039	392.086039	0	0	1	-360	360;
./matpower/data/case8387pegase.m:16897:	1571	3237	0.000281	0.000669	0.00101	290.966107	290.966107	290.966107	0	0	1	-360	360;
./matpower/data/case8387pegase.m:16940:	3135	5941	0.00131	0.008539	0.03949	548.193942	548.193942	548.193942	0	0	1	-360	360;
./matpower/data/case8387pegase.m:17066:	6483	5091	0.00262	0.019669	0.02875	538.882575	538.882575	538.882575	0	0	1	-360	360;
./matpower/data/case8387pegase.m:17144:	3162	499	0.003461	0.023289	0.03949	215.929128	215.929128	215.929128	0	0	1	-360	360;
./matpower/data/case8387pegase.m:17383:	4309	3325	0.009669	0.03513	0.05839	373.363089	373.363089	373.363089	0	0	1	-360	360;
./matpower/data/case8387pegase.m:17460:	730	7533	0.004039	0.029669	0.0446	592.903058	592.903058	592.903058	0	0	1	-360	360;
./matpower/data/case8387pegase.m:17605:	6417	5366	0.01328	0.031071	0.00949	249.134984	249.134984	249.134984	0	0	1	-360	360;
./matpower/data/case8387pegase.m:17956:	5484	5822	0.006129	0.023751	0.00933	159.316372	159.316372	159.316372	0	0	1	-360	360;
./matpower/data/case8387pegase.m:17962:	4871	2177	0.006231	0.029498	0.00949	135.662446	135.662446	135.662446	0	0	1	-360	360;
./matpower/data/case8387pegase.m:18106:	5758	163	0.02368	0.099338	0.03603	103.923048	103.923048	103.923048	0	0	1	-360	360;
./matpower/data/case8387pegase.m:18733:	5397	5048	0.006591	0.029498	0.01003	186.958344	186.958344	186.958344	0	0	1	-360	360;
./matpower/data/case8387pegase.m:18862:	3273	2673	0.019496	0.078083	0.00662	57.157677	57.157677	57.157677	0	0	1	-360	360;
./matpower/data/case8387pegase.m:18866:	116	5652	0.044	0.099339	0.00902	81.351378	81.351378	81.351378	0	0	1	-360	360;
./matpower/data/case8387pegase.m:18922:	1151	1107	0.048769	0.114711	0.00998	57.157677	57.157677	57.157677	0	0	1	-360	360;
./matpower/data/case8387pegase.m:19775:	7701	4376	0.00587	0.02949	0.04463	411.347414	411.347414	411.347414	0	0	1	-360	360;
./matpower/data/case8387pegase.m:19868:	6605	55	0.005198	0.019331	0.00173	57.157677	57.157677	57.157677	0	0	1	-360	360;
./matpower/data/case8387pegase.m:19885:	3292	4773	0.049339	0.138727	0.01683	64.906924	64.906924	64.906924	0	0	1	-360	360;
./matpower/data/case8387pegase.m:19939:	6701	6872	0.004	0.019339	0.00185	131.823321	131.823321	131.823321	0	0	1	-360	360;
./matpower/data/case8387pegase.m:19962:	3816	1721	0.003569	0.010671	0.00362	187.603966	187.603966	187.603966	0	0	1	-360	360;
./matpower/data/case8387pegase.m:20169:	7155	1009	0.00424	0.030378	0.00933	110.414602	110.414602	110.414602	0	0	1	-360	360;
./matpower/data/case8387pegase.m:20277:	3543	7715	0.002159	0.021901	0.09998	269.837962	269.837962	269.837962	0	0	1	-360	360;
./matpower/data/case8387pegase.m:20844:	3640	1837	0.00243	0.018341	0.02704	568.059664	568.059664	568.059664	0	0	1	-360	360;
./matpower/data/case8387pegase.m:21195:	5286	5817	0.004901	0.02949	0.04115	551.501085	551.501085	551.501085	0	0	1	-360	360;
./matpower/data/case8387pegase.m:21284:	2801	7417	0.00022	0.00244	0.05933	767.876077	767.876077	767.876077	0	0	1	-360	360;
./matpower/data/case8387pegase.m:21480:	1476	7943	0.00176	0.003124	0.04966	100.00993	100.00993	100.00993	0	0	1	-360	360;
./matpower/data/case8387pegase.m:21519:	2234	5910	0.047636	0.11019	0.00966	62.689016	62.689016	62.689016	0	0	1	-360	360;
./matpower/data/case8387pegase.m:21771:	860	574	0.014298	0.039983	0.00362	57.157677	57.157677	57.157677	0	0	1	-360	360;
./matpower/data/case8387pegase.m:21800:	8373	6550	0.01787	0.097419	0.1706	471.202933	471.202933	471.202933	0	0	1	-360	360;
./matpower/data/case8387pegase.m:21844:	5864	274	0.008083	0.029661	0.00268	57.157677	57.157677	57.157677	0	0	1	-360	360;
./matpower/data/case8387pegase.m:21983:	6772	359	0.029496	0.076149	0.00747	60.32726	60.32726	60.32726	0	0	1	-360	360;
./matpower/data/case8387pegase.m:21984:	7401	1088	0.009401	0.05757	0.07966	384.622008	384.622008	384.622008	0	0	1	-360	360;
./matpower/data/case8387pegase.m:21995:	5278	6325	0.008281	0.029331	0.00284	58.306165	58.306165	58.306165	0	0	1	-360	360;
./matpower/data/case8387pegase.m:22129:	845	7516	0.009669	0.023033	0.00245	57.157677	57.157677	57.157677	0	0	1	-360	360;
./matpower/data/case8387pegase.m:22180:	5359	4127	0.004223	0.009339	0.0011	57.157677	57.157677	57.157677	0	0	1	-360	360;
./matpower/data/case8387pegase.m:22266:	4459	2234	0.040339	0.079496	0.00818	61.968257	61.968257	61.968257	0	0	1	-360	360;
./matpower/data/case8387pegase.m:22353:	6682	7028	0.049983	0.088198	0.0954	64.238751	64.238751	64.238751	0	0	1	-360	360;
./matpower/data/case8387pegase.m:22432:	7677	5761	0.001841	0.0115	0.01949	368.87926	368.87926	368.87926	0	0	1	-360	360;
./matpower/data/case8387pegase.m:22437:	5684	7678	0.039661	0.101099	0.00797	70.586301	70.586301	70.586301	0	0	1	-360	360;
./matpower/data/case8387pegase.m:22471:	4137	2705	0.045818	0.086281	0.00966	62.5023	62.5023	62.5023	0	0	1	-360	360;
./matpower/data/case8387pegase.m:22623:	4144	7597	0.019983	0.054711	0.00647	125.159689	125.159689	125.159689	0	0	1	-360	360;
./matpower/data/case8387pegase.m:22654:	7647	1072	0.04943	0.099331	0.00959	57.157677	57.157677	57.157677	0	0	1	-360	360;
./matpower/data/case8387pegase.m:22674:	3999	4548	0.00637	0.029669	0.02107	524.577533	524.577533	524.577533	0	0	1	-360	360;
./matpower/data/case8387pegase.m:22787:	4513	2909	0.011081	0.06593	0.07966	410.138338	410.138338	410.138338	0	0	1	-360	360;
./matpower/data/case8387pegase.m:22788:	4513	2577	0.009669	0.04251	0.09891	385.804791	385.804791	385.804791	0	0	1	-360	360;
./matpower/data/case8387pegase.m:22877:	4061	6931	0.000121	0.025184	-0.001154	720.000011	720.000011	720.000011	0.966268	14.9238	1	-360	360;
./matpower/data/case8387pegase.m:22889:	311	271	0.000131	0.022842	-0.001154	810.322096	810.322096	810.322096	0.966268	14.9238	1	-360	360;
./matpower/data/case8387pegase.m:22926:	8195	5933	0.000793	0.06388	-0.009676	360.57037	360.57037	360.57037	0.998417	0	1	-360	360;
./matpower/data/case8387pegase.m:22930:	7775	2089	0.000559	0.039982	-0.016839	609.157454	609.157454	609.157454	0.931778	0	1	-360	360;
./matpower/data/case8387pegase.m:22972:	2282	4239	0.000649	0.044862	-0.018347	713.786902	713.786902	713.786902	0.933053	0	1	-360	360;
./matpower/data/case8387pegase.m:23028:	3627	1495	0.001134	0.053193	-0.00475	329.999915	329.999915	329.999915	0.998185	0	1	-360	360;
./matpower/data/case8387pegase.m:23055:	6046	1994	0.000537	0.028553	-0.002479	720.000115	720.000115	720.000115	0.998185	0	1	-360	360;
./matpower/data/case8387pegase.m:23056:	6046	1994	0.000537	0.028002	-0.001951	720.000115	720.000115	720.000115	0.998185	0	1	-360	360;
./matpower/data/case8387pegase.m:23164:	8206	6091	0.000299	0.012803	-0.00998	1576.19464	1576.19464	1576.19464	1.110134	0	1	-360	360;
./matpower/data/case8387pegase.m:23379:	4308	5823	0.96662	4.164474	0	119.999909	119.999909	119.999909	1	0	1	-360	360;
./matpower/data/case8387pegase.m:23622:	1046	7981	0.949862	3.139543	0	119.999909	119.999909	119.999909	1	0	1	-360	360;
./matpower/data/case8387pegase.m:23943:	5327	7383	0.00049	0.031535	0	479.999638	479.999638	479.999638	0.998185	0	1	-360	360;
./matpower/data/case8387pegase.m:23962:	5338	7438	0.000197	0.019495	0	720.000115	720.000115	720.000115	1.054309	0	1	-360	360;
./matpower/data/case8387pegase.m:24027:	6588	4474	0.000344	0.029336	-0.002013	720.000115	720.000115	720.000115	0.93617	0	1	-360	360;
./matpower/data/case8387pegase.m:24109:	1603	3511	0.000334	0.029986	-0.003195	720.000115	720.000115	720.000115	0.93617	0	1	-360	360;
./matpower/data/case8387pegase.m:24147:	935	6483	0.000344	0.029667	-0.001926	720.000115	720.000115	720.000115	0.93617	0	1	-360	360;
./matpower/data/case8387pegase.m:24188:	5297	1316	0.000323	0.029986	-0.001991	720.000115	720.000115	720.000115	0.93617	0	1	-360	360;
./matpower/data/case8387pegase.m:24197:	4305	3140	0.000302	0.029667	-0.010678	720.000115	720.000115	720.000115	0.93617	0	1	-360	360;
./matpower/data/case8387pegase.m:24215:	1580	102	0.000344	0.029986	-0.002451	720.000115	720.000115	720.000115	0.93617	0	1	-360	360;
./matpower/data/case8387pegase.m:24299:	2600	2031	0.001177	0.089984	-0.00123	218.39969	218.39969	218.39969	1.038781	0	1	-360	360;
./matpower/data/case8387pegase.m:24378:	7735	7912	0	0.019669	0	479.999638	479.999638	479.999638	1.006865	0	1	-360	360;
./matpower/data/case8387pegase.m:24468:	939	1540	0.000454	0.019669	0	479.999638	479.999638	479.999638	1.006865	0	1	-360	360;
./matpower/data/case8387pegase.m:24864:	2823	6780	0.0026	0.07998	-0.0037	180.000193	180.000193	180.000193	1	0	1	-360	360;
./matpower/data/case8387pegase.m:24923:	3198	3590	0.001067	0.046326	-0.0096	287.999814	287.999814	287.999814	0.998557	-0.854786	1	-360	360;
./matpower/data/case6495rte.m:49:	4	1	49.2	3.4	0	0	1	1.03921351	-24.1153288	90	1	1.08889	0.933333;
./matpower/data/case6495rte.m:75:	30	1	37.6	3.3	0	0	1	1.03314256	-23.1778346	90	1	1.08889	0.933333;
./matpower/data/case6495rte.m:78:	33	1	0	0	0	0	1	1.05413664	-6.21339632	225	1	1.08889	0.933333;
./matpower/data/case6495rte.m:79:	34	1	0	0	0	0	1	1.04983156	-5.54355372	225	1	1.08889	0.933333;
./matpower/data/case6495rte.m:96:	51	1	0	0	0	0	1	1.05549555	-8.72688394	225	1	1.08889	0.933333;
./matpower/data/case6495rte.m:155:	110	1	0	0	0	0	1	1.03317493	-8.83146225	225	1	1.08889	0.933333;
./matpower/data/case6495rte.m:183:	138	1	0	0	0	0	1	1.05024707	-11.0755553	150	1	1.08	0.966667;
./matpower/data/case6495rte.m:188:	143	1	0	0	0	0	1	1.069667	-6.32556381	225	1	1.08889	0.986667;
./matpower/data/case6495rte.m:199:	154	1	0	0	0	0	1	1.06419161	-7.4594666	225	1	1.08889	0.933333;
./matpower/data/case6495rte.m:218:	173	1	28.9	8.2	0	0	1	1.07000053	-17.9396571	90	1	1.08889	0.933333;
./matpower/data/case6495rte.m:235:	190	2	0	0	0	0	1	0.949967688	-6.96346435	45	1	1	0.888889;
./matpower/data/case6495rte.m:267:	222	1	0	0	0	0	1	1.09095418	-14.4482663	225	1	1.09432	0.933333;
./matpower/data/case6495rte.m:277:	232	1	5.1	0.9	0	0	1	1.0328614	-13.1069653	90	1	1.08889	0.933333;
./matpower/data/case6495rte.m:279:	234	1	23	7.1	0	0	1	1.05368207	-14.6274321	90	1	1.08889	0.933333;
./matpower/data/case6495rte.m:292:	247	1	0	0	0	0	1	1.0501661	-3.23372076	225	1	1.08889	0.933333;
./matpower/data/case6495rte.m:346:	301	1	3.3	0.1	0	0	1	0.998578911	-12.5862354	63	1	1.06349	0.968254;
./matpower/data/case6495rte.m:378:	333	2	0	0	0	0	1	1.0473898	-25.0793666	150	1	1.08	0.966667;
./matpower/data/case6495rte.m:408:	363	1	9.5	5.1	0	0	1	1.07103299	-17.9438971	90	1	1.08889	0.933333;
./matpower/data/case6495rte.m:411:	366	1	0	0	0	0	1	1.04844498	-5.50274758	225	1	1.08889	0.933333;
./matpower/data/case6495rte.m:424:	379	1	0	0	0	0	1	1.05365153	-11.4139226	225	1	1.08889	0.933333;
./matpower/data/case6495rte.m:514:	469	1	0.3	-1.7	0	0	1	1.05396444	-11.4194658	225	1	1.08889	0.933333;
./matpower/data/case6495rte.m:526:	481	1	0	0	0	0	1	1.04147204	-8.56958279	225	1	1.08889	0.933333;
./matpower/data/case6495rte.m:535:	490	1	-23.6	9.6	0	0	1	1.07327102	-18.5336888	90	1	1.0892	0.933333;
./matpower/data/case6495rte.m:555:	510	1	43.9	-1.9	0	0	1	1.01104382	-34.0893381	63	1	1.06349	0.968254;
./matpower/data/case6495rte.m:557:	512	1	0	0	0	0	1	0.933654094	-6.47116096	45	1	1	0.888889;
./matpower/data/case6495rte.m:568:	523	1	0	0	0	0	1	1.0546662	-8.48001357	225	1	1.08889	0.933333;
./matpower/data/case6495rte.m:587:	542	1	55.2	6.8	0	0	1	1.05483969	-9.22251142	225	1	1.08889	0.933333;
./matpower/data/case6495rte.m:588:	543	1	52.2	8.8	0	0	1	1.05481586	-9.2259049	225	1	1.08889	0.933333;
./matpower/data/case6495rte.m:621:	576	1	7	-0.9	0	0	1	1.05288659	-15.2119882	90	1	1.08889	0.933333;
./matpower/data/case6495rte.m:656:	611	1	0	0	0	0	1	1.03113362	-8.70114838	225	1	1.08889	0.933333;
./matpower/data/case6495rte.m:669:	624	2	0	0	0	0	1	1.039	-5.30802798	225	1	1.08889	0.933333;
./matpower/data/case6495rte.m:673:	628	1	0	0	0	0	1	1.04988278	-11.0315022	150	1	1.08	0.966667;
./matpower/data/case6495rte.m:677:	632	1	-0.1	1	0	0	1	1.04998021	-25.5939071	225	1	1.08889	1.00444;
./matpower/data/case6495rte.m:720:	675	1	13.6	0.3	0	0	1	1.01966252	-18.7216491	63	1	1.06349	0.936508;
./matpower/data/case6495rte.m:729:	684	2	0	0	0	0	1	0.966	-8.17233854	45	1	1	0.888889;
./matpower/data/case6495rte.m:745:	700	1	0	0	0	0	1	1.02441001	-4.73963553	225	1	1.08889	0.933333;
./matpower/data/case6495rte.m:746:	701	1	0	0	0	0	1	1.02538469	-5.09125915	225	1	1.08889	0.933333;
./matpower/data/case6495rte.m:830:	785	1	1	1	0	0	1	1.01966857	-8.66884114	63	1	1.06349	0.936508;
./matpower/data/case6495rte.m:835:	790	1	0	0	0	0	1	1.02695826	-6.0777605	225	1	1.08889	0.933333;
./matpower/data/case6495rte.m:849:	804	1	0	0	0	0	1	1.02576578	-5.40270121	225	1	1.08889	0.933333;
./matpower/data/case6495rte.m:850:	805	1	0	0	0	0	1	1.02633303	-5.65993514	225	1	1.08889	0.933333;
./matpower/data/case6495rte.m:928:	883	1	46.8	11.4	0	0	1	1.0535883	-20.2865659	90	1	1.08889	0.933333;
./matpower/data/case6495rte.m:935:	890	1	0	0	0	0	1	1.05775357	-21.5502044	150	1	1.08	0.966667;
./matpower/data/case6495rte.m:966:	921	1	0.4	-7	0	0	1	1.02730515	-6.08160762	225	1	1.08889	0.933333;
./matpower/data/case6495rte.m:995:	950	1	9.5	9.4	0	0	1	1.03686292	-6.20733437	225	1	1.08889	0.933333;
./matpower/data/case6495rte.m:1042:	997	1	0	0	0	0	1	1.05322563	-6.40575784	225	1	1.08889	0.933333;
./matpower/data/case6495rte.m:1051:	1006	1	0	0	0	0	1	1.05187578	-25.2054802	150	1	1.08	0.966667;
./matpower/data/case6495rte.m:1057:	1012	1	0	0	0	0	1	1.05528535	-7.36759685	225	1	1.08889	0.933333;
./matpower/data/case6495rte.m:1126:	1081	1	-1.8	-7	0	0	1	1.05019989	-9.60578483	225	1	1.08889	0.933333;
./matpower/data/case6495rte.m:1184:	1139	1	17.8	4.8	0	0	1	1.03367414	-15.1560141	225	1	1.08889	0.933333;
./matpower/data/case6495rte.m:1191:	1146	1	36.4	5.8	0	0	1	1.0515241	-7.95597174	225	1	1.08889	0.933333;
./matpower/data/case6495rte.m:1198:	1153	1	0	0	0	0	1	1.04558338	-6.26445718	225	1	1.08889	0.933333;
./matpower/data/case6495rte.m:1210:	1165	1	0	0	0	0	1	0.949967688	-6.96346435	45	1	1	0.888889;
./matpower/data/case6495rte.m:1221:	1176	1	0	0	0	0	1	1.05620534	-6.00000825	225	1	1.08889	0.933333;
./matpower/data/case6495rte.m:1226:	1181	1	-0	-0.4	0	0	1	0.998642691	-24.0325224	63	1	1.07937	0.952381;
./matpower/data/case6495rte.m:1236:	1191	1	0	0	0	0	1	1.06711671	-7.46718396	225	1	1.08889	0.933333;
./matpower/data/case6495rte.m:1237:	1192	1	0	0	0	0	1	1.06544266	-6.92667814	225	1	1.08889	0.933333;
./matpower/data/case6495rte.m:1267:	1222	1	26.1	14	0	0	1	1.02892863	-6.92469832	225	1	1.08889	0.933333;
./matpower/data/case6495rte.m:1271:	1226	1	0	0.7	0	0	1	1.0199808	-16.353703	63	1	1.06349	0.968254;
./matpower/data/case6495rte.m:1280:	1235	1	0	0	0	0	1	1.05459224	-7.57869368	225	1	1.08889	0.933333;
./matpower/data/case6495rte.m:1281:	1236	1	0	0	0	0	1	1.05634893	-6.70454023	225	1	1.08889	0.933333;
./matpower/data/case6495rte.m:1282:	1237	1	0	0	0	0	1	1.05663218	-6.76691807	225	1	1.08889	0.933333;
./matpower/data/case6495rte.m:1299:	1254	1	0	0	0	0	1	1.05415933	-13.9640324	225	1	1.08889	0.933333;
./matpower/data/case6495rte.m:1325:	1280	1	28.5	2.5	0	0	1	1.06066252	-19.8106058	90	1	1.08889	0.933333;
./matpower/data/case6495rte.m:1327:	1282	1	47.9	20.3	0	0	1	1.05043657	-7.71106168	225	1	1.08889	0.933333;
./matpower/data/case6495rte.m:1346:	1301	1	15.9	0.2	0	0	1	1.06679494	-7.34825837	225	1	1.08889	0.933333;
./matpower/data/case6495rte.m:1352:	1307	1	0	0	0	0	1	1.05785255	-21.5252803	150	1	1.08	0.966667;
./matpower/data/case6495rte.m:1386:	1341	1	26.2	9.8	0	0	1	1.05496227	-9.19962054	225	1	1.08889	0.933333;
./matpower/data/case6495rte.m:1390:	1345	1	0	0	0	0	1	1.05789007	-21.525934	150	1	1.08	0.966667;
./matpower/data/case6495rte.m:1448:	1403	1	0	0	0	0	1	1.05412787	-8.82284754	225	1	1.08889	0.933333;
./matpower/data/case6495rte.m:1459:	1414	1	31.9	3.1	0	0	1	1.05966791	-18.7266338	63	1	1.07937	0.920635;
./matpower/data/case6495rte.m:1491:	1446	1	77	20.6	0	0	1	1.05113109	-6.99877819	225	1	1.08889	0.933333;
./matpower/data/case6495rte.m:1501:	1456	1	18.1	-0	0	0	1	0.998297957	-3.13815595	63	1	1.07937	0.952381;
./matpower/data/case6495rte.m:1525:	1480	1	0	0	0	0	1	1.01465949	-15.8595007	45	1	1.06667	0.933333;
./matpower/data/case6495rte.m:1528:	1483	1	40.7	3.6	0	0	1	1.05412018	-7.41984845	225	1	1.08889	0.933333;
./matpower/data/case6495rte.m:1542:	1497	1	30.9	3.7	0	0	1	1.04701486	-20.9298813	90	1	1.08889	0.933333;
./matpower/data/case6495rte.m:1625:	1580	1	0	0	0	0	1	1.05281328	-6.99513466	225	1	1.08889	0.933333;
./matpower/data/case6495rte.m:1654:	1609	1	0	0	0	0	1	1.05417867	-23.2868235	150	1	1.08	0.966667;
./matpower/data/case6495rte.m:1657:	1612	1	0	0	0	0	1	1.03231614	-15.6964172	225	1	1.08889	0.933333;
./matpower/data/case6495rte.m:1663:	1618	1	56.7	12	0	0	1	0.966701026	-35.5327266	63	1	1.04762	0.952381;
./matpower/data/case6495rte.m:1714:	1669	1	7.1	-6.3	0	0	1	1.03234124	-12.2638791	90	1	1.08889	0.933333;
./matpower/data/case6495rte.m:1722:	1677	1	0	0	0	0	1	1.0545895	-7.04020216	225	1	1.08889	0.933333;
./matpower/data/case6495rte.m:1771:	1726	1	15	4.2	0	0	1	1.06597074	-14.6624255	90	1	1.08889	0.933333;
./matpower/data/case6495rte.m:1802:	1757	1	15.2	3.6	0	0	1	1.04304967	-9.69004594	225	1	1.08889	0.933333;
./matpower/data/case6495rte.m:1826:	1781	1	0	0	0	0	1	1.04670162	-10.4172383	225	1	1.08889	0.933333;
./matpower/data/case6495rte.m:1844:	1799	1	0	0	0	0	1	1.05140852	-12.2056614	225	1	1.08889	0.933333;
./matpower/data/case6495rte.m:1865:	1820	1	42	3.4	0	0	1	1.05297202	-15.1999459	90	1	1.08889	0.933333;
./matpower/data/case6495rte.m:1876:	1831	1	14.1	-3.6	0	0	1	1.04538054	-23.8296891	90	1	1.08889	0.933333;
./matpower/data/case6495rte.m:1878:	1833	1	0	0	0	0	1	1.05085531	-7.68595714	225	1	1.08889	0.933333;
./matpower/data/case6495rte.m:1908:	1863	1	8.6	-2.6	0	0	1	1.03266887	-12.5891811	90	1	1.08889	0.933333;
./matpower/data/case6495rte.m:1928:	1883	1	36.3	5.1	0	0	1	1.03657313	-22.000933	63	1	1.07937	0.920635;
./matpower/data/case6495rte.m:1944:	1899	1	0	0	0	0	1	1.03318881	-7.13711324	225	1	1.08889	0.933333;
./matpower/data/case6495rte.m:1961:	1916	1	0	0	0	0	1	0.99894248	-12.5339203	63	1	1.06349	0.968254;
./matpower/data/case6495rte.m:1999:	1954	1	0	0	0	0	1	1.0661919	-7.02661535	225	1	1.08889	0.933333;
./matpower/data/case6495rte.m:2000:	1955	1	0	0	0	0	1	1.06493878	-7.34320197	225	1	1.08889	0.933333;
./matpower/data/case6495rte.m:2022:	1977	1	0	0	0	0	1	1.02709548	-5.77874965	225	1	1.08889	0.933333;
./matpower/data/case6495rte.m:2039:	1994	2	0	0	0	0	1	0.96600458	-8.17246586	45	1	1	0.888889;
./matpower/data/case6495rte.m:2043:	1998	1	0	0	0	0	1	1.05059448	-7.47638364	225	1	1.08889	0.933333;
./matpower/data/case6495rte.m:2063:	2018	1	26.9	-0.1	0	0	1	1.02998285	-24.2435029	90	1	1.07778	0.977778;
./matpower/data/case6495rte.m:2110:	2065	1	33.4	10.3	0	0	1	1.04982183	-7.24378806	225	1	1.08889	0.933333;
./matpower/data/case6495rte.m:2117:	2072	1	34	3.9	0	0	1	1.00999872	-25.0287019	90	1	1.06667	0.977778;
./matpower/data/case6495rte.m:2168:	2123	1	0	0	0	0	1	1.05052909	-7.48960753	225	1	1.08889	0.933333;
./matpower/data/case6495rte.m:2169:	2124	1	0	0	0	0	1	1.05057764	-7.48769729	225	1	1.08889	0.933333;
./matpower/data/case6495rte.m:2170:	2125	1	0	0	0	0	1	1.05053106	-7.4896234	225	1	1.08889	0.933333;
./matpower/data/case6495rte.m:2177:	2132	1	0	0	0	0	1	1.04622416	-6.09440689	225	1	1.08889	0.933333;
./matpower/data/case6495rte.m:2187:	2142	1	0	0	0	0	1	1.05374129	-7.21516454	225	1	1.08889	0.933333;
./matpower/data/case6495rte.m:2234:	2189	1	4.3	-0.5	0	0	1	0.989709149	-12.0053265	45	1	1.06667	0.933333;
./matpower/data/case6495rte.m:2260:	2215	1	0	0	0	0	1	1.04183892	-5.35098432	225	1	1.08889	0.933333;
./matpower/data/case6495rte.m:2331:	2286	1	0	0	0	0	1	1.04013226	-14.6462617	225	1	1.08889	0.933333;
./matpower/data/case6495rte.m:2337:	2292	1	0	0	0	0	1	1.05096236	-9.32149555	225	1	1.08889	0.933333;
./matpower/data/case6495rte.m:2351:	2306	1	59.5	6.1	0	0	1	1.04346544	-9.62904301	225	1	1.08889	0.933333;
./matpower/data/case6495rte.m:2384:	2339	1	0	0	0	0	1	1.04491767	-10.5853613	225	1	1.08889	0.933333;
./matpower/data/case6495rte.m:2523:	2478	1	32	3	0	0	1	0.998283618	-33.3788563	63	1	1.06349	0.968254;
./matpower/data/case6495rte.m:2578:	2533	1	0	0	0	0	1	1.04196622	-13.8847048	225	1	1.08889	0.933333;
./matpower/data/case6495rte.m:2587:	2542	1	0	0	0	0	1	1.02832723	-26.1542279	150	1	1.08	0.966667;
./matpower/data/case6495rte.m:2618:	2573	1	0	0	0	0	1	1.04187909	-5.35945251	225	1	1.08889	0.933333;
./matpower/data/case6495rte.m:2622:	2577	1	0	0	0	0	1	1.05998702	-12.9439294	225	1	1.08889	0.968889;
./matpower/data/case6495rte.m:2643:	2598	1	0	0	0	0	1	1.04933027	-37.5989402	90	1	1.06667	0.977778;
./matpower/data/case6495rte.m:2644:	2599	1	0	0	0	0	1	1.08019492	-31.262657	380	1	1.10263	1.04211;
./matpower/data/case6495rte.m:2662:	2617	1	33.7	2.5	0	0	1	1.05877838	-19.0258003	90	1	1.08889	0.933333;
./matpower/data/case6495rte.m:2696:	2651	1	23.1	1.9	0	0	1	0.998279133	-13.1858819	63	1	1.06349	0.968254;
./matpower/data/case6495rte.m:2717:	2672	1	25.6	15.1	0	0	1	1.04853569	-7.60590177	225	1	1.08889	0.933333;
./matpower/data/case6495rte.m:2742:	2697	1	0	0	0	0	1	1.04273687	-5.50154885	225	1	1.08889	0.933333;
./matpower/data/case6495rte.m:2745:	2700	1	0	0	0	0	1	1.04253225	-13.3844012	225	1	1.08889	0.933333;
./matpower/data/case6495rte.m:2750:	2705	1	33.4	4.8	0	0	1	1.05507038	-20.5510726	90	1	1.08889	0.933333;
./matpower/data/case6495rte.m:2752:	2707	1	0	0	0	0	1	1.08966162	-2.71721087	380	1	1.10526	1.03947;
./matpower/data/case6495rte.m:2792:	2747	1	0	0	0	0	1	1.074293	-12.493437	225	1	1.08889	0.933333;
./matpower/data/case6495rte.m:2813:	2768	1	0	0	0	0	1	1.03097665	-8.71796071	225	1	1.08889	0.933333;
./matpower/data/case6495rte.m:2841:	2796	1	0	0	0	0	1	0.989770036	-11.9923295	45	1	1.06667	0.933333;
./matpower/data/case6495rte.m:2842:	2797	1	1.6	-1.1	0	0	1	0.990876143	-11.8695031	45	1	1.06667	0.933333;
./matpower/data/case6495rte.m:2855:	2810	1	8	0.1	0	0	1	1.04966521	-19.4391261	63	1	1.07937	0.920635;
./matpower/data/case6495rte.m:2865:	2820	1	18.2	1.7	0	0	1	1.04012265	-14.6470737	225	1	1.08889	0.933333;
./matpower/data/case6495rte.m:2893:	2848	1	-12.8	-14.4	0	0	1	1.0534147	-7.40831975	225	1	1.08889	0.933333;
./matpower/data/case6495rte.m:2918:	2873	1	14.1	7.3	0	0	1	1.04945	-9.51701698	225	1	1.08889	0.933333;
./matpower/data/case6495rte.m:2929:	2884	1	64.5	6	0	0	1	1.05518686	-7.95920139	225	1	1.08889	0.933333;
./matpower/data/case6495rte.m:2952:	2907	1	0	0	0	0	1	1.0535773	-7.11037655	225	1	1.08889	0.933333;
./matpower/data/case6495rte.m:2953:	2908	1	0	0	0	0	1	1.05072085	-7.12767649	225	1	1.08889	0.933333;
./matpower/data/case6495rte.m:2954:	2909	1	0	0	0	0	1	1.05711837	-7.02008752	225	1	1.08889	0.933333;
./matpower/data/case6495rte.m:2975:	2930	1	0	0	0	0	1	1.05017686	-8.06617813	225	1	1.08889	0.933333;
./matpower/data/case6495rte.m:3007:	2962	1	0	0	0	0	1	1.05908998	-18.3505205	380	1	1.10526	1.04211;
./matpower/data/case6495rte.m:3035:	2990	1	0	0	0	0	1	1.05369975	-7.11105627	225	1	1.08889	0.933333;
./matpower/data/case6495rte.m:3036:	2991	1	63.7	12.4	0	0	1	1.04810009	-7.92068464	225	1	1.08889	0.933333;
./matpower/data/case6495rte.m:3040:	2995	1	0	0	0	0	1	1.0596647	-13.9302662	225	1	1.08889	1;
./matpower/data/case6495rte.m:3112:	3067	1	0	0	0	0	1	1.05729952	-14.459252	225	1	1.08889	0.933333;
./matpower/data/case6495rte.m:3126:	3081	1	0	0	0	0	1	1.05031654	-8.24497199	225	1	1.08889	0.933333;
./matpower/data/case6495rte.m:3131:	3086	1	0	-0	0	0	1	0.933654094	-6.47116096	45	1	1	0.888889;
./matpower/data/case6495rte.m:3137:	3092	1	24.8	3.5	0	0	1	0.998039241	-21.180196	63	1	1.06349	0.936508;
./matpower/data/case6495rte.m:3139:	3094	1	0	0	0	0	1	1.05633796	-13.8109819	225	1	1.08889	0.933333;
./matpower/data/case6495rte.m:3195:	3150	2	0	0	0	0	1	1.06	-19.0568602	90	1	1.08889	0.933333;
./matpower/data/case6495rte.m:3204:	3159	1	1.7	0.5	0	0	1	0.998550394	-22.3114433	63	1	1.07937	0.920635;
./matpower/data/case6495rte.m:3300:	3255	1	65.5	8.8	0	0	1	1.04914504	-20.8580209	90	1	1.08889	0.933333;
./matpower/data/case6495rte.m:3301:	3256	1	0	0	0	0	1	1.04965505	-3.44338614	225	1	1.08889	0.933333;
./matpower/data/case6495rte.m:3326:	3281	1	59.6	11.8	0	0	1	1.04811418	-7.92567881	225	1	1.08889	0.933333;
./matpower/data/case6495rte.m:3360:	3315	1	0	0	0	0	1	0.998181259	-18.6198732	63	1	1.06349	0.968254;
./matpower/data/case6495rte.m:3374:	3329	1	0	0	0	0	1	1.05153589	-7.99394816	225	1	1.08889	0.933333;
./matpower/data/case6495rte.m:3384:	3339	1	0	0	0	0	1	1.05106225	-6.8481672	225	1	1.08889	0.933333;
./matpower/data/case6495rte.m:3395:	3350	1	2.2	-0.9	0	0	1	1.03933948	-26.4532591	63	1	1.07937	0.920635;
./matpower/data/case6495rte.m:3420:	3375	1	37.3	2.9	0	0	1	1.05817184	-22.4577448	90	1	1.08889	0.933333;
./matpower/data/case6495rte.m:3427:	3382	1	43	-0.2	0	0	1	1.04800294	-7.95283438	225	1	1.08889	0.933333;
./matpower/data/case6495rte.m:3468:	3423	1	-2	-12	0	0	1	0.99862824	-9.82347274	63	1	1.06349	0.968254;
./matpower/data/case6495rte.m:3469:	3424	1	50.4	5.3	0	0	1	0.998503533	-12.5942266	63	1	1.06349	0.968254;
./matpower/data/case6495rte.m:3547:	3502	1	0	0	0	0	1	1.05800791	-11.4884682	225	1	1.08889	0.933333;
./matpower/data/case6495rte.m:3558:	3513	1	-0.2	0	0	0	1	1.05584548	-16.1984153	90	1	1.08889	0.933333;
./matpower/data/case6495rte.m:3561:	3516	1	0	0	0	0	1	1.05986434	-6.62698533	225	1	1.08889	0.933333;
./matpower/data/case6495rte.m:3576:	3531	1	0	0	0	0	1	1.06525865	-18.1949362	90	1	1.08889	0.933333;
./matpower/data/case6495rte.m:3578:	3533	1	0	0	0	0	1	1.05598698	-5.96266992	225	1	1.08889	0.933333;
./matpower/data/case6495rte.m:3608:	3563	1	0.4	0.1	0	0	1	1.06132485	-29.5722626	90	1	1.06949	0.977778;
./matpower/data/case6495rte.m:3617:	3572	1	0	0	0	0	1	1.04963707	-3.44577521	225	1	1.08889	0.933333;
./matpower/data/case6495rte.m:3645:	3600	1	0	0	0	0	1	1.05629385	-6.43850306	225	1	1.08889	0.933333;
./matpower/data/case6495rte.m:3647:	3602	1	0	0	0	0	1	1.04141945	-7.43808803	225	1	1.08889	0.933333;
./matpower/data/case6495rte.m:3684:	3639	1	31.7	1.4	0	0	1	0.998765911	-21.6746879	63	1	1.07937	0.920635;
./matpower/data/case6495rte.m:3725:	3680	1	0	0	0	0	1	1.02933839	-8.62084949	63	1	1.06349	0.936508;
./matpower/data/case6495rte.m:3731:	3686	1	27.9	4.3	0	0	1	1.04847397	-15.5543341	90	1	1.08889	0.933333;
./matpower/data/case6495rte.m:3767:	3722	1	0	0	0	0	1	1.05156644	-5.90192968	225	1	1.08889	0.933333;
./matpower/data/case6495rte.m:3802:	3757	1	14.5	4.6	0	0	1	1.01949737	-1.01430947	63	1	1.07937	0.952381;
./matpower/data/case6495rte.m:3878:	3833	1	0	0	0	0	1	1.05304069	-12.7780698	225	1	1.08889	0.933333;
./matpower/data/case6495rte.m:3893:	3848	1	47.5	-0.2	0	0	1	1.04451481	-9.61832633	225	1	1.08889	0.933333;
./matpower/data/case6495rte.m:3947:	3902	1	-1.9	16.6	0	0	1	1.05846509	-19.4213383	150	1	1.08	0.966667;
./matpower/data/case6495rte.m:3965:	3920	1	0	0	0	0	1	1.05027321	-25.2960911	150	1	1.08	0.966667;
./matpower/data/case6495rte.m:3979:	3934	1	0	0	0	0	1	1.04522483	-13.0969609	225	1	1.08889	0.933333;
./matpower/data/case6495rte.m:4003:	3958	1	97.8	28.8	0	0	1	1.05511259	-6.8261485	225	1	1.08889	0.933333;
./matpower/data/case6495rte.m:4008:	3963	1	0	0	0	0	1	1.03337459	-6.99822966	225	1	1.08889	0.933333;
./matpower/data/case6495rte.m:4048:	4003	1	0	0	0	0	1	1.05038329	-11.6559549	225	1	1.08889	0.933333;
./matpower/data/case6495rte.m:4068:	4023	1	25.6	0.4	0	0	1	1.04388195	-24.8473017	90	1	1.08889	0.933333;
./matpower/data/case6495rte.m:4083:	4038	1	0	0	0	0	1	1.04715482	-4.05823928	225	1	1.08889	0.933333;
./matpower/data/case6495rte.m:4089:	4044	1	0	0	0	0	1	1.05624096	-5.93920074	225	1	1.08889	0.933333;
./matpower/data/case6495rte.m:4101:	4056	1	0	0	0	0	1	1.08413282	-12.825963	225	1	1.08889	0.933333;
./matpower/data/case6495rte.m:4120:	4075	1	0	0	0	0	1	1.05463212	-7.56796504	225	1	1.08889	0.933333;
./matpower/data/case6495rte.m:4126:	4081	1	65.7	0	0	0	1	1.03949162	-3.37660736	225	1	1.08889	0.986667;
./matpower/data/case6495rte.m:4130:	4085	1	0	0	0	0	1	1.04339225	-12.6670168	225	1	1.08889	0.933333;
./matpower/data/case6495rte.m:4148:	4103	1	0	0	0	0	1	1.06744038	-7.29460051	225	1	1.08889	0.933333;
./matpower/data/case6495rte.m:4156:	4111	1	0	0	0	0	1	1.05004259	-16.9637567	225	1	1.08889	0.933333;
./matpower/data/case6495rte.m:4167:	4122	1	21.8	-0.5	0	0	1	1.02520574	-12.5045802	90	1	1.08889	0.933333;
./matpower/data/case6495rte.m:4174:	4129	1	10.6	-1.4	0	0	1	1.05701924	-6.85919909	225	1	1.08889	0.933333;
./matpower/data/case6495rte.m:4185:	4140	1	14.4	-0.1	0	0	1	1.04805949	-13.0093315	63	1	1.06691	0.936508;
./matpower/data/case6495rte.m:4186:	4141	1	34.6	2.8	0	0	1	1.04377783	-9.14506375	225	1	1.08889	0.933333;
./matpower/data/case6495rte.m:4232:	4187	1	98.4	19	0	0	1	1.05031206	-7.08035773	225	1	1.08889	0.933333;
./matpower/data/case6495rte.m:4233:	4188	1	63.7	-2.7	0	0	1	1.05469091	-9.2498815	225	1	1.08889	0.933333;
./matpower/data/case6495rte.m:4299:	4254	1	0	0	0	0	1	1.05592817	-5.92763231	225	1	1.08889	0.933333;
./matpower/data/case6495rte.m:4313:	4268	1	0	0	0	0	1	1.04570532	-25.8699675	150	1	1.08	0.966667;
./matpower/data/case6495rte.m:4341:	4296	1	0	0	0	0	1	1.08949526	-15.0187847	225	1	1.09345	1;
./matpower/data/case6495rte.m:4361:	4316	2	0	0	0	0	1	1.05628338	-6.49317972	225	1	1.08889	0.933333;
./matpower/data/case6495rte.m:4480:	4435	1	0	0	0	0	1	1.0707139	-17.6264499	150	1	1.08717	0.966667;
./matpower/data/case6495rte.m:4488:	4443	2	0	0	0	0	1	1.052	-25.2047281	150	1	1.08	0.966667;
./matpower/data/case6495rte.m:4503:	4458	1	0.9	-2.5	0	0	1	1.0503493	-8.62117269	225	1	1.08889	0.933333;
./matpower/data/case6495rte.m:4530:	4485	1	9	2.9	0	0	1	0.998627478	-29.3916187	63	1	1.04762	0.952381;
./matpower/data/case6495rte.m:4540:	4495	1	15.1	0	0	0	1	1.05005225	-10.7991263	150	1	1.08	0.966667;
./matpower/data/case6495rte.m:4564:	4519	1	0	0	0	0	1	1.06102779	-10.1545159	150	1	1.08	0.966667;
./matpower/data/case6495rte.m:4648:	4603	1	0	0	0	0	1	1.06966759	-44.5289238	225	1	1.08444	1.00444;
./matpower/data/case6495rte.m:4710:	4665	1	37.1	7.5	0	0	1	1.06238806	-19.065662	90	1	1.08889	0.933333;
./matpower/data/case6495rte.m:4727:	4682	1	0	0	0	0	1	1.03959041	-11.2323526	225	1	1.08889	0.933333;
./matpower/data/case6495rte.m:4776:	4731	1	12.3	2.9	0	0	1	1.0144196	-15.8875409	45	1	1.06667	0.933333;
./matpower/data/case6495rte.m:4783:	4738	1	0	0	0	0	1	1.05102565	-6.41487179	225	1	1.08889	0.933333;
./matpower/data/case6495rte.m:4802:	4757	1	131.7	23.4	0	0	1	1.05102877	-7.01983215	225	1	1.08889	0.933333;
./matpower/data/case6495rte.m:4805:	4760	2	0	0	0	0	1	1.049	-25.0184625	150	1	1.08	0.966667;
./matpower/data/case6495rte.m:4806:	4761	1	0	0	0	0	1	1.00425979	-12.6029497	63	1	1.06349	0.968254;
./matpower/data/case6495rte.m:4817:	4772	1	0	0	0	0	1	1.02603617	-6.64679149	225	1	1.08889	0.933333;
./matpower/data/case6495rte.m:4832:	4787	1	-8	0	0	0	1	1.07618967	-3.70822243	225	1	1.08889	0.933333;
./matpower/data/case6495rte.m:4853:	4808	1	49.8	24.3	0	0	1	1.06292526	-18.3632127	90	1	1.08889	0.933333;
./matpower/data/case6495rte.m:4866:	4821	1	0	0	0	0	1	1.06949059	-1.65288942	380	1	1.10526	1.03947;
./matpower/data/case6495rte.m:4888:	4843	1	77.9	5.7	0	0	1	1.05418763	-7.38968426	225	1	1.08889	0.933333;
./matpower/data/case6495rte.m:4891:	4846	2	0	0	0	0	1	0.933310418	-7.37061986	45	1	1	0.888889;
./matpower/data/case6495rte.m:4892:	4847	1	2.3	5.6	0	0	1	0.933310115	-7.37060969	45	1	1	0.888889;
./matpower/data/case6495rte.m:4893:	4848	1	0	0	0	0	1	1.05028444	-5.58631747	225	1	1.08889	0.933333;
./matpower/data/case6495rte.m:4922:	4877	1	14.9	-1.3	0	0	1	1.03456318	-13.8111327	90	1	1.08889	0.933333;
./matpower/data/case6495rte.m:4973:	4928	1	50.4	9.9	0	0	1	1.00949911	-40.6863776	90	1	1.06667	0.977778;
./matpower/data/case6495rte.m:5037:	4992	1	0	0	0	0	1	1.0345054	-15.0189721	225	1	1.08889	0.933333;
./matpower/data/case6495rte.m:5039:	4994	1	0	0	0	0	1	1.04103872	-9.67135636	225	1	1.08889	0.933333;
./matpower/data/case6495rte.m:5044:	4999	1	0	0	0	0	1	1.05273528	-10.2017685	225	1	1.08889	0.933333;
./matpower/data/case6495rte.m:5077:	5032	1	16	-0.3	0	0	1	0.998933439	-43.0671883	90	1	1.06667	0.977778;
./matpower/data/case6495rte.m:5084:	5039	1	171.7	62.2	0	0	1	1.04033867	-5.50930427	225	1	1.08889	0.933333;
./matpower/data/case6495rte.m:5127:	5082	1	0	0	0	0	1	1.05015724	-20.3326662	90	1	1.07778	0.966667;
./matpower/data/case6495rte.m:5152:	5107	1	7.9	0	0	0	1	0.949967688	-6.96346435	45	1	1	0.888889;
./matpower/data/case6495rte.m:5157:	5112	1	0	0	0	0	1	1.09802353	-18.1699593	150	1	1.1	0.966667;
./matpower/data/case6495rte.m:5164:	5119	1	0	0	0	0	1	0.998605662	-12.5829341	63	1	1.06349	0.968254;
./matpower/data/case6495rte.m:5165:	5120	1	0	0	0	0	1	1.06467413	-18.509998	63	1	1.07776	0.936508;
./matpower/data/case6495rte.m:5194:	5149	1	0	0	0	0	1	1.05230342	-11.9036627	225	1	1.08889	0.933333;
./matpower/data/case6495rte.m:5201:	5156	1	0	0	0	0	1	1.04666247	-19.536638	90	1	1.07778	0.966667;
./matpower/data/case6495rte.m:5220:	5175	1	0	0	0	0	1	1.0499783	-11.0110475	150	1	1.08	0.966667;
./matpower/data/case6495rte.m:5233:	5188	1	0	0	0	0	1	1.03942924	-20.9033581	90	1	1.07778	0.966667;
./matpower/data/case6495rte.m:5244:	5199	1	0	0	0	0	1	1.02598801	-5.49570672	225	1	1.08889	0.933333;
./matpower/data/case6495rte.m:5270:	5225	1	0	0	0	0	1	1.02770972	-6.08757891	225	1	1.08889	0.933333;
./matpower/data/case6495rte.m:5278:	5233	1	0	0	0	0	1	1.06195945	-20.7007301	90	1	1.07778	0.966667;
./matpower/data/case6495rte.m:5310:	5265	1	0	0	0	0	1	1.02993852	-6.8460043	225	1	1.08889	0.933333;
./matpower/data/case6495rte.m:5322:	5277	1	0	0	0	0	1	1.06679797	-7.34667369	225	1	1.08889	0.933333;
./matpower/data/case6495rte.m:5334:	5289	1	0	0	0	0	1	1.05776093	-21.1127347	90	1	1.07778	0.966667;
./matpower/data/case6495rte.m:5342:	5297	1	0	0	0	0	1	1.04033035	-20.1943476	90	1	1.07778	0.966667;
./matpower/data/case6495rte.m:5376:	5331	1	0	0	0	0	1	1.03833909	-21.2891319	90	1	1.07778	0.966667;
./matpower/data/case6495rte.m:5380:	5335	1	0	0	0	0	1	1.04890949	-19.0245803	90	1	1.07778	0.966667;
./matpower/data/case6495rte.m:5388:	5343	1	0	0	0	0	1	1.02467964	-23.938572	90	1	1.07778	0.966667;
./matpower/data/case6495rte.m:5405:	5360	1	3.4	0	0	0	1	1.07611708	-18.3267738	90	1	1.07778	0.966667;
./matpower/data/case6495rte.m:5431:	5386	1	20.4	0	0	0	1	1.0500469	-18.1477109	90	1	1.07778	0.966667;
./matpower/data/case6495rte.m:5432:	5387	1	0	0	0	0	1	1.05422117	-18.577589	90	1	1.07778	0.966667;
./matpower/data/case6495rte.m:5440:	5395	1	0	0	0	0	1	1.05220082	-7.25259405	225	1	1.08889	0.933333;
./matpower/data/case6495rte.m:5466:	5421	1	0	0	0	0	1	1.02100674	-10.207998	63	1	1.06349	0.968254;
./matpower/data/case6495rte.m:5477:	5432	1	0	0	0	0	1	1.04901929	-10.2889539	225	1	1.08889	0.933333;
./matpower/data/case6495rte.m:5500:	5455	1	0.5	2.7	0	0	1	1.05141897	-7.58293465	225	1	1.08889	0.933333;
./matpower/data/case6495rte.m:5533:	5488	1	0	0	0	0	1	1.02549775	-24.0951992	90	1	1.07778	0.966667;
./matpower/data/case6495rte.m:5544:	5499	1	0	0	0	0	1	1.03112929	-8.70544093	225	1	1.08889	0.933333;
./matpower/data/case6495rte.m:5561:	5516	1	0	0	0	0	1	1.05339935	-7.40886252	225	1	1.08889	0.933333;
./matpower/data/case6495rte.m:5580:	5535	1	0	0	0	0	1	1.0503998	-20.9872594	63	1	1.07937	0.920635;
./matpower/data/case6495rte.m:5581:	5536	1	0	0	0	0	1	1.09219082	-19.2245603	150	1	1.1	0.966667;
./matpower/data/case6495rte.m:5590:	5545	1	0	0	0	0	1	1.04683889	-22.109726	90	1	1.07778	0.966667;
./matpower/data/case6495rte.m:5592:	5547	1	0	0	0	0	1	1.04514033	-22.2935365	90	1	1.07778	0.966667;
./matpower/data/case6495rte.m:5606:	5561	1	0	0	0	0	1	1.07285861	-18.6372829	90	1	1.07778	0.966667;
./matpower/data/case6495rte.m:5608:	5563	1	0	0	0	0	1	0.998683915	-22.3005905	63	1	1.07937	0.920635;
./matpower/data/case6495rte.m:5619:	5574	1	-60	0	0	0	1	1.09794837	-18.1685853	150	1	1.1	0.966667;
./matpower/data/case6495rte.m:5669:	5624	1	0	0	0	0	1	1.0392001	-20.9451495	90	1	1.07778	0.966667;
./matpower/data/case6495rte.m:5706:	5661	1	0	0	0	0	1	1.05149677	-5.90256679	225	1	1.08889	0.933333;
./matpower/data/case6495rte.m:5728:	5683	1	0	0	0	0	1	1.02807485	-22.9755051	90	1	1.07778	0.966667;
./matpower/data/case6495rte.m:5730:	5685	1	0	0	0	0	1	1.04080331	-25.7957217	150	1	1.08	0.966667;
./matpower/data/case6495rte.m:5734:	5689	1	0	0	0	0	1	1.0565659	-6.72870723	225	1	1.08889	0.933333;
./matpower/data/case6495rte.m:5782:	5737	1	0	0	0	0	1	0.966357016	-37.9007951	63	1	1.07937	0.920635;
./matpower/data/case6495rte.m:5787:	5742	1	0	0	0	0	1	1.06181292	-14.4054446	90	1	1.07778	0.966667;
./matpower/data/case6495rte.m:5836:	5791	1	0	0	0	0	1	1.05897398	-32.8059494	90	1	1.07878	0.977778;
./matpower/data/case6495rte.m:5883:	5838	1	0	0	0	0	1	1.04280838	-5.12291785	225	1	1.08889	0.933333;
./matpower/data/case6495rte.m:5978:	5933	1	0	0	0	0	1	1.06858388	-28.9029983	225	1	1.15	0.8;
./matpower/data/case6495rte.m:6004:	5959	1	122.4	11.6	0	0	1	1.06933593	-5.23312379	380	1	1.15	0.8;
./matpower/data/case6495rte.m:6117:	6072	1	230.7	-119.7	0	0	1	1.06949591	-5.98869303	380	1	1.15	0.8;
./matpower/data/case6495rte.m:6122:	6077	1	279.1	41.8	0	100	1	0.998720783	-15.8549212	225	1	1.15	0.8;
./matpower/data/case6495rte.m:6260:	6215	1	97.1	0	0	0	1	1.06933119	-7.9237301	225	1	1.15	0.8;
./matpower/data/case6495rte.m:6295:	6250	2	0	0	0	0	1	0.966	-8.89977847	11	1	1.15	0.8;
./matpower/data/case6495rte.m:6324:	6280	2	0	0	0	0	1	0.966	-10.0169542	12	1	1.15	0.8;
./matpower/data/case6495rte.m:6411:	6370	2	0	0	0	0	1	0.966	-1.58752138	10	1	1.15	0.8;
./matpower/data/case6495rte.m:6505:	6464	2	0	0	0	0	1	0.998	7.91096599	20	1	1.15	0.8;
./matpower/data/case6495rte.m:6684:	684	2.24	1.87	6	-5	0.966	100	1	9	0	0	0	0	0	0	0	0	0	0	0	0;
./matpower/data/case6495rte.m:6685:	684	2.24	1.87	6	-5	0.966	100	1	9	0	0	0	0	0	0	0	0	0	0	0	0;
./matpower/data/case6495rte.m:6686:	684	0	1.87	8	-5	0.966	100	0	11	0	0	0	0	0	0	0	0	0	0	0	0;
./matpower/data/case6495rte.m:6687:	684	2.24	1.87	8	-5	0.966	100	1	11	0	0	0	0	0	0	0	0	0	0	0	0;
./matpower/data/case6495rte.m:6756:	889	0	0.53	5	-5	0.998	100	0	13	0	0	0	0	0	0	0	0	0	0	0	0;
./matpower/data/case6495rte.m:6757:	889	0	0.53	5	-5	0.998	100	0	13	0	0	0	0	0	0	0	0	0	0	0	0;
./matpower/data/case6495rte.m:6758:	889	0	0.53	5	-5	0.998	100	0	13	0	0	0	0	0	0	0	0	0	0	0	0;
./matpower/data/case6495rte.m:6759:	889	0	0.53	5	-5	0.998	100	0	13	0	0	0	0	0	0	0	0	0	0	0	0;
./matpower/data/case6495rte.m:7208:	3424	0	0	0	0	0.998	100	0	3	0	0	0	0	0	0	0	0	0	0	0	0;
./matpower/data/case6495rte.m:7672:	6250	65.98	18.11	36.04	-3.45	0.966	100	1	86	0	0	0	0	0	0	0	0	0	0	0	0;
./matpower/data/case6495rte.m:7701:	6280	30.43	-14.3	31.97	-22.76	0.966	100	1	49	0	0	0	0	0	0	0	0	0	0	0	0;
./matpower/data/case6495rte.m:7788:	6370	30.99	-11.33	32.55	-11.33	0.966	100	1	57	0	0	0	0	0	0	0	0	0	0	0	0;
./matpower/data/case6495rte.m:7882:	6464	1307.72	197.86	671.48	-239.66	0.998	100	1	1332	282	0	0	0	0	0	0	0	0	0	0	0;
./matpower/data/case6495rte.m:8153:	1554	105	0.00156	0.006933	0.0121	432	432	432	1	0	1	0	0;
./matpower/data/case6495rte.m:8326:	4711	176	0.002933	0.010267	0.0032	0	0	0	1	0	1	0	0;
./matpower/data/case6495rte.m:8434:	1594	222	0.012978	0.059338	0.1002	409	409	409	1	0	1	0	0;
./matpower/data/case6495rte.m:8728:	2440	361	0.019498	0.06712	0.0206	0	0	0	1	0	1	0	0;
./matpower/data/case6495rte.m:9104:	663	535	0.009259	0.029333	0.0015	0	0	0	1	0	1	0	0;
./matpower/data/case6495rte.m:9598:	5599	811	0.008818	0.029982	0.0003	0	0	0	1	0	1	0	0;
./matpower/data/case6495rte.m:9846:	2143	954	0.000998	0.014177	0.465	2487	2487	2487	1	0	1	0	0;
./matpower/data/case6495rte.m:9875:	1740	966	0.002193	0.010884	0.0197	321	321	321	1	0	1	0	0;
./matpower/data/case6495rte.m:9953:	4460	998	0.001177	0.012029	0.309	1711	1711	1711	1	0	1	0	0;
./matpower/data/case6495rte.m:10048:	4876	1042	0.002121	0.009661	0.0162	355	355	355	1	0	1	0	0;
./matpower/data/case6495rte.m:10274:	4655	1162	0.004365	0.029491	0.0537	575	575	575	1	0	1	0	0;
./matpower/data/case6495rte.m:10398:	4706	1214	0.000949	0.009342	0.2426	1611	1611	1611	1	0	1	0	0;
./matpower/data/case6495rte.m:10833:	3195	1462	0.004464	0.029669	0.0547	540	540	540	1	0	1	0	0;
./matpower/data/case6495rte.m:10886:	1667	1486	0.04966	0.126455	0.0014	0	0	0	1	0	1	0	0;
./matpower/data/case6495rte.m:10932:	2345	1515	0.000966	0.009803	0.2526	1579	1579	1579	1	0	1	0	0;
./matpower/data/case6495rte.m:11033:	3066	1571	0.029982	0.102293	0.001	0	0	0	1	0	1	0	0;
./matpower/data/case6495rte.m:11196:	5050	1658	0.059662	0.164903	0.0018	0	0	0	1	0	1	0	0;
./matpower/data/case6495rte.m:11238:	5598	1683	0.012144	0.049332	0.0012	0	0	0	1	0	1	0	0;
./matpower/data/case6495rte.m:11516:	4005	1861	0.005901	0.019494	0.001	0	0	0	1	0	1	0	0;
./matpower/data/case6495rte.m:11716:	3403	2007	0.089494	0.244142	0.0028	0	0	0	1	0	1	0	0;
./matpower/data/case6495rte.m:12191:	5092	2338	0.011842	0.029982	0	0	0	0	1	0	1	0	0;
./matpower/data/case6495rte.m:12536:	5661	2573	0.006696	0.029985	0.0527	288	288	288	1	0	1	0	0;
./matpower/data/case6495rte.m:12648:	4886	2648	0.008	0.03998	0.0709	362	362	362	1	0	1	0	0;
./matpower/data/case6495rte.m:13535:	5476	3396	0.007307	0.029982	0.0004	0	0	0	1	0	1	0	0;
./matpower/data/case6495rte.m:13540:	4053	3404	0.029982	0.082892	0.001	0	0	0	1	0	1	0	0;
./matpower/data/case6495rte.m:13600:	3475	3466	0.001966	0.003599	0.0024	0	0	0	1	0	1	0	0;
./matpower/data/case6495rte.m:13625:	5475	3487	0.029982	0.085664	0	0	0	0	1	0	1	0	0;
./matpower/data/case6495rte.m:13891:	5660	3725	0.019331	0.035384	0.0003	0	0	0	1	0	1	0	0;
./matpower/data/case6495rte.m:14311:	4996	4279	0.029982	0.075838	0	0	0	0	1	0	1	0	0;
./matpower/data/case6495rte.m:14418:	4915	4434	0.03933	0.101789	0.0025	0	0	0	1	0	1	0	0;
./matpower/data/case6495rte.m:14467:	4136	4520	0.006933	0.033403	0.0607	333	333	333	1	0	1	0	0;
./matpower/data/case6495rte.m:14622:	5720	4832	0.029982	0.076594	0.0009	0	0	0	1	0	1	0	0;
./matpower/data/case6495rte.m:14856:	6222	5970	0.004998	0.030578	0.0553	0	0	0	1	0	1	0	0;
./matpower/data/case6495rte.m:14928:	6006	6002	0.000949	0.010021	0.2458	544	544	544	1	0	1	0	0;
./matpower/data/case6495rte.m:15278:	142	143	0.001936	0.117926	0	724	724	724	0.998004	0	1	0	0;
./matpower/data/case6495rte.m:15372:	512	513	0.003527	0.103804	0	0	0	0	0.933707	0	1	0	0;
./matpower/data/case6495rte.m:15486:	976	977	0.001837	0.140247	0	724	724	724	0.998004	0	1	0	0;
./matpower/data/case6495rte.m:15538:	1161	1162	0.001659	0.099496	0	508	508	508	0.98619	0	1	0	0;
./matpower/data/case6495rte.m:15603:	1381	1382	0.001956	0.117531	0	721	721	721	0.998004	0	1	0	0;
./matpower/data/case6495rte.m:15611:	1436	1437	0.001679	0.122667	0	740	740	740	0.998004	0	1	0	0;
./matpower/data/case6495rte.m:15612:	1436	1437	0.001995	0.118716	0	740	740	740	0.998004	0	1	0	0;
./matpower/data/case6495rte.m:15640:	1528	1530	0.00316	0.11516	0	315	315	315	0.966187	0	1	0	0;
./matpower/data/case6495rte.m:15719:	1805	1806	0.003536	0.147556	0	579	579	579	0.96618	0	1	0	0;
./matpower/data/case6495rte.m:15742:	1924	1925	0.003026	0.155471	0	717	717	717	0.966188	0	1	0	0;
./matpower/data/case6495rte.m:15803:	2130	2131	0.013354	0.302343	0	0	0	0	0.933703	0	1	0	0;
./matpower/data/case6495rte.m:15894:	2461	2463	0.001759	0.101177	0	1139	1139	1139	0.966188	0	1	0	0;
./matpower/data/case6495rte.m:15898:	2475	2477	0.001798	0.092049	0	508	508	508	0.949664	0	1	0	0;
./matpower/data/case6495rte.m:16049:	2977	2978	0.001936	0.116741	0	796	796	796	0.998004	0	1	0	0;
./matpower/data/case6495rte.m:16134:	3337	3338	0.02066	0.410935	0	0	0	0	0.933703	0	1	0	0;
./matpower/data/case6495rte.m:16395:	4267	5885	0.008933	0.147111	0	0	0	0	1	0	1	0	0;
./matpower/data/case6495rte.m:16396:	4268	5885	0.0036	0.008933	0	0	0	0	1	0	1	0	0;
./matpower/data/case6495rte.m:16487:	4641	4642	0.001364	0.100069	0	1139	1139	1139	0.966188	0	1	0	0;
./matpower/data/case6495rte.m:16521:	4737	4738	0.005057	0.160988	0	374	374	374	0.933709	0	1	0	0;
./matpower/data/case6495rte.m:16522:	4737	4738	0.005057	0.160988	0	374	374	374	0.933709	0	1	0	0;
./matpower/data/case6495rte.m:16565:	4896	4898	0.000803	0.039335	0	600	600	600	0.996016	0	1	0	0;
./matpower/data/case6495rte.m:16647:	6052	6053	0.000719	0.04375	0	0	0	0	0.998004	0	1	0	0;
./matpower/data/case6495rte.m:16656:	6083	6085	0.000136	0.015151	0	0	0	0	0.949669	0	1	0	0;
./matpower/data/case89pegase.m:73:	89	1	0	0	0.199111	4.530599	0	0.998636	-2.72828	380	2	1.1	0.9;
./matpower/data/case89pegase.m:121:	5509	1	0	0	0.314057	17.296509	0	0.998445	-4.250016	380	2	1.1	0.9;
./matpower/data/case89pegase.m:258:	3506	2908	0.006458	0.039982	0	0	0	0	0	0	1	-360	360;
./matpower/data/case89pegase.m:345:	9024	6542	0.000793	0.06388	0	0	0	0	0.998418	0	1	-360	360;
./matpower/data/case89pegase.m:346:	6069	9192	0.000609	0.046809	0	711	0	0	0.933053	0	1	-360	360;
./matpower/data/case89pegase.m:349:	8574	2299	0.000559	0.039982	0	0	0	0	0.919523	0	1	-360	360;
./matpower/data/case89pegase.m:387:	317	2449	0.000616	0.048759	0	678	0	0	0.933053	0	1	-360	360;
./matpower/data/case89pegase.m:391:	2520	4665	0.000649	0.044862	0	711	0	0	0.933053	0	1	-360	360;
./matpower/data/case533mt_lo.m:55:    12	1	0.000933333	    9.33E-06	    0	0	1	1	0	12/sqrt(3)	1	1.05	0.95;
./matpower/data/case533mt_lo.m:58:    15	1	0.000966667	    9.67E-06	    0	0	1	1	0	12/sqrt(3)	1	1.05	0.95;
./matpower/data/case533mt_lo.m:238:    195	1	-0.099666667	-0.000996667	0	0	1	1	0	12/sqrt(3)	1	1.05	0.95;
./matpower/data/case533mt_lo.m:326:    283	1	0.001966667	    1.97E-05	    0	0	1	1	0	12/sqrt(3)	1	1.05	0.95;
./matpower/data/case533mt_lo.m:350:    307	1	0.001966667	    1.97E-05	    0	0	1	1	0	12/sqrt(3)	1	1.05	0.95;
./matpower/data/case533mt_lo.m:414:    371	1	0.000966667	    9.67E-06	    0	0	1	1	0	12/sqrt(3)	1	1.05	0.95;
./matpower/data/case533mt_lo.m:599:    5	2	    0.247364266	0.139251062	0	5.40399852	0	0	0	0	1	-360	360	0.324239911;
./matpower/data/case533mt_lo.m:697:    93	94	    0.089666667	0.027289314	0	1.420281662	0	0	0	0	1	-360	360	0.0852169;
./matpower/data/case533mt_lo.m:769:    160	147 	0.059340625	0.039665116	0	1.420281662	0	0	0	0	1	-360	360	0.0852169;
./matpower/data/case533mt_lo.m:942:    310	311	    0.499208333	0.049663126	0	0.692820323	0	0	0	0	1	-360	360	0.041569219;
./matpower/data/case533mt_lo.m:1006:    373	374	    0.105933333	0.03223994	0	1.420281662	0	0	0	0	1	-360	360	0.0852169;
./matpower/data/case533mt_lo.m:1167:    348	528	    0.164233333	0.049983066	0	1.420281662	0	0	0	0	0	-360	360	0.0852169;
./matpower/data/case94pi.m:155:	30	31	0.9494	0.3406	0	0	0	0	0	0	1	-360	360;
./matpower/data/case59.m:174:	23	1	0	0	0	0	1	1.00933	-21.7495	500	1	1.06	0.94;
./matpower/data/case_ACTIVSg200.m:144:	96	1	2.96	0.84	0	0	1	1.0399843	-4.622369	115	7	1.1	0.9	6.8700	0.0000	0.0000	0.0000;
./matpower/data/case_ACTIVSg200.m:198:	150	1	0	0	0	0	1	1.039664	-9.999925	115	3	1.1	0.9	6.8700	0.0000	0.0000	0.0000;
./matpower/data/case_ACTIVSg200.m:402:	59	139	0.009665	0.062426	0.01191	221.1	0	0	0	0	1	0	0	-10.0700	-3.3200	10.0800	2.1500	0.0000	0.0000	0.0000	0.0000;
./matpower/data/case2746wp.m:103:	71	1	8.31	0.933	0	0	1	1.0979915	-9.703589	220	3	1.11	0.95	103.0192	0.0343	0.0000	0.0000;
./matpower/data/case2746wp.m:225:	193	1	0	0	0	0	1	1.0567984	-20.966479	220	5	1.11	0.95	109.2100	0.0979	0.0000	0.0000;
./matpower/data/case2746wp.m:453:	421	2	16.201	1.7	0	0	1	1.0793351	-22.718916	110	1	1.12	0.95	110.1731	2.1108	0.0000	0.0000;
./matpower/data/case2746wp.m:468:	436	1	21.839	3.559	0	0	1	1.0599827	-3.5566949	110	1	1.12	0.95	101.4372	0.7290	0.0000	0.0000;
./matpower/data/case2746wp.m:833:	801	1	3.664	0.5	0	0	1	1.0793347	-12.496172	110	2	1.12	0.95	103.8222	0.1194	0.0000	0.0000;
./matpower/data/case2746wp.m:837:	805	1	12.25	1.8	0	0	1	1.0605949	-16.209984	110	2	1.12	0.95	106.5522	0.2189	0.0000	0.0000;
./matpower/data/case2746wp.m:853:	821	1	8.899	2	0	0	1	1.0804532	-11.906998	110	2	1.12	0.95	103.7546	-0.1220	0.0000	0.0000;
./matpower/data/case2746wp.m:927:	895	1	5.936	0.933	0	0	1	1.0914417	-5.7533684	110	3	1.12	0.95	101.8299	0.5318	0.0000	0.0000;
./matpower/data/case2746wp.m:931:	899	1	10.481	2.476	0	0	1	1.0930071	-7.8019339	110	3	1.12	0.95	100.9435	-0.4566	0.0000	0.0000;
./matpower/data/case2746wp.m:1045:	1013	1	2.499	0.858	0	0	1	1.1019982	-6.4849891	110	3	1.12	0.95	99.9585	-0.4394	0.0000	0.0000;
./matpower/data/case2746wp.m:1072:	1040	1	0	0	0	0	1	1.1052297	-6.0302933	110	3	1.12	0.95	99.2856	0.2900	0.0000	0.0000;
./matpower/data/case2746wp.m:1082:	1050	1	12.584	0.933	0	0	1	1.0998343	-4.8799703	110	3	1.12	0.95	100.4311	0.3896	0.0000	0.0000;
./matpower/data/case2746wp.m:1208:	1176	1	10.934	3.404	0	0	1	1.1056102	-6.9089496	110	3	1.12	0.95	99.6531	0.2029	0.0000	0.0000;
./matpower/data/case2746wp.m:1463:	1431	1	0.949	0.265	0	0	1	1.0951945	-4.041966	110	3	1.12	0.95	98.2938	0.0014	0.0000	0.0000;
./matpower/data/case2746wp.m:1540:	1508	1	3.918	0.933	0	0	1	1.0990844	-6.7207343	110	3	1.12	0.95	100.0911	0.4219	0.0000	0.0000;
./matpower/data/case2746wp.m:1615:	1583	1	5.342	0.933	0	0	1	1.0901156	-7.3223902	110	3	1.12	0.95	100.1549	0.2581	0.0000	0.0000;
./matpower/data/case2746wp.m:1675:	1643	1	19.063	9.444	0	0	1	1.093164	-7.0193387	110	3	1.12	0.95	99.8716	0.4797	0.0000	0.0000;
./matpower/data/case2746wp.m:1742:	1710	1	3.356	0.933	0	0	1	1.0963423	-6.8679256	110	3	1.12	0.95	100.1410	0.5410	0.0000	0.0000;
./matpower/data/case2746wp.m:1743:	1711	1	3.562	0.933	0	0	1	1.0963832	-6.8555176	110	3	1.12	0.95	100.1378	0.5405	0.0000	0.0000;
./matpower/data/case2746wp.m:1753:	1721	1	10.685	0.933	0	0	1	1.0888931	-7.4323758	110	3	1.12	0.95	100.2925	0.2687	0.0000	0.0000;
./matpower/data/case2746wp.m:1871:	1839	1	3.681	0.933	0	0	1	1.0903821	-7.2974333	110	3	1.12	0.95	100.0369	0.0161	0.0000	0.0000;
./matpower/data/case2746wp.m:1994:	1962	2	5.797	0.251	0	0	1	1.1178528	-9.0039498	110	4	1.12	0.95	98.9256	0.0548	0.0000	0.0000;
./matpower/data/case2746wp.m:2006:	1974	1	2.466	0.933	0	0	1	1.1110118	-16.566416	110	4	1.12	0.95	102.9675	1.4401	0.0000	0.0000;
./matpower/data/case2746wp.m:2096:	2064	1	4.267	0.241	0	0	1	1.1078529	-14.958396	110	4	1.12	0.95	101.6736	0.9330	0.0000	0.0000;
./matpower/data/case2746wp.m:2235:	2203	1	13.065	-1.061	0	0	1	1.0794983	-27.264683	110	4	1.12	0.95	114.1731	0.3295	0.0000	0.0000;
./matpower/data/case2746wp.m:2354:	2322	1	0.949	1.084	0	0	1	1.1062691	-10.905118	110	4	1.12	0.95	100.6547	0.4288	0.0000	0.0000;
./matpower/data/case2746wp.m:2529:	2497	1	0	0	0	0	1	1.1049157	-24.904641	110	5	1.12	0.95	110.9332	-0.3389	0.0000	0.0000;
./matpower/data/case2746wp.m:2569:	2537	2	31.708	22	0	0	1	1.0793361	-18.619876	110	5	1.12	0.95	109.7199	1.1274	0.0000	0.0000;
./matpower/data/case2746wp.m:2697:	2665	1	9.615	1.9	0	0	1	1.0699821	-30.012027	110	5	1.12	0.95	119.0242	1.4495	0.0000	0.0000;
./matpower/data/case2746wp.m:3095:	1911	15	7.199	7.199	0	1.05998	32.8	1	15	15	0	0	0	0	0	0	0	0	0	0	0	101.2220	0.0000	0.7488	0.0000;
./matpower/data/case2746wp.m:3192:	2061	2	0	0	0	1.04949	2	1	2	2	0	0	0	0	0	0	0	0	0	0	0	116.5388	0.0000	0.0000	0.0720;
./matpower/data/case2746wp.m:3397:	52	39	0.006979	0.051961	0.079666	373	373	373	0	0	1	-360	360	46.7557	4.3260	-46.6208	-12.6078	0.0000	0.0000	0.0000	0.0000;
./matpower/data/case2746wp.m:3454:	100	71	0.000785	0.004876	0.00726	316	316	316	0	0	1	-360	360	8.3105	0.0605	-8.3100	-0.9330	0.0000	0.0000	0.0000	0.0000;
./matpower/data/case2746wp.m:3579:	1253	101	0.001651	0.06694	-0.003194	160	160	160	0.9894	0	1	-360	360	-85.7502	-6.3945	85.8527	10.9335	0.0000	0.0000	0.0000	0.0000;
./matpower/data/case2746wp.m:3679:	824	1278	0.045446	0.079339	0.008521	69	69	69	0	0	1	-360	360	-8.3568	1.3941	8.3855	-2.3391	0.0000	0.0000	0.0000	0.0000;
./matpower/data/case2746wp.m:3729:	561	565	0.002727	0.009496	0.000999	133	133	133	0	0	1	-360	360	5.5708	0.8904	-5.5700	-1.0000	0.0000	0.0000	0.0000	0.0000;
./matpower/data/case2746wp.m:3733:	473	340	0.019669	0.059587	0.005871	120	120	120	0	0	1	-360	360	-32.4964	-8.2880	32.6853	8.1694	0.0000	0.0000	0.0000	0.0000;
./matpower/data/case2746wp.m:3741:	422	237	0.024554	0.079669	0.00818	133	133	133	0	0	1	-360	360	11.4912	4.2901	-11.4593	-5.1551	0.0000	0.0000	0.0000	0.0000;
./matpower/data/case2746wp.m:3745:	285	275	0.019669	0.064554	0.00652	133	133	133	0	0	1	-360	360	-35.5618	-4.1418	35.7718	4.0437	0.0000	0.0000	0.0000	0.0000;
./matpower/data/case2746wp.m:3751:	573	427	0.029339	0.095124	0.00992	133	133	133	0	0	1	-360	360	0.0000	0.0000	0.0001	-1.2096	0.0000	0.0000	0.0000	0.0000;
./matpower/data/case2746wp.m:3768:	317	349	0.006686	0.019339	0.002069	137	137	137	0	0	1	-360	360	-53.3637	-4.8150	53.5306	5.0588	0.0000	0.0000	0.0000	0.0000;
./matpower/data/case2746wp.m:3770:	211	353	0.006281	0.019339	0.00221	137	137	137	0	0	1	-360	360	34.0613	-22.5915	-33.9724	22.6046	0.0000	0.0000	0.0000	0.0000;
./matpower/data/case2746wp.m:3785:	538	548	0.01405	0.039669	0.00432	133	133	133	0	0	1	-360	360	-41.6653	-14.7213	41.9034	14.8927	0.0000	0.0000	0.0000	0.0000;
./matpower/data/case2746wp.m:3826:	501	337	0.019669	0.053554	0.005779	120	120	120	0	0	1	-360	360	8.1791	7.2883	-8.1577	-7.8903	0.0000	0.0000	0.0000	0.0000;
./matpower/data/case2746wp.m:3834:	543	540	0.000826	0.003719	0.019491	109	109	109	0	0	1	-360	360	27.7710	7.6819	-27.7650	-9.9456	0.0000	0.0000	0.0000	0.0000;
./matpower/data/case2746wp.m:3848:	413	378	0.011818	0.019669	0.002069	90	90	90	0	0	1	-360	360	-8.9914	-4.6521	9.0021	4.4360	0.0000	0.0000	0.0000	0.0000;
./matpower/data/case2746wp.m:3861:	554	551	0.011066	0.019339	0.001839	90	90	90	0	0	1	-360	360	-5.0630	-1.0000	5.0655	0.7853	0.0000	0.0000	0.0000	0.0000;
./matpower/data/case2746wp.m:3866:	383	381	0.039669	0.128603	0.01323	133	133	133	0	0	1	-360	360	28.2365	10.6194	-27.9404	-11.2713	0.0000	0.0000	0.0000	0.0000;
./matpower/data/case2746wp.m:3983:	391	213	0.019669	0.063802	0.006599	120	120	120	0	0	1	-360	360	46.2836	4.9978	-45.9210	-4.5907	0.0000	0.0000	0.0000	0.0000;
./matpower/data/case2746wp.m:4006:	569	572	0.012149	0.039339	0.004051	120	120	120	0	0	1	-360	360	17.6479	7.7614	-17.6096	-8.1182	0.0000	0.0000	0.0000	0.0000;
./matpower/data/case2746wp.m:4008:	219	479	0.033876	0.059339	0.00582	90	90	90	0	0	1	-360	360	-21.7963	-1.3843	21.9353	0.9480	0.0000	0.0000	0.0000	0.0000;
./matpower/data/case2746wp.m:4010:	568	522	0.024215	0.079339	0.008027	133	133	133	0	0	1	-360	360	-35.7991	1.8770	36.0641	-1.9591	0.0000	0.0000	0.0000	0.0000;
./matpower/data/case2746wp.m:4028:	469	415	0.030331	0.099669	0.01006	133	133	133	0	0	1	-360	360	35.8333	4.6572	-35.4961	-4.7206	0.0000	0.0000	0.0000	0.0000;
./matpower/data/case2746wp.m:4060:	256	255	0.006612	0.019917	0.002401	133	133	133	0	0	1	-360	360	-9.8333	10.7147	9.8451	-10.9669	0.0000	0.0000	0.0000	0.0000;
./matpower/data/case2746wp.m:4064:	374	247	0.049917	0.089669	0.008981	90	90	90	0	0	1	-360	360	-47.4757	3.9818	48.4675	-3.2469	0.0000	0.0000	0.0000	0.0000;
./matpower/data/case2746wp.m:4135:	604	601	0.029339	0.094793	0.009699	137	137	137	0	0	1	-360	360	21.9732	3.8952	-21.8467	-4.6072	0.0000	0.0000	0.0000	0.0000;
./matpower/data/case2746wp.m:4151:	692	689	0.013388	0.02686	0.00257	137	137	137	0	0	1	-360	360	20.9335	0.7115	-20.8839	-0.9157	0.0000	0.0000	0.0000	0.0000;
./matpower/data/case2746wp.m:4154:	693	678	0.019669	0.063636	0.00651	137	137	137	0	0	1	-360	360	36.7395	0.9049	-36.5151	-0.9448	0.0000	0.0000	0.0000	0.0000;
./matpower/data/case2746wp.m:4256:	775	648	0.009669	0.031488	0.003221	137	137	137	0	0	1	-360	360	14.0914	1.2877	-14.0749	-1.6114	0.0000	0.0000	0.0000	0.0000;
./matpower/data/case2746wp.m:4272:	655	629	0.009669	0.026198	0.002631	109	109	109	0	0	1	-360	360	12.1747	-6.8774	-12.1576	6.6347	0.0000	0.0000	0.0000	0.0000;
./matpower/data/case2746wp.m:4289:	728	736	0.029669	0.066364	0.00649	137	137	137	0	0	1	-360	360	-40.1569	5.9530	40.5730	-5.7922	0.0000	0.0000	0.0000	0.0000;
./matpower/data/case2746wp.m:4304:	668	666	0.011488	0.029669	0.003011	109	109	109	0	0	1	-360	360	15.6638	5.5125	-15.6353	-5.7736	0.0000	0.0000	0.0000	0.0000;
./matpower/data/case2746wp.m:4348:	709	624	0.029496	0.051818	0.004881	137	137	137	0	0	1	-360	360	46.0421	-4.6496	-45.5177	4.9890	0.0000	0.0000	0.0000	0.0000;
./matpower/data/case2746wp.m:4364:	755	714	0.009669	0.03157	0.003221	137	137	137	0	0	1	-360	360	15.6541	0.2922	-15.6339	-0.6041	0.0000	0.0000	0.0000	0.0000;
./matpower/data/case2746wp.m:4390:	739	740	0.019339	0.062636	0.006411	137	137	137	0	0	1	-360	360	9.7235	9.4979	-9.6928	-10.1705	0.0000	0.0000	0.0000	0.0000;
./matpower/data/case2746wp.m:4397:	1271	1272	0.002975	0.009669	0.001004	140	140	140	0	0	1	-360	360	-8.6930	-2.9810	8.6951	2.8683	0.0000	0.0000	0.0000	0.0000;
./matpower/data/case2746wp.m:4484:	1742	957	0.01876	0.059339	0.006437	114	114	114	0	0	1	-360	360	-25.3606	-3.0606	25.4705	2.6897	0.0000	0.0000	0.0000	0.0000;
./matpower/data/case2746wp.m:4513:	1123	851	0.010826	0.021818	0.002998	90	90	90	0	0	1	-360	360	-8.5030	0.9114	8.5097	-1.2570	0.0000	0.0000	0.0000	0.0000;
./matpower/data/case2746wp.m:4588:	1610	1931	0.02876	0.090165	0.010016	114	114	114	0	0	1	-360	360	-20.8504	-5.9671	20.9663	5.1673	0.0000	0.0000	0.0000	0.0000;
./matpower/data/case2746wp.m:4589:	1284	1024	0.002645	0.008017	0.000949	114	114	114	0	0	1	-360	360	0.0000	-0.1136	0.0000	0.0000	0.0000	0.0000	0.0000	0.0000;
./matpower/data/case2746wp.m:4590:	1666	1931	0.019587	0.03124	0.005114	90	90	90	0	0	1	-360	360	21.0437	4.6882	-20.9663	-5.1673	0.0000	0.0000	0.0000	0.0000;
./matpower/data/case2746wp.m:4612:	949	1643	0.019669	0.040579	0.003599	90	90	90	0	0	1	-360	360	-68.9393	-8.9998	69.7584	10.2658	0.0000	0.0000	0.0000	0.0000;
./matpower/data/case2746wp.m:4613:	1540	949	0.006942	0.018678	0.001767	90	90	90	0	0	1	-360	360	-64.2809	-7.2389	64.5338	7.7155	0.0000	0.0000	0.0000	0.0000;
./matpower/data/case2746wp.m:4690:	1193	1195	0.003141	0.009669	0.001125	140	140	140	0	0	0	-360	360	0.0000	0.0000	0.0000	0.0000	0.0000	0.0000	0.0000	0.0000;
./matpower/data/case2746wp.m:4698:	1270	1111	0.009339	0.025289	0.002592	120	120	120	0	0	1	-360	360	-19.1642	-5.1213	19.1950	4.8958	0.0000	0.0000	0.0000	0.0000;
./matpower/data/case2746wp.m:4700:	1270	1267	0.005537	0.009339	0.00097	90	90	90	0	0	1	-360	360	3.4426	0.7247	-3.4420	-0.8390	0.0000	0.0000	0.0000	0.0000;
./matpower/data/case2746wp.m:4701:	1399	1111	0.009339	0.025289	0.002592	120	120	120	0	0	1	-360	360	-17.4640	-4.8225	17.4896	4.5831	0.0000	0.0000	0.0000	0.0000;
./matpower/data/case2746wp.m:4739:	1827	1789	0.011901	0.029669	0.003277	120	120	120	0	0	1	-360	360	6.7851	-10.0855	-6.7702	9.7456	0.0000	0.0000	0.0000	0.0000;
./matpower/data/case2746wp.m:4827:	1432	1178	0.009339	0.031901	0.003243	140	140	140	0	0	1	-360	360	13.7739	-1.8264	-13.7589	1.4889	0.0000	0.0000	0.0000	0.0000;
./matpower/data/case2746wp.m:4829:	1432	1431	0	8.3e-05	1e-05	140	140	140	0	0	1	-360	360	0.9490	0.2638	-0.9490	-0.2650	0.0000	0.0000	0.0000	0.0000;
./matpower/data/case2746wp.m:4842:	1049	1683	0.010248	0.031157	0.003683	140	140	140	0	0	1	-360	360	-12.8242	10.9490	12.8494	-11.3041	0.0000	0.0000	0.0000	0.0000;
./matpower/data/case2746wp.m:4854:	1668	942	0.006446	0.019669	0.002335	140	140	140	0	0	1	-360	360	-13.8556	-4.8550	13.8672	4.6146	0.0000	0.0000	0.0000	0.0000;
./matpower/data/case2746wp.m:4903:	1222	1395	0.009917	0.019669	0.003705	120	120	120	0	0	1	-360	360	-6.4481	-5.6743	6.4541	5.2492	0.0000	0.0000	0.0000	0.0000;
./matpower/data/case2746wp.m:4924:	1020	874	0.000826	0.002727	0.000257	140	140	140	0	0	1	-360	360	-7.7536	-0.9983	7.7540	0.9691	0.0000	0.0000	0.0000	0.0000;
./matpower/data/case2746wp.m:4953:	1738	895	0.024793	0.061322	0.006817	114	114	114	0	0	1	-360	360	-0.9987	-0.6874	0.9990	-0.1238	0.0000	0.0000	0.0000	0.0000;
./matpower/data/case2746wp.m:4969:	1050	1089	0.001322	0.002314	0.000242	57	57	57	0	0	1	-360	360	-12.5840	-0.9330	12.5857	0.9068	0.0000	0.0000	0.0000	0.0000;
./matpower/data/case2746wp.m:5039:	1688	1575	0.025124	0.089339	0.008877	114	114	114	0	0	1	-360	360	-3.4962	7.1156	3.5110	-8.1229	0.0000	0.0000	0.0000	0.0000;
./matpower/data/case2746wp.m:5080:	1439	1390	0.039339	0.090413	0.018963	114	114	114	0	0	1	-360	360	50.4450	-5.6274	-49.5739	5.4605	0.0000	0.0000	0.0000	0.0000;
./matpower/data/case2746wp.m:5084:	1075	1541	0.009339	0.017355	0.001779	90	90	90	0	0	1	-360	360	5.5378	1.4015	-5.5350	-1.5950	0.0000	0.0000	0.0000	0.0000;
./matpower/data/case2746wp.m:5264:	1323	853	0.012479	0.039669	0.004279	140	140	140	0	0	1	-360	360	-5.0684	-0.6261	5.0711	0.1181	0.0000	0.0000	0.0000	0.0000;
./matpower/data/case2746wp.m:5271:	852	1508	0.000826	0.002645	0.000305	140	140	140	0	0	1	-360	360	3.9181	0.8965	-3.9180	-0.9330	0.0000	0.0000	0.0000	0.0000;
./matpower/data/case2746wp.m:5307:	2322	1950	0.02486	0.043479	0.00415	120	120	120	0	0	1	-360	360	-0.9490	-0.6214	0.9492	0.1137	0.0000	0.0000	0.0000	0.0000;
./matpower/data/case2746wp.m:5312:	2131	2179	0.059669	0.104554	0.009951	87	87	87	0	0	1	-360	360	-30.2503	7.2162	30.7552	-7.4894	0.0000	0.0000	0.0000	0.0000;
./matpower/data/case2746wp.m:5359:	2284	2216	0.029496	0.099901	0.009891	137	137	137	0	0	1	-360	360	-38.2070	-20.8330	38.6783	21.2400	0.0000	0.0000	0.0000	0.0000;
./matpower/data/case2746wp.m:5362:	2444	2204	0.039669	0.069421	0.00666	90	90	90	0	0	1	-360	360	-6.7360	-0.9460	6.7509	0.1585	0.0000	0.0000	0.0000	0.0000;
./matpower/data/case2746wp.m:5402:	2238	1972	0.011653	0.03957	0.00392	91	91	91	0	0	1	-360	360	10.9981	1.7830	-10.9853	-2.1873	0.0000	0.0000	0.0000	0.0000;
./matpower/data/case2746wp.m:5418:	2183	2050	0.016612	0.029496	0.00288	90	90	90	0	0	1	-360	360	15.0171	7.0114	-14.9775	-7.2751	0.0000	0.0000	0.0000	0.0000;
./matpower/data/case2746wp.m:5442:	2387	2169	0.039669	0.069339	0.006631	90	90	90	0	0	1	-360	360	25.9137	9.5641	-25.6500	-9.8603	0.0000	0.0000	0.0000	0.0000;
./matpower/data/case2746wp.m:5477:	2262	2189	0.014752	0.049984	0.004949	90	90	90	0	0	1	-360	360	-4.5065	-3.3115	4.5102	2.7438	0.0000	0.0000	0.0000	0.0000;
./matpower/data/case2746wp.m:5488:	2068	1971	0.029669	0.076612	0.007771	108	108	108	0	0	1	-360	360	-51.9475	0.4109	52.6318	0.4347	0.0000	0.0000	0.0000	0.0000;
./matpower/data/case2746wp.m:5501:	2090	2059	0.015289	0.049669	0.005179	91	91	91	0	0	1	-360	360	4.2905	-5.3350	-4.2847	4.7557	0.0000	0.0000	0.0000	0.0000;
./matpower/data/case2746wp.m:5525:	1940	2138	0.01395	0.039983	0.00401	111	111	111	0	0	1	-360	360	-16.3407	0.1409	16.3718	-0.5335	0.0000	0.0000	0.0000	0.0000;
./matpower/data/case2746wp.m:5557:	2123	2036	0.029669	0.049256	0.004859	90	90	90	0	0	1	-360	360	-17.8477	4.5958	17.9360	-5.0099	0.0000	0.0000	0.0000	0.0000;
./matpower/data/case2746wp.m:5618:	2426	2021	0.039826	0.069669	0.00666	90	90	90	0	0	1	-360	360	35.7450	3.7489	-35.3002	-3.7317	0.0000	0.0000	0.0000	0.0000;
./matpower/data/case2746wp.m:5781:	2318	2419	0.005529	0.009669	0.00092	120	120	120	0	0	1	-360	360	-4.2340	-0.2250	4.2348	0.1135	0.0000	0.0000	0.0000	0.0000;
./matpower/data/case2746wp.m:5798:	2289	2158	0.039339	0.129174	0.013201	137	137	137	0	0	1	-360	360	-47.5051	2.1173	48.2655	-1.1892	0.0000	0.0000	0.0000	0.0000;
./matpower/data/case2746wp.m:5804:	2033	1939	0.035066	0.118777	0.011761	137	137	137	0	0	1	-360	360	10.9330	7.3208	-10.8780	-8.4971	0.0000	0.0000	0.0000	0.0000;
./matpower/data/case2746wp.m:5806:	2196	1966	0.029496	0.050174	0.00484	90	90	90	0	0	1	-360	360	-40.5187	6.6462	40.9687	-6.4211	0.0000	0.0000	0.0000	0.0000;
./matpower/data/case2746wp.m:5811:	2159	1961	0.020992	0.069339	0.006989	137	137	137	0	0	1	-360	360	21.3945	-7.9847	-21.3042	7.4465	0.0000	0.0000	0.0000	0.0000;
./matpower/data/case2746wp.m:5862:	2655	2587	0.029008	0.09438	0.009661	76	76	76	0	0	1	-360	360	6.7744	-12.3222	-6.7283	11.3444	0.0000	0.0000	0.0000	0.0000;
./matpower/data/case2746wp.m:5876:	2629	2659	0.019669	0.086124	0.00924	57	57	57	0	0	1	-360	360	13.3267	1.0322	-13.2970	-2.0000	0.0000	0.0000	0.0000	0.0000;
./matpower/data/case2746wp.m:5907:	2709	2495	0.009669	0.017017	0.0016	90	90	90	0	0	1	-360	360	-36.0935	-0.4308	36.2027	0.4378	0.0000	0.0000	0.0000	0.0000;
./matpower/data/case2746wp.m:5940:	2712	2709	0.009339	0.016529	0.00174	90	90	90	0	0	1	-360	360	-13.1652	5.1974	13.1815	-5.3692	0.0000	0.0000	0.0000	0.0000;
./matpower/data/case2746wp.m:6009:	2520	2644	0.003719	0.009339	0.000939	120	120	120	0	0	1	-360	360	7.8469	-7.0077	-7.8435	6.9032	0.0000	0.0000	0.0000	0.0000;
./matpower/data/case2746wp.m:6089:	2519	2539	0.039669	0.07157	0.006411	69	69	69	0	0	1	-360	360	-2.9387	-2.2971	2.9427	1.5274	0.0000	0.0000	0.0000	0.0000;
./matpower/data/case2746wp.m:6101:	2700	2497	0.026612	0.089422	0.008949	137	137	137	0	0	1	-360	360	-17.0364	-0.0118	17.1002	-0.8627	0.0000	0.0000	0.0000	0.0000;
./matpower/data/case2746wp.m:6351:	1049	1048	8.3e-05	0.000826	0	438	438	438	0	0	1	-360	360	12.8242	-10.9490	-12.8240	10.9510	0.0000	0.0000	0.0000	0.0000;
./matpower/data/case2746wp.m:6500:	1463	1462	8.3e-05	0.000826	0	438	438	438	0	0	1	-360	360	-40.9972	-0.5132	40.9984	0.5252	0.0000	0.0000	0.0000	0.0000;
./matpower/data/case2746wp.m:6608:	1738	1737	8.3e-05	0.000826	0	438	438	438	0	0	1	-360	360	0.9987	0.6874	-0.9987	-0.6874	0.0000	0.0000	0.0000	0.0000;
./matpower/data/case2746wp.m:6761:	2278	2277	8.3e-05	0.000826	0	438	438	438	0	0	1	-360	360	-11.3900	-0.9320	11.3901	0.9330	0.0000	0.0000	0.0000	0.0000;
./matpower/data/case1354pegase.m:247:	1216	1	0	0	0	4.93	0	1.040626	-10.966354	220	5	1.1	0.9;
./matpower/data/case1354pegase.m:275:	1422	2	0	0	0	0	0	1.04353	-20.966559	220	5	1.1	0.9;
./matpower/data/case1354pegase.m:383:	2101	1	-0	-0	0	38.32	0	1.02998	-5.549174	380	5	1.1	0.9;
./matpower/data/case1354pegase.m:386:	2132	1	107.3	14.2	0	20.23	0	1.039669	-15.783021	220	5	1.1	0.9;
./matpower/data/case1354pegase.m:486:	2848	1	453.23	139.16	0	25.583218	0	0.998047	-7.830482	380	5	1.1	0.9;
./matpower/data/case1354pegase.m:533:	3082	1	0	0	0	75.076038	0	0.998938	-15.122127	380	5	1.1	0.9;
./matpower/data/case1354pegase.m:574:	3390	2	0	0	0	0	0	1.039984	-11.495624	220	5	1.1	0.9;
./matpower/data/case1354pegase.m:671:	3956	1	-0	-0	0	1.18	0	1.049338	-24.08911	220	5	1.1	0.9;
./matpower/data/case1354pegase.m:762:	4594	1	-1.73	-1.71	0	22.062314	0	0.998779	-5.591046	380	5	1.1	0.9;
./matpower/data/case1354pegase.m:848:	5288	1	-0	-0	0	3.06	0	0.998946	-15.122249	380	5	1.1	0.9;
./matpower/data/case1354pegase.m:873:	5421	1	-0	-0	0	0.92	0	0.998945	-15.122174	380	5	1.1	0.9;
./matpower/data/case1354pegase.m:1005:	6450	1	5.51	2.1	0	1.92	0	1.010198	-10.933937	220	5	1.1	0.9;
./matpower/data/case1354pegase.m:1098:	7049	2	0	0	0	0	0	1.049669	-14.344403	220	5	1.1	0.9;
./matpower/data/case1354pegase.m:1126:	7231	1	0	0	0	0.05	0	1.039985	-11.495627	220	5	1.1	0.9;
./matpower/data/case1354pegase.m:1289:	8439	1	380.8	62.8	0	7.11	0	0.998187	-23.461096	220	5	1.1	0.9;
./matpower/data/case1354pegase.m:1374:	8947	1	3.7	0.2	0	0.05	0	1.03998	-11.496674	220	5	1.1	0.9;
./matpower/data/case1354pegase.m:1396:	9066	1	23.26	3.01	0	9.29	0	1.019989	-20.806005	220	5	1.1	0.9;
./matpower/data/case1354pegase.m:1532:	3390	2.4	12.68	54.59	-20.19	1.039984	100	1	120	0	0	0	0	0	0	0	0	0	0	0	0;
./matpower/data/case1354pegase.m:1635:	7049	55.5	16.47	58.18	-16.56	1.049669	100	1	120	0	0	0	0	0	0	0	0	0	0	0	0;
./matpower/data/case1354pegase.m:1908:	59	5764	0.00339	0.019669	0	472	0	0	0	0	1	-360	360;
./matpower/data/case1354pegase.m:2002:	8860	7700	0.001219	0.00949	0	395	0	0	0	0	1	-360	360;
./matpower/data/case1354pegase.m:2008:	3985	6376	0.004289	0.019331	0	0	0	0	0	0	1	-360	360;
./matpower/data/case1354pegase.m:2193:	7691	4231	0.00105	0.00966	0	1809	0	0	0	0	1	-360	360;
./matpower/data/case1354pegase.m:2536:	3391	115	0.001229	0.009669	0	529	0	0	0	0	1	-360	360;
./matpower/data/case1354pegase.m:2554:	804	6744	0.001729	0.019331	0	376	0	0	0	0	1	-360	360;
./matpower/data/case1354pegase.m:3031:	7148	5610	0.00262	0.019669	0	433	0	0	0	0	1	-360	360;
./matpower/data/case1354pegase.m:3348:	4738	3656	0.009669	0.03513	0	0	0	0	0	0	1	-360	360;
./matpower/data/case1354pegase.m:3425:	805	8310	0.004039	0.029669	0	491	0	0	0	0	1	-360	360;
./matpower/data/case1354pegase.m:3453:	7267	4918	0.000344	0.029336	0	591	0	0	0.93617	0	1	-360	360;
./matpower/data/case1354pegase.m:3535:	1754	3857	0.000334	0.029986	0	591	0	0	0.93617	0	1	-360	360;
./matpower/data/case1354pegase.m:3573:	1027	7148	0.000344	0.029667	0	591	0	0	0.93617	0	1	-360	360;
./matpower/data/case1354pegase.m:3614:	5837	1448	0.000323	0.029986	0	591	0	0	0.93617	0	1	-360	360;
./matpower/data/case1354pegase.m:3623:	4734	2229	0.000302	0.029667	0	591	0	0	0.93617	0	1	-360	360;
./matpower/data/case1354pegase.m:3641:	1730	115	0.000344	0.029986	0	591	0	0	0.93617	0	1	-360	360;
./matpower/data/case2746wop.m:99:	67	1	0	0	0	0	1	1.089995	-14.701292	220	2	1.11	0.95	94.9206	-0.9983	0.0000	0.0000;
./matpower/data/case2746wop.m:199:	167	1	14.36	13.623	0	0	1	1.1007966	-17.139982	220	4	1.11	0.95	96.5424	0.0004	0.0000	0.0000;
./matpower/data/case2746wop.m:206:	174	1	0	0	0	0	1	1.0696839	-20.949808	220	4	1.11	0.95	99.3692	-0.3413	0.0000	0.0000;
./matpower/data/case2746wop.m:230:	198	1	0	0	0	0	1	1.0693398	-26.599683	220	5	1.11	0.95	102.9894	0.7586	0.0000	0.0000;
./matpower/data/case2746wop.m:336:	304	1	13.291	4.97	0	0	1	1.108933	-10.376113	110	1	1.12	0.95	92.4418	0.3139	0.0000	0.0000;
./matpower/data/case2746wop.m:365:	333	1	3.881	0.2	0	0	1	1.0593344	-28.857719	110	1	1.12	0.95	103.8920	1.2644	0.0000	0.0000;
./matpower/data/case2746wop.m:702:	670	1	1.101	0	0	0	1	1.0696678	-15.725771	110	2	1.12	0.95	96.1891	-1.1741	0.0000	0.0000;
./matpower/data/case2746wop.m:768:	736	2	12	0	0	0	1	1.0785411	-14.196757	110	2	1.12	0.95	93.2272	-0.9490	0.0000	0.0000;
./matpower/data/case2746wop.m:775:	743	1	0.551	0.1	0	0	1	1.0796658	-16.25237	110	2	1.12	0.95	96.0223	-0.7206	0.0000	0.0000;
./matpower/data/case2746wop.m:896:	864	1	6.819	3.168	0	0	1	1.0893327	-11.982218	110	3	1.12	0.95	93.1794	-0.0066	0.0000	0.0000;
./matpower/data/case2746wop.m:919:	887	1	1.36	0.162	0	0	1	1.1009666	-6.2737202	110	3	1.12	0.95	90.1392	0.0159	0.0000	0.0000;
./matpower/data/case2746wop.m:1020:	988	1	3.176	1.006	0	0	1	1.1008949	-10.46223	110	3	1.12	0.95	92.1405	0.0173	0.0000	0.0000;
./matpower/data/case2746wop.m:1364:	1332	1	4.773	0.933	0	0	1	1.0823532	-9.7196541	110	3	1.12	0.95	93.5798	0.0277	0.0000	0.0000;
./matpower/data/case2746wop.m:1811:	1779	2	26.969	7.938	0	0	1	1.0896679	-11.831779	110	3	1.12	0.95	93.0332	0.0128	0.0000	0.0000;
./matpower/data/case2746wop.m:1848:	1816	1	10.923	2.581	0	0	1	1.0631498	-16.312212	110	3	1.12	0.95	96.7041	0.9989	0.0000	0.0000;
./matpower/data/case2746wop.m:1890:	1858	1	18.377	2.517	-1.089	0	1	1.0696688	-15.413212	110	3	1.12	0.95	96.2731	0.4033	0.0000	0.0000;
./matpower/data/case2746wop.m:2110:	2078	1	12.073	-0.026	0	0	1	1.0732439	-16.813826	110	4	1.12	0.95	94.5649	-0.9986	0.0000	0.0000;
./matpower/data/case2746wop.m:2123:	2091	1	4.612	-0.124	0	0	1	1.0594992	-28.219531	110	4	1.12	0.95	104.4972	-2.2130	0.0000	0.0000;
./matpower/data/case2746wop.m:2176:	2144	1	0.92	0.263	0	0	1	1.0504966	-25.591134	110	4	1.12	0.95	101.9708	-1.4817	0.0000	0.0000;
./matpower/data/case2746wop.m:2268:	2236	1	8.044	0.266	0	0	1	1.0699852	-24.842723	110	4	1.12	0.95	100.5991	-1.9780	0.0000	0.0000;
./matpower/data/case2746wop.m:2422:	2390	1	9.941	0.949	0	0	1	1.080275	-14.031475	110	4	1.12	0.95	92.8059	-0.3419	0.0000	0.0000;
./matpower/data/case2746wop.m:2448:	2416	1	0	0	0	0	1	1.0399882	-25.357454	110	4	1.12	0.95	100.8526	-0.0101	0.0000	0.0000;
./matpower/data/case2746wop.m:2731:	2699	1	7.775	1	0	0	1	1.1059987	-34.437442	110	5	1.12	0.95	105.1463	-1.0810	0.0000	0.0000;
./matpower/data/case2746wop.m:2955:	736	130	-20	120	-20	1.08182	255	1	225	130	0	0	0	0	0	0	0	0	0	0	0	0.0000	12.1228	0.0000	0.9490;
./matpower/data/case2746wop.m:3103:	1911	15	4.97	4.97	0	1.05998	32.4	1	15	15	0	0	0	0	0	0	0	0	0	0	0	94.1878	0.0000	0.6510	0.0000;
./matpower/data/case2746wop.m:3191:	2061	1.5	0	0	0	1.04949	1.5	1	1.5	1.5	0	0	0	0	0	0	0	0	0	0	0	104.5408	0.0000	0.0000	2.3548;
./matpower/data/case2746wop.m:3384:	61	56	0.00882	0.065641	0.100662	274	274	274	0	0	1	-360	360	-20.8710	14.6025	20.9337	-26.2863	0.0000	0.0000	0.0000	0.0000;
./matpower/data/case2746wop.m:3391:	52	39	0.006979	0.051961	0.079666	373	373	373	0	0	1	-360	360	34.8072	-8.8532	-34.7344	0.0104	0.0000	0.0000	0.0000	0.0000;
./matpower/data/case2746wop.m:3536:	584	35	0.001401	0.0668	0	160	160	160	0.9988	0	1	-360	360	-4.9357	6.6114	4.9364	-6.5736	0.0000	0.0000	0.0000	0.0000;
./matpower/data/case2746wop.m:3541:	661	43	0.00157	0.06775	0	160	160	160	0.9669	0	1	-360	360	7.1038	42.4602	-7.0808	-41.4665	0.0000	0.0000	0.0000	0.0000;
./matpower/data/case2746wop.m:3549:	737	56	0.00145	0.068391	0	160	160	160	0.9985	0	1	-360	360	-29.5864	-19.8107	29.6021	20.5538	0.0000	0.0000	0.0000	0.0000;
./matpower/data/case2746wop.m:3557:	828	68	0.00161	0.06762	0	160	160	160	0.9984	0	1	-360	360	-56.9559	4.3595	57.0005	-2.4886	0.0000	0.0000	0.0000	0.0000;
./matpower/data/case2746wop.m:3566:	1110	85	0.00145	0.07045	-0.002517	160	160	160	0.9984	0	1	-360	360	-0.7503	-9.2630	0.7513	9.6196	0.0000	0.0000	0.0000	0.0000;
./matpower/data/case2746wop.m:3637:	2452	181	0.001651	0.06632	0	160	160	160	0.9982	0	1	-360	360	-77.6817	-21.6599	77.7787	25.5584	0.0000	0.0000	0.0000	0.0000;
./matpower/data/case2746wop.m:3673:	824	1278	0.045446	0.079339	0.008521	69	69	69	0	0	1	-360	360	-8.2664	1.4926	8.2945	-2.4410	0.0000	0.0000	0.0000	0.0000;
./matpower/data/case2746wop.m:3723:	561	565	0.002727	0.009496	0.000999	133	133	133	0	0	1	-360	360	3.6883	0.0865	-3.6880	-0.2000	0.0000	0.0000	0.0000	0.0000;
./matpower/data/case2746wop.m:3727:	473	340	0.019669	0.059587	0.005871	120	120	120	0	0	1	-360	360	-24.7935	-6.4654	24.9043	6.1157	0.0000	0.0000	0.0000	0.0000;
./matpower/data/case2746wop.m:3735:	422	237	0.024554	0.079669	0.00818	133	133	133	0	0	1	-360	360	20.9769	1.9433	-20.8836	-2.5944	0.0000	0.0000	0.0000	0.0000;
./matpower/data/case2746wop.m:3739:	285	275	0.019669	0.064554	0.00652	133	133	133	0	0	1	-360	360	-24.7884	-1.2658	24.8877	0.7938	0.0000	0.0000	0.0000	0.0000;
./matpower/data/case2746wop.m:3745:	573	427	0.029339	0.095124	0.00992	133	133	133	0	0	1	-360	360	0.0000	0.0000	0.0001	-1.2166	0.0000	0.0000	0.0000	0.0000;
./matpower/data/case2746wop.m:3762:	317	349	0.006686	0.019339	0.002069	137	137	137	0	0	1	-360	360	-28.5057	-10.1510	28.5575	10.0559	0.0000	0.0000	0.0000	0.0000;
./matpower/data/case2746wop.m:3764:	211	353	0.006281	0.019339	0.00221	137	137	137	0	0	1	-360	360	8.0310	0.8362	-8.0275	-1.0902	0.0000	0.0000	0.0000	0.0000;
./matpower/data/case2746wop.m:3779:	538	548	0.01405	0.039669	0.00432	133	133	133	0	0	1	-360	360	-19.4230	-5.8015	19.4714	5.4256	0.0000	0.0000	0.0000	0.0000;
./matpower/data/case2746wop.m:3820:	501	337	0.019669	0.053554	0.005779	120	120	120	0	0	1	-360	360	21.1191	6.0688	-21.0386	-6.5322	0.0000	0.0000	0.0000	0.0000;
./matpower/data/case2746wop.m:3828:	543	540	0.000826	0.003719	0.019491	109	109	109	0	0	1	-360	360	-30.7351	8.6022	30.7423	-10.9007	0.0000	0.0000	0.0000	0.0000;
./matpower/data/case2746wop.m:3842:	413	378	0.011818	0.019669	0.002069	90	90	90	0	0	1	-360	360	-6.1564	-3.6865	6.1616	3.4573	0.0000	0.0000	0.0000	0.0000;
./matpower/data/case2746wop.m:3855:	554	551	0.011066	0.019339	0.001839	90	90	90	0	0	1	-360	360	-4.8510	-0.8000	4.8533	0.5931	0.0000	0.0000	0.0000	0.0000;
./matpower/data/case2746wop.m:3860:	383	381	0.039669	0.128603	0.01323	133	133	133	0	0	1	-360	360	17.4375	6.0787	-17.3226	-7.2918	0.0000	0.0000	0.0000	0.0000;
./matpower/data/case2746wop.m:3977:	391	213	0.019669	0.063802	0.006599	120	120	120	0	0	1	-360	360	35.6674	6.0489	-35.4456	-6.0909	0.0000	0.0000	0.0000	0.0000;
./matpower/data/case2746wop.m:4000:	569	572	0.012149	0.039339	0.004051	120	120	120	0	0	1	-360	360	11.1037	3.8475	-11.0897	-4.2946	0.0000	0.0000	0.0000	0.0000;
./matpower/data/case2746wop.m:4002:	219	479	0.033876	0.059339	0.00582	90	90	90	0	0	1	-360	360	-7.2414	0.5807	7.2569	-1.2333	0.0000	0.0000	0.0000	0.0000;
./matpower/data/case2746wop.m:4004:	568	522	0.024215	0.079339	0.008027	133	133	133	0	0	1	-360	360	-19.7259	1.5528	19.8046	-2.2686	0.0000	0.0000	0.0000	0.0000;
./matpower/data/case2746wop.m:4022:	469	415	0.030331	0.099669	0.01006	133	133	133	0	0	1	-360	360	18.4931	0.9700	-18.4038	-1.8459	0.0000	0.0000	0.0000	0.0000;
./matpower/data/case2746wop.m:4058:	374	247	0.049917	0.089669	0.008981	90	90	90	0	0	1	-360	360	-35.0088	2.0912	35.5371	-2.2021	0.0000	0.0000	0.0000	0.0000;
./matpower/data/case2746wop.m:4129:	604	601	0.029339	0.094793	0.009699	137	137	137	0	0	1	-360	360	18.6430	5.9003	-18.5460	-6.7186	0.0000	0.0000	0.0000	0.0000;
./matpower/data/case2746wop.m:4148:	693	678	0.019669	0.063636	0.00651	137	137	137	0	0	1	-360	360	22.9076	3.7298	-22.8192	-4.2240	0.0000	0.0000	0.0000	0.0000;
./matpower/data/case2746wop.m:4250:	775	648	0.009669	0.031488	0.003221	137	137	137	0	0	1	-360	360	6.7171	-5.8595	-6.7104	5.5172	0.0000	0.0000	0.0000	0.0000;
./matpower/data/case2746wop.m:4266:	655	629	0.009669	0.026198	0.002631	109	109	109	0	0	1	-360	360	8.5572	4.8403	-8.5484	-5.0997	0.0000	0.0000	0.0000	0.0000;
./matpower/data/case2746wop.m:4283:	728	736	0.029669	0.066364	0.00649	137	137	137	0	0	1	-360	360	-24.0774	7.4562	24.2415	-7.8428	0.0000	0.0000	0.0000	0.0000;
./matpower/data/case2746wop.m:4298:	668	666	0.011488	0.029669	0.003011	109	109	109	0	0	1	-360	360	1.0063	-11.7514	-0.9917	11.4690	0.0000	0.0000	0.0000	0.0000;
./matpower/data/case2746wop.m:4342:	709	624	0.029496	0.051818	0.004881	137	137	137	0	0	1	-360	360	27.7585	-9.0515	-27.5449	8.8575	0.0000	0.0000	0.0000	0.0000;
./matpower/data/case2746wop.m:4358:	755	714	0.009669	0.03157	0.003221	137	137	137	0	0	1	-360	360	14.4273	-0.1180	-14.4099	-0.1960	0.0000	0.0000	0.0000	0.0000;
./matpower/data/case2746wop.m:4384:	739	740	0.019339	0.062636	0.006411	137	137	137	0	0	1	-360	360	16.6579	-2.7855	-16.6111	2.1878	0.0000	0.0000	0.0000	0.0000;
./matpower/data/case2746wop.m:4391:	1271	1272	0.002975	0.009669	0.001004	140	140	140	0	0	1	-360	360	-7.0420	-2.0050	7.0433	1.8898	0.0000	0.0000	0.0000	0.0000;
./matpower/data/case2746wop.m:4478:	1742	957	0.01876	0.059339	0.006437	114	114	114	0	0	1	-360	360	-15.4647	-2.1107	15.5058	1.5270	0.0000	0.0000	0.0000	0.0000;
./matpower/data/case2746wop.m:4507:	1123	851	0.010826	0.021818	0.002998	90	90	90	0	0	1	-360	360	-16.3398	0.4053	16.3640	-0.7156	0.0000	0.0000	0.0000	0.0000;
./matpower/data/case2746wop.m:4583:	1284	1024	0.002645	0.008017	0.000949	114	114	114	0	0	1	-360	360	0.0000	-0.1098	0.0000	-0.0000	0.0000	0.0000	0.0000	0.0000;
./matpower/data/case2746wop.m:4606:	949	1643	0.019669	0.040579	0.003599	90	90	90	0	0	1	-360	360	-42.7314	-2.1027	43.0341	2.2959	0.0000	0.0000	0.0000	0.0000;
./matpower/data/case2746wop.m:4607:	1540	949	0.006942	0.018678	0.001767	90	90	90	0	0	1	-360	360	-40.4790	-1.6112	40.5753	1.6609	0.0000	0.0000	0.0000	0.0000;
./matpower/data/case2746wop.m:4684:	1193	1195	0.003141	0.009669	0.001125	140	140	140	0	0	1	-360	360	4.9003	-3.2097	-4.8994	3.0801	0.0000	0.0000	0.0000	0.0000;
./matpower/data/case2746wop.m:4692:	1270	1111	0.009339	0.025289	0.002592	120	120	120	0	0	1	-360	360	-1.4878	-2.5015	1.4884	2.1945	0.0000	0.0000	0.0000	0.0000;
./matpower/data/case2746wop.m:4694:	1270	1267	0.005537	0.009339	0.00097	90	90	90	0	0	1	-360	360	5.6676	1.1832	-5.6660	-1.2960	0.0000	0.0000	0.0000	0.0000;
./matpower/data/case2746wop.m:4695:	1399	1111	0.009339	0.025289	0.002592	120	120	120	0	0	1	-360	360	0.6742	-2.0447	-0.6739	1.7368	0.0000	0.0000	0.0000	0.0000;
./matpower/data/case2746wop.m:4727:	1471	1252	0.007438	0.022562	0.00266	140	140	140	0	0	1	-360	360	16.7175	-1.2163	-16.7001	0.9499	0.0000	0.0000	0.0000	0.0000;
./matpower/data/case2746wop.m:4733:	1827	1789	0.011901	0.029669	0.003277	120	120	120	0	0	1	-360	360	16.1466	-6.4824	-16.1166	6.1671	0.0000	0.0000	0.0000	0.0000;
./matpower/data/case2746wop.m:4813:	1490	1492	8.3e-05	0.000826	1.9e-05	140	140	140	0	0	1	-360	360	-3.9760	-0.9690	3.9760	0.9668	0.0000	0.0000	0.0000	0.0000;
./matpower/data/case2746wop.m:4821:	1432	1178	0.009339	0.031901	0.003243	140	140	140	0	0	1	-360	360	10.0611	-0.5929	-10.0532	0.2291	0.0000	0.0000	0.0000	0.0000;
./matpower/data/case2746wop.m:4848:	1668	942	0.006446	0.019669	0.002335	140	140	140	0	0	1	-360	360	-16.2748	-6.8825	16.2919	6.6609	0.0000	0.0000	0.0000	0.0000;
./matpower/data/case2746wop.m:4897:	1222	1395	0.009917	0.019669	0.003705	120	120	120	0	0	1	-360	360	-25.8715	-4.7157	25.9292	4.3901	0.0000	0.0000	0.0000	0.0000;
./matpower/data/case2746wop.m:5033:	1688	1575	0.025124	0.089339	0.008877	114	114	114	0	0	1	-360	360	-5.0717	6.1144	5.0867	-7.0959	0.0000	0.0000	0.0000	0.0000;
./matpower/data/case2746wop.m:5074:	1439	1390	0.039339	0.090413	0.018963	114	114	114	0	0	1	-360	360	24.3762	-0.8474	-24.1725	-0.8426	0.0000	0.0000	0.0000	0.0000;
./matpower/data/case2746wop.m:5078:	1075	1541	0.009339	0.017355	0.001779	90	90	90	0	0	1	-360	360	3.9234	0.8656	-3.9220	-1.0610	0.0000	0.0000	0.0000	0.0000;
./matpower/data/case2746wop.m:5096:	1823	1375	0.002645	0.01876	0.001951	152	152	152	0	0	1	-360	360	33.1518	0.8860	-33.1267	-0.9333	0.0000	0.0000	0.0000	0.0000;
./matpower/data/case2746wop.m:5229:	1434	1546	0.040248	0.129587	0.013608	140	140	140	0	0	1	-360	360	10.1127	-0.4840	-10.0776	-0.9984	0.0000	0.0000	0.0000	0.0000;
./matpower/data/case2746wop.m:5258:	1323	853	0.012479	0.039669	0.004279	140	140	140	0	0	1	-360	360	8.8631	0.5659	-8.8549	-1.0542	0.0000	0.0000	0.0000	0.0000;
./matpower/data/case2746wop.m:5306:	2131	2179	0.059669	0.104554	0.009951	87	87	87	0	0	1	-360	360	-19.6056	5.8141	19.8286	-6.5605	0.0000	0.0000	0.0000	0.0000;
./matpower/data/case2746wop.m:5353:	2284	2216	0.029496	0.099901	0.009891	137	137	137	0	0	1	-360	360	-35.6700	-8.8890	36.0205	8.9399	0.0000	0.0000	0.0000	0.0000;
./matpower/data/case2746wop.m:5356:	2444	2204	0.039669	0.069421	0.00666	90	90	90	0	0	1	-360	360	-55.4516	15.5898	56.6187	-14.3091	0.0000	0.0000	0.0000	0.0000;
./matpower/data/case2746wop.m:5412:	2183	2050	0.016612	0.029496	0.00288	90	90	90	0	0	1	-360	360	2.9728	7.0221	-2.9640	-7.3327	0.0000	0.0000	0.0000	0.0000;
./matpower/data/case2746wop.m:5436:	2387	2169	0.039669	0.069339	0.006631	90	90	90	0	0	1	-360	360	12.2443	13.6316	-12.1226	-14.1574	0.0000	0.0000	0.0000	0.0000;
./matpower/data/case2746wop.m:5471:	2262	2189	0.014752	0.049984	0.004949	90	90	90	0	0	1	-360	360	-12.2796	3.4413	12.3010	-3.9304	0.0000	0.0000	0.0000	0.0000;
./matpower/data/case2746wop.m:5482:	2068	1971	0.029669	0.076612	0.007771	108	108	108	0	0	1	-360	360	-33.7890	3.3762	34.0722	-3.5925	0.0000	0.0000	0.0000	0.0000;
./matpower/data/case2746wop.m:5495:	2090	2059	0.015289	0.049669	0.005179	91	91	91	0	0	1	-360	360	6.5926	-6.7359	-6.5812	6.1808	0.0000	0.0000	0.0000	0.0000;
./matpower/data/case2746wop.m:5519:	1940	2138	0.01395	0.039983	0.00401	111	111	111	0	0	1	-360	360	1.2093	-1.7985	-1.2089	1.3140	0.0000	0.0000	0.0000	0.0000;
./matpower/data/case2746wop.m:5551:	2123	2036	0.029669	0.049256	0.004859	90	90	90	0	0	1	-360	360	0.6028	-0.8388	-0.6026	0.3032	0.0000	0.0000	0.0000	0.0000;
./matpower/data/case2746wop.m:5612:	2426	2021	0.039826	0.069669	0.00666	90	90	90	0	0	1	-360	360	22.1115	-1.9722	-21.9343	1.5511	0.0000	0.0000	0.0000	0.0000;
./matpower/data/case2746wop.m:5672:	1983	1950	0.042827	0.097868	0.00953	90	90	90	0	0	1	-360	360	-0.4129	-0.1193	0.4131	-0.9988	0.0000	0.0000	0.0000	0.0000;
./matpower/data/case2746wop.m:5775:	2318	2419	0.005529	0.009669	0.00092	120	120	120	0	0	1	-360	360	-12.9160	-0.2130	12.9240	0.1207	0.0000	0.0000	0.0000	0.0000;
./matpower/data/case2746wop.m:5792:	2289	2158	0.039339	0.129174	0.013201	137	137	137	0	0	1	-360	360	-25.1343	6.1460	25.3684	-6.8863	0.0000	0.0000	0.0000	0.0000;
./matpower/data/case2746wop.m:5800:	2196	1966	0.029496	0.050174	0.00484	90	90	90	0	0	1	-360	360	-13.2961	6.4719	13.3558	-6.9029	0.0000	0.0000	0.0000	0.0000;
./matpower/data/case2746wop.m:5805:	2159	1961	0.020992	0.069339	0.006989	137	137	137	0	0	1	-360	360	6.2934	-5.1415	-6.2819	4.3799	0.0000	0.0000	0.0000	0.0000;
./matpower/data/case2746wop.m:5856:	2655	2587	0.029008	0.09438	0.009661	76	76	76	0	0	1	-360	360	-15.7764	-0.1187	15.8386	-0.8054	0.0000	0.0000	0.0000	0.0000;
./matpower/data/case2746wop.m:5870:	2629	2659	0.019669	0.086124	0.00924	57	57	57	0	0	1	-360	360	7.9333	-0.0689	-7.9230	-1.0000	0.0000	0.0000	0.0000	0.0000;
./matpower/data/case2746wop.m:5901:	2709	2495	0.009669	0.017017	0.0016	90	90	90	0	0	1	-360	360	-30.7382	2.1413	30.8207	-2.1749	0.0000	0.0000	0.0000	0.0000;
./matpower/data/case2746wop.m:5934:	2712	2709	0.009339	0.016529	0.00174	90	90	90	0	0	1	-360	360	-16.5015	5.7932	16.5272	-5.9413	0.0000	0.0000	0.0000	0.0000;
./matpower/data/case2746wop.m:5970:	2505	2475	0.036686	0.064711	0.00611	90	90	90	0	0	1	-360	360	0.9665	-0.1349	-0.9662	-0.6038	0.0000	0.0000	0.0000	0.0000;
./matpower/data/case2746wop.m:6003:	2520	2644	0.003719	0.009339	0.000939	120	120	120	0	0	1	-360	360	-7.3796	2.9661	7.3817	-3.0651	0.0000	0.0000	0.0000	0.0000;
./matpower/data/case2746wop.m:6083:	2519	2539	0.039669	0.07157	0.006411	69	69	69	0	0	1	-360	360	-4.9983	0.2911	5.0065	-1.0622	0.0000	0.0000	0.0000	0.0000;
./matpower/data/case2746wop.m:6095:	2700	2497	0.026612	0.089422	0.008949	137	137	137	0	0	1	-360	360	-14.2636	-0.7449	14.3076	-0.2115	0.0000	0.0000	0.0000	0.0000;
./matpower/data/case2746wop.m:6700:	2017	2016	8.3e-05	0.000826	0	438	438	438	0	0	1	-360	360	-30.8305	0.9731	30.8312	-0.9663	0.0000	0.0000	0.0000	0.0000;
./matpower/data/case3012wp.m:51:	29	1	0	0	0	0	1	1.03998	-20.22535	220	1	1.11	0.95;
./matpower/data/case3012wp.m:215:	193	2	38.18	64.3	0	0	1	1.03244	-10.99838	400	4	1.05	0.95;
./matpower/data/case3012wp.m:259:	237	1	0	0	0	0	1	1.02933	-28.18704	220	5	1.11	0.95;
./matpower/data/case3012wp.m:586:	564	1	19.49	4.72	0	0	1	1.10509	-20.99867	110	1	1.12	0.95;
./matpower/data/case3012wp.m:961:	939	2	5.38	0.5	0	0	1	1.09949	-14.34084	110	2	1.12	0.95;
./matpower/data/case3012wp.m:1060:	1038	1	0	0	0	0	1	1.09966	-10.06922	110	2	1.12	0.95;
./matpower/data/case3012wp.m:1286:	1264	1	0.94	0.35	0	0	1	1.09966	-6.56852	110	3	1.12	0.95;
./matpower/data/case3012wp.m:1369:	1347	1	24.32	6.98	0	0	1	1.09949	-6.48129	110	3	1.12	0.95;
./matpower/data/case3012wp.m:1487:	1465	1	8.22	1.82	0	0	1	1.09933	-7.18929	110	3	1.12	0.95;
./matpower/data/case3012wp.m:1824:	1802	1	0	0	0	0	1	1.09933	-6.614	110	3	1.12	0.95;
./matpower/data/case3012wp.m:2309:	2287	1	9.06	1.33	0	0	1	1.07949	-15.17817	110	4	1.12	0.95;
./matpower/data/case3012wp.m:2328:	2306	2	8.32	3.81	0	0	1	1.04949	-22.74748	110	4	1.12	0.95;
./matpower/data/case3012wp.m:2361:	2339	1	3.18	1.37	0	0	1	1.05933	-21.29778	110	4	1.12	0.95;
./matpower/data/case3012wp.m:2453:	2431	1	9.43	0.2	0	0	1	1.06933	-16.79765	110	4	1.12	0.95;
./matpower/data/case3012wp.m:2500:	2478	1	3.56	0.32	0	0	1	1.03933	-26.14005	110	4	1.12	0.95;
./matpower/data/case3012wp.m:2549:	2527	1	9.06	-2.41	0	0	1	1.05933	-35.60096	110	4	1.12	0.95;
./matpower/data/case3012wp.m:2589:	2567	1	8.55	5.01	0	0	1	1.06998	-37.64484	110	4	1.12	0.95;
./matpower/data/case3012wp.m:2688:	2666	1	7.78	0.5	0	0	1	1.07998	-16.02379	110	4	1.12	0.95;
./matpower/data/case3012wp.m:2689:	2667	1	0	0	0	0	1	1.07998	-16.02379	110	4	1.12	0.95;
./matpower/data/case3012wp.m:3380:	2306	9.9	0	0	0	1.04949	11.3	1	9.9	2	0	0	0	0	0	0	0	0	0	0	0;
./matpower/data/case3012wp.m:3719:	156	160	0.00514	0.03826	0.05933	305	305	305	0	0	1	-360	360;
./matpower/data/case3012wp.m:4619:	1046	1009	0.02868	0.09281	0.00949	109	109	109	0	0	1	-360	360;
./matpower/data/case3012wp.m:4646:	1050	966	0.0519	0.1314	0.01312	117	117	117	0	0	1	-360	360;
./matpower/data/case3012wp.m:4661:	1000	966	0.05331	0.13339	0.01064	117	117	117	0	0	1	-360	360;
./matpower/data/case3012wp.m:4682:	906	849	0.05736	0.10083	0.00949	90	90	90	0	0	1	-360	360;
./matpower/data/case3012wp.m:4809:	1336	1659	0.02826	0.0924	0.00933	114	114	114	0	0	1	-360	360;
./matpower/data/case3012wp.m:5329:	2052	1681	0.05	0.0781	0.00933	57	57	57	0	0	1	-360	360;
./matpower/data/case3012wp.m:5813:	2419	2493	0.01475	0.04998	0.00495	90	90	90	0	0	1	-360	360;
./matpower/data/case3012wp.m:5861:	2158	2365	0.01395	0.03998	0.00401	111	111	111	0	0	1	-360	360;
./matpower/data/case3012wp.m:5902:	2643	2240	0.03224	0.06998	0.00678	90	90	90	0	0	1	-360	360;
./matpower/data/case3012wp.m:5983:	2549	2286	0.05124	0.08182	0.00949	90	90	90	0	0	1	-360	360;
./matpower/data/case3012wp.m:6196:	2911	2840	0.02901	0.09438	0.00966	137	137	137	0	0	1	-360	360;
./matpower/data/case3012wp.m:6280:	2819	2972	0.03678	0.09347	0.00949	120	120	120	0	0	1	-360	360;
./matpower/data/case136ma.m:282:	110	117	1.09933	0.57827	0	100	100	100	0	0	1	-360	360;
./matpower/data/case300.m:56:	26	1	28	9	0	0	1	0.9986	-1.73	115	1	1.06	0.94;
./matpower/data/case300.m:164:	154	1	70	5	0	34.5	1	0.9663	-1.8	115	2	1.06	0.94;
./matpower/data/case300.m:168:	158	1	0	0	0	0	1	0.9987	-11.4	230	2	1.06	0.94;
./matpower/data/case300.m:413:	9001	9006	0.02439	0.43682	0	0	0	0	0.9668	0	1	-360	360;
./matpower/data/case2848rte.m:57:	11	1	31.7	-8.7	0	0	1	1.05818138	-7.16161201	225	1	1.08889	0.933333;
./matpower/data/case2848rte.m:58:	2571	1	43.7	9.9	0	0	1	1.05428054	-6.88624557	225	1	1.08889	0.933333;
./matpower/data/case2848rte.m:63:	16	1	120	6.3	0	0	1	1.06403453	-8.65058577	225	1	1.08889	0.933333;
./matpower/data/case2848rte.m:91:	43	1	0	0	0	0	1	1.05574253	-5.20380665	225	1	1.08889	0.933333;
./matpower/data/case2848rte.m:105:	54	1	0	0	0	0	1	1.06856453	-8.92739903	150	1	1.08	0.966667;
./matpower/data/case2848rte.m:116:	64	1	39.6	9.4	0	0	1	1.06725685	-5.84543649	225	1	1.08889	0.933333;
./matpower/data/case2848rte.m:148:	92	1	6.4	-11.6	0	0	1	1.0773422	-4.35184814	225	1	1.09041	0.933333;
./matpower/data/case2848rte.m:155:	98	1	16.5	-8.7	0	0	1	1.05435999	-7.28660136	225	1	1.08889	0.933333;
./matpower/data/case2848rte.m:178:	116	1	51.9	15.9	0	0	1	1.00893367	-7.47468297	225	1	1.08889	0.888889;
./matpower/data/case2848rte.m:197:	134	2	0	0	0	0	1	1.042	-15.5753316	150	1	1.08	0.966667;
./matpower/data/case2848rte.m:211:	147	1	0	0	0	0	1	1.05726942	-7.25386689	225	1	1.08889	0.933333;
./matpower/data/case2848rte.m:219:	153	1	88.2	-7.1	0	0	1	1.05668343	-3.22112522	225	1	1.08889	0.933333;
./matpower/data/case2848rte.m:222:	156	1	18.2	-0.6	0	0	1	1.05933631	-7.56367112	63	1	1.06503	0.936508;
./matpower/data/case2848rte.m:244:	178	1	0	0	0	0	1	1.05933935	-19.1624772	225	1	1.08444	1;
./matpower/data/case2848rte.m:246:	180	1	-0.3	-5.1	0	0	1	1.05732887	-3.22758491	225	1	1.08889	0.933333;
./matpower/data/case2848rte.m:249:	183	1	0	0	0	0	1	1.0560569	-5.44756333	225	1	1.08889	0.933333;
./matpower/data/case2848rte.m:266:	195	1	0	0	0	0	1	1.0637091	-4.76954445	225	1	1.08889	0.933333;
./matpower/data/case2848rte.m:271:	200	1	29.9	3	0	0	1	1.06629546	-5.13765463	225	1	1.08889	0.933333;
./matpower/data/case2848rte.m:272:	2598	1	35	3.5	0	0	1	1.06628254	-5.14301539	225	1	1.08889	0.933333;
./matpower/data/case2848rte.m:302:	226	1	0	0	0	0	1	1.05338904	-5.00499669	225	1	1.08889	0.933333;
./matpower/data/case2848rte.m:307:	231	2	0	0	0	0	1	1.04	-8.31921568	225	1	1.08889	0.933333;
./matpower/data/case2848rte.m:310:	233	1	0	0	0	0	1	1.06706681	-9.05636789	150	1	1.08	0.966667;
./matpower/data/case2848rte.m:332:	252	2	5.5	4.5	0	0	1	0.998	-4.67841383	45	1	1	0.888889;
./matpower/data/case2848rte.m:343:	260	1	0	0	0	0	1	1.06806055	-3.36659514	225	1	1.08889	0.933333;
./matpower/data/case2848rte.m:344:	2615	1	0	0	0	0	1	1.05919668	-0.0597462684	225	1	1.08889	0.933333;
./matpower/data/case2848rte.m:346:	262	2	13.9	-2.1	0	0	1	0.998	-5.27675839	45	1	1	0.888889;
./matpower/data/case2848rte.m:384:	293	1	0	0	0	0	1	1.05876049	-0.0544058214	225	1	1.08889	0.933333;
./matpower/data/case2848rte.m:385:	3015	1	0	0	0	0	1	1.0639036	-4.14348397	225	1	1.08889	0.933333;
./matpower/data/case2848rte.m:393:	299	1	0	0	0	0	1	1.06679313	-3.62009595	225	1	1.08889	0.933333;
./matpower/data/case2848rte.m:394:	2626	1	0	0	0	0	1	1.06008295	0.381751873	225	1	1.08889	0.933333;
./matpower/data/case2848rte.m:433:	330	1	35.4	-3	0	0	1	1.04998814	-9.32764703	63	1	1.06405	0.968254;
./matpower/data/case2848rte.m:443:	336	1	0	0	0	0	1	1.07184716	-11.9132938	150	1	1.08	0.966667;
./matpower/data/case2848rte.m:449:	342	1	47.2	8.5	0	0	1	1.01966553	-11.0160896	225	1	1.08889	1;
./matpower/data/case2848rte.m:459:	350	1	32.1	5.4	0	0	1	1.06350343	-4.21674435	225	1	1.08889	0.933333;
./matpower/data/case2848rte.m:478:	362	1	29.3	0.1	0	0	1	1.0638972	-4.05679844	225	1	1.08889	0.933333;
./matpower/data/case2848rte.m:499:	381	1	0	0	0	0	1	1.06171048	-3.01144086	225	1	1.08889	0.933333;
./matpower/data/case2848rte.m:504:	385	1	0	0	0	0	1	1.03811863	-15.8332198	150	1	1.08	0.966667;
./matpower/data/case2848rte.m:507:	387	1	24.8	-1.9	0	0	1	1.06179396	-7.46350171	225	1	1.08889	0.933333;
./matpower/data/case2848rte.m:540:	413	1	1.4	-8.2	0	0	1	1.06659208	-6.33996112	225	1	1.09031	0.933333;
./matpower/data/case2848rte.m:561:	431	1	2.9	-17.7	0	0	1	1.06089731	-5.47139141	225	1	1.08889	0.933333;
./matpower/data/case2848rte.m:566:	436	1	23.1	3.4	0	0	1	1.06540712	-4.80659573	225	1	1.08889	0.933333;
./matpower/data/case2848rte.m:567:	437	1	118.2	30.9	0	0	1	1.04852591	-7.98340278	225	1	1.08889	0.933333;
./matpower/data/case2848rte.m:577:	2661	1	0.7	1.1	0	0	1	1.04933225	-7.49189272	225	1	1.08444	1;
./matpower/data/case2848rte.m:581:	448	1	0	0	0	0	1	1.06387493	-3.81924148	225	1	1.08889	0.933333;
./matpower/data/case2848rte.m:585:	451	1	33.6	-0.2	0	0	1	1.06472148	-7.76445215	225	1	1.08889	0.933333;
./matpower/data/case2848rte.m:586:	2664	1	93.2	-11.6	0	0	1	1.06901398	-7.8044568	225	1	1.08889	0.933333;
./matpower/data/case2848rte.m:601:	466	1	7	7.4	0	0	1	1.06208672	-4.29478842	225	1	1.08889	0.933333;
./matpower/data/case2848rte.m:606:	470	1	0	0	0	0	1	1.06424762	-4.26154244	225	1	1.08889	0.933333;
./matpower/data/case2848rte.m:607:	2666	1	0	0	0	0	1	1.06588772	-4.62767269	225	1	1.08889	0.933333;
./matpower/data/case2848rte.m:608:	2667	1	0	0	0	0	1	1.0646841	-4.24863139	225	1	1.08889	0.933333;
./matpower/data/case2848rte.m:616:	477	1	51.3	-8.9	0	0	1	1.02998558	-7.87065701	225	1	1.08889	0.933333;
./matpower/data/case2848rte.m:630:	488	1	46.7	21.4	0	0	1	1.0594647	-5.16986368	225	1	1.08889	0.933333;
./matpower/data/case2848rte.m:639:	495	1	9	0.9	0	0	1	1.06878802	-7.74521683	225	1	1.08889	0.933333;
./matpower/data/case2848rte.m:641:	497	1	0	0	0	0	1	1.07143016	-11.9477649	150	1	1.08	0.966667;
./matpower/data/case2848rte.m:657:	512	1	36.1	-22.8	0	0	1	1.06633538	-5.12514881	225	1	1.08889	0.933333;
./matpower/data/case2848rte.m:659:	514	1	0	0	0	0	1	1.07159374	-11.9368952	150	1	1.08	0.966667;
./matpower/data/case2848rte.m:685:	537	1	0	0	0	0	1	1.06462887	-4.96173184	225	1	1.08889	0.933333;
./matpower/data/case2848rte.m:704:	555	1	41.8	11.1	0	0	1	1.06175969	-3.36551738	225	1	1.08889	0.933333;
./matpower/data/case2848rte.m:715:	566	1	0	0	0	0	1	1.00360529	-8.3004552	45	1	1.07162	0.933333;
./matpower/data/case2848rte.m:718:	569	1	28.4	-1.8	0	0	1	1.06235472	-4.32306129	225	1	1.08889	0.933333;
./matpower/data/case2848rte.m:761:	605	1	0	0	0	0	1	1.05810193	-3.64600768	225	1	1.08889	0.933333;
./matpower/data/case2848rte.m:779:	621	1	0	0	0	0	1	1.05979213	-13.7448533	150	1	1.08	0.966667;
./matpower/data/case2848rte.m:782:	623	1	0	0	0	0	1	1.05736332	-5.90817966	225	1	1.08889	0.933333;
./matpower/data/case2848rte.m:800:	640	1	0	0	0	0	1	1.06340598	-4.48688262	225	1	1.08889	0.933333;
./matpower/data/case2848rte.m:815:	2692	1	36.3	2	0	0	1	1.01746096	-12.1069664	225	1	1.08889	1;
./matpower/data/case2848rte.m:836:	664	1	0	0	0	0	1	0.998494211	-8.91192966	63	1	1.06349	0.968254;
./matpower/data/case2848rte.m:841:	668	1	0.4	-0.7	0	0	1	1.0565052	-4.97242496	225	1	1.08889	0.933333;
./matpower/data/case2848rte.m:852:	676	1	76	-3.7	0	0	1	1.06263363	-6.38611036	225	1	1.08963	0.933333;
./matpower/data/case2848rte.m:860:	683	1	47.1	-1.5	0	0	1	1.05488919	-3.83194356	225	1	1.08889	0.933333;
./matpower/data/case2848rte.m:870:	693	1	62	-2.9	0	0	1	1.05988558	-5.14618125	225	1	1.08889	0.933333;
./matpower/data/case2848rte.m:883:	704	1	22.4	-2	0	0	1	1.05966825	-7.67667389	63	1	1.06395	0.936508;
./matpower/data/case2848rte.m:899:	713	1	0	0	0	0	1	1.06218962	-4.31629856	225	1	1.08889	0.933333;
./matpower/data/case2848rte.m:926:	738	1	0	0	0	0	1	1.06774543	-5.77868149	225	1	1.08889	0.933333;
./matpower/data/case2848rte.m:927:	2717	1	0	0	0	0	1	1.06824731	-7.57379528	225	1	1.08889	0.933333;
./matpower/data/case2848rte.m:946:	746	1	0	0	0	0	1	1.06501756	-3.89381897	225	1	1.08889	0.933333;
./matpower/data/case2848rte.m:950:	750	1	0	0	0	0	1	1.05917509	-3.99386738	225	1	1.08889	0.933333;
./matpower/data/case2848rte.m:984:	775	1	54.9	26	0	0	1	1.05798291	-4.2356715	225	1	1.08889	0.933333;
./matpower/data/case2848rte.m:987:	2737	1	0	0	0	0	1	1.05933979	-1.29142797	380	1	1.10526	1;
./matpower/data/case2848rte.m:1005:	795	1	6.9	-0.1	0	0	1	1.00146507	-14.8552213	63	1	1.06349	0.966369;
./matpower/data/case2848rte.m:1007:	797	1	33.8	-2.5	0	0	1	1.05917117	-4.00039192	225	1	1.08889	0.933333;
./matpower/data/case2848rte.m:1008:	2740	1	33	1.7	0	0	1	1.05915036	-4.00047361	225	1	1.08889	0.933333;
./matpower/data/case2848rte.m:1009:	2741	1	34.7	-3.8	0	0	1	1.05917228	-4.00202946	225	1	1.08889	0.933333;
./matpower/data/case2848rte.m:1013:	801	1	0	0	0	0	1	1.05123934	-7.83943297	225	1	1.08889	0.933333;
./matpower/data/case2848rte.m:1021:	807	1	0	0	0	0	1	1.05910778	-4.85108112	225	1	1.08889	0.933333;
./matpower/data/case2848rte.m:1030:	814	1	39.2	67.3	0	0	1	1.00794995	-5.43934796	225	1	1.08889	0.986667;
./matpower/data/case2848rte.m:1038:	821	1	0.7	0.9	0	0	1	0.978056525	-6.350352	45	1	1.06667	0.933333;
./matpower/data/case2848rte.m:1048:	829	1	0	0	0	0	1	1.04972013	-7.95974098	225	1	1.08889	0.933333;
./matpower/data/case2848rte.m:1077:	856	1	0	0	0	0	1	1.05998305	-5.6932864	225	1	1.08889	0.933333;
./matpower/data/case2848rte.m:1078:	857	1	43.9	-20.1	0	0	1	1.06739738	-6.31519667	225	1	1.0899	0.933333;
./matpower/data/case2848rte.m:1084:	863	1	38.3	2.2	0	0	1	1.05639911	-4.969747	225	1	1.08889	0.933333;
./matpower/data/case2848rte.m:1095:	2753	1	9.4	-3.4	0	0	1	0.998334159	-8.98678842	63	1	1.06349	0.968254;
./matpower/data/case2848rte.m:1104:	879	1	0	0	0	0	1	1.06199485	-5.88348568	225	1	1.08889	0.933333;
./matpower/data/case2848rte.m:1181:	939	1	0	0	0	0	1	1.0582007	-4.89043303	225	1	1.08889	0.933333;
./matpower/data/case2848rte.m:1185:	943	1	0	0	0	0	1	1.023253	-17.4354245	150	1	1.08	0.966667;
./matpower/data/case2848rte.m:1195:	953	1	0.5	-16	0	0	1	0.949961455	-6.84887329	45	1	1	0.888889;
./matpower/data/case2848rte.m:1197:	955	1	14.6	8	0	0	1	1.04972013	-7.95974098	225	1	1.08889	0.933333;
./matpower/data/case2848rte.m:1204:	2776	1	66.9	-0.9	0	0	1	1.05957751	-6.78705933	380	1	1.10263	1;
./matpower/data/case2848rte.m:1225:	982	1	-0.5	1.9	0	0	1	1.05909469	-3.98999673	225	1	1.08889	0.933333;
./matpower/data/case2848rte.m:1234:	991	1	99.3	31.9	0	0	1	1.04404765	-8.38567163	225	1	1.08889	0.933333;
./matpower/data/case2848rte.m:1237:	993	1	0	0	0	0	1	1.05904966	-4.45230964	225	1	1.08889	0.933333;
./matpower/data/case2848rte.m:1253:	1009	1	0	0	0	0	1	1.07442425	-5.80543875	225	1	1.09206	0.933333;
./matpower/data/case2848rte.m:1258:	1014	1	7.9	-7.1	0	0	1	1.04933206	-3.21444994	225	1	1.08444	1;
./matpower/data/case2848rte.m:1261:	1017	1	0	0	0	0	1	1.05320734	-5.02122552	225	1	1.08889	0.933333;
./matpower/data/case2848rte.m:1277:	1030	1	0.9	0.2	0	0	1	0.989924671	-6.38405395	45	1	1.06667	0.933333;
./matpower/data/case2848rte.m:1278:	2782	1	0	0	0	0	1	0.978116099	-6.34934635	45	1	1.06667	0.933333;
./matpower/data/case2848rte.m:1289:	1040	1	19.1	5.9	0	0	1	1.05996974	-5.69400613	225	1	1.08889	0.933333;
./matpower/data/case2848rte.m:1302:	1052	1	-10.7	-8.6	0	0	1	1.06018093	-4.96512921	225	1	1.08889	0.933333;
./matpower/data/case2848rte.m:1304:	1054	1	0.9	0.3	0	0	1	0.998472115	-8.91357614	63	1	1.06349	0.968254;
./matpower/data/case2848rte.m:1308:	1058	1	7.7	0.7	0	0	1	1.06289148	-5.32342147	225	1	1.08889	0.933333;
./matpower/data/case2848rte.m:1314:	1064	1	34.5	-6.3	0	0	1	1.06318725	-4.52066855	225	1	1.08889	0.933333;
./matpower/data/case2848rte.m:1325:	1076	1	0	0	0	0	1	1.06226637	-4.04894553	225	1	1.08889	0.933333;
./matpower/data/case2848rte.m:1326:	2785	1	0	0	0	0	1	1.0616895	-4.12365408	225	1	1.08889	0.933333;
./matpower/data/case2848rte.m:1327:	2786	1	0	0	0	0	1	1.06010928	-4.05302127	225	1	1.08889	0.933333;
./matpower/data/case2848rte.m:1339:	1086	1	0	0	0	0	1	1.06423388	-4.80889309	225	1	1.08889	0.933333;
./matpower/data/case2848rte.m:1366:	1106	1	0	0	0	0	1	1.0618129	-4.12433379	225	1	1.08889	0.933333;
./matpower/data/case2848rte.m:1367:	2796	1	29.8	8.3	0	0	1	1.06115144	-4.4151175	225	1	1.08889	0.933333;
./matpower/data/case2848rte.m:1399:	1134	1	46	-9.7	0	0	1	1.06091598	-4.25100865	225	1	1.08889	0.933333;
./matpower/data/case2848rte.m:1408:	1143	1	0	0	0	0	1	1.07039257	-4.91861857	225	1	1.08889	0.933333;
./matpower/data/case2848rte.m:1410:	1145	1	39.3	-7.2	0	0	1	1.06021646	-4.10914492	225	1	1.08889	0.933333;
./matpower/data/case2848rte.m:1466:	1189	1	66.7	8.2	0	0	1	1.03089167	-10.9981599	225	1	1.08889	1;
./matpower/data/case2848rte.m:1481:	1203	1	0	0	0	0	1	1.05391984	-7.20345062	225	1	1.08889	0.933333;
./matpower/data/case2848rte.m:1492:	1213	1	33.7	-0.4	0	0	1	1.06089827	-4.39676636	225	1	1.08889	0.933333;
./matpower/data/case2848rte.m:1512:	1227	1	0	0	0	0	1	1.06570506	-4.81752297	225	1	1.08889	0.933333;
./matpower/data/case2848rte.m:1515:	1230	1	103.1	26.9	0	0	1	1.04533324	-8.72038387	225	1	1.08889	0.933333;
./matpower/data/case2848rte.m:1532:	1246	1	31	-4.9	0	0	1	1.06117499	-4.43965727	225	1	1.08889	0.933333;
./matpower/data/case2848rte.m:1571:	1281	1	0	0	0	0	1	1.06961537	-5.48537098	225	1	1.08889	0.933333;
./matpower/data/case2848rte.m:1576:	1285	1	98.2	4.7	0	0	1	1.05566764	-8.42491409	225	1	1.08889	0.933333;
./matpower/data/case2848rte.m:1584:	1292	1	0	0	0	0	1	1.06403962	-3.89921204	225	1	1.08889	0.933333;
./matpower/data/case2848rte.m:1597:	1304	1	43.8	13	0	0	1	1.01933524	-11.0471996	225	1	1.08889	1;
./matpower/data/case2848rte.m:1598:	1305	1	21.1	25	0	0	1	1.05391764	-7.20343113	225	1	1.08889	0.933333;
./matpower/data/case2848rte.m:1613:	1319	1	0	0	0	0	1	1.06134917	-3.41704665	225	1	1.08889	0.933333;
./matpower/data/case2848rte.m:1614:	1320	1	36.2	-12.3	0	0	1	1.06193454	-4.34789583	225	1	1.08889	0.933333;
./matpower/data/case2848rte.m:1623:	1325	1	0	0	0	0	1	0.998002053	-22.1225816	63	1	1.06349	0.968254;
./matpower/data/case2848rte.m:1672:	1371	1	0	0	0	0	1	1.05949804	-6.96159753	150	1	1.13628	0.9;
./matpower/data/case2848rte.m:1673:	1372	1	0.5	-10	0	0	1	1.05400306	-7.28394512	225	1	1.08889	0.933333;
./matpower/data/case2848rte.m:1732:	1413	1	0	0	0	0	1	1.05040678	-4.37032704	225	1	1.08889	0.933333;
./matpower/data/case2848rte.m:1739:	1419	1	26.8	-1.6	0	0	1	1.05561068	-4.89651418	225	1	1.08889	0.933333;
./matpower/data/case2848rte.m:1762:	1439	1	1	6.2	0	0	1	1.06967304	-10.9248892	150	1	1.08	0.966667;
./matpower/data/case2848rte.m:1772:	1448	1	0	0	0	0	1	1.04039221	-16.0240337	150	1	1.08	0.966667;
./matpower/data/case2848rte.m:1783:	1458	1	0	0	0	0	1	1.05887158	-4.28936492	225	1	1.08889	0.933333;
./matpower/data/case2848rte.m:1793:	1465	1	75.1	9.2	0	0	1	1.06362587	-4.35743349	225	1	1.08889	0.933333;
./matpower/data/case2848rte.m:1797:	1468	1	0	0	0	0	1	1.06284195	-4.16295121	225	1	1.08889	0.933333;
./matpower/data/case2848rte.m:1813:	1483	1	128.6	-1	0	0	1	1.03262739	-11.4607663	225	1	1.08889	0.998019;
./matpower/data/case2848rte.m:1815:	1485	1	0	0	0	0	1	1.06517989	-5.5431588	225	1	1.08889	0.933333;
./matpower/data/case2848rte.m:1816:	1486	1	31.1	2.8	0	0	1	1.05089496	-9.0389215	63	1	1.06349	0.936508;
./matpower/data/case2848rte.m:1823:	1493	2	0	0	0	0	1	0.998094633	-5.27930511	45	1	1	0.888889;
./matpower/data/case2848rte.m:1830:	1500	1	0	0	0	0	1	1.05441204	-7.48815877	225	1	1.08889	0.933333;
./matpower/data/case2848rte.m:1836:	1505	1	0	0	0	0	1	1.06391767	-3.77725795	225	1	1.08889	0.933333;
./matpower/data/case2848rte.m:1847:	1516	1	0	0	0	0	1	1.06587545	-4.62303906	225	1	1.08889	0.933333;
./matpower/data/case2848rte.m:1850:	1519	1	52.1	6.7	0	0	1	1.05311951	-4.08547663	225	1	1.08889	0.933333;
./matpower/data/case2848rte.m:1859:	1527	1	-7.4	-21.9	0	0	1	1.07220223	-7.55768243	225	1	1.08889	0.933333;
./matpower/data/case2848rte.m:1863:	1531	1	29.3	-13.9	0	0	1	1.03529738	-8.91227023	225	1	1.08889	0.933333;
./matpower/data/case2848rte.m:1874:	1541	1	14.6	-2.3	0	0	1	1.06514383	-4.37341035	225	1	1.08889	0.933333;
./matpower/data/case2848rte.m:1878:	1545	1	114.7	-27.2	0	0	1	1.058449	-4.83654646	225	1	1.08889	0.933333;
./matpower/data/case2848rte.m:1890:	1556	1	138.9	13.8	0	0	1	1.04317963	-17.0293376	225	1	1.08444	1;
./matpower/data/case2848rte.m:1894:	1559	1	34.9	-9.2	0	0	1	1.06635193	-5.15673874	225	1	1.08889	0.933333;
./matpower/data/case2848rte.m:1895:	2870	1	56.7	7.7	0	0	1	1.06142432	-3.41625625	225	1	1.08889	0.933333;
./matpower/data/case2848rte.m:1927:	1586	1	0	0	0	0	1	1.06402892	-3.89436451	225	1	1.08889	0.933333;
./matpower/data/case2848rte.m:1935:	1595	1	0	0	0	0	1	1.03723756	-17.5788114	150	1	1.08	0.966667;
./matpower/data/case2848rte.m:1957:	1614	2	25.2	-5.3	0	0	1	1.061	-3.43641505	225	1	1.08889	0.933333;
./matpower/data/case2848rte.m:1961:	1617	1	1.3	0.2	0	0	1	0.949616767	-6.87849597	45	1	1	0.888889;
./matpower/data/case2848rte.m:2002:	1653	1	0	0	0	0	1	1.07197996	-9.9404758	150	1	1.09333	0.966667;
./matpower/data/case2848rte.m:2006:	1657	2	0	0	0	0	1	1.038	-15.8283856	150	1	1.08	0.966667;
./matpower/data/case2848rte.m:2014:	1663	1	1.2	-0.2	0	0	1	1.06341679	-4.93547056	225	1	1.08889	0.933333;
./matpower/data/case2848rte.m:2034:	1674	1	0	0	0	0	1	1.06642173	-9.02888227	150	1	1.08	0.966667;
./matpower/data/case2848rte.m:2046:	1686	1	0	0	0	0	1	1.0722921	-7.54137195	150	1	1.08	0.966667;
./matpower/data/case2848rte.m:2115:	1751	1	0	0	0	0	1	1.0569683	-5.40354745	225	1	1.08889	0.933333;
./matpower/data/case2848rte.m:2147:	1769	1	2.4	-0.1	0	0	1	1.00358667	-8.30640952	45	1	1.07175	0.933333;
./matpower/data/case2848rte.m:2152:	1774	1	0	0	0	0	1	1.0561325	-6.85278361	225	1	1.08889	0.933333;
./matpower/data/case2848rte.m:2158:	1779	1	83	5.9	0	0	1	1.06174206	-3.37952531	225	1	1.08889	0.933333;
./matpower/data/case2848rte.m:2161:	1782	2	0	0	0	0	1	1.042	-15.2738899	150	1	1.08	0.966667;
./matpower/data/case2848rte.m:2168:	1789	1	0	0	0	0	1	1.06175613	-4.3081047	225	1	1.08889	0.933333;
./matpower/data/case2848rte.m:2172:	1793	1	3	2.4	0	0	1	0.998108799	-8.92257778	63	1	1.06349	0.968254;
./matpower/data/case2848rte.m:2198:	1813	1	114.3	-3.8	0	0	1	1.06230592	-4.30093953	225	1	1.08889	0.933333;
./matpower/data/case2848rte.m:2202:	1817	1	0	0	0	0	1	1.06009826	-7.15457287	225	1	1.08889	0.933333;
./matpower/data/case2848rte.m:2204:	1819	1	0	0	0	-64	1	0.998143456	-10.5380346	20	1	1.2	0.8;
./matpower/data/case2848rte.m:2280:	1879	1	32.5	5.8	0	0	1	1.05826391	-5.42848473	225	1	1.08889	0.933333;
./matpower/data/case2848rte.m:2281:	1880	1	54.2	-2.4	0	0	1	1.0579654	-5.15574314	225	1	1.08889	0.933333;
./matpower/data/case2848rte.m:2283:	1882	1	43.6	-11.2	0	0	1	1.0547236	-5.15019243	225	1	1.08889	0.933333;
./matpower/data/case2848rte.m:2291:	1888	1	165.9	62.7	0	0	1	1.0481996	-8.1019718	225	1	1.08889	0.933333;
./matpower/data/case2848rte.m:2299:	1895	1	0	0	0	0	1	1.03045934	-5.78905933	380	1	1.10526	1;
./matpower/data/case2848rte.m:2315:	1911	1	0	0	0	0	1	1.07799046	-9.67502202	150	1	1.10907	0.966667;
./matpower/data/case2848rte.m:2328:	1924	1	0	0	0	0	1	1.05562111	-3.59911931	225	1	1.08889	0.933333;
./matpower/data/case2848rte.m:2333:	1929	1	0	0	0	0	1	1.06720756	-9.03815791	150	1	1.08	0.966667;
./matpower/data/case2848rte.m:2340:	1936	1	0	0	0	0	1	1.06642634	-3.68999085	225	1	1.08889	0.933333;
./matpower/data/case2848rte.m:2352:	1948	1	0	0	0	0	1	1.06397451	-4.1382892	225	1	1.08889	0.933333;
./matpower/data/case2848rte.m:2363:	1959	1	0	0	0	0	1	1.06253152	-4.27638908	225	1	1.08889	0.933333;
./matpower/data/case2848rte.m:2368:	1964	1	-29.9	19.3	0	0	1	1.03099663	-6.87659397	63	1	1.06349	0.936508;
./matpower/data/case2848rte.m:2369:	1965	1	0	0	0	0	1	1.06879106	-7.74433033	225	1	1.08889	0.933333;
./matpower/data/case2848rte.m:2398:	1994	1	0	0	0	0	1	1.00966425	-9.49773994	225	1	1.09064	1;
./matpower/data/case2848rte.m:2410:	2006	1	0	0	0	0	1	1.06147703	-4.2136179	225	1	1.08889	0.933333;
./matpower/data/case2848rte.m:2421:	2017	1	0	0	0	0	1	1.06132785	-5.69678359	225	1	1.08889	0.933333;
./matpower/data/case2848rte.m:2427:	2023	1	4.8	0.9	0	0	1	1.06043897	-5.04598909	225	1	1.08889	0.933333;
./matpower/data/case2848rte.m:2440:	2036	1	0	0	0	0	1	1.05338357	-5.00986564	225	1	1.08889	0.933333;
./matpower/data/case2848rte.m:2446:	2042	1	0	0	0	0	1	1.06017138	-4.96560344	225	1	1.08889	0.933333;
./matpower/data/case2848rte.m:2451:	2047	1	0	0	0	0	1	1.06910793	-10.7159744	150	1	1.10968	0.966667;
./matpower/data/case2848rte.m:2463:	2059	1	0	0	0	0	1	1.0769336	-9.79485159	150	1	1.10927	0.966667;
./matpower/data/case2848rte.m:2496:	2092	1	0	0	0	0	1	1.05394448	-7.28277859	225	1	1.08889	0.933333;
./matpower/data/case2848rte.m:2499:	2095	1	0	0	0	0	1	1.03537227	-11.5948186	225	1	1.08966	1;
./matpower/data/case2848rte.m:2506:	2102	1	0	0	0	0	1	1.03343069	-16.9766083	150	1	1.08	0.966667;
./matpower/data/case2848rte.m:2509:	2105	1	0	0	0	0	1	1.06464017	-4.22760678	225	1	1.08889	0.933333;
./matpower/data/case2848rte.m:2558:	2154	1	0	0	0	0	1	0.998121449	-8.92227328	63	1	1.06349	0.968254;
./matpower/data/case2848rte.m:2564:	2160	1	0	0	0	0	1	1.05058107	-7.8741367	225	1	1.08889	0.933333;
./matpower/data/case2848rte.m:2685:	2293	2	31	13	0	0	1	0.933	6.11329722	24	1	1.15	0.8;
./matpower/data/case2848rte.m:2698:	2307	2	0	0	0	0	1	0.933	3.91490478	20	1	1.15	0.8;
./matpower/data/case2848rte.m:2750:	2368	2	-0	-0	0	0	1	0.949	-2.75318925	21	1	1.15	0.8;
./matpower/data/case2848rte.m:2759:	2378	2	-0	0	0	0	1	0.966	-4.12355365	18	1	1.15	0.8;
./matpower/data/case2848rte.m:2776:	2404	2	0	0	0	0	1	0.949	-2.28375222	5	1	1.15	0.8;
./matpower/data/case2848rte.m:2792:	2423	2	0	0	0	0	1	0.967	-2.33503949	18	1	1.15	0.8;
./matpower/data/case2848rte.m:2794:	2427	2	30	12	0	0	1	0.933	6.08180292	24	1	1.15	0.8;
./matpower/data/case2848rte.m:2804:	2440	2	0	0	0	0	1	0.933	0.399796124	20	1	1.15	0.8;
./matpower/data/case2848rte.m:2865:	2541	1	-56.7	-2.7	0	0	1	1.05738135	-8.03705136	225	1	1.08889	0.933333;
./matpower/data/case2848rte.m:2886:	2562	1	16.5	2.1	0	0	1	1.06434395	-8.05829813	225	1	1.08889	0.933333;
./matpower/data/case2848rte.m:2888:	2565	1	37	2.2	0	0	1	1.06760019	-8.30362116	225	1	1.08889	0.933333;
./matpower/data/case2848rte.m:2890:	2567	1	107.5	-10.6	0	0	1	1.06731085	-6.28913182	225	1	1.08889	0.933333;
./matpower/data/case2848rte.m:2891:	2568	1	107.4	-10.6	0	0	1	1.06731323	-6.28920339	225	1	1.08889	0.933333;
./matpower/data/case2848rte.m:2950:	252	2.21	-0.59	8	-5	0.998	100	1	11	2.2	0	0	0	0	0	0	0	0	0	0	0;
./matpower/data/case2848rte.m:2951:	252	3.59	-0.33	6	-5	0.998	100	1	9	1.8	0	0	0	0	0	0	0	0	0	0	0;
./matpower/data/case2848rte.m:2952:	252	2.51	-0.59	8	-5	0.998	100	1	11	2.2	0	0	0	0	0	0	0	0	0	0	0;
./matpower/data/case2848rte.m:2953:	252	3.67	-0.33	6	-5	0.998	100	1	9	1.8	0	0	0	0	0	0	0	0	0	0	0;
./matpower/data/case2848rte.m:2992:	1493	0	0	11	-11	0.998	100	0	18	3.6	0	0	0	0	0	0	0	0	0	0	0;
./matpower/data/case2848rte.m:3155:	262	2.15	-0.06	2.5	-2.5	0.998	100	1	4	0	0	0	0	0	0	0	0	0	0	0	0;
./matpower/data/case2848rte.m:3156:	262	4.99	-0.09	3	-3	0.998	100	1	5.7	1.14	0	0	0	0	0	0	0	0	0	0	0;
./matpower/data/case2848rte.m:3157:	262	1.7	-0.34	6	-5	0.998	100	1	8.5	1.7	0	0	0	0	0	0	0	0	0	0	0;
./matpower/data/case2848rte.m:3158:	262	0.45	-0.04	2	-2	0.998	100	1	4	0	0	0	0	0	0	0	0	0	0	0	0;
./matpower/data/case2848rte.m:3159:	819	0	0	9	-9	0.998	100	0	15	3	0	0	0	0	0	0	0	0	0	0	0;
./matpower/data/case2848rte.m:3268:	2293	906.82	-171.21	546.35	-229.84	0.933	100	1	942.4	272.4	0	0	0	0	0	0	0	0	0	0	0;
./matpower/data/case2848rte.m:3281:	2307	576.16	-249.51	703.47	-249.56	0.933	100	1	1330	337	0	0	0	0	0	0	0	0	0	0	0;
./matpower/data/case2848rte.m:3333:	2368	171	-38.6	281.33	-122.56	0.949	100	1	451	82	0	0	0	0	0	0	0	0	0	0	0;
./matpower/data/case2848rte.m:3342:	2378	206	-12.66	262.39	-135.97	0.966	100	1	446	206	0	0	0	0	0	0	0	0	0	0	0;
./matpower/data/case2848rte.m:3359:	2404	48	-3.5	31.73	-15.57	0.949	100	1	50	10	0	0	0	0	0	0	0	0	0	0	0;
./matpower/data/case2848rte.m:3377:	2427	913.98	-179.8	511.82	-179.84	0.933	100	1	950	237	0	0	0	0	0	0	0	0	0	0	0;
./matpower/data/case2848rte.m:3387:	2440	350.04	-64.29	681.31	-260.69	0.933	100	1	1290	350	0	0	0	0	0	0	0	0	0	0	0;
./matpower/data/case2848rte.m:3536:	593	40	0.00156	0.006933	0.0121	432	432	432	1	0	1	0	0;
./matpower/data/case2848rte.m:3620:	1761	71	0.002933	0.010267	0.0032	0	0	0	1	0	1	0	0;
./matpower/data/case2848rte.m:3672:	612	92	0.012978	0.059338	0.1002	409	409	409	1	0	1	0	0;
./matpower/data/case2848rte.m:3810:	900	144	0.019498	0.06712	0.0206	0	0	0	1	0	1	0	0;
./matpower/data/case2848rte.m:4275:	808	2963	0.000998	0.014177	0.465	2487	2487	2487	1	0	1	0	0;
./matpower/data/case2848rte.m:4355:	1831	395	0.002121	0.009661	0.0162	355	355	355	1	0	1	0	0;
./matpower/data/case2848rte.m:4446:	1739	441	0.004365	0.029491	0.0537	575	575	575	1	0	1	0	0;
./matpower/data/case2848rte.m:4516:	1759	464	0.000949	0.009342	0.2426	1611	1611	1611	1	0	1	0	0;
./matpower/data/case2848rte.m:4712:	1186	560	0.004464	0.029669	0.0547	540	540	540	1	0	1	0	0;
./matpower/data/case2848rte.m:4745:	881	581	0.000966	0.009803	0.2526	1579	1579	1579	1	0	1	0	0;
./matpower/data/case2848rte.m:4867:	2066	643	0.012144	0.049332	0.0012	0	0	0	1	0	1	0	0;
./matpower/data/case2848rte.m:5297:	1905	878	0.011842	0.029982	0	0	0	0	1	0	1	0	0;
./matpower/data/case2848rte.m:5412:	2092	955	0.006696	0.029985	0.0527	288	288	288	1	0	1	0	0;
./matpower/data/case2848rte.m:5432:	1730	966	0.002596	0.01165	0.0203	326	326	326	1	0	1	0	0;
./matpower/data/case2848rte.m:5442:	1836	972	0.008	0.03998	0.0709	362	362	362	1	0	1	0	0;
./matpower/data/case2848rte.m:6132:	1881	1600	0.029982	0.075838	0	0	0	0	1	0	1	0	0;
./matpower/data/case2848rte.m:6167:	1847	1652	0.03933	0.101789	0.0025	0	0	0	1	0	1	0	0;
./matpower/data/case2848rte.m:6192:	1544	1687	0.006933	0.033403	0.0607	333	333	333	1	0	1	0	0;
./matpower/data/case2848rte.m:6259:	2118	1808	0.029982	0.076594	0.0009	0	0	0	1	0	1	0	0;
./matpower/data/case2848rte.m:6557:	712	713	0.001778	0.122864	0	724	724	724	0.998004	0	1	0	0;
./matpower/data/case2848rte.m:6558:	712	713	0.00158	0.122272	0	724	724	724	0.998004	0	1	0	0;
./matpower/data/case2848rte.m:6702:	1096	2205	0.001787	0.089335	0	0	0	0	1	0	1	0	0;
./matpower/data/case2848rte.m:6852:	1594	2187	0.008933	0.147111	0	0	0	0	1	0	1	0	0;
./matpower/data/case2848rte.m:6853:	1595	2187	0.0036	0.008933	0	0	0	0	1	0	1	0	0;
./matpower/data/case2848rte.m:6920:	1773	1774	0.005057	0.160988	0	374	374	374	0.933709	0	1	0	0;
./matpower/data/case2848rte.m:6921:	1773	1774	0.005057	0.160988	0	374	374	374	0.933709	0	1	0	0;
./matpower/data/case_SyntheticUSA.m:396:	342	1	3.73	0.67	0	0	1	1.0396677	-63.241614	115	1	1.1	0.9	63.9500	0.0000	0.0000	0.0000;
./matpower/data/case_SyntheticUSA.m:810:	756	1	0	0	0	0	1	1.0393315	-66.905483	115	1	1.1	0.9	63.9500	0.0000	0.0000	0.0000;
./matpower/data/case_SyntheticUSA.m:814:	760	1	4.76	0.4	0	0	1	1.0396616	-68.658067	115	1	1.1	0.9	63.9500	0.0000	0.0000	0.0000;
./matpower/data/case_SyntheticUSA.m:1046:	992	1	0	0	0	0	1	1.039667	-66.846296	115	1	1.1	0.9	63.9500	0.0000	0.0000	0.0000;
./matpower/data/case_SyntheticUSA.m:1369:	1315	1	0	0	0	0	2	1.039499	-70.559316	115	1	1.1	0.9	63.9500	0.0000	0.0000	0.0000;
./matpower/data/case_SyntheticUSA.m:1375:	1321	1	0	0	0	-59.51	2	1.0401933	-63.404571	230	1	1.1	0.9	63.9500	0.0000	0.0000	0.0000;
./matpower/data/case_SyntheticUSA.m:1578:	1524	1	10.95	1.65	0	0	2	1.0409933	-72.151129	115	1	1.1	0.9	63.9500	0.0000	0.0000	0.0000;
./matpower/data/case_SyntheticUSA.m:1617:	1563	1	5.19	1.84	0	0	2	1.0339068	-70.99853	22	1	1.1	0.9	63.9500	0.0000	0.0000	0.0000;
./matpower/data/case_SyntheticUSA.m:1632:	1578	1	0	0	0	0	2	1.039665	-70.618401	115	1	1.1	0.9	63.9500	0.0000	0.0000	0.0000;
./matpower/data/case_SyntheticUSA.m:1641:	1587	1	7.13	2.89	0	0	2	1.0393703	-70.933687	115	1	1.1	0.9	63.9500	0.0000	0.0000	0.0000;
./matpower/data/case_SyntheticUSA.m:1663:	1609	1	3.95	1.07	0	0	2	1.0394993	-71.241765	115	1	1.1	0.9	63.9500	0.0000	0.0000	0.0000;
./matpower/data/case_SyntheticUSA.m:1668:	1614	1	14.32	1.97	0	0	2	1.040248	-70.93394	115	1	1.1	0.9	63.9500	0.0000	0.0000	0.0000;
./matpower/data/case_SyntheticUSA.m:1949:	1895	2	0	0	0	0	2	1.0094987	-68.595759	13.8	1	1.1	0.9	63.9500	0.0000	0.0000	0.0000;
./matpower/data/case_SyntheticUSA.m:1984:	1930	1	4.55	1.89	0	0	3	1.0399831	-66.671546	230	1	1.1	0.9	63.9500	0.0000	0.0000	0.0000;
./matpower/data/case_SyntheticUSA.m:2105:	2051	1	13.96	2.17	0	0	3	1.0396635	-64.620395	115	1	1.1	0.9	63.9500	0.0000	0.0000	0.0000;
./matpower/data/case_SyntheticUSA.m:2202:	2148	1	0	0	0	0	3	1.039669	-63.897119	230	1	1.1	0.9	63.9500	0.0000	0.0000	0.0000;
./matpower/data/case_SyntheticUSA.m:2469:	2415	1	0	0	0	4.16	3	1.0393329	-68.98756	230	1	1.1	0.9	63.9500	0.0000	0.0000	0.0000;
./matpower/data/case_SyntheticUSA.m:2506:	2452	1	0	0	0	0	3	1.0396672	-64.644644	115	1	1.1	0.9	63.9500	0.0000	0.0000	0.0000;
./matpower/data/case_SyntheticUSA.m:2769:	2715	1	0	0	0	0	4	1.0399822	-70.341069	230	1	1.1	0.9	63.9500	0.0000	0.0000	0.0000;
./matpower/data/case_SyntheticUSA.m:2891:	2837	1	18.81	5.54	0	0	4	1.0383969	-72.039333	115	1	1.1	0.9	63.9500	0.0000	0.0000	0.0000;
./matpower/data/case_SyntheticUSA.m:2965:	2911	1	25.48	7.32	0	0	4	1.0393347	-74.513485	115	1	1.1	0.9	63.9500	0.0000	0.0000	0.0000;
./matpower/data/case_SyntheticUSA.m:3140:	3086	1	0	0	0	0	4	1.0394983	-75.281003	115	1	1.1	0.9	63.9500	0.0000	0.0000	0.0000;
./matpower/data/case_SyntheticUSA.m:3143:	3089	1	19.74	3.47	0	0	4	1.0406949	-75.189737	115	1	1.1	0.9	63.9500	0.0000	0.0000	0.0000;
./matpower/data/case_SyntheticUSA.m:3220:	3166	1	8.74	1.36	0	0	4	1.0412286	-73.079332	115	1	1.1	0.9	63.9500	0.0000	0.0000	0.0000;
./matpower/data/case_SyntheticUSA.m:3449:	3395	1	0	0	0	0	4	1.0396649	-74.797272	115	1	1.1	0.9	63.9500	0.0000	0.0000	0.0000;
./matpower/data/case_SyntheticUSA.m:3450:	3396	1	0	0	0	0	4	1.0396649	-74.797272	13.8	1	1.1	0.9	63.9500	0.0000	0.0000	0.0000;
./matpower/data/case_SyntheticUSA.m:3451:	3397	1	0	0	0	0	4	1.0396649	-74.797272	13.8	1	1.1	0.9	63.9500	0.0000	0.0000	0.0000;
./matpower/data/case_SyntheticUSA.m:3452:	3398	1	0	0	0	0	4	1.0396649	-74.797272	1	1	1.1	0.9	63.9500	0.0000	0.0000	0.0000;
./matpower/data/case_SyntheticUSA.m:3594:	3540	1	0	0	0	0	4	1.0399837	-74.402	115	1	1.1	0.9	63.9500	0.0000	0.0000	0.0000;
./matpower/data/case_SyntheticUSA.m:3650:	3596	1	8.47	1.93	0	0	4	1.0406949	-72.627448	115	1	1.1	0.9	63.9500	0.0000	0.0000	0.0000;
./matpower/data/case_SyntheticUSA.m:3760:	3706	1	0	0	0	0	4	1.0325682	-76.06966	13.8	1	1.1	0.9	63.9500	0.0000	0.0000	0.0000;
./matpower/data/case_SyntheticUSA.m:3761:	3707	1	0	0	0	0	4	1.0325682	-76.06966	1	1	1.1	0.9	63.9500	0.0000	0.0000	0.0000;
./matpower/data/case_SyntheticUSA.m:4181:	4127	1	0	0	0	0	4	1.0399846	-72.26489	115	1	1.1	0.9	63.9500	0.0000	0.0000	0.0000;
./matpower/data/case_SyntheticUSA.m:4517:	4463	1	0	0	0	0	4	1.039981	-72.344621	230	1	1.1	0.9	63.9500	0.0000	0.0000	0.0000;
./matpower/data/case_SyntheticUSA.m:4522:	4468	1	0	0	0	0	4	1.039981	-72.344621	230	1	1.1	0.9	63.9500	0.0000	0.0000	0.0000;
./matpower/data/case_SyntheticUSA.m:4609:	4555	1	26.5	1.51	0	0	5	1.0396621	-73.399081	115	1	1.1	0.9	63.9500	0.0000	0.0000	0.0000;
./matpower/data/case_SyntheticUSA.m:4779:	4725	1	37.6	23.79	0	-7.56	6	1.0399828	-78.364211	230	1	1.1	0.9	63.9500	0.0000	0.0000	0.0000;
./matpower/data/case_SyntheticUSA.m:4816:	4762	1	36.36	4.27	0	0	6	1.0396659	-78.614034	230	1	1.1	0.9	63.9500	0.0000	0.0000	0.0000;
./matpower/data/case_SyntheticUSA.m:4981:	4927	1	17.33	5.11	0	0	6	1.0296658	-77.540965	115	1	1.1	0.9	63.9500	0.0000	0.0000	0.0000;
./matpower/data/case_SyntheticUSA.m:5057:	5003	1	19.81	2.92	0	0	6	1.0294931	-77.770719	115	1	1.1	0.9	63.9500	0.0000	0.0000	0.0000;
./matpower/data/case_SyntheticUSA.m:5080:	5026	1	13.04	2.39	0	0	6	1.0302966	-77.976271	115	1	1.1	0.9	63.9500	0.0000	0.0000	0.0000;
./matpower/data/case_SyntheticUSA.m:5172:	5118	1	0	0	0	0	6	1.0305998	-79.048613	115	1	1.1	0.9	63.9500	0.0000	0.0000	0.0000;
./matpower/data/case_SyntheticUSA.m:5340:	5286	1	6.67	1.29	0	0	6	1.0393309	-75.623119	115	1	1.1	0.9	63.9500	0.0000	0.0000	0.0000;
./matpower/data/case_SyntheticUSA.m:5392:	5338	1	0	0	0	0	6	1.0394961	-75.289132	115	1	1.1	0.9	63.9500	0.0000	0.0000	0.0000;
./matpower/data/case_SyntheticUSA.m:5429:	5375	1	4.64	2.66	0	0	6	1.0396658	-74.515258	115	1	1.1	0.9	63.9500	0.0000	0.0000	0.0000;
./matpower/data/case_SyntheticUSA.m:5656:	5602	1	0	0	0	0	6	1.0394949	-73.546575	230	1	1.1	0.9	63.9500	0.0000	0.0000	0.0000;
./matpower/data/case_SyntheticUSA.m:5748:	5694	1	0	0	0	0	7	1.0293387	-89.922536	161	1	1.1	0.9	63.9500	0.0000	0.0000	0.0000;
./matpower/data/case_SyntheticUSA.m:5793:	5739	1	49.35	3.68	0	0	7	1.0303966	-89.882353	161	1	1.1	0.9	63.9500	0.0000	0.0000	0.0000;
./matpower/data/case_SyntheticUSA.m:5987:	5933	1	0	0	0	0	7	1.0350298	-90.209998	161	1	1.1	0.9	63.9500	0.0000	0.0000	0.0000;
./matpower/data/case_SyntheticUSA.m:5993:	5939	1	43.13	5.76	0	103.34	7	1.039986	-90.534398	161	1	1.1	0.9	63.9500	0.0000	0.0000	0.0000;
./matpower/data/case_SyntheticUSA.m:6654:	6600	1	12.68	4.43	0	0	7	1.0394944	-87.323395	161	1	1.1	0.9	63.9500	0.0000	0.0000	0.0000;
./matpower/data/case_SyntheticUSA.m:6751:	6697	1	15.24	1.9	0	0	7	1.0293344	-89.690637	161	1	1.1	0.9	63.9500	0.0000	0.0000	0.0000;
./matpower/data/case_SyntheticUSA.m:7512:	7458	1	0	0	0	0	8	1.0393313	-72.973369	161	1	1.1	0.9	63.9500	0.0000	0.0000	0.0000;
./matpower/data/case_SyntheticUSA.m:7657:	7603	1	13.29	5.92	0	0	8	1.0394914	-70.690115	161	1	1.1	0.9	63.9500	0.0000	0.0000	0.0000;
./matpower/data/case_SyntheticUSA.m:7661:	7607	1	14.39	5.43	0	0	8	1.0367654	-71.004966	161	1	1.1	0.9	63.9500	0.0000	0.0000	0.0000;
./matpower/data/case_SyntheticUSA.m:8269:	8215	1	0	0	0	0	8	1.0494911	-68.828516	161	1	1.1	0.9	63.9500	0.0000	0.0000	0.0000;
./matpower/data/case_SyntheticUSA.m:8275:	8221	1	4.77	1.51	0	0	8	1.0442212	-70.949142	161	1	1.1	0.9	63.9500	0.0000	0.0000	0.0000;
./matpower/data/case_SyntheticUSA.m:8345:	8291	1	4.59	1.34	0	0	8	1.0493314	-72.131562	161	1	1.1	0.9	63.9500	0.0000	0.0000	0.0000;
./matpower/data/case_SyntheticUSA.m:8755:	8701	1	19.73	3.81	0	0	8	1.0396685	-70.737505	161	1	1.1	0.9	63.9500	0.0000	0.0000	0.0000;
./matpower/data/case_SyntheticUSA.m:8879:	8825	1	3.65	0.61	0	0	8	1.0394984	-71.717253	161	1	1.1	0.9	63.9500	0.0000	0.0000	0.0000;
./matpower/data/case_SyntheticUSA.m:8882:	8828	1	17.97	6.15	0	0	8	1.0393336	-71.279006	161	1	1.1	0.9	63.9500	0.0000	0.0000	0.0000;
./matpower/data/case_SyntheticUSA.m:9083:	9029	1	0	0	0	0	8	1.0396607	-72.778676	161	1	1.1	0.9	63.9500	0.0000	0.0000	0.0000;
./matpower/data/case_SyntheticUSA.m:9896:	9842	1	0	0	0	0	8	1.0393394	-68.55517	1	1	1.1	0.9	63.9500	0.0000	0.0000	0.0000;
./matpower/data/case_SyntheticUSA.m:9902:	9848	1	0	0	0	0	8	1.0396648	-71.502006	161	1	1.1	0.9	63.9500	0.0000	0.0000	0.0000;
./matpower/data/case_SyntheticUSA.m:10083:	10029	1	0	0	0	-42.63	8	1.0406949	-72.890533	161	1	1.1	0.9	63.9500	0.0000	0.0000	0.0000;
./matpower/data/case_SyntheticUSA.m:10086:	10032	1	0	0	0	0	8	1.0406949	-72.890533	161	1	1.1	0.9	63.9500	0.0000	0.0000	0.0000;
./matpower/data/case_SyntheticUSA.m:10088:	10034	2	0	0	0	0	8	1.0204966	-70.374701	13.8	1	1.1	0.9	63.9500	0.0000	0.0000	0.0000;
./matpower/data/case_SyntheticUSA.m:11032:	10978	1	0	0	0	0	9	1.0396695	-91.067025	138	1	1.1	0.9	63.9500	0.0000	0.0000	0.0000;
./matpower/data/case_SyntheticUSA.m:11587:	11533	2	0	0	0	0	9	1.0396682	-89.44436	13.8	1	1.1	0.9	63.9500	0.0000	0.0000	0.0000;
./matpower/data/case_SyntheticUSA.m:11816:	11762	2	0	0	0	0	9	1.0195626	-82.305998	18	1	1.1	0.9	63.9500	0.0000	0.0000	0.0000;
./matpower/data/case_SyntheticUSA.m:12047:	11993	1	8.71	2.22	0	3.35	10	1.0293395	-88.447012	138	1	1.1	0.9	63.9500	0.0000	0.0000	0.0000;
./matpower/data/case_SyntheticUSA.m:12617:	12563	1	6.52	0.86	0	0	10	1.0356588	-88.206966	138	1	1.1	0.9	63.9500	0.0000	0.0000	0.0000;
./matpower/data/case_SyntheticUSA.m:13354:	13300	1	19.77	2.22	0	0	10	1.0293327	-93.048239	138	1	1.1	0.9	63.9500	0.0000	0.0000	0.0000;
./matpower/data/case_SyntheticUSA.m:13403:	13349	1	54.57	10.19	0	0	10	1.0296619	-92.743513	138	1	1.1	0.9	63.9500	0.0000	0.0000	0.0000;
./matpower/data/case_SyntheticUSA.m:13493:	13439	1	0	0	0	0	10	1.0399896	-84.159975	138	1	1.1	0.9	63.9500	0.0000	0.0000	0.0000;
./matpower/data/case_SyntheticUSA.m:13676:	13622	1	0	0	0	0	10	1.0394988	-91.905467	138	1	1.1	0.9	63.9500	0.0000	0.0000	0.0000;
./matpower/data/case_SyntheticUSA.m:13699:	13645	1	21.22	3.79	0	0	10	1.029496	-90.678356	13.8	1	1.1	0.9	63.9500	0.0000	0.0000	0.0000;
./matpower/data/case_SyntheticUSA.m:13964:	13910	2	0	0	0	0	10	1.0431965	-82.099493	345	1	1.1	0.9	63.9500	0.0000	0.0000	0.0000;
./matpower/data/case_SyntheticUSA.m:13967:	13913	1	0	0	0	0	10	1.0431965	-82.099493	345	1	1.1	0.9	63.9500	0.0000	0.0000	0.0000;
./matpower/data/case_SyntheticUSA.m:14405:	14351	1	35.85	4.18	0	0	11	1.0358463	-77.400966	138	1	1.1	0.9	63.9500	0.0000	0.0000	0.0000;
./matpower/data/case_SyntheticUSA.m:14454:	14400	1	0	0	0	0	11	1.0394946	-77.904878	138	1	1.1	0.9	63.9500	0.0000	0.0000	0.0000;
./matpower/data/case_SyntheticUSA.m:14717:	14663	1	0	0	0	0	11	1.0404949	-78.196854	345	1	1.1	0.9	63.9500	0.0000	0.0000	0.0000;
./matpower/data/case_SyntheticUSA.m:14725:	14671	1	0	0	0	0	11	1.039985	-78.711469	138	1	1.1	0.9	63.9500	0.0000	0.0000	0.0000;
./matpower/data/case_SyntheticUSA.m:14830:	14776	1	8.85	1.67	0	0	11	1.0396644	-78.161172	138	1	1.1	0.9	63.9500	0.0000	0.0000	0.0000;
./matpower/data/case_SyntheticUSA.m:14851:	14797	1	3.34	0.77	0	0	11	1.0396679	-77.286712	138	1	1.1	0.9	63.9500	0.0000	0.0000	0.0000;
./matpower/data/case_SyntheticUSA.m:15017:	14963	1	3.32	0.58	0	0	11	1.0358746	-80.966086	138	1	1.1	0.9	63.9500	0.0000	0.0000	0.0000;
./matpower/data/case_SyntheticUSA.m:15130:	15076	1	4.43	0.51	0	0	11	1.0399816	-83.282087	138	1	1.1	0.9	63.9500	0.0000	0.0000	0.0000;
./matpower/data/case_SyntheticUSA.m:15366:	15312	1	18.19	2.93	0	2.97	11	1.0312104	-89.605949	138	1	1.1	0.9	63.9500	0.0000	0.0000	0.0000;
./matpower/data/case_SyntheticUSA.m:15472:	15418	1	0	0	0	0	11	1.0399867	-82.039845	138	1	1.1	0.9	63.9500	0.0000	0.0000	0.0000;
./matpower/data/case_SyntheticUSA.m:15986:	15932	1	0	0	0	0	11	1.0453133	-72.09949	345	1	1.1	0.9	63.9500	0.0000	0.0000	0.0000;
./matpower/data/case_SyntheticUSA.m:16019:	15965	2	0	0	0	0	11	1.0349097	-74.201949	500	1	1.1	0.9	63.9500	0.0000	0.0000	0.0000;
./matpower/data/case_SyntheticUSA.m:16023:	15969	1	0	0	0	0	11	1.0349097	-74.201949	500	1	1.1	0.9	63.9500	0.0000	0.0000	0.0000;
./matpower/data/case_SyntheticUSA.m:16405:	16351	1	0	0	0	0	13	1.0351666	-100.949718	138	1	1.1	0.9	63.9500	0.0000	0.0000	0.0000;
./matpower/data/case_SyntheticUSA.m:16447:	16393	1	22.24	11.56	0	0	13	1.0359364	-100.9335	138	1	1.1	0.9	63.9500	0.0000	0.0000	0.0000;
./matpower/data/case_SyntheticUSA.m:16669:	16615	1	13.23	4.41	0	0	13	1.0281149	-99.108949	138	1	1.1	0.9	63.9500	0.0000	0.0000	0.0000;
./matpower/data/case_SyntheticUSA.m:16683:	16629	1	5.64	2.7	0	0	13	1.0393334	-92.731099	138	1	1.1	0.9	63.9500	0.0000	0.0000	0.0000;
./matpower/data/case_SyntheticUSA.m:16917:	16863	1	27.37	8.96	0	0	13	1.0391499	-90.966171	138	1	1.1	0.9	63.9500	0.0000	0.0000	0.0000;
./matpower/data/case_SyntheticUSA.m:17033:	16979	1	0	0	0	0	13	1.0293319	-103.154398	138	1	1.1	0.9	63.9500	0.0000	0.0000	0.0000;
./matpower/data/case_SyntheticUSA.m:17221:	17167	1	0	0	0	0	13	1.0293399	-104.790214	138	1	1.1	0.9	63.9500	0.0000	0.0000	0.0000;
./matpower/data/case_SyntheticUSA.m:17435:	17381	2	0	0	0	0	13	1.0393382	-93.831147	18	1	1.1	0.9	63.9500	0.0000	0.0000	0.0000;
./matpower/data/case_SyntheticUSA.m:17436:	17382	1	0	0	0	0	13	1.0393382	-93.831147	1	1	1.1	0.9	63.9500	0.0000	0.0000	0.0000;
./matpower/data/case_SyntheticUSA.m:17679:	17625	1	16.78	1.48	0	0	14	1.0296606	-85.492577	138	1	1.1	0.9	63.9500	0.0000	0.0000	0.0000;
./matpower/data/case_SyntheticUSA.m:17683:	17629	1	27.42	8.25	0	0	14	1.0293364	-81.399445	138	1	1.1	0.9	63.9500	0.0000	0.0000	0.0000;
./matpower/data/case_SyntheticUSA.m:18262:	18208	1	12.07	3.25	0	31.51	14	1.0399881	-88.183892	138	1	1.1	0.9	63.9500	0.0000	0.0000	0.0000;
./matpower/data/case_SyntheticUSA.m:18427:	18373	1	0	0	0	0	14	1.0415388	-68.07998	138	1	1.1	0.9	63.9500	0.0000	0.0000	0.0000;
./matpower/data/case_SyntheticUSA.m:18492:	18438	1	0	0	0	0	14	1.0399856	-69.666022	138	1	1.1	0.9	63.9500	0.0000	0.0000	0.0000;
./matpower/data/case_SyntheticUSA.m:18565:	18511	1	0	0	0	0	14	1.0394981	-77.369664	345	1	1.1	0.9	63.9500	0.0000	0.0000	0.0000;
./matpower/data/case_SyntheticUSA.m:18587:	18533	1	63.13	24.05	0	0	15	1.0308933	-105.457302	138	1	1.1	0.9	63.9500	0.0000	0.0000	0.0000;
./matpower/data/case_SyntheticUSA.m:18693:	18639	1	74.74	56.82	0	0	15	1.0299852	-105.522646	138	1	1.1	0.9	63.9500	0.0000	0.0000	0.0000;
./matpower/data/case_SyntheticUSA.m:18793:	18739	1	4.45	1.7	0	0	15	1.0401998	-87.536901	138	1	1.1	0.9	63.9500	0.0000	0.0000	0.0000;
./matpower/data/case_SyntheticUSA.m:19293:	19239	1	34.03	9.35	0	0	15	1.0296682	-100.122353	138	1	1.1	0.9	63.9500	0.0000	0.0000	0.0000;
./matpower/data/case_SyntheticUSA.m:19506:	19452	2	0	0	0	0	15	1.0296643	-100.009331	138	1	1.1	0.9	63.9500	0.0000	0.0000	0.0000;
./matpower/data/case_SyntheticUSA.m:19547:	19493	2	0	0	0	0	15	0.9987307	-85.462754	13.8	1	1.1	0.9	63.9500	0.0000	0.0000	0.0000;
./matpower/data/case_SyntheticUSA.m:19641:	19587	1	0	0	0	0	15	1.0299871	-94.177187	138	1	1.1	0.9	63.9500	0.0000	0.0000	0.0000;
./matpower/data/case_SyntheticUSA.m:19642:	19588	2	0	0	0	0	15	1.0299871	-94.177187	13.8	1	1.1	0.9	63.9500	0.0000	0.0000	0.0000;
./matpower/data/case_SyntheticUSA.m:19643:	19589	1	0	0	0	0	15	1.0299871	-94.177187	138	1	1.1	0.9	63.9500	0.0000	0.0000	0.0000;
./matpower/data/case_SyntheticUSA.m:19822:	19768	1	0	0	0	0	16	0.9988036	-88.150585	69	1	1.1	0.9	63.9500	0.0000	0.0000	0.0000;
./matpower/data/case_SyntheticUSA.m:19823:	19769	1	21.97	3.82	0	0	16	0.9987128	-88.164453	69	1	1.1	0.9	63.9500	0.0000	0.0000	0.0000;
./matpower/data/case_SyntheticUSA.m:19830:	19776	1	15.79	1.58	0	0	16	1.0096612	-95.802556	69	1	1.1	0.9	63.9500	0.0000	0.0000	0.0000;
./matpower/data/case_SyntheticUSA.m:19887:	19833	1	24.9	5.2	0	0	16	1.0199824	-68.601134	69	1	1.1	0.9	63.9500	0.0000	0.0000	0.0000;
./matpower/data/case_SyntheticUSA.m:19889:	19835	1	8.11	4.26	0	0	16	1.0493381	-62.059473	69	1	1.1	0.9	63.9500	0.0000	0.0000	0.0000;
./matpower/data/case_SyntheticUSA.m:20006:	19952	1	15.41	5.89	0	0	16	1.0296645	-76.178243	69	1	1.1	0.9	63.9500	0.0000	0.0000	0.0000;
./matpower/data/case_SyntheticUSA.m:20062:	20008	1	0	0	0	0	16	1.0293383	-69.30727	13.8	1	1.1	0.9	63.9500	0.0000	0.0000	0.0000;
./matpower/data/case_SyntheticUSA.m:20063:	20009	1	0	0	0	0	16	1.0293383	-69.30727	1	1	1.1	0.9	63.9500	0.0000	0.0000	0.0000;
./matpower/data/case_SyntheticUSA.m:20199:	20145	1	0	0	0	0	16	1.0293317	-60.237651	345	1	1.1	0.9	63.9500	0.0000	0.0000	0.0000;
./matpower/data/case_SyntheticUSA.m:20287:	20233	1	0	0	0	0	16	0.9982382	-77.587319	138	1	1.1	0.9	63.9500	0.0000	0.0000	0.0000;
./matpower/data/case_SyntheticUSA.m:20291:	20237	1	14.83	3.62	0	0	16	1.0330754	-81.079984	69	1	1.1	0.9	63.9500	0.0000	0.0000	0.0000;
./matpower/data/case_SyntheticUSA.m:20341:	20287	1	0	0	0	0	16	0.966216	-73.511686	13.8	1	1.1	0.9	63.9500	0.0000	0.0000	0.0000;
./matpower/data/case_SyntheticUSA.m:20342:	20288	1	0	0	0	0	16	0.966216	-73.511686	1	1	1.1	0.9	63.9500	0.0000	0.0000	0.0000;
./matpower/data/case_SyntheticUSA.m:20403:	20349	1	0	0	0	0	16	1.0093319	-84.612792	18	1	1.1	0.9	63.9500	0.0000	0.0000	0.0000;
./matpower/data/case_SyntheticUSA.m:20404:	20350	1	0	0	0	0	16	1.0093319	-84.612792	1	1	1.1	0.9	63.9500	0.0000	0.0000	0.0000;
./matpower/data/case_SyntheticUSA.m:20483:	20429	1	0	0	0	0	16	0.9491419	-71.051221	138	1	1.1	0.9	63.9500	0.0000	0.0000	0.0000;
./matpower/data/case_SyntheticUSA.m:20556:	20502	1	0	0	0	0	16	0.9989551	-74.002658	138	1	1.1	0.9	63.9500	0.0000	0.0000	0.0000;
./matpower/data/case_SyntheticUSA.m:20558:	20504	1	41.78	13.62	0	0	16	0.998712	-74.025085	138	1	1.1	0.9	63.9500	0.0000	0.0000	0.0000;
./matpower/data/case_SyntheticUSA.m:20564:	20510	1	14.41	5.89	0	0	16	0.9980582	-77.422641	69	1	1.1	0.9	63.9500	0.0000	0.0000	0.0000;
./matpower/data/case_SyntheticUSA.m:20742:	20688	1	0	0	0	0	16	0.9985155	-52.650579	138	1	1.1	0.9	63.9500	0.0000	0.0000	0.0000;
./matpower/data/case_SyntheticUSA.m:20744:	20690	1	55.6	28.4	0	0	16	0.9980296	-52.684662	138	1	1.1	0.9	63.9500	0.0000	0.0000	0.0000;
./matpower/data/case_SyntheticUSA.m:20780:	20726	1	0	0	0	0	16	1.0299846	-63.397035	138	1	1.1	0.9	63.9500	0.0000	0.0000	0.0000;
./matpower/data/case_SyntheticUSA.m:20997:	20943	1	0	0	0	0	16	0.9985113	-72.806761	138	1	1.1	0.9	63.9500	0.0000	0.0000	0.0000;
./matpower/data/case_SyntheticUSA.m:20999:	20945	1	40.02	17.23	0	0	16	0.9982212	-72.828247	138	1	1.1	0.9	63.9500	0.0000	0.0000	0.0000;
./matpower/data/case_SyntheticUSA.m:21008:	20954	1	0	0	0	0	16	0.9983008	-57.560035	138	1	1.1	0.9	63.9500	0.0000	0.0000	0.0000;
./matpower/data/case_SyntheticUSA.m:21010:	20956	1	0	0	0	0	16	0.9987876	-57.489745	138	1	1.1	0.9	63.9500	0.0000	0.0000	0.0000;
./matpower/data/case_SyntheticUSA.m:21037:	20983	1	24.89	11.6	0	0	16	0.9981839	-59.696199	138	1	1.1	0.9	63.9500	0.0000	0.0000	0.0000;
./matpower/data/case_SyntheticUSA.m:21038:	20984	1	0	0	0	0	16	0.9983758	-59.680808	138	1	1.1	0.9	63.9500	0.0000	0.0000	0.0000;
./matpower/data/case_SyntheticUSA.m:21379:	21325	1	0	0	0	0	16	1.0399887	-75.039416	138	1	1.1	0.9	63.9500	0.0000	0.0000	0.0000;
./matpower/data/case_SyntheticUSA.m:21732:	21678	1	0	0	0	0	16	0.9986485	-66.764526	138	1	1.1	0.9	63.9500	0.0000	0.0000	0.0000;
./matpower/data/case_SyntheticUSA.m:21734:	21680	1	0	0	0	0	16	0.9987498	-66.756448	138	1	1.1	0.9	63.9500	0.0000	0.0000	0.0000;
./matpower/data/case_SyntheticUSA.m:21735:	21681	1	0	0	0	0	16	0.9986485	-66.764526	138	1	1.1	0.9	63.9500	0.0000	0.0000	0.0000;
./matpower/data/case_SyntheticUSA.m:21924:	21870	1	0	0	0	0	17	1.031504	-50.966254	138	1	1.1	0.9	63.9500	0.0000	0.0000	0.0000;
./matpower/data/case_SyntheticUSA.m:22120:	22066	1	0	0	0	0	17	1.0399825	-41.173459	345	1	1.1	0.9	63.9500	0.0000	0.0000	0.0000;
./matpower/data/case_SyntheticUSA.m:22152:	22098	1	13.74	3	0	0	17	1.0296645	-61.14633	69	1	1.1	0.9	63.9500	0.0000	0.0000	0.0000;
./matpower/data/case_SyntheticUSA.m:22531:	22477	1	0	0	0	0	18	0.9980775	-26.635083	138	1	1.1	0.9	63.9500	0.0000	0.0000	0.0000;
./matpower/data/case_SyntheticUSA.m:22533:	22479	1	0	0	0	0	18	0.9987019	-26.529371	138	1	1.1	0.9	63.9500	0.0000	0.0000	0.0000;
./matpower/data/case_SyntheticUSA.m:22614:	22560	1	82.28	34.61	0	0	18	0.9987542	-51.032197	69	1	1.1	0.9	63.9500	0.0000	0.0000	0.0000;
./matpower/data/case_SyntheticUSA.m:22625:	22571	1	25.53	4.42	0	0	18	1.0196625	-43.383769	69	1	1.1	0.9	63.9500	0.0000	0.0000	0.0000;
./matpower/data/case_SyntheticUSA.m:22637:	22583	1	53.7	18.01	0	0	18	1.0299894	-47.822669	69	1	1.1	0.9	63.9500	0.0000	0.0000	0.0000;
./matpower/data/case_SyntheticUSA.m:22811:	22757	1	10.21	2.95	0	0	18	1.0193357	-62.89508	69	1	1.1	0.9	63.9500	0.0000	0.0000	0.0000;
./matpower/data/case_SyntheticUSA.m:22818:	22764	1	9.77	4.08	0	9.59	18	1.0393319	-66.828777	69	1	1.1	0.9	63.9500	0.0000	0.0000	0.0000;
./matpower/data/case_SyntheticUSA.m:23033:	22979	1	19.27	3.56	0	0	18	0.9981745	-54.428539	69	1	1.1	0.9	63.9500	0.0000	0.0000	0.0000;
./matpower/data/case_SyntheticUSA.m:23197:	23143	1	23.1	7.25	0	0	18	0.9983682	-32.258506	69	1	1.1	0.9	63.9500	0.0000	0.0000	0.0000;
./matpower/data/case_SyntheticUSA.m:23216:	23162	1	28.49	10.58	0	0	18	1.0093378	-40.526669	69	1	1.1	0.9	63.9500	0.0000	0.0000	0.0000;
./matpower/data/case_SyntheticUSA.m:23948:	23894	1	28	7.19	0	0	19	1.004933	-33.317472	100	1	1.1	0.9	63.9500	0.0000	0.0000	0.0000;
./matpower/data/case_SyntheticUSA.m:24015:	23961	1	0	0	0	0	19	1.0299893	-25.090562	100	1	1.1	0.9	63.9500	0.0000	0.0000	0.0000;
./matpower/data/case_SyntheticUSA.m:24242:	24188	1	89.78	54.16	0	0	19	0.9988414	-27.582263	100	1	1.1	0.9	63.9500	0.0000	0.0000	0.0000;
./matpower/data/case_SyntheticUSA.m:24405:	24351	1	0	0	0	0	19	0.99813	-31.361975	100	1	1.1	0.9	63.9500	0.0000	0.0000	0.0000;
./matpower/data/case_SyntheticUSA.m:24498:	24444	1	26.35	9.14	0	0	19	0.9983599	-29.454293	100	1	1.1	0.9	63.9500	0.0000	0.0000	0.0000;
./matpower/data/case_SyntheticUSA.m:24499:	24445	1	0	0	0	0	19	0.9985364	-29.438151	100	1	1.1	0.9	63.9500	0.0000	0.0000	0.0000;
./matpower/data/case_SyntheticUSA.m:24535:	24481	1	59.04	19.11	0	0	19	1.0205683	-30.998603	100	1	1.1	0.9	63.9500	0.0000	0.0000	0.0000;
./matpower/data/case_SyntheticUSA.m:24598:	24544	1	0	0	0	0	19	1.0286095	-30.998531	100	1	1.1	0.9	63.9500	0.0000	0.0000	0.0000;
./matpower/data/case_SyntheticUSA.m:24624:	24570	2	0	0	0	0	19	1.0392303	-30.94982	13.8	1	1.1	0.9	63.9500	0.0000	0.0000	0.0000;
./matpower/data/case_SyntheticUSA.m:24843:	24789	1	0	0	0	58.41	19	1.0393389	-21.597662	345	1	1.1	0.9	63.9500	0.0000	0.0000	0.0000;
./matpower/data/case_SyntheticUSA.m:24921:	24867	1	37.13	8.16	0	0	20	0.9985825	-25.753792	100	1	1.1	0.9	63.9500	0.0000	0.0000	0.0000;
./matpower/data/case_SyntheticUSA.m:24945:	24891	1	0	0	0	0	20	0.949137	-31.501629	100	1	1.1	0.9	63.9500	0.0000	0.0000	0.0000;
./matpower/data/case_SyntheticUSA.m:24946:	24892	1	8.11	2.1	0	0	20	0.9490926	-31.507507	100	1	1.1	0.9	63.9500	0.0000	0.0000	0.0000;
./matpower/data/case_SyntheticUSA.m:24953:	24899	1	16.16	2.62	0	0	20	0.9664044	-21.729375	100	1	1.1	0.9	63.9500	0.0000	0.0000	0.0000;
./matpower/data/case_SyntheticUSA.m:24988:	24934	1	9.59	3.69	0	0	20	0.9987063	-25.423633	13.8	1	1.1	0.9	63.9500	0.0000	0.0000	0.0000;
./matpower/data/case_SyntheticUSA.m:25083:	25029	1	0	0	0	0	20	0.9984606	-3.737478	100	1	1.1	0.9	63.9500	0.0000	0.0000	0.0000;
./matpower/data/case_SyntheticUSA.m:25084:	25030	1	18.42	10.14	0	0	20	0.9983096	-3.746644	100	1	1.1	0.9	63.9500	0.0000	0.0000	0.0000;
./matpower/data/case_SyntheticUSA.m:25149:	25095	1	10.3	2.8	0	0	20	0.9989814	-13.941078	100	1	1.1	0.9	63.9500	0.0000	0.0000	0.0000;
./matpower/data/case_SyntheticUSA.m:25163:	25109	1	6.6	2.47	0	0	20	0.9987129	-16.62277	100	1	1.1	0.9	63.9500	0.0000	0.0000	0.0000;
./matpower/data/case_SyntheticUSA.m:25173:	25119	1	18.13	2.78	0	0	20	0.9981901	-20.683101	100	1	1.1	0.9	63.9500	0.0000	0.0000	0.0000;
./matpower/data/case_SyntheticUSA.m:25177:	25123	1	11.48	4.8	0	0	20	0.9986743	-21.51677	100	1	1.1	0.9	63.9500	0.0000	0.0000	0.0000;
./matpower/data/case_SyntheticUSA.m:25398:	25344	1	18.45	1.74	0	41.11	20	1.0394938	-26.021447	100	1	1.1	0.9	63.9500	0.0000	0.0000	0.0000;
./matpower/data/case_SyntheticUSA.m:25410:	25356	1	27.45	7.09	0	0	20	0.998889	-28.302103	100	1	1.1	0.9	63.9500	0.0000	0.0000	0.0000;
./matpower/data/case_SyntheticUSA.m:25417:	25363	1	9.76	2.58	0	0	20	0.9987495	-24.65478	100	1	1.1	0.9	63.9500	0.0000	0.0000	0.0000;
./matpower/data/case_SyntheticUSA.m:25480:	25426	1	51.83	10.56	0	0	20	0.9986087	-12.059432	100	1	1.1	0.9	63.9500	0.0000	0.0000	0.0000;
./matpower/data/case_SyntheticUSA.m:25485:	25431	1	0	0	0	0	20	0.9981528	-12.489853	100	1	1.1	0.9	63.9500	0.0000	0.0000	0.0000;
./matpower/data/case_SyntheticUSA.m:25521:	25467	1	12.57	2.76	0	0	20	0.9989317	-23.61702	100	1	1.1	0.9	63.9500	0.0000	0.0000	0.0000;
./matpower/data/case_SyntheticUSA.m:25571:	25517	1	17.63	1.41	0	0	20	0.9981707	-25.425994	100	1	1.1	0.9	63.9500	0.0000	0.0000	0.0000;
./matpower/data/case_SyntheticUSA.m:26041:	25987	1	18.56	3.62	0	0	21	0.9986909	4.004144	100	1	1.1	0.9	63.9500	0.0000	0.0000	0.0000;
./matpower/data/case_SyntheticUSA.m:26042:	25988	1	0	0	0	0	21	0.9987685	4.015204	100	1	1.1	0.9	63.9500	0.0000	0.0000	0.0000;
./matpower/data/case_SyntheticUSA.m:26356:	26302	1	85.24	19.83	0	0	22	0.9989927	-5.929	100	1	1.1	0.9	63.9500	0.0000	0.0000	0.0000;
./matpower/data/case_SyntheticUSA.m:26421:	26367	1	31.43	7.52	0	0	22	0.9987069	7.643328	100	1	1.1	0.9	63.9500	0.0000	0.0000	0.0000;
./matpower/data/case_SyntheticUSA.m:26721:	26667	1	0	0	0	0	22	0.9980414	7.301986	100	1	1.1	0.9	63.9500	0.0000	0.0000	0.0000;
./matpower/data/case_SyntheticUSA.m:26755:	26701	1	50.1	17.05	0	0	22	1.0196698	6.554717	100	1	1.1	0.9	63.9500	0.0000	0.0000	0.0000;
./matpower/data/case_SyntheticUSA.m:26799:	26745	1	0	0	0	0	22	0.9980241	-4.60958	100	1	1.1	0.9	63.9500	0.0000	0.0000	0.0000;
./matpower/data/case_SyntheticUSA.m:26802:	26748	1	25.91	4.26	0	0	22	0.9989205	-3.591445	100	1	1.1	0.9	63.9500	0.0000	0.0000	0.0000;
./matpower/data/case_SyntheticUSA.m:26820:	26766	1	13.73	3.37	0	0	22	1.0296634	-5.144345	100	1	1.1	0.9	63.9500	0.0000	0.0000	0.0000;
./matpower/data/case_SyntheticUSA.m:27041:	26987	2	0	0	0	0	22	0.9984548	-2.76332	100	1	1.1	0.9	63.9500	0.0000	0.0000	0.0000;
./matpower/data/case_SyntheticUSA.m:27042:	26988	1	0	0	0	0	22	0.9984548	-2.76332	100	1	1.1	0.9	63.9500	0.0000	0.0000	0.0000;
./matpower/data/case_SyntheticUSA.m:27341:	27287	1	51.24	17.37	0	0	23	1.0396655	10.089497	138	1	1.1	0.9	63.9500	0.0000	0.0000	0.0000;
./matpower/data/case_SyntheticUSA.m:27645:	27591	1	0	0	0	0	23	1.0393315	11.639885	138	1	1.1	0.9	63.9500	0.0000	0.0000	0.0000;
./matpower/data/case_SyntheticUSA.m:27761:	27707	1	0	0	0	0	23	1.0194956	-8.293445	138	1	1.1	0.9	63.9500	0.0000	0.0000	0.0000;
./matpower/data/case_SyntheticUSA.m:27825:	27771	1	0	0	0	0	23	1.0096662	-10.038571	138	1	1.1	0.9	63.9500	0.0000	0.0000	0.0000;
./matpower/data/case_SyntheticUSA.m:28139:	28085	1	48.9	16.72	0	0	23	1.0194959	11.896179	138	1	1.1	0.9	63.9500	0.0000	0.0000	0.0000;
./matpower/data/case_SyntheticUSA.m:28464:	28410	1	0	0	0	0	23	1.0226608	13.059331	13.8	1	1.1	0.9	63.9500	0.0000	0.0000	0.0000;
./matpower/data/case_SyntheticUSA.m:28465:	28411	1	0	0	0	0	23	1.0226608	13.059331	1	1	1.1	0.9	63.9500	0.0000	0.0000	0.0000;
./matpower/data/case_SyntheticUSA.m:28467:	28413	2	0	0	0	0	23	1.0069989	21.119772	13.8	1	1.1	0.9	63.9500	0.0000	0.0000	0.0000;
./matpower/data/case_SyntheticUSA.m:28729:	28675	1	15.45	2.01	0	0	24	0.9666095	-13.990132	100	1	1.1	0.9	63.9500	0.0000	0.0000	0.0000;
./matpower/data/case_SyntheticUSA.m:28999:	28945	1	13.02	1.72	0	0	24	1.0180455	-10.039498	100	1	1.1	0.9	63.9500	0.0000	0.0000	0.0000;
./matpower/data/case_SyntheticUSA.m:29117:	29063	1	18.96	6.81	0	0	24	1.0199812	-7.735814	100	1	1.1	0.9	63.9500	0.0000	0.0000	0.0000;
./matpower/data/case_SyntheticUSA.m:29137:	29083	1	17.58	4.85	0	0	24	0.9980449	3.935717	100	1	1.1	0.9	63.9500	0.0000	0.0000	0.0000;
./matpower/data/case_SyntheticUSA.m:29139:	29085	1	0	0	0	0	24	0.9989525	-14.793576	100	1	1.1	0.9	63.9500	0.0000	0.0000	0.0000;
./matpower/data/case_SyntheticUSA.m:29140:	29086	1	20.35	2.46	0	0	24	0.9988858	-14.805059	100	1	1.1	0.9	63.9500	0.0000	0.0000	0.0000;
./matpower/data/case_SyntheticUSA.m:29204:	29150	1	65.51	18.48	0	0	24	0.9986279	-16.940227	100	1	1.1	0.9	63.9500	0.0000	0.0000	0.0000;
./matpower/data/case_SyntheticUSA.m:29205:	29151	1	0	0	0	0	24	0.9989535	-16.904306	100	1	1.1	0.9	63.9500	0.0000	0.0000	0.0000;
./matpower/data/case_SyntheticUSA.m:29250:	29196	1	10.41	1.72	0	0	24	0.9987985	-13.634194	100	1	1.1	0.9	63.9500	0.0000	0.0000	0.0000;
./matpower/data/case_SyntheticUSA.m:29342:	29288	1	20.19	8.49	0	0	24	0.9981349	-12.557775	100	1	1.1	0.9	63.9500	0.0000	0.0000	0.0000;
./matpower/data/case_SyntheticUSA.m:29494:	29440	1	79.55	10.98	0	0	24	0.9983042	0.871479	100	1	1.1	0.9	63.9500	0.0000	0.0000	0.0000;
./matpower/data/case_SyntheticUSA.m:29558:	29504	1	23.84	5.65	0	0	24	0.9984513	-10.437501	100	1	1.1	0.9	63.9500	0.0000	0.0000	0.0000;
./matpower/data/case_SyntheticUSA.m:29612:	29558	1	15.04	4.61	0	0	24	0.9980345	-18.463046	100	1	1.1	0.9	63.9500	0.0000	0.0000	0.0000;
./matpower/data/case_SyntheticUSA.m:29628:	29574	1	0	0	0	18.41	24	1.0293359	8.686186	100	1	1.1	0.9	63.9500	0.0000	0.0000	0.0000;
./matpower/data/case_SyntheticUSA.m:29641:	29587	1	19.53	3.97	0	0	24	0.9987781	-0.241566	100	1	1.1	0.9	63.9500	0.0000	0.0000	0.0000;
./matpower/data/case_SyntheticUSA.m:29672:	29618	1	0	0	0	0	24	0.9983019	-7.320302	100	1	1.1	0.9	63.9500	0.0000	0.0000	0.0000;
./matpower/data/case_SyntheticUSA.m:29673:	29619	1	18.22	3.21	0	0	24	0.9982218	-7.331377	100	1	1.1	0.9	63.9500	0.0000	0.0000	0.0000;
./matpower/data/case_SyntheticUSA.m:29675:	29621	1	27.31	9.95	0	0	24	0.9983842	-6.605308	100	1	1.1	0.9	63.9500	0.0000	0.0000	0.0000;
./matpower/data/case_SyntheticUSA.m:29685:	29631	1	19.01	3.98	0	0	24	0.9987215	-8.123315	100	1	1.1	0.9	63.9500	0.0000	0.0000	0.0000;
./matpower/data/case_SyntheticUSA.m:29756:	29702	2	0	0	0	0	24	1.0187436	3.805933	18	1	1.1	0.9	63.9500	0.0000	0.0000	0.0000;
./matpower/data/case_SyntheticUSA.m:30233:	30179	1	40.17	10.09	0	0	25	0.9983058	27.99672	100	1	1.1	0.9	63.9500	0.0000	0.0000	0.0000;
./matpower/data/case_SyntheticUSA.m:30250:	30196	1	35.43	10.6	0	0	25	1.0299815	23.567645	100	1	1.1	0.9	63.9500	0.0000	0.0000	0.0000;
./matpower/data/case_SyntheticUSA.m:30295:	30241	1	33.75	8.17	0	0	25	1.0293332	12.255624	100	1	1.1	0.9	63.9500	0.0000	0.0000	0.0000;
./matpower/data/case_SyntheticUSA.m:30377:	30323	1	0	0	0	0	25	0.9987858	33.263159	100	1	1.1	0.9	63.9500	0.0000	0.0000	0.0000;
./matpower/data/case_SyntheticUSA.m:30378:	30324	1	30.92	15.55	0	0	25	0.9985521	33.245712	100	1	1.1	0.9	63.9500	0.0000	0.0000	0.0000;
./matpower/data/case_SyntheticUSA.m:30389:	30335	1	34.25	4.45	0	0	25	0.9981999	31.584132	100	1	1.1	0.9	63.9500	0.0000	0.0000	0.0000;
./matpower/data/case_SyntheticUSA.m:30523:	30469	1	0	0	0	0	25	0.9981578	21.986164	100	1	1.1	0.9	63.9500	0.0000	0.0000	0.0000;
./matpower/data/case_SyntheticUSA.m:30524:	30470	1	16.69	3.81	0	0	25	0.9980667	21.976463	100	1	1.1	0.9	63.9500	0.0000	0.0000	0.0000;
./matpower/data/case_SyntheticUSA.m:30551:	30497	1	9.51	0.73	0	0	25	1.0293337	14.468495	100	1	1.1	0.9	63.9500	0.0000	0.0000	0.0000;
./matpower/data/case_SyntheticUSA.m:30684:	30630	1	0	0	0	0	25	0.9986831	10.625828	100	1	1.1	0.9	63.9500	0.0000	0.0000	0.0000;
./matpower/data/case_SyntheticUSA.m:30685:	30631	1	0	0	0	0	25	0.9986831	10.625828	18	1	1.1	0.9	63.9500	0.0000	0.0000	0.0000;
./matpower/data/case_SyntheticUSA.m:30686:	30632	1	0	0	0	0	25	0.9986831	10.625828	18	1	1.1	0.9	63.9500	0.0000	0.0000	0.0000;
./matpower/data/case_SyntheticUSA.m:30687:	30633	1	0	0	0	0	25	0.9986831	10.625828	1	1	1.1	0.9	63.9500	0.0000	0.0000	0.0000;
./matpower/data/case_SyntheticUSA.m:30688:	30634	1	12.74	2.59	0	0	25	0.9986207	10.618425	100	1	1.1	0.9	63.9500	0.0000	0.0000	0.0000;
./matpower/data/case_SyntheticUSA.m:30689:	30635	1	0	0	0	0	25	0.998745	10.633668	100	1	1.1	0.9	63.9500	0.0000	0.0000	0.0000;
./matpower/data/case_SyntheticUSA.m:30752:	30698	1	25.78	9.16	0	0	25	0.9989543	19.540549	100	1	1.1	0.9	63.9500	0.0000	0.0000	0.0000;
./matpower/data/case_SyntheticUSA.m:30817:	30763	1	0	0	0	0	25	0.9989637	32.812893	100	1	1.1	0.9	63.9500	0.0000	0.0000	0.0000;
./matpower/data/case_SyntheticUSA.m:30818:	30764	2	0	0	0	0	25	0.9989637	32.812893	13.8	1	1.1	0.9	63.9500	0.0000	0.0000	0.0000;
./matpower/data/case_SyntheticUSA.m:30819:	30765	2	0	0	0	0	25	0.9989637	32.812893	18	1	1.1	0.9	63.9500	0.0000	0.0000	0.0000;
./matpower/data/case_SyntheticUSA.m:30820:	30766	1	0	0	0	0	25	0.9989637	32.812893	100	1	1.1	0.9	63.9500	0.0000	0.0000	0.0000;
./matpower/data/case_SyntheticUSA.m:30821:	30767	1	0	0	0	0	25	0.9989637	32.812893	100	1	1.1	0.9	63.9500	0.0000	0.0000	0.0000;
./matpower/data/case_SyntheticUSA.m:31074:	31020	1	0	0	0	0	26	0.9984142	-18.834679	138	1	1.1	0.9	63.9500	0.0000	0.0000	0.0000;
./matpower/data/case_SyntheticUSA.m:31075:	31021	1	0	0	0	0	26	0.9984142	-18.834679	22	1	1.1	0.9	63.9500	0.0000	0.0000	0.0000;
./matpower/data/case_SyntheticUSA.m:31076:	31022	1	0	0	0	0	26	0.9984142	-18.834679	22	1	1.1	0.9	63.9500	0.0000	0.0000	0.0000;
./matpower/data/case_SyntheticUSA.m:31077:	31023	1	0	0	0	0	26	0.9984142	-18.834679	1	1	1.1	0.9	63.9500	0.0000	0.0000	0.0000;
./matpower/data/case_SyntheticUSA.m:31078:	31024	1	0	0	0	0	26	0.9985169	-18.81797	138	1	1.1	0.9	63.9500	0.0000	0.0000	0.0000;
./matpower/data/case_SyntheticUSA.m:31079:	31025	1	25.1	3.79	0	0	26	0.9983133	-18.848956	138	1	1.1	0.9	63.9500	0.0000	0.0000	0.0000;
./matpower/data/case_SyntheticUSA.m:31336:	31282	1	30.65	10.25	0	0	26	1.0393359	-24.919946	138	1	1.1	0.9	63.9500	0.0000	0.0000	0.0000;
./matpower/data/case_SyntheticUSA.m:31476:	31422	1	17.62	4.59	0	0	26	0.9906638	-20.504933	138	1	1.1	0.9	63.9500	0.0000	0.0000	0.0000;
./matpower/data/case_SyntheticUSA.m:31543:	31489	1	0	0	0	0	26	1.0294926	-46.385354	138	1	1.1	0.9	63.9500	0.0000	0.0000	0.0000;
./matpower/data/case_SyntheticUSA.m:31570:	31516	1	20.03	11.02	0	0	26	1.0099819	-22.971858	138	1	1.1	0.9	63.9500	0.0000	0.0000	0.0000;
./matpower/data/case_SyntheticUSA.m:31623:	31569	1	0	0	0	0	26	1.0196634	-12.089841	138	1	1.1	0.9	63.9500	0.0000	0.0000	0.0000;
./matpower/data/case_SyntheticUSA.m:31696:	31642	1	9.16	1.41	0	91.4	26	1.0406606	-30.706998	138	1	1.1	0.9	63.9500	0.0000	0.0000	0.0000;
./matpower/data/case_SyntheticUSA.m:31783:	31729	1	0	0	0	0	26	0.9985287	-17.233998	138	1	1.1	0.9	63.9500	0.0000	0.0000	0.0000;
./matpower/data/case_SyntheticUSA.m:31787:	31733	1	14.73	8.73	0	0	26	0.9984062	-17.241425	138	1	1.1	0.9	63.9500	0.0000	0.0000	0.0000;
./matpower/data/case_SyntheticUSA.m:31788:	31734	1	0	0	0	0	26	0.9986918	-17.260974	138	1	1.1	0.9	63.9500	0.0000	0.0000	0.0000;
./matpower/data/case_SyntheticUSA.m:32033:	31979	1	0	0	0	0	26	0.9492752	6.019525	138	1	1.1	0.9	63.9500	0.0000	0.0000	0.0000;
./matpower/data/case_SyntheticUSA.m:32035:	31981	1	0	0	0	0	26	0.949242	5.958162	138	1	1.1	0.9	63.9500	0.0000	0.0000	0.0000;
./matpower/data/case_SyntheticUSA.m:32055:	32001	1	0	0	0	0	26	1.0394958	10.056005	100	1	1.1	0.9	63.9500	0.0000	0.0000	0.0000;
./matpower/data/case_SyntheticUSA.m:32120:	32066	1	0	0	0	0	26	0.9498322	4.858931	138	1	1.1	0.9	63.9500	0.0000	0.0000	0.0000;
./matpower/data/case_SyntheticUSA.m:32121:	32067	1	31.49	7.2	0	0	26	0.9496879	4.839644	138	1	1.1	0.9	63.9500	0.0000	0.0000	0.0000;
./matpower/data/case_SyntheticUSA.m:32529:	32475	1	0	0	0	0	26	1.0374516	7.905949	138	1	1.1	0.9	63.9500	0.0000	0.0000	0.0000;
./matpower/data/case_SyntheticUSA.m:32582:	32528	1	0	0	0	0	27	1.0293358	-41.466522	345	1	1.1	0.9	63.9500	0.0000	0.0000	0.0000;
./matpower/data/case_SyntheticUSA.m:32716:	32662	1	11.17	5.28	0	0	27	1.0374807	-62.505949	138	1	1.1	0.9	63.9500	0.0000	0.0000	0.0000;
./matpower/data/case_SyntheticUSA.m:32946:	32892	1	0	0	0	0	27	0.9983306	-66.391841	138	1	1.1	0.9	63.9500	0.0000	0.0000	0.0000;
./matpower/data/case_SyntheticUSA.m:33091:	33037	1	0	0	0	0	27	1.0193394	-25.974139	138	1	1.1	0.9	63.9500	0.0000	0.0000	0.0000;
./matpower/data/case_SyntheticUSA.m:33215:	33161	1	0	0	0	0	27	1.0199875	-56.368055	138	1	1.1	0.9	63.9500	0.0000	0.0000	0.0000;
./matpower/data/case_SyntheticUSA.m:33391:	33337	1	12.37	2.78	0	0	27	1.039661	-10.116918	138	1	1.1	0.9	63.9500	0.0000	0.0000	0.0000;
./matpower/data/case_SyntheticUSA.m:33570:	33516	1	0	0	0	0	27	1.0261608	-55.019498	138	1	1.1	0.9	63.9500	0.0000	0.0000	0.0000;
./matpower/data/case_SyntheticUSA.m:33611:	33557	1	0	0	0	0	27	0.9986471	-74.690236	1	1	1.1	0.9	63.9500	0.0000	0.0000	0.0000;
./matpower/data/case_SyntheticUSA.m:33891:	33837	1	9.17	1.25	0	0	27	1.0393323	-62.498485	138	1	1.1	0.9	63.9500	0.0000	0.0000	0.0000;
./matpower/data/case_SyntheticUSA.m:33964:	33910	1	29.68	3.11	0	0	27	1.0296648	-32.538848	138	1	1.1	0.9	63.9500	0.0000	0.0000	0.0000;
./matpower/data/case_SyntheticUSA.m:34575:	34521	1	2.74	0.32	0	0	28	1.0399806	-65.361374	138	1	1.1	0.9	63.9500	0.0000	0.0000	0.0000;
./matpower/data/case_SyntheticUSA.m:34795:	34741	1	0	0	0	0	28	1.0399846	-64.794375	138	1	1.1	0.9	63.9500	0.0000	0.0000	0.0000;
./matpower/data/case_SyntheticUSA.m:35115:	35061	1	0	0	0	0	28	1.0259316	-79.069333	138	1	1.1	0.9	63.9500	0.0000	0.0000	0.0000;
./matpower/data/case_SyntheticUSA.m:35298:	35244	1	5.66	1.93	0	0	28	1.0396603	-71.600297	138	1	1.1	0.9	63.9500	0.0000	0.0000	0.0000;
./matpower/data/case_SyntheticUSA.m:35301:	35247	1	3.38	1.07	0	0	28	1.0396654	-71.110443	138	1	1.1	0.9	63.9500	0.0000	0.0000	0.0000;
./matpower/data/case_SyntheticUSA.m:35320:	35266	1	0	0	0	0	28	1.0374979	-60.949795	138	1	1.1	0.9	63.9500	0.0000	0.0000	0.0000;
./matpower/data/case_SyntheticUSA.m:35351:	35297	1	3.67	0.65	0	0	28	1.0396653	-67.41585	138	1	1.1	0.9	63.9500	0.0000	0.0000	0.0000;
./matpower/data/case_SyntheticUSA.m:35607:	35553	1	23.37	4.06	0	0	29	0.9985138	-75.411653	100	1	1.1	0.9	63.9500	0.0000	0.0000	0.0000;
./matpower/data/case_SyntheticUSA.m:35635:	35581	1	0	0	0	0	29	0.9937204	-70.949287	100	1	1.1	0.9	63.9500	0.0000	0.0000	0.0000;
./matpower/data/case_SyntheticUSA.m:35795:	35741	1	20.93	7.73	0	0	29	0.998181	-70.247509	100	1	1.1	0.9	63.9500	0.0000	0.0000	0.0000;
./matpower/data/case_SyntheticUSA.m:35879:	35825	1	10.13	2.12	0	0	29	1.0106423	-71.059498	100	1	1.1	0.9	63.9500	0.0000	0.0000	0.0000;
./matpower/data/case_SyntheticUSA.m:35931:	35877	1	13.81	5.54	0	0	29	1.0309949	-83.984006	100	1	1.1	0.9	63.9500	0.0000	0.0000	0.0000;
./matpower/data/case_SyntheticUSA.m:35957:	35903	1	30.02	2.84	0	0	29	0.9986681	-92.068333	100	1	1.1	0.9	63.9500	0.0000	0.0000	0.0000;
./matpower/data/case_SyntheticUSA.m:36043:	35989	1	10.56	0.49	0	0	29	0.9983759	-88.579794	100	1	1.1	0.9	63.9500	0.0000	0.0000	0.0000;
./matpower/data/case_SyntheticUSA.m:36088:	36034	1	34.77	7.3	0	0	29	0.9987687	-92.606601	100	1	1.1	0.9	63.9500	0.0000	0.0000	0.0000;
./matpower/data/case_SyntheticUSA.m:36089:	36035	1	26.33	5.71	0	0	29	0.9669714	-90.724945	100	1	1.1	0.9	63.9500	0.0000	0.0000	0.0000;
./matpower/data/case_SyntheticUSA.m:36093:	36039	1	26.44	6.48	0	0	29	0.9665027	-88.903707	100	1	1.1	0.9	63.9500	0.0000	0.0000	0.0000;
./matpower/data/case_SyntheticUSA.m:36201:	36147	1	57.68	22.7	0	0	29	1.0115903	-80.998416	100	1	1.1	0.9	63.9500	0.0000	0.0000	0.0000;
./matpower/data/case_SyntheticUSA.m:36218:	36164	1	25.04	8.95	0	0	29	0.9982197	-82.406959	100	1	1.1	0.9	63.9500	0.0000	0.0000	0.0000;
./matpower/data/case_SyntheticUSA.m:36329:	36275	1	15.83	1.24	0	0	29	0.998704	-87.165889	100	1	1.1	0.9	63.9500	0.0000	0.0000	0.0000;
./matpower/data/case_SyntheticUSA.m:36543:	36489	1	11.58	0.83	0	0	29	1.0344498	-63.001933	100	1	1.1	0.9	63.9500	0.0000	0.0000	0.0000;
./matpower/data/case_SyntheticUSA.m:36634:	36580	1	5.59	0.46	0	0	29	0.9981542	-70.791139	100	1	1.1	0.9	63.9500	0.0000	0.0000	0.0000;
./matpower/data/case_SyntheticUSA.m:36635:	36581	1	0	0	0	0	29	0.9981721	-70.787487	100	1	1.1	0.9	63.9500	0.0000	0.0000	0.0000;
./matpower/data/case_SyntheticUSA.m:36641:	36587	1	0	0	0	0	29	1.0295962	-73.002998	100	1	1.1	0.9	63.9500	0.0000	0.0000	0.0000;
./matpower/data/case_SyntheticUSA.m:37011:	36957	2	0	0	0	0	29	0.9981051	-71.34897	13.8	1	1.1	0.9	63.9500	0.0000	0.0000	0.0000;
./matpower/data/case_SyntheticUSA.m:37059:	37005	2	0	0	0	0	29	1.0175586	-71.039331	100	1	1.1	0.9	63.9500	0.0000	0.0000	0.0000;
./matpower/data/case_SyntheticUSA.m:37060:	37006	1	0	0	0	0	29	1.0175586	-71.039331	100	1	1.1	0.9	63.9500	0.0000	0.0000	0.0000;
./matpower/data/case_SyntheticUSA.m:37116:	37062	1	0	0	0	0	29	1.0416233	-60.998057	230	1	1.1	0.9	63.9500	0.0000	0.0000	0.0000;
./matpower/data/case_SyntheticUSA.m:37267:	37213	1	0	0	0	0	30	0.9980439	-86.329692	100	1	1.1	0.9	63.9500	0.0000	0.0000	0.0000;
./matpower/data/case_SyntheticUSA.m:37379:	37325	1	0	0	0	0	30	1.0117059	-90.933988	100	1	1.1	0.9	63.9500	0.0000	0.0000	0.0000;
./matpower/data/case_SyntheticUSA.m:37498:	37444	1	27.75	7.34	0	0	30	1.0196683	-93.957023	100	1	1.1	0.9	63.9500	0.0000	0.0000	0.0000;
./matpower/data/case_SyntheticUSA.m:37503:	37449	1	24.38	7.54	0	0	30	1.0193386	-93.549675	100	1	1.1	0.9	63.9500	0.0000	0.0000	0.0000;
./matpower/data/case_SyntheticUSA.m:37574:	37520	1	19.64	9.72	0	0	30	0.9668464	-75.173362	100	1	1.1	0.9	63.9500	0.0000	0.0000	0.0000;
./matpower/data/case_SyntheticUSA.m:37707:	37653	1	0	0	0	0	30	0.9982722	-83.089346	1	1	1.1	0.9	63.9500	0.0000	0.0000	0.0000;
./matpower/data/case_SyntheticUSA.m:37813:	37759	1	59.57	22.56	0	0	30	1.02966	-67.990555	100	1	1.1	0.9	63.9500	0.0000	0.0000	0.0000;
./matpower/data/case_SyntheticUSA.m:37971:	37917	1	8.73	2.73	0	0	30	1.0302933	-91.490791	100	1	1.1	0.9	63.9500	0.0000	0.0000	0.0000;
./matpower/data/case_SyntheticUSA.m:38075:	38021	1	0	0	0	0	30	1.0394918	-80.573736	230	1	1.1	0.9	63.9500	0.0000	0.0000	0.0000;
./matpower/data/case_SyntheticUSA.m:38227:	38173	2	0	0	0	0	30	0.9988924	-76.385754	13.8	1	1.1	0.9	63.9500	0.0000	0.0000	0.0000;
./matpower/data/case_SyntheticUSA.m:38529:	38475	1	4.1	0.97	0	0	31	1.0393395	-47.813971	100	1	1.1	0.9	63.9500	0.0000	0.0000	0.0000;
./matpower/data/case_SyntheticUSA.m:38627:	38573	1	0	0	0	0	31	1.0296623	-53.498399	100	1	1.1	0.9	63.9500	0.0000	0.0000	0.0000;
./matpower/data/case_SyntheticUSA.m:38783:	38729	1	3.55	1.92	0	0	31	1.0293373	-8.60262	100	1	1.1	0.9	63.9500	0.0000	0.0000	0.0000;
./matpower/data/case_SyntheticUSA.m:38802:	38748	1	2.31	1.02	0	0	31	1.0494908	-52.563074	100	1	1.1	0.9	63.9500	0.0000	0.0000	0.0000;
./matpower/data/case_SyntheticUSA.m:38958:	38904	1	4.16	1.26	0	0	31	1.0293351	-44.184859	100	1	1.1	0.9	63.9500	0.0000	0.0000	0.0000;
./matpower/data/case_SyntheticUSA.m:39288:	39234	2	0	0	0	0	31	1.0448931	0.949676	13.8	1	1.1	0.9	63.9500	0.0000	0.0000	0.0000;
./matpower/data/case_SyntheticUSA.m:39315:	39261	2	0	0	0	0	31	1.0500739	-26.01949	13.8	1	1.1	0.9	63.9500	0.0000	0.0000	0.0000;
./matpower/data/case_SyntheticUSA.m:39357:	39303	2	0	0	0	0	31	1.0437486	-50.966539	18	1	1.1	0.9	63.9500	0.0000	0.0000	0.0000;
./matpower/data/case_SyntheticUSA.m:39358:	39304	2	0	0	0	0	31	1.0437522	-50.966433	13.8	1	1.1	0.9	63.9500	0.0000	0.0000	0.0000;
./matpower/data/case_SyntheticUSA.m:39443:	39389	1	0	0	0	0	31	1.0399877	-5.955163	100	1	1.1	0.9	63.9500	0.0000	0.0000	0.0000;
./matpower/data/case_SyntheticUSA.m:39814:	39760	1	13.37	3.69	0	0	32	1.0099662	-67.911985	100	1	1.1	0.9	63.9500	0.0000	0.0000	0.0000;
./matpower/data/case_SyntheticUSA.m:40111:	40057	1	15.3	4.05	0	0	32	1.0199875	-59.913226	100	1	1.1	0.9	63.9500	0.0000	0.0000	0.0000;
./matpower/data/case_SyntheticUSA.m:40147:	40093	1	20.12	1.9	0	0	32	1.0296664	-63.046457	100	1	1.1	0.9	63.9500	0.0000	0.0000	0.0000;
./matpower/data/case_SyntheticUSA.m:40197:	40143	1	23.44	3.11	0	0	32	0.9982157	-77.917563	100	1	1.1	0.9	63.9500	0.0000	0.0000	0.0000;
./matpower/data/case_SyntheticUSA.m:40360:	40306	1	16.73	5.06	0	0	32	0.9985219	-76.223901	100	1	1.1	0.9	63.9500	0.0000	0.0000	0.0000;
./matpower/data/case_SyntheticUSA.m:40361:	40307	1	0	0	0	0	32	0.9986282	-76.213662	100	1	1.1	0.9	63.9500	0.0000	0.0000	0.0000;
./matpower/data/case_SyntheticUSA.m:40550:	40496	1	27.4	6.41	0	0	32	0.9986975	-67.994052	100	1	1.1	0.9	63.9500	0.0000	0.0000	0.0000;
./matpower/data/case_SyntheticUSA.m:40568:	40514	1	19.24	6.51	0	0	32	0.9989073	-73.428278	100	1	1.1	0.9	63.9500	0.0000	0.0000	0.0000;
./matpower/data/case_SyntheticUSA.m:40570:	40516	1	36.59	7.81	0	0	32	0.9986328	-73.537144	100	1	1.1	0.9	63.9500	0.0000	0.0000	0.0000;
./matpower/data/case_SyntheticUSA.m:40607:	40553	1	21.67	6.25	0	0	32	0.998112	-74.457847	100	1	1.1	0.9	63.9500	0.0000	0.0000	0.0000;
./matpower/data/case_SyntheticUSA.m:40614:	40560	1	0	0	0	0	32	0.9988397	-73.493967	100	1	1.1	0.9	63.9500	0.0000	0.0000	0.0000;
./matpower/data/case_SyntheticUSA.m:40615:	40561	1	27.75	11.79	0	0	32	0.9986626	-73.508716	100	1	1.1	0.9	63.9500	0.0000	0.0000	0.0000;
./matpower/data/case_SyntheticUSA.m:40742:	40688	1	40.92	11.25	0	0	32	1.021665	-70.933835	100	1	1.1	0.9	63.9500	0.0000	0.0000	0.0000;
./matpower/data/case_SyntheticUSA.m:40925:	40871	1	0	0	0	0	32	1.0196618	-67.312999	100	1	1.1	0.9	63.9500	0.0000	0.0000	0.0000;
./matpower/data/case_SyntheticUSA.m:40926:	40872	2	0	0	0	0	32	1.0196618	-67.312999	13.8	1	1.1	0.9	63.9500	0.0000	0.0000	0.0000;
./matpower/data/case_SyntheticUSA.m:40927:	40873	1	0	0	0	0	32	1.0196618	-67.312999	100	1	1.1	0.9	63.9500	0.0000	0.0000	0.0000;
./matpower/data/case_SyntheticUSA.m:41185:	41131	1	23.17	6.87	0	0	33	0.9987535	-63.729975	100	1	1.1	0.9	63.9500	0.0000	0.0000	0.0000;
./matpower/data/case_SyntheticUSA.m:41208:	41154	1	16.7	10.18	0	0	33	0.9987199	-72.851724	100	1	1.1	0.9	63.9500	0.0000	0.0000	0.0000;
./matpower/data/case_SyntheticUSA.m:41272:	41218	1	0	0	0	0	33	0.9988079	-70.400297	100	1	1.1	0.9	63.9500	0.0000	0.0000	0.0000;
./matpower/data/case_SyntheticUSA.m:41273:	41219	1	26.38	7.25	0	0	33	0.9986514	-70.415568	100	1	1.1	0.9	63.9500	0.0000	0.0000	0.0000;
./matpower/data/case_SyntheticUSA.m:41333:	41279	1	0	0	0	0	33	0.9986805	-37.805245	230	1	1.1	0.9	63.9500	0.0000	0.0000	0.0000;
./matpower/data/case_SyntheticUSA.m:41335:	41281	1	47.63	0.54	0	0	33	0.998556	-37.837927	230	1	1.1	0.9	63.9500	0.0000	0.0000	0.0000;
./matpower/data/case_SyntheticUSA.m:41361:	41307	1	33.28	2.32	0	0	33	0.9988597	-49.782644	100	1	1.1	0.9	63.9500	0.0000	0.0000	0.0000;
./matpower/data/case_SyntheticUSA.m:41550:	41496	1	12.27	2.93	0	0	33	0.9983892	-73.578855	100	1	1.1	0.9	63.9500	0.0000	0.0000	0.0000;
./matpower/data/case_SyntheticUSA.m:41583:	41529	1	15.51	8.03	0	0	33	1.0299841	-61.227001	100	1	1.1	0.9	63.9500	0.0000	0.0000	0.0000;
./matpower/data/case_SyntheticUSA.m:41605:	41551	1	32.51	4.8	0	0	33	1.0196678	-56.832331	100	1	1.1	0.9	63.9500	0.0000	0.0000	0.0000;
./matpower/data/case_SyntheticUSA.m:41733:	41679	1	22.97	6.14	0	0	33	0.9988945	-61.422476	100	1	1.1	0.9	63.9500	0.0000	0.0000	0.0000;
./matpower/data/case_SyntheticUSA.m:42026:	41972	1	9.82	1.78	0	0	33	1.0299809	-67.376535	100	1	1.1	0.9	63.9500	0.0000	0.0000	0.0000;
./matpower/data/case_SyntheticUSA.m:42029:	41975	1	13.26	4.03	0	0	33	1.0293389	-66.297746	100	1	1.1	0.9	63.9500	0.0000	0.0000	0.0000;
./matpower/data/case_SyntheticUSA.m:42054:	42000	1	39.16	9.05	0	0	33	0.9983802	-42.601144	100	1	1.1	0.9	63.9500	0.0000	0.0000	0.0000;
./matpower/data/case_SyntheticUSA.m:42145:	42091	1	7.99	1.36	0	0	33	1.0107998	-47.91412	100	1	1.1	0.9	63.9500	0.0000	0.0000	0.0000;
./matpower/data/case_SyntheticUSA.m:42281:	42227	1	10.84	0.79	0	0	33	1.005715	-57.902949	100	1	1.1	0.9	63.9500	0.0000	0.0000	0.0000;
./matpower/data/case_SyntheticUSA.m:42400:	42346	1	32.76	13.6	0	0	33	1.0031825	-27.903949	100	1	1.1	0.9	63.9500	0.0000	0.0000	0.0000;
./matpower/data/case_SyntheticUSA.m:42405:	42351	1	16.3	19.28	0	0	33	0.9989916	-27.961189	100	1	1.1	0.9	63.9500	0.0000	0.0000	0.0000;
./matpower/data/case_SyntheticUSA.m:42429:	42375	1	19.41	7.82	0	0	33	1.0194994	-59.294997	100	1	1.1	0.9	63.9500	0.0000	0.0000	0.0000;
./matpower/data/case_SyntheticUSA.m:42462:	42408	1	0	0	0	0	33	0.998049	-56.854407	100	1	1.1	0.9	63.9500	0.0000	0.0000	0.0000;
./matpower/data/case_SyntheticUSA.m:42523:	42469	1	31.79	5.22	0	14.55	33	1.0294903	-50.715797	100	1	1.1	0.9	63.9500	0.0000	0.0000	0.0000;
./matpower/data/case_SyntheticUSA.m:42559:	42505	1	21.85	7.31	0	0	33	0.998983	-34.073493	100	1	1.1	0.9	63.9500	0.0000	0.0000	0.0000;
./matpower/data/case_SyntheticUSA.m:42564:	42510	1	14.06	0.55	0	0	33	0.9986958	-31.064276	100	1	1.1	0.9	63.9500	0.0000	0.0000	0.0000;
./matpower/data/case_SyntheticUSA.m:42567:	42513	1	0	0	0	0	33	0.9982094	-32.438976	100	1	1.1	0.9	63.9500	0.0000	0.0000	0.0000;
./matpower/data/case_SyntheticUSA.m:42568:	42514	1	14.06	2.51	0	0	33	0.9981511	-32.4474	100	1	1.1	0.9	63.9500	0.0000	0.0000	0.0000;
./matpower/data/case_SyntheticUSA.m:42803:	42749	2	0	0	0	0	33	1.0494957	-34.651454	18	1	1.1	0.9	63.9500	0.0000	0.0000	0.0000;
./matpower/data/case_SyntheticUSA.m:43183:	43129	1	11.6	3.4	0	0	34	1.0396644	-22.032097	100	1	1.1	0.9	63.9500	0.0000	0.0000	0.0000;
./matpower/data/case_SyntheticUSA.m:43403:	43349	1	0	0	0	0	34	1.029669	-35.384539	230	1	1.1	0.9	63.9500	0.0000	0.0000	0.0000;
./matpower/data/case_SyntheticUSA.m:43767:	43713	1	14.08	3.07	0	0	34	1.0260805	-31.506966	100	1	1.1	0.9	63.9500	0.0000	0.0000	0.0000;
./matpower/data/case_SyntheticUSA.m:43851:	43797	1	20.47	5.33	0	0	34	0.9988435	-40.25081	100	1	1.1	0.9	63.9500	0.0000	0.0000	0.0000;
./matpower/data/case_SyntheticUSA.m:44285:	44231	2	0	0	0	0	34	1.0166515	-26.306998	13.2	1	1.1	0.9	63.9500	0.0000	0.0000	0.0000;
./matpower/data/case_SyntheticUSA.m:44546:	44492	2	0	0	0	0	34	1.0049333	-11.857336	22	1	1.1	0.9	63.9500	0.0000	0.0000	0.0000;
./matpower/data/case_SyntheticUSA.m:44661:	44607	1	23.38	12.11	0	0	35	0.9980152	-8.429225	100	1	1.1	0.9	63.9500	0.0000	0.0000	0.0000;
./matpower/data/case_SyntheticUSA.m:44662:	44608	1	0	0	0	0	35	0.9982088	-8.414736	100	1	1.1	0.9	63.9500	0.0000	0.0000	0.0000;
./matpower/data/case_SyntheticUSA.m:44908:	44854	1	1.73	0.53	0	0	35	1.0318122	-10.966061	100	1	1.1	0.9	63.9500	0.0000	0.0000	0.0000;
./matpower/data/case_SyntheticUSA.m:45058:	45004	1	0	0	0	0	35	1.0294953	-17.681696	100	1	1.1	0.9	63.9500	0.0000	0.0000	0.0000;
./matpower/data/case_SyntheticUSA.m:45386:	45332	1	11.42	2.54	0	0	35	1.0399824	-11.481505	100	1	1.1	0.9	63.9500	0.0000	0.0000	0.0000;
./matpower/data/case_SyntheticUSA.m:46209:	46155	1	16.58	2.52	0	0	35	1.0409966	-11.405827	230	1	1.1	0.9	63.9500	0.0000	0.0000	0.0000;
./matpower/data/case_SyntheticUSA.m:46293:	46239	1	7.07	3.12	0	0	35	1.0225102	-21.103933	100	1	1.1	0.9	63.9500	0.0000	0.0000	0.0000;
./matpower/data/case_SyntheticUSA.m:46456:	46402	1	0	0	0	0	35	1.0393361	-6.787976	230	1	1.1	0.9	63.9500	0.0000	0.0000	0.0000;
./matpower/data/case_SyntheticUSA.m:46692:	46638	2	0	0	0	0	35	1.0177939	-16.029982	13.8	1	1.1	0.9	63.9500	0.0000	0.0000	0.0000;
./matpower/data/case_SyntheticUSA.m:46734:	46680	1	0	0	0	0	35	1.0399893	-15.951979	100	1	1.1	0.9	63.9500	0.0000	0.0000	0.0000;
./matpower/data/case_SyntheticUSA.m:46787:	46733	1	0	0	0	0	35	1.0393377	-14.45444	500	1	1.1	0.9	63.9500	0.0000	0.0000	0.0000;
./matpower/data/case_SyntheticUSA.m:46950:	46896	1	8.9	1.82	0	0	36	1.0343417	-2.079492	100	1	1.1	0.9	63.9500	0.0000	0.0000	0.0000;
./matpower/data/case_SyntheticUSA.m:47080:	47026	1	11.32	1.5	0	0	36	0.9983483	-24.48219	100	1	1.1	0.9	63.9500	0.0000	0.0000	0.0000;
./matpower/data/case_SyntheticUSA.m:47110:	47056	1	0	0	0	0	36	1.039662	-0.913052	230	1	1.1	0.9	63.9500	0.0000	0.0000	0.0000;
./matpower/data/case_SyntheticUSA.m:47148:	47094	1	0	0	0	0	36	0.9982513	-25.295869	100	1	1.1	0.9	63.9500	0.0000	0.0000	0.0000;
./matpower/data/case_SyntheticUSA.m:47149:	47095	1	24.78	1.01	0	0	36	0.9981784	-25.311431	100	1	1.1	0.9	63.9500	0.0000	0.0000	0.0000;
./matpower/data/case_SyntheticUSA.m:47151:	47097	1	58.12	10.22	0	0	36	1.0393345	-24.018475	100	1	1.1	0.9	63.9500	0.0000	0.0000	0.0000;
./matpower/data/case_SyntheticUSA.m:47193:	47139	1	0	0	0	0	36	0.9981844	-25.362747	100	1	1.1	0.9	63.9500	0.0000	0.0000	0.0000;
./matpower/data/case_SyntheticUSA.m:47194:	47140	1	9.01	1.69	0	0	36	0.9981475	-25.36801	100	1	1.1	0.9	63.9500	0.0000	0.0000	0.0000;
./matpower/data/case_SyntheticUSA.m:47201:	47147	1	0	0	0	0	36	1.0263361	-30.933554	100	1	1.1	0.9	63.9500	0.0000	0.0000	0.0000;
./matpower/data/case_SyntheticUSA.m:47353:	47299	1	0	0	0	0	36	0.9983397	-5.723607	100	1	1.1	0.9	63.9500	0.0000	0.0000	0.0000;
./matpower/data/case_SyntheticUSA.m:47355:	47301	1	5.4	0.72	0	0	36	0.9983172	-5.726655	100	1	1.1	0.9	63.9500	0.0000	0.0000	0.0000;
./matpower/data/case_SyntheticUSA.m:47426:	47372	1	2.36	0.01	0	0	36	1.0307933	-7.756	100	1	1.1	0.9	63.9500	0.0000	0.0000	0.0000;
./matpower/data/case_SyntheticUSA.m:47897:	47843	1	33.24	10.35	0	0	36	1.0393311	-16.284239	100	1	1.1	0.9	63.9500	0.0000	0.0000	0.0000;
./matpower/data/case_SyntheticUSA.m:47917:	47863	1	31.86	16.26	0	0	36	1.0396641	-27.530957	100	1	1.1	0.9	63.9500	0.0000	0.0000	0.0000;
./matpower/data/case_SyntheticUSA.m:47931:	47877	1	13.57	2.29	0	0	36	1.0193352	-36.20149	100	1	1.1	0.9	63.9500	0.0000	0.0000	0.0000;
./matpower/data/case_SyntheticUSA.m:48218:	48164	1	24.15	4.6	0	0	36	1.0296686	-35.137134	100	1	1.1	0.9	63.9500	0.0000	0.0000	0.0000;
./matpower/data/case_SyntheticUSA.m:48280:	48226	1	16.23	3.81	0	0	36	0.998537	-23.727879	100	1	1.1	0.9	63.9500	0.0000	0.0000	0.0000;
./matpower/data/case_SyntheticUSA.m:48283:	48229	1	15.91	6.99	0	0	36	0.9983204	-24.108678	100	1	1.1	0.9	63.9500	0.0000	0.0000	0.0000;
./matpower/data/case_SyntheticUSA.m:48739:	48685	1	0	0	0	0	36	1.0394957	-22.665369	230	1	1.1	0.9	63.9500	0.0000	0.0000	0.0000;
./matpower/data/case_SyntheticUSA.m:48745:	48691	1	0	0	0	-216.65	36	1.0432344	0.949454	500	1	1.1	0.9	63.9500	0.0000	0.0000	0.0000;
./matpower/data/case_SyntheticUSA.m:48774:	48720	1	0	0	0	0	36	1.0307759	-17.049981	100	1	1.1	0.9	63.9500	0.0000	0.0000	0.0000;
./matpower/data/case_SyntheticUSA.m:48828:	48774	2	0	0	0	0	36	1.0093398	1.950763	18	1	1.1	0.9	63.9500	0.0000	0.0000	0.0000;
./matpower/data/case_SyntheticUSA.m:48835:	48781	1	0	0	0	0	36	1.0396627	-5.73532	100	1	1.1	0.9	63.9500	0.0000	0.0000	0.0000;
./matpower/data/case_SyntheticUSA.m:48841:	48787	1	0	0	0	0	36	1.0278831	-10.949542	100	1	1.1	0.9	63.9500	0.0000	0.0000	0.0000;
./matpower/data/case_SyntheticUSA.m:49099:	49045	1	6.41	2.56	0	0	37	1.0401739	22.808966	69	1	1.1	0.9	63.9500	0.0000	0.0000	0.0000;
./matpower/data/case_SyntheticUSA.m:49180:	49126	1	10.61	3.76	0	0	37	1.0299832	4.546927	69	1	1.1	0.9	63.9500	0.0000	0.0000	0.0000;
./matpower/data/case_SyntheticUSA.m:49340:	49286	1	0	0	0	0	37	1.039332	25.853278	69	1	1.1	0.9	63.9500	0.0000	0.0000	0.0000;
./matpower/data/case_SyntheticUSA.m:49449:	49395	1	4.86	2.87	0	0	37	1.0294932	13.384855	69	1	1.1	0.9	63.9500	0.0000	0.0000	0.0000;
./matpower/data/case_SyntheticUSA.m:49935:	49881	1	3.52	0.72	0	0	37	1.0293191	20.933406	69	1	1.1	0.9	63.9500	0.0000	0.0000	0.0000;
./matpower/data/case_SyntheticUSA.m:50341:	50287	1	0	0	0	0	38	1.0399898	12.07636	69	1	1.1	0.9	63.9500	0.0000	0.0000	0.0000;
./matpower/data/case_SyntheticUSA.m:50473:	50419	1	21.47	5.54	0	0	38	0.9666091	-6.588904	13.8	1	1.1	0.9	63.9500	0.0000	0.0000	0.0000;
./matpower/data/case_SyntheticUSA.m:50532:	50478	1	0	0	0	0	38	1.0194959	-0.076111	69	1	1.1	0.9	63.9500	0.0000	0.0000	0.0000;
./matpower/data/case_SyntheticUSA.m:50533:	50479	1	0	0	0	0	38	1.0194959	-0.076111	13.8	1	1.1	0.9	63.9500	0.0000	0.0000	0.0000;
./matpower/data/case_SyntheticUSA.m:50534:	50480	1	0	0	0	0	38	1.0194959	-0.076111	13.8	1	1.1	0.9	63.9500	0.0000	0.0000	0.0000;
./matpower/data/case_SyntheticUSA.m:50535:	50481	1	0	0	0	0	38	1.0194959	-0.076111	1	1	1.1	0.9	63.9500	0.0000	0.0000	0.0000;
./matpower/data/case_SyntheticUSA.m:50771:	50717	1	65.07	22.08	0	0	38	1.019492	1.995707	161	1	1.1	0.9	63.9500	0.0000	0.0000	0.0000;
./matpower/data/case_SyntheticUSA.m:50805:	50751	1	19.94	3.39	0	0	38	1.0299843	-0.796395	69	1	1.1	0.9	63.9500	0.0000	0.0000	0.0000;
./matpower/data/case_SyntheticUSA.m:51734:	51680	1	4.15	2.7	0	0	38	1.0399818	15.443206	161	1	1.1	0.9	63.9500	0.0000	0.0000	0.0000;
./matpower/data/case_SyntheticUSA.m:52041:	51987	2	0	0	0	0	38	1.0407933	0.525532	13.8	1	1.1	0.9	63.9500	0.0000	0.0000	0.0000;
./matpower/data/case_SyntheticUSA.m:52317:	52263	1	2.86	0.34	0	0	39	1.0393368	14.276376	69	1	1.1	0.9	63.9500	0.0000	0.0000	0.0000;
./matpower/data/case_SyntheticUSA.m:52356:	52302	1	4.66	1.6	0	0	39	1.0394919	4.147782	69	1	1.1	0.9	63.9500	0.0000	0.0000	0.0000;
./matpower/data/case_SyntheticUSA.m:52501:	52447	1	16.1	9.73	0	0	39	0.9669323	1.96398	13.8	1	1.1	0.9	63.9500	0.0000	0.0000	0.0000;
./matpower/data/case_SyntheticUSA.m:52658:	52604	1	3.28	0.04	0	0	39	1.0396648	-5.811162	69	1	1.1	0.9	63.9500	0.0000	0.0000	0.0000;
./matpower/data/case_SyntheticUSA.m:52729:	52675	1	8.29	2.85	0	0	39	1.0399839	6.459293	69	1	1.1	0.9	63.9500	0.0000	0.0000	0.0000;
./matpower/data/case_SyntheticUSA.m:52730:	52676	1	0	0	0	0	39	1.0393337	6.350341	69	1	1.1	0.9	63.9500	0.0000	0.0000	0.0000;
./matpower/data/case_SyntheticUSA.m:52859:	52805	1	3.9	0.55	0	0	39	1.0394988	14.954257	69	1	1.1	0.9	63.9500	0.0000	0.0000	0.0000;
./matpower/data/case_SyntheticUSA.m:53435:	53381	1	0	0	0	0	39	1.0406933	0.375885	161	1	1.1	0.9	63.9500	0.0000	0.0000	0.0000;
./matpower/data/case_SyntheticUSA.m:53521:	53467	1	5.88	0.64	0	0	39	1.0354319	-1.206966	161	1	1.1	0.9	63.9500	0.0000	0.0000	0.0000;
./matpower/data/case_SyntheticUSA.m:53555:	53501	1	0	0	0	0	39	1.0405933	3.910633	161	1	1.1	0.9	63.9500	0.0000	0.0000	0.0000;
./matpower/data/case_SyntheticUSA.m:53731:	53677	1	14.37	4.66	0	0	39	1.0389751	9.104933	161	1	1.1	0.9	63.9500	0.0000	0.0000	0.0000;
./matpower/data/case_SyntheticUSA.m:53823:	53769	1	0	0	0	0	39	1.0493362	17.48742	69	1	1.1	0.9	63.9500	0.0000	0.0000	0.0000;
./matpower/data/case_SyntheticUSA.m:54175:	54121	1	0	0	0	0	39	1.0307949	-5.041586	161	1	1.1	0.9	63.9500	0.0000	0.0000	0.0000;
./matpower/data/case_SyntheticUSA.m:54236:	54182	1	0	0	0	0	39	1.0396619	11.145365	22	1	1.1	0.9	63.9500	0.0000	0.0000	0.0000;
./matpower/data/case_SyntheticUSA.m:54237:	54183	1	0	0	0	0	39	1.0396619	11.145365	1	1	1.1	0.9	63.9500	0.0000	0.0000	0.0000;
./matpower/data/case_SyntheticUSA.m:54254:	54200	1	9.1	3.07	0	0	39	1.03811	10.949696	161	1	1.1	0.9	63.9500	0.0000	0.0000	0.0000;
./matpower/data/case_SyntheticUSA.m:54394:	54340	2	0	0	0	0	39	1.027591	16.200966	13.8	1	1.1	0.9	63.9500	0.0000	0.0000	0.0000;
./matpower/data/case_SyntheticUSA.m:55059:	55005	1	0	0	0	0	39	1.0414348	20.933063	161	1	1.1	0.9	63.9500	0.0000	0.0000	0.0000;
./matpower/data/case_SyntheticUSA.m:55251:	55197	2	0	0	0	0	39	1.0467093	12.108933	13.8	1	1.1	0.9	63.9500	0.0000	0.0000	0.0000;
./matpower/data/case_SyntheticUSA.m:55297:	55243	1	0	0	0	0	39	1.0493301	14.447937	161	1	1.1	0.9	63.9500	0.0000	0.0000	0.0000;
./matpower/data/case_SyntheticUSA.m:55310:	55256	1	0	0	0	0	39	1.0499841	12.034317	161	1	1.1	0.9	63.9500	0.0000	0.0000	0.0000;
./matpower/data/case_SyntheticUSA.m:55316:	55262	1	0	0	0	0	39	1.0499841	12.034317	161	1	1.1	0.9	63.9500	0.0000	0.0000	0.0000;
./matpower/data/case_SyntheticUSA.m:55669:	55615	1	0	0	0	0	40	1.0399845	4.003041	345	1	1.1	0.9	63.9500	0.0000	0.0000	0.0000;
./matpower/data/case_SyntheticUSA.m:55986:	55932	1	0	0	0	0	40	1.029339	-7.889691	69	1	1.1	0.9	63.9500	0.0000	0.0000	0.0000;
./matpower/data/case_SyntheticUSA.m:56019:	55965	1	21.33	2.91	0	0	40	1.0296668	-3.587985	69	1	1.1	0.9	63.9500	0.0000	0.0000	0.0000;
./matpower/data/case_SyntheticUSA.m:56188:	56134	1	0	0	0	0	40	1.042294	2.102949	69	1	1.1	0.9	63.9500	0.0000	0.0000	0.0000;
./matpower/data/case_SyntheticUSA.m:56272:	56218	1	0	0	0	0	40	1.0151649	10.998484	69	1	1.1	0.9	63.9500	0.0000	0.0000	0.0000;
./matpower/data/case_SyntheticUSA.m:56733:	56679	1	0	0	0	0	40	1.0401998	1.254272	161	1	1.1	0.9	63.9500	0.0000	0.0000	0.0000;
./matpower/data/case_SyntheticUSA.m:57022:	56968	1	0	0	0	0	40	1.0308966	3.530214	69	1	1.1	0.9	63.9500	0.0000	0.0000	0.0000;
./matpower/data/case_SyntheticUSA.m:57243:	57189	1	26.38	4.11	0	0	41	1.0393396	16.689853	69	1	1.1	0.9	63.9500	0.0000	0.0000	0.0000;
./matpower/data/case_SyntheticUSA.m:57465:	57411	1	12.52	0.82	0	0	41	1.0194993	23.480922	161	1	1.1	0.9	63.9500	0.0000	0.0000	0.0000;
./matpower/data/case_SyntheticUSA.m:57505:	57451	1	36.63	8.6	0	0	41	1.0399847	15.299274	69	1	1.1	0.9	63.9500	0.0000	0.0000	0.0000;
./matpower/data/case_SyntheticUSA.m:57595:	57541	1	0	0	0	0	41	1.0302364	20.949356	161	1	1.1	0.9	63.9500	0.0000	0.0000	0.0000;
./matpower/data/case_SyntheticUSA.m:57612:	57558	1	0	0	0	0	41	1.0498756	15.069666	69	1	1.1	0.9	63.9500	0.0000	0.0000	0.0000;
./matpower/data/case_SyntheticUSA.m:57714:	57660	1	0	0	0	0	41	1.0393389	14.632892	69	1	1.1	0.9	63.9500	0.0000	0.0000	0.0000;
./matpower/data/case_SyntheticUSA.m:57720:	57666	1	4.75	0.6	0	0	41	1.0293374	17.747958	69	1	1.1	0.9	63.9500	0.0000	0.0000	0.0000;
./matpower/data/case_SyntheticUSA.m:57768:	57714	1	0	0	0	0	41	1.0393376	18.100465	161	1	1.1	0.9	63.9500	0.0000	0.0000	0.0000;
./matpower/data/case_SyntheticUSA.m:58134:	58080	1	0	0	0	0	41	1.0394995	17.879587	13.8	1	1.1	0.9	63.9500	0.0000	0.0000	0.0000;
./matpower/data/case_SyntheticUSA.m:58135:	58081	1	0	0	0	0	41	1.0394995	17.879587	1	1	1.1	0.9	63.9500	0.0000	0.0000	0.0000;
./matpower/data/case_SyntheticUSA.m:58722:	58668	1	0	0	0	0	42	1.0393328	28.112071	69	1	1.1	0.9	63.9500	0.0000	0.0000	0.0000;
./matpower/data/case_SyntheticUSA.m:58723:	58669	1	7.66	1.04	0	0	42	1.0293349	29.22448	115	1	1.1	0.9	63.9500	0.0000	0.0000	0.0000;
./matpower/data/case_SyntheticUSA.m:58839:	58785	1	7.13	2.42	0	0	42	1.0193331	11.122406	115	1	1.1	0.9	63.9500	0.0000	0.0000	0.0000;
./matpower/data/case_SyntheticUSA.m:59378:	59324	1	0	0	0	0	42	1.0193313	32.363441	115	1	1.1	0.9	63.9500	0.0000	0.0000	0.0000;
./matpower/data/case_SyntheticUSA.m:59547:	59493	1	0	0	0	0	42	1.0299843	34.742953	115	1	1.1	0.9	63.9500	0.0000	0.0000	0.0000;
./matpower/data/case_SyntheticUSA.m:59875:	59821	2	0	0	0	0	42	1.0499813	52.592338	13.8	1	1.1	0.9	63.9500	0.0000	0.0000	0.0000;
./matpower/data/case_SyntheticUSA.m:60027:	59973	1	0	0	0	0	43	1.019663	78.768984	115	1	1.1	0.9	63.9500	0.0000	0.0000	0.0000;
./matpower/data/case_SyntheticUSA.m:60071:	60017	1	50.11	17.62	0	0	43	1.0396643	73.99882	345	1	1.1	0.9	63.9500	0.0000	0.0000	0.0000;
./matpower/data/case_SyntheticUSA.m:60114:	60060	1	0	0	0	0	43	1.0069331	89.748628	115	1	1.1	0.9	63.9500	0.0000	0.0000	0.0000;
./matpower/data/case_SyntheticUSA.m:60178:	60124	1	0	0	0	0	43	1.0193313	67.511839	115	1	1.1	0.9	63.9500	0.0000	0.0000	0.0000;
./matpower/data/case_SyntheticUSA.m:60616:	60562	1	11.61	4.21	0	0	43	1.0293345	70.053862	115	1	1.1	0.9	63.9500	0.0000	0.0000	0.0000;
./matpower/data/case_SyntheticUSA.m:60637:	60583	1	33.59	3.56	0	0	43	1.0299831	69.079894	115	1	1.1	0.9	63.9500	0.0000	0.0000	0.0000;
./matpower/data/case_SyntheticUSA.m:60672:	60618	1	29.55	4.83	0	0	43	1.0193356	55.899977	115	1	1.1	0.9	63.9500	0.0000	0.0000	0.0000;
./matpower/data/case_SyntheticUSA.m:61143:	61089	1	0	0	0	0	43	1.039982	75.794295	345	1	1.1	0.9	63.9500	0.0000	0.0000	0.0000;
./matpower/data/case_SyntheticUSA.m:61195:	61141	2	0	0	0	0	43	1.0324807	80.059664	13.8	1	1.1	0.9	63.9500	0.0000	0.0000	0.0000;
./matpower/data/case_SyntheticUSA.m:61303:	61249	1	6.45	0.47	0	35.59	44	1.0396695	48.375784	115	1	1.1	0.9	63.9500	0.0000	0.0000	0.0000;
./matpower/data/case_SyntheticUSA.m:61315:	61261	1	34.08	7.15	0	0	44	0.9981851	53.347306	115	1	1.1	0.9	63.9500	0.0000	0.0000	0.0000;
./matpower/data/case_SyntheticUSA.m:61347:	61293	1	0	0	0	0	44	0.9983641	65.237265	115	1	1.1	0.9	63.9500	0.0000	0.0000	0.0000;
./matpower/data/case_SyntheticUSA.m:61348:	61294	1	23.27	8.64	0	0	44	0.9982134	65.223667	115	1	1.1	0.9	63.9500	0.0000	0.0000	0.0000;
./matpower/data/case_SyntheticUSA.m:61353:	61299	1	43.8	10.47	0	0	44	0.9983572	68.027737	115	1	1.1	0.9	63.9500	0.0000	0.0000	0.0000;
./matpower/data/case_SyntheticUSA.m:61625:	61571	1	0	0	0	0	44	1.0296605	74.403345	115	1	1.1	0.9	63.9500	0.0000	0.0000	0.0000;
./matpower/data/case_SyntheticUSA.m:62173:	62119	1	7.68	2.8	0	0	47	1.0384309	50.059985	115	1	1.1	0.9	63.9500	0.0000	0.0000	0.0000;
./matpower/data/case_SyntheticUSA.m:62256:	62202	1	6.8	3.48	0	0	47	1.0499868	64.826078	115	1	1.1	0.9	63.9500	0.0000	0.0000	0.0000;
./matpower/data/case_SyntheticUSA.m:62426:	62372	1	26.45	7.9	0	0	47	1.0336382	42.102933	115	1	1.1	0.9	63.9500	0.0000	0.0000	0.0000;
./matpower/data/case_SyntheticUSA.m:62567:	62513	1	10.48	2.65	0	0	47	1.0394901	39.612724	115	1	1.1	0.9	63.9500	0.0000	0.0000	0.0000;
./matpower/data/case_SyntheticUSA.m:62902:	62848	1	0	0	0	0	47	1.0294997	43.981951	115	1	1.1	0.9	63.9500	0.0000	0.0000	0.0000;
./matpower/data/case_SyntheticUSA.m:63687:	63633	1	0	0	0	0	48	1.0499858	19.268728	161	1	1.1	0.9	63.9500	0.0000	0.0000	0.0000;
./matpower/data/case_SyntheticUSA.m:63823:	63769	1	7.21	3.22	0	0	48	1.0293301	34.9354	69	1	1.1	0.9	63.9500	0.0000	0.0000	0.0000;
./matpower/data/case_SyntheticUSA.m:64027:	63973	1	0	0	0	1.5	48	1.0438071	27.901949	500	1	1.1	0.9	63.9500	0.0000	0.0000	0.0000;
./matpower/data/case_SyntheticUSA.m:64456:	64402	1	0	0	0	0	48	1.041616	15.105933	69	1	1.1	0.9	63.9500	0.0000	0.0000	0.0000;
./matpower/data/case_SyntheticUSA.m:64652:	64598	1	1.71	0.06	0	0	48	1.0399861	37.710227	69	1	1.1	0.9	63.9500	0.0000	0.0000	0.0000;
./matpower/data/case_SyntheticUSA.m:64873:	64819	1	23.06	1.62	0	0	48	1.0396602	37.923543	161	1	1.1	0.9	63.9500	0.0000	0.0000	0.0000;
./matpower/data/case_SyntheticUSA.m:64882:	64828	1	0	0	0	0	48	1.0399833	38.653232	161	1	1.1	0.9	63.9500	0.0000	0.0000	0.0000;
./matpower/data/case_SyntheticUSA.m:65072:	65018	1	13.7	2.57	0	0	48	1.0301881	34.605966	69	1	1.1	0.9	63.9500	0.0000	0.0000	0.0000;
./matpower/data/case_SyntheticUSA.m:65271:	65217	1	19.8	6.33	0	0	48	1.039989	15.419618	69	1	1.1	0.9	63.9500	0.0000	0.0000	0.0000;
./matpower/data/case_SyntheticUSA.m:66123:	66069	1	1.53	0.76	0	0	49	0.949368	31.637863	69	1	1.1	0.9	63.9500	0.0000	0.0000	0.0000;
./matpower/data/case_SyntheticUSA.m:66151:	66097	1	2.05	0.31	0	0	49	0.933902	32.518521	69	1	1.1	0.9	63.9500	0.0000	0.0000	0.0000;
./matpower/data/case_SyntheticUSA.m:66686:	66632	1	18	5.62	0	0	49	1.0394158	17.039497	69	1	1.1	0.9	63.9500	0.0000	0.0000	0.0000;
./matpower/data/case_SyntheticUSA.m:66746:	66692	1	0	0	0	-11.5	49	1.0194984	36.278777	161	1	1.1	0.9	63.9500	0.0000	0.0000	0.0000;
./matpower/data/case_SyntheticUSA.m:66798:	66744	1	3.55	1.06	0	0	49	1.0400933	23.686234	69	1	1.1	0.9	63.9500	0.0000	0.0000	0.0000;
./matpower/data/case_SyntheticUSA.m:66822:	66768	1	0	0	0	0	49	0.9492133	32.662104	161	1	1.1	0.9	63.9500	0.0000	0.0000	0.0000;
./matpower/data/case_SyntheticUSA.m:66826:	66772	1	0	0	0	0	49	0.9492053	32.671443	161	1	1.1	0.9	63.9500	0.0000	0.0000	0.0000;
./matpower/data/case_SyntheticUSA.m:66929:	66875	1	3.02	1.05	0	0	49	1.0296633	23.920929	69	1	1.1	0.9	63.9500	0.0000	0.0000	0.0000;
./matpower/data/case_SyntheticUSA.m:67119:	67065	1	0	0	0	-345.38	49	0.9981359	33.200823	500	1	1.1	0.9	63.9500	0.0000	0.0000	0.0000;
./matpower/data/case_SyntheticUSA.m:67122:	67068	1	0	0	0	0	49	0.998866	33.118437	13.8	1	1.1	0.9	63.9500	0.0000	0.0000	0.0000;
./matpower/data/case_SyntheticUSA.m:67123:	67069	1	0	0	0	0	49	0.998866	33.118437	1	1	1.1	0.9	63.9500	0.0000	0.0000	0.0000;
./matpower/data/case_SyntheticUSA.m:67190:	67136	1	2.23	0.73	0	0	49	1.0296605	23.615833	69	1	1.1	0.9	63.9500	0.0000	0.0000	0.0000;
./matpower/data/case_SyntheticUSA.m:67237:	67183	1	0	0	0	0	49	0.998153	32.040381	161	1	1.1	0.9	63.9500	0.0000	0.0000	0.0000;
./matpower/data/case_SyntheticUSA.m:67239:	67185	1	0	0	0	0	49	0.998131	32.041708	161	1	1.1	0.9	63.9500	0.0000	0.0000	0.0000;
./matpower/data/case_SyntheticUSA.m:67459:	67405	1	2.64	1.03	0	0	49	1.0394957	28.675284	500	1	1.1	0.9	63.9500	0.0000	0.0000	0.0000;
./matpower/data/case_SyntheticUSA.m:67614:	67560	1	0	0	0	0	49	1.0499817	24.582686	69	1	1.1	0.9	63.9500	0.0000	0.0000	0.0000;
./matpower/data/case_SyntheticUSA.m:67764:	67710	1	0	0	0	0	49	1.039499	21.510001	161	1	1.1	0.9	63.9500	0.0000	0.0000	0.0000;
./matpower/data/case_SyntheticUSA.m:68037:	67983	1	23.49	2.3	0	0	50	0.9986505	12.84402	13.8	1	1.1	0.9	63.9500	0.0000	0.0000	0.0000;
./matpower/data/case_SyntheticUSA.m:68039:	67985	1	0	0	0	0	50	1.039498	22.592581	161	1	1.1	0.9	63.9500	0.0000	0.0000	0.0000;
./matpower/data/case_SyntheticUSA.m:68231:	68177	1	0	0	0	0	50	1.0406966	27.760962	161	1	1.1	0.9	63.9500	0.0000	0.0000	0.0000;
./matpower/data/case_SyntheticUSA.m:68424:	68370	1	10.74	4.07	0	0	50	1.0293362	21.548834	69	1	1.1	0.9	63.9500	0.0000	0.0000	0.0000;
./matpower/data/case_SyntheticUSA.m:69087:	69033	1	0	0	0	0	51	1.049668	43.584019	161	1	1.1	0.9	63.9500	0.0000	0.0000	0.0000;
./matpower/data/case_SyntheticUSA.m:69507:	69453	1	0	0	0	-29.43	51	1.0406949	47.418006	161	1	1.1	0.9	63.9500	0.0000	0.0000	0.0000;
./matpower/data/case_SyntheticUSA.m:69591:	69537	1	0	0	0	0	51	1.0394988	28.535499	161	1	1.1	0.9	63.9500	0.0000	0.0000	0.0000;
./matpower/data/case_SyntheticUSA.m:69889:	69835	1	0.5	0.19	0	0	52	1.0499893	70.119021	69	1	1.1	0.9	63.9500	0.0000	0.0000	0.0000;
./matpower/data/case_SyntheticUSA.m:70242:	2010188	1	51.74	17.55	0	0	201	1.0294936	-31.469882	138	1	1.1	0.9	0.0000	0.0000	0.0000	0.0000;
./matpower/data/case_SyntheticUSA.m:70328:	2010274	1	24.57	5.95	0	0	201	1.0299856	-36.120367	138	1	1.1	0.9	0.0000	0.0000	0.0000	0.0000;
./matpower/data/case_SyntheticUSA.m:70413:	2010359	1	0	0	0	0	201	1.0193391	-34.935167	18	1	1.1	0.9	0.0000	0.0000	0.0000	0.0000;
./matpower/data/case_SyntheticUSA.m:70414:	2010360	1	0	0	0	0	201	1.0193391	-34.935167	1	1	1.1	0.9	0.0000	0.0000	0.0000	0.0000;
./matpower/data/case_SyntheticUSA.m:70527:	2010473	1	0	0	0	0	201	1.0208174	-34.404949	138	1	1.1	0.9	0.0000	0.0000	0.0000	0.0000;
./matpower/data/case_SyntheticUSA.m:70711:	2010657	1	46.07	12.91	0	0	201	0.9983831	-21.612164	138	1	1.1	0.9	0.0000	0.0000	0.0000	0.0000;
./matpower/data/case_SyntheticUSA.m:70910:	2010856	1	0	0	0	0	201	1.039715	-26.029663	765	1	1.1	0.9	0.0000	0.0000	0.0000	0.0000;
./matpower/data/case_SyntheticUSA.m:70913:	2010859	2	0	0	0	0	201	1.039715	-26.029663	13.8	1	1.1	0.9	0.0000	0.0000	0.0000	0.0000;
./matpower/data/case_SyntheticUSA.m:70953:	2010899	1	0	0	0	0	201	1.0396664	-17.884211	345	1	1.1	0.9	0.0000	0.0000	0.0000	0.0000;
./matpower/data/case_SyntheticUSA.m:70956:	2010902	2	0	0	0	0	201	1.0396664	-17.884211	13.8	1	1.1	0.9	0.0000	0.0000	0.0000	0.0000;
./matpower/data/case_SyntheticUSA.m:71093:	2011039	1	0	0	0	0	201	1.0401998	-12.657187	345	1	1.1	0.9	0.0000	0.0000	0.0000	0.0000;
./matpower/data/case_SyntheticUSA.m:71147:	2013010	1	32.97	11.16	0	0	202	1.0293369	-41.917781	138	1	1.1	0.9	0.0000	0.0000	0.0000	0.0000;
./matpower/data/case_SyntheticUSA.m:71352:	2013215	1	53.33	14.16	0	0	202	1.0099822	-46.715217	138	1	1.1	0.9	0.0000	0.0000	0.0000	0.0000;
./matpower/data/case_SyntheticUSA.m:71412:	2013275	1	0	0	0	0	202	1.0196623	-35.115164	138	1	1.1	0.9	0.0000	0.0000	0.0000	0.0000;
./matpower/data/case_SyntheticUSA.m:71413:	2013276	1	33.97	19.75	0	0	202	1.019339	-35.133512	138	1	1.1	0.9	0.0000	0.0000	0.0000	0.0000;
./matpower/data/case_SyntheticUSA.m:71502:	2013365	1	0	0	0	0	202	1.0294981	-30.738073	138	1	1.1	0.9	0.0000	0.0000	0.0000	0.0000;
./matpower/data/case_SyntheticUSA.m:71599:	2013462	2	0	0	0	0	202	1.029665	-28.41576	138	1	1.1	0.9	0.0000	0.0000	0.0000	0.0000;
./matpower/data/case_SyntheticUSA.m:71714:	2013577	2	0	0	0	0	202	1.0594921	-29.296244	13.8	1	1.1	0.9	0.0000	0.0000	0.0000	0.0000;
./matpower/data/case_SyntheticUSA.m:71818:	2013681	1	0	0	0	-408	202	1.0393398	-20.299436	765	1	1.1	0.9	0.0000	0.0000	0.0000	0.0000;
./matpower/data/case_SyntheticUSA.m:71823:	2013686	2	0	0	0	0	202	1.0393398	-20.299436	18	1	1.1	0.9	0.0000	0.0000	0.0000	0.0000;
./matpower/data/case_SyntheticUSA.m:71942:	2020105	1	31.26	7.19	0	0	203	1.009988	-63.704696	138	1	1.1	0.9	0.0000	0.0000	0.0000	0.0000;
./matpower/data/case_SyntheticUSA.m:72169:	2020332	2	0	0	0	0	203	1.0099891	-55.42612	18	1	1.1	0.9	0.0000	0.0000	0.0000	0.0000;
./matpower/data/case_SyntheticUSA.m:72341:	2020504	1	0	0	0	0	203	1.0199821	-58.151876	138	1	1.1	0.9	0.0000	0.0000	0.0000	0.0000;
./matpower/data/case_SyntheticUSA.m:72422:	2021039	1	35.78	7.66	0	0	204	1.0204966	-61.833513	345	1	1.1	0.9	0.0000	0.0000	0.0000	0.0000;
./matpower/data/case_SyntheticUSA.m:72531:	2021148	1	55.38	10.69	0	0	204	0.9989841	-68.963844	138	1	1.1	0.9	0.0000	0.0000	0.0000	0.0000;
./matpower/data/case_SyntheticUSA.m:72697:	2021314	1	40.29	14.02	0	0	204	0.9981245	-69.110123	138	1	1.1	0.9	0.0000	0.0000	0.0000	0.0000;
./matpower/data/case_SyntheticUSA.m:72704:	2021321	1	0	0	0	0	204	0.9980241	-69.733364	138	1	1.1	0.9	0.0000	0.0000	0.0000	0.0000;
./matpower/data/case_SyntheticUSA.m:72717:	2021334	1	25.52	2.94	0	0	204	0.9983703	-70.184014	138	1	1.1	0.9	0.0000	0.0000	0.0000	0.0000;
./matpower/data/case_SyntheticUSA.m:72773:	2021390	1	38.82	14.94	0	0	204	1.0099808	-68.587062	138	1	1.1	0.9	0.0000	0.0000	0.0000	0.0000;
./matpower/data/case_SyntheticUSA.m:72813:	2021430	1	27.06	2.27	0	0	204	0.9984428	-69.335378	138	1	1.1	0.9	0.0000	0.0000	0.0000	0.0000;
./matpower/data/case_SyntheticUSA.m:72914:	2021531	1	0	0	0	0	204	0.9985689	-64.008292	345	1	1.1	0.9	0.0000	0.0000	0.0000	0.0000;
./matpower/data/case_SyntheticUSA.m:72977:	2021594	1	0	0	0	0	204	1.019495	-60.749267	345	1	1.1	0.9	0.0000	0.0000	0.0000	0.0000;
./matpower/data/case_SyntheticUSA.m:73015:	2021632	1	0	0	0	0	204	0.9984433	-67.071772	345	1	1.1	0.9	0.0000	0.0000	0.0000	0.0000;
./matpower/data/case_SyntheticUSA.m:73021:	2021638	1	0	0	0	0	204	0.9987662	-66.975893	345	1	1.1	0.9	0.0000	0.0000	0.0000	0.0000;
./matpower/data/case_SyntheticUSA.m:73067:	2021684	1	0	0	0	0	204	1.0282522	-58.705966	765	1	1.1	0.9	0.0000	0.0000	0.0000	0.0000;
./matpower/data/case_SyntheticUSA.m:73329:	2023185	1	0	0	0	0	205	1.009949	-66.284465	138	1	1.1	0.9	0.0000	0.0000	0.0000	0.0000;
./matpower/data/case_SyntheticUSA.m:73608:	2023464	1	0	0	0	0	205	1.0199833	-61.11579	1	1	1.1	0.9	0.0000	0.0000	0.0000	0.0000;
./matpower/data/case_SyntheticUSA.m:73841:	2025181	1	26.87	7.07	0	0	206	1.0202998	-75.064904	138	1	1.1	0.9	0.0000	0.0000	0.0000	0.0000;
./matpower/data/case_SyntheticUSA.m:73842:	2025182	1	3.66	2.1	0	0	206	1.0096669	-76.680861	138	1	1.1	0.9	0.0000	0.0000	0.0000	0.0000;
./matpower/data/case_SyntheticUSA.m:73877:	2025217	1	0	0	0	0	206	1.0196676	-76.610468	138	1	1.1	0.9	0.0000	0.0000	0.0000	0.0000;
./matpower/data/case_SyntheticUSA.m:73926:	2025266	1	0	0	0	0	206	1.0208998	-74.407227	345	1	1.1	0.9	0.0000	0.0000	0.0000	0.0000;
./matpower/data/case_SyntheticUSA.m:74072:	2025412	1	0	0	0	0	206	1.0294996	-78.14934	138	1	1.1	0.9	0.0000	0.0000	0.0000	0.0000;
./matpower/data/case_SyntheticUSA.m:74171:	2025511	1	34.03	3.12	0	0	206	1.0196662	-77.613247	138	1	1.1	0.9	0.0000	0.0000	0.0000	0.0000;
./matpower/data/case_SyntheticUSA.m:74186:	2025526	1	40.97	12.52	0	0	206	1.0196658	-78.630358	138	1	1.1	0.9	0.0000	0.0000	0.0000	0.0000;
./matpower/data/case_SyntheticUSA.m:74260:	2025600	1	0	0	0	0	206	1.0099842	-73.003839	138	1	1.1	0.9	0.0000	0.0000	0.0000	0.0000;
./matpower/data/case_SyntheticUSA.m:74402:	2025742	1	0	0	0	0	206	0.9983624	-79.309808	138	1	1.1	0.9	0.0000	0.0000	0.0000	0.0000;
./matpower/data/case_SyntheticUSA.m:74564:	2025904	2	0	0	0	0	206	0.9983082	-66.494893	24	1	1.1	0.9	0.0000	0.0000	0.0000	0.0000;
./matpower/data/case_SyntheticUSA.m:74565:	2025905	2	0	0	0	0	206	0.9984325	-66.460242	13.8	1	1.1	0.9	0.0000	0.0000	0.0000	0.0000;
./matpower/data/case_SyntheticUSA.m:74567:	2025907	2	0	0	0	0	206	0.9984702	-66.458613	13.8	1	1.1	0.9	0.0000	0.0000	0.0000	0.0000;
./matpower/data/case_SyntheticUSA.m:74817:	2026157	2	0	0	0	0	206	0.9985156	-64.727753	18	1	1.1	0.9	0.0000	0.0000	0.0000	0.0000;
./matpower/data/case_SyntheticUSA.m:74818:	2026158	2	0	0	0	0	206	0.9985195	-64.355175	13.8	1	1.1	0.9	0.0000	0.0000	0.0000	0.0000;
./matpower/data/case_SyntheticUSA.m:75151:	2028252	1	26.37	3.84	0	0	207	1.0294943	-79.551819	138	1	1.1	0.9	0.0000	0.0000	0.0000	0.0000;
./matpower/data/case_SyntheticUSA.m:75158:	2028259	1	0	0	0	0	207	1.009492	-78.076936	138	1	1.1	0.9	0.0000	0.0000	0.0000	0.0000;
./matpower/data/case_SyntheticUSA.m:75782:	2028883	1	0	0	0	0	207	1.0396623	-65.378293	13.8	1	1.1	0.9	0.0000	0.0000	0.0000	0.0000;
./matpower/data/case_SyntheticUSA.m:75783:	2028884	1	0	0	0	0	207	1.0396623	-65.378293	1	1	1.1	0.9	0.0000	0.0000	0.0000	0.0000;
./matpower/data/case_SyntheticUSA.m:75972:	2029073	2	0	0	0	0	207	1.0299875	-54.91096	18	1	1.1	0.9	0.0000	0.0000	0.0000	0.0000;
./matpower/data/case_SyntheticUSA.m:76185:	2030201	1	44.66	17.7	0	0	208	1.008008	-60.933065	161	1	1.1	0.9	0.0000	0.0000	0.0000	0.0000;
./matpower/data/case_SyntheticUSA.m:76351:	2030367	1	0	0	0	0	208	0.9983534	-47.493448	345	1	1.1	0.9	0.0000	0.0000	0.0000	0.0000;
./matpower/data/case_SyntheticUSA.m:76519:	2040073	1	77.56	9.68	0	0	209	0.998551	-61.939616	115	1	1.1	0.9	0.0000	0.0000	0.0000	0.0000;
./matpower/data/case_SyntheticUSA.m:76535:	2040089	1	61.88	15.46	0	0	209	0.9980535	-64.912726	115	1	1.1	0.9	0.0000	0.0000	0.0000	0.0000;
./matpower/data/case_SyntheticUSA.m:76581:	2040135	1	67.16	25	0	0	209	0.9982872	-68.165344	115	1	1.1	0.9	0.0000	0.0000	0.0000	0.0000;
./matpower/data/case_SyntheticUSA.m:76582:	2040136	1	0	0	0	0	209	0.9987208	-68.124126	115	1	1.1	0.9	0.0000	0.0000	0.0000	0.0000;
./matpower/data/case_SyntheticUSA.m:76708:	2040262	1	70.03	8.26	0	0	209	0.9989111	-65.787972	22	1	1.1	0.9	0.0000	0.0000	0.0000	0.0000;
./matpower/data/case_SyntheticUSA.m:76726:	2040280	1	0	0	0	0	209	1.0094966	-68.633647	115	1	1.1	0.9	0.0000	0.0000	0.0000	0.0000;
./matpower/data/case_SyntheticUSA.m:76733:	2040287	1	4.1	1.4	0	0	209	1.0069334	-65.694767	115	1	1.1	0.9	0.0000	0.0000	0.0000	0.0000;
./matpower/data/case_SyntheticUSA.m:76757:	2040311	1	0	0	0	0	209	0.9985001	-67.505486	115	1	1.1	0.9	0.0000	0.0000	0.0000	0.0000;
./matpower/data/case_SyntheticUSA.m:76758:	2040312	1	73.01	15.78	0	0	209	0.9981317	-67.551683	115	1	1.1	0.9	0.0000	0.0000	0.0000	0.0000;
./matpower/data/case_SyntheticUSA.m:76761:	2040315	1	67.22	27	0	0	209	0.9989096	-67.503591	115	1	1.1	0.9	0.0000	0.0000	0.0000	0.0000;
./matpower/data/case_SyntheticUSA.m:76832:	2040386	1	34.44	7.97	0	0	209	0.9986692	-65.428402	115	1	1.1	0.9	0.0000	0.0000	0.0000	0.0000;
./matpower/data/case_SyntheticUSA.m:76846:	2040400	1	0	0	0	0	209	1.0108933	-64.667295	115	1	1.1	0.9	0.0000	0.0000	0.0000	0.0000;
./matpower/data/case_SyntheticUSA.m:76930:	2040484	1	43.72	41.39	0	0	209	0.9988835	-69.295044	115	1	1.1	0.9	0.0000	0.0000	0.0000	0.0000;
./matpower/data/case_SyntheticUSA.m:76936:	2040490	1	8.62	1.49	0	0	209	1.0194971	-67.922645	115	1	1.1	0.9	0.0000	0.0000	0.0000	0.0000;
./matpower/data/case_SyntheticUSA.m:76945:	2040499	1	6.93	1.42	0	0	209	1.0493375	-45.079815	115	1	1.1	0.9	0.0000	0.0000	0.0000	0.0000;
./matpower/data/case_SyntheticUSA.m:76965:	2040519	1	86.28	24.18	0	0	209	1.0011589	-71.019987	115	1	1.1	0.9	0.0000	0.0000	0.0000	0.0000;
./matpower/data/case_SyntheticUSA.m:77067:	2040621	1	11.36	3.22	0	0	209	1.0299825	-68.488431	115	1	1.1	0.9	0.0000	0.0000	0.0000	0.0000;
./matpower/data/case_SyntheticUSA.m:77181:	2040735	2	0	0	0	0	209	0.9980705	-58.553631	13.8	1	1.1	0.9	0.0000	0.0000	0.0000	0.0000;
./matpower/data/case_SyntheticUSA.m:77188:	2040742	2	0	0	0	0	209	1.0094966	-61.637233	13.8	1	1.1	0.9	0.0000	0.0000	0.0000	0.0000;
./matpower/data/case_SyntheticUSA.m:77209:	2040763	2	0	0	0	0	209	0.9985447	-49.281807	13.8	1	1.1	0.9	0.0000	0.0000	0.0000	0.0000;
./matpower/data/case_SyntheticUSA.m:77260:	2040814	2	0	0	0	0	209	0.9981932	-62.049248	18	1	1.1	0.9	0.0000	0.0000	0.0000	0.0000;
./matpower/data/case_SyntheticUSA.m:77330:	2040884	2	0	0	0	0	209	1.0099874	-56.652329	13.8	1	1.1	0.9	0.0000	0.0000	0.0000	0.0000;
./matpower/data/case_SyntheticUSA.m:77367:	2040921	2	0	0	0	0	209	0.9982676	-66.486778	13.8	1	1.1	0.9	0.0000	0.0000	0.0000	0.0000;
./matpower/data/case_SyntheticUSA.m:77608:	2050144	1	0	0	0	0	210	1.0196609	-41.821891	161	1	1.1	0.9	0.0000	0.0000	0.0000	0.0000;
./matpower/data/case_SyntheticUSA.m:77624:	2050160	1	43.87	11.86	0	0	210	1.0196632	-42.108068	161	1	1.1	0.9	0.0000	0.0000	0.0000	0.0000;
./matpower/data/case_SyntheticUSA.m:77722:	2050258	1	0	0	0	0	210	1.0196658	-45.213686	161	1	1.1	0.9	0.0000	0.0000	0.0000	0.0000;
./matpower/data/case_SyntheticUSA.m:77966:	2053041	1	29.91	8.74	0	0	211	0.966005	-73.504855	18	1	1.1	0.9	0.0000	0.0000	0.0000	0.0000;
./matpower/data/case_SyntheticUSA.m:78237:	2060004	1	10.79	3.01	0	0	212	0.9988819	-57.019285	115	1	1.1	0.9	0.0000	0.0000	0.0000	0.0000;
./matpower/data/case_SyntheticUSA.m:78266:	2060033	1	0	0	0	0	212	0.998151	-55.473655	115	1	1.1	0.9	0.0000	0.0000	0.0000	0.0000;
./matpower/data/case_SyntheticUSA.m:78267:	2060034	1	14.1	3.74	0	0	212	0.9980825	-55.481665	115	1	1.1	0.9	0.0000	0.0000	0.0000	0.0000;
./matpower/data/case_SyntheticUSA.m:78285:	2060052	1	16.17	1.69	0	0	212	0.9985825	-56.547264	115	1	1.1	0.9	0.0000	0.0000	0.0000	0.0000;
./matpower/data/case_SyntheticUSA.m:78318:	2060085	1	0	0	0	0	212	1.0096635	-56.137079	115	1	1.1	0.9	0.0000	0.0000	0.0000	0.0000;
./matpower/data/case_SyntheticUSA.m:78587:	2060354	1	0	0	0	0	212	1.0099866	-61.351441	230	1	1.1	0.9	0.0000	0.0000	0.0000	0.0000;
./matpower/data/case_SyntheticUSA.m:78616:	2060383	1	0	0	0	0	212	0.9987801	-65.216842	115	1	1.1	0.9	0.0000	0.0000	0.0000	0.0000;
./matpower/data/case_SyntheticUSA.m:78617:	2060384	1	55.95	8.76	0	0	212	0.9985613	-65.250476	115	1	1.1	0.9	0.0000	0.0000	0.0000	0.0000;
./matpower/data/case_SyntheticUSA.m:78622:	2060389	1	38.82	3.87	0	0	212	0.9989525	-64.093093	115	1	1.1	0.9	0.0000	0.0000	0.0000	0.0000;
./matpower/data/case_SyntheticUSA.m:78624:	2060391	1	52.19	19.88	0	0	212	0.9983227	-65.298538	115	1	1.1	0.9	0.0000	0.0000	0.0000	0.0000;
./matpower/data/case_SyntheticUSA.m:78630:	2060397	1	43.59	3.43	0	0	212	0.998507	-65.460735	115	1	1.1	0.9	0.0000	0.0000	0.0000	0.0000;
./matpower/data/case_SyntheticUSA.m:78631:	2060398	1	0	0	0	0	212	0.9986713	-65.434342	115	1	1.1	0.9	0.0000	0.0000	0.0000	0.0000;
./matpower/data/case_SyntheticUSA.m:78636:	2060403	1	82.85	33.74	0	0	212	0.9989183	-65.880012	115	1	1.1	0.9	0.0000	0.0000	0.0000	0.0000;
./matpower/data/case_SyntheticUSA.m:78648:	2060415	1	0	0	0	0	212	1.0093341	-64.949193	115	1	1.1	0.9	0.0000	0.0000	0.0000	0.0000;
./matpower/data/case_SyntheticUSA.m:78832:	2060599	1	8.74	3.55	0	0	212	0.9986758	-64.287853	115	1	1.1	0.9	0.0000	0.0000	0.0000	0.0000;
./matpower/data/case_SyntheticUSA.m:78941:	2060708	2	0	0	0	0	212	0.9986583	-43.134996	13.8	1	1.1	0.9	0.0000	0.0000	0.0000	0.0000;
./matpower/data/case_SyntheticUSA.m:79074:	2060841	2	0	0	0	0	212	1.0194928	-56.293597	13.2	1	1.1	0.9	0.0000	0.0000	0.0000	0.0000;
./matpower/data/case_SyntheticUSA.m:79417:	2074096	1	29.29	8.63	0	0	214	1.0017931	-34.059982	18	1	1.1	0.9	0.0000	0.0000	0.0000	0.0000;
./matpower/data/case_SyntheticUSA.m:79518:	2074197	2	0	0	0	0	214	0.9983678	-36.296985	18	1	1.1	0.9	0.0000	0.0000	0.0000	0.0000;
./matpower/data/case_SyntheticUSA.m:79608:	2074287	1	0	0	0	0	214	1.063539	-30.933489	138	1	1.1	0.9	0.0000	0.0000	0.0000	0.0000;
./matpower/data/case_SyntheticUSA.m:79612:	2074291	2	0	0	0	0	214	1.063539	-30.933489	20	1	1.1	0.9	0.0000	0.0000	0.0000	0.0000;
./matpower/data/case_SyntheticUSA.m:79615:	2074294	1	0	0	0	0	214	1.063539	-30.933489	138	1	1.1	0.9	0.0000	0.0000	0.0000	0.0000;
./matpower/data/case_SyntheticUSA.m:79715:	2077057	1	3.37	0.76	0	-42	215	0.9987016	-25.241098	138	1	1.1	0.9	0.0000	0.0000	0.0000	0.0000;
./matpower/data/case_SyntheticUSA.m:79771:	2077113	1	5.48	1.28	0	0	215	1.0396645	-20.990795	138	1	1.1	0.9	0.0000	0.0000	0.0000	0.0000;
./matpower/data/case_SyntheticUSA.m:79792:	2077134	1	32.75	10.27	0	0	215	1.0563822	-24.039664	138	1	1.1	0.9	0.0000	0.0000	0.0000	0.0000;
./matpower/data/case_SyntheticUSA.m:79828:	2077170	1	0	0	0	-52	215	1.0099805	-14.674321	138	1	1.1	0.9	0.0000	0.0000	0.0000	0.0000;
./matpower/data/case_SyntheticUSA.m:80055:	3001001	1	20.78	5.89	0	0	301	0.9983716	-22.346184	115	9	1.1	0.9	0.0000	0.0000	0.0000	0.0000;
./matpower/data/case_SyntheticUSA.m:80091:	3001037	1	102.24	28.97	0	0	301	0.9904933	-22.174705	115	9	1.1	0.9	0.0000	0.0000	0.0000	0.0000;
./matpower/data/case_SyntheticUSA.m:80170:	3002025	1	39.62	11.23	0	0	302	0.9986355	-43.986083	161	11	1.1	0.9	0.0000	0.0000	0.0000	0.0000;
./matpower/data/case_SyntheticUSA.m:80257:	3002112	1	4.54	1.29	0	0	302	0.9989032	-49.176837	161	11	1.1	0.9	0.0000	0.0000	0.0000	0.0000;
./matpower/data/case_SyntheticUSA.m:80281:	3003003	1	0	0	0	0	303	1.0193362	-18.196001	115	27	1.1	0.9	0.0000	0.0000	0.0000	0.0000;
./matpower/data/case_SyntheticUSA.m:80417:	3003139	1	14.92	4.23	0	0	303	0.998661	-29.475369	115	27	1.1	0.9	0.0000	0.0000	0.0000	0.0000;
./matpower/data/case_SyntheticUSA.m:80569:	3004145	1	49.86	14.13	0	0	304	0.9985855	-45.620801	115	21	1.1	0.9	0.0000	0.0000	0.0000	0.0000;
./matpower/data/case_SyntheticUSA.m:80623:	3005004	1	11.69	3.31	0	0	305	0.9983827	-63.045647	161	14	1.1	0.9	0.0000	0.0000	0.0000	0.0000;
./matpower/data/case_SyntheticUSA.m:80831:	3005212	1	33.89	9.6	0	0	305	0.9981011	-67.135361	161	14	1.1	0.9	0.0000	0.0000	0.0000	0.0000;
./matpower/data/case_SyntheticUSA.m:80852:	3005233	1	98.77	27.99	0	0	305	1.0196609	-68.828497	161	17	1.1	0.9	0.0000	0.0000	0.0000	0.0000;
./matpower/data/case_SyntheticUSA.m:80874:	3005255	1	9.43	2.67	0	0	305	0.9981937	-56.40662	161	12	1.1	0.9	0.0000	0.0000	0.0000	0.0000;
./matpower/data/case_SyntheticUSA.m:80904:	3005285	1	10.15	2.88	0	0	305	0.9981355	-59.725138	161	12	1.1	0.9	0.0000	0.0000	0.0000	0.0000;
./matpower/data/case_SyntheticUSA.m:81132:	3006028	1	103.35	29.28	0	0	306	0.9987451	-56.498401	115	23	1.1	0.9	0.0000	0.0000	0.0000	0.0000;
./matpower/data/case_SyntheticUSA.m:81217:	3006113	1	20.52	5.81	0	0	306	0.9987592	-57.140616	115	23	1.1	0.9	0.0000	0.0000	0.0000	0.0000;
./matpower/data/case_SyntheticUSA.m:81232:	3006128	1	52.8	14.96	0	0	306	0.9989752	-57.800562	115	26	1.1	0.9	0.0000	0.0000	0.0000	0.0000;
./matpower/data/case_SyntheticUSA.m:81259:	3006155	1	37.02	10.49	0	0	306	0.9980761	-55.39466	115	26	1.1	0.9	0.0000	0.0000	0.0000	0.0000;
./matpower/data/case_SyntheticUSA.m:81264:	3006160	1	98.28	27.85	0	0	306	0.9988011	-56.81431	115	23	1.1	0.9	0.0000	0.0000	0.0000	0.0000;
./matpower/data/case_SyntheticUSA.m:81284:	3006180	1	34.14	9.67	0	0	306	0.9988289	-54.909639	115	22	1.1	0.9	0.0000	0.0000	0.0000	0.0000;
./matpower/data/case_SyntheticUSA.m:81298:	3006194	1	44.42	12.59	0	0	306	0.9989363	-55.922109	115	23	1.1	0.9	0.0000	0.0000	0.0000	0.0000;
./matpower/data/case_SyntheticUSA.m:81304:	3006200	1	46.28	13.11	0	0	306	0.9980987	-56.542704	115	26	1.1	0.9	0.0000	0.0000	0.0000	0.0000;
./matpower/data/case_SyntheticUSA.m:81329:	3006225	1	85.25	24.15	0	0	306	0.9980716	-56.694472	115	26	1.1	0.9	0.0000	0.0000	0.0000	0.0000;
./matpower/data/case_SyntheticUSA.m:81379:	3006275	1	110.59	31.34	0	0	306	0.9983907	-56.576353	115	26	1.1	0.9	0.0000	0.0000	0.0000	0.0000;
./matpower/data/case_SyntheticUSA.m:81381:	3006277	1	0	0	0	0	306	1.0201933	-51.313322	230	23	1.1	0.9	0.0000	0.0000	0.0000	0.0000;
./matpower/data/case_SyntheticUSA.m:81410:	3006306	1	54.19	15.35	0	0	306	0.9988649	-56.812429	115	23	1.1	0.9	0.0000	0.0000	0.0000	0.0000;
./matpower/data/case_SyntheticUSA.m:81449:	3006345	1	17.7	5.02	0	0	306	0.998048	-57.507903	115	23	1.1	0.9	0.0000	0.0000	0.0000	0.0000;
./matpower/data/case_SyntheticUSA.m:81489:	3007027	1	109.22	30.95	0	0	307	0.9989162	-40.094035	115	5	1.1	0.9	0.0000	0.0000	0.0000	0.0000;
./matpower/data/case_SyntheticUSA.m:81623:	3007161	1	137.54	38.97	0	0	307	1.0089989	-37.176056	115	3	1.1	0.9	0.0000	0.0000	0.0000	0.0000;
./matpower/data/case_SyntheticUSA.m:81641:	3007179	1	58.29	16.52	0	0	307	0.9982859	-37.663352	115	3	1.1	0.9	0.0000	0.0000	0.0000	0.0000;
./matpower/data/case_SyntheticUSA.m:81665:	3007203	1	20.55	5.82	0	0	307	0.9989839	-34.12184	115	1	1.1	0.9	0.0000	0.0000	0.0000	0.0000;
./matpower/data/case_SyntheticUSA.m:81678:	3007216	1	92.56	26.23	0	0	307	0.9981163	-39.214287	115	3	1.1	0.9	0.0000	0.0000	0.0000	0.0000;
./matpower/data/case_SyntheticUSA.m:81686:	3007224	1	30.77	8.72	0	0	307	0.9982793	-39.471044	115	3	1.1	0.9	0.0000	0.0000	0.0000	0.0000;
./matpower/data/case_SyntheticUSA.m:81706:	3007244	1	38.02	10.77	0	0	307	0.9985284	-36.984482	115	3	1.1	0.9	0.0000	0.0000	0.0000	0.0000;
./matpower/data/case_SyntheticUSA.m:81718:	3007256	1	86.86	24.61	0	0	307	0.9985404	-38.233923	115	3	1.1	0.9	0.0000	0.0000	0.0000	0.0000;
./matpower/data/case_SyntheticUSA.m:81733:	3007271	1	28.45	8.06	0	0	307	0.9980574	-40.92033	115	3	1.1	0.9	0.0000	0.0000	0.0000	0.0000;
./matpower/data/case_SyntheticUSA.m:81760:	3007298	1	101.23	28.68	0	0	307	0.9987764	-39.937289	115	3	1.1	0.9	0.0000	0.0000	0.0000	0.0000;
./matpower/data/case_SyntheticUSA.m:81872:	3007410	1	215.67	61.11	0	0	307	0.9981974	-38.302555	115	3	1.1	0.9	0.0000	0.0000	0.0000	0.0000;
./matpower/data/case_SyntheticUSA.m:81903:	3008009	1	9.81	2.78	0	0	308	0.9984888	-43.542602	115	7	1.1	0.9	0.0000	0.0000	0.0000	0.0000;
./matpower/data/case_SyntheticUSA.m:81989:	3008095	1	146.81	41.6	0	0	308	0.9986998	-46.149329	115	7	1.1	0.9	0.0000	0.0000	0.0000	0.0000;
./matpower/data/case_SyntheticUSA.m:83351:	7233	0	0	0.43	-0.11	1.04	1.12	0	0.93	0.35	0	0	0	0	0	0	0	0	0	0	0.9333	0.0000	0.0000	0.0000	0.0000;
./matpower/data/case_SyntheticUSA.m:83352:	7233	0	0	0.43	-0.11	1.04	1.12	0	0.93	0.3	0	0	0	0	0	0	0	0	0	0	0.9333	0.0000	0.0000	0.0000	0.0000;
./matpower/data/case_SyntheticUSA.m:83353:	7233	0	0	0.43	-0.11	1.04	1.12	0	0.93	0.29	0	0	0	0	0	0	0	0	0	0	0.9333	0.0000	0.0000	0.0000	0.0000;
./matpower/data/case_SyntheticUSA.m:83354:	7233	0	0	0.43	-0.11	1.04	1.12	0	0.93	0.27	0	0	0	0	0	0	0	0	0	0	0.9333	0.0000	0.0000	0.0000	0.0000;
./matpower/data/case_SyntheticUSA.m:83355:	7233	0	0	0.43	-0.11	1.04	1.12	0	0.93	0.31	0	0	0	0	0	0	0	0	0	0	0.9333	0.0000	0.0000	0.0000	0.0000;
./matpower/data/case_SyntheticUSA.m:83356:	7233	0	0	0.43	-0.11	1.04	1.12	0	0.93	0.46	0	0	0	0	0	0	0	0	0	0	0.9333	0.0000	0.0000	0.0000	0.0000;
./matpower/data/case_SyntheticUSA.m:84273:	13696	0.93	0	0	0	1.04	1.12	1	0.93	0.15	0	0	0	0	0	0	0	0	0	0	0.9333	0.0000	0.0000	0.0000	0.0000;
./matpower/data/case_SyntheticUSA.m:84274:	13696	0	0	0	0	1.04	1.12	0	0.93	0.17	0	0	0	0	0	0	0	0	0	0	0.9333	0.0000	0.0000	0.0000	0.0000;
./matpower/data/case_SyntheticUSA.m:84275:	13697	0	0	0	0	1.04	1.12	0	0.93	0.41	0	0	0	0	0	0	0	0	0	0	0.9333	0.0000	0.0000	0.0000	0.0000;
./matpower/data/case_SyntheticUSA.m:85023:	19493	978.53	97.95	360.53	-80.34	0.9987	1175.64	1	979.7	300.48	0	0	0	0	0	0	0	0	0	0	979.7	0.0000	0.0000	0.0000	0.0000;
./matpower/data/case_SyntheticUSA.m:85317:	21450	40.92	20.85	20.85	-4.55	1.04	49.16	1	40.97	20.34	0	0	0	0	0	0	0	0	0	0	40.9667	0.0000	0.0000	0.0000	0.0000;
./matpower/data/case_SyntheticUSA.m:85318:	21450	40.92	20.85	20.85	-4.55	1.04	49.16	1	40.97	12.67	0	0	0	0	0	0	0	0	0	0	40.9667	0.0000	0.0000	0.0000	0.0000;
./matpower/data/case_SyntheticUSA.m:85319:	21450	40.92	20.85	20.85	-4.55	1.04	49.16	1	40.97	17.35	0	0	0	0	0	0	0	0	0	0	40.9667	0.0000	0.0000	0.0000	0.0000;
./matpower/data/case_SyntheticUSA.m:85320:	21450	40.92	20.85	20.85	-4.55	1.04	49.16	1	40.97	6.23	0	0	0	0	0	0	0	0	0	0	40.9667	0.0000	0.0000	0.0000	0.0000;
./matpower/data/case_SyntheticUSA.m:85321:	21453	40.92	14.04	20.85	-4.55	1.04	49.16	1	40.97	14.36	0	0	0	0	0	0	0	0	0	0	40.9667	0.0000	0.0000	0.0000	0.0000;
./matpower/data/case_SyntheticUSA.m:85322:	21454	40.92	14.04	20.85	-4.55	1.04	49.16	1	40.97	15.85	0	0	0	0	0	0	0	0	0	0	40.9667	0.0000	0.0000	0.0000	0.0000;
./matpower/data/case_SyntheticUSA.m:86442:	28280	933.39	4.68	435.48	-114.01	1.028	1121.4	1	934.5	333.21	0	0	0	0	0	0	0	0	0	0	934.5	0.0000	0.0000	0.0000	0.0000;
./matpower/data/case_SyntheticUSA.m:87250:	35382	0.93	0.36	0.36	-0.05	1.004	1.12	1	0.93	0.12	0	0	0	0	0	0	0	0	0	0	0.9333	0.0000	0.0000	0.0000	0.0000;
./matpower/data/case_SyntheticUSA.m:87251:	35383	0.93	0.36	0.36	-0.05	1.004	1.12	1	0.93	0.14	0	0	0	0	0	0	0	0	0	0	0.9333	0.0000	0.0000	0.0000	0.0000;
./matpower/data/case_SyntheticUSA.m:87252:	35383	0	0	0.36	-0.05	1.004	1.12	0	0.93	0.13	0	0	0	0	0	0	0	0	0	0	0.9333	0.0000	0.0000	0.0000	0.0000;
./matpower/data/case_SyntheticUSA.m:88022:	40791	20.91	9.75	9.75	-2.55	1.043	25.12	1	20.93	7.68	0	0	0	0	0	0	0	0	0	0	20.9333	0.0000	0.0000	0.0000	0.0000;
./matpower/data/case_SyntheticUSA.m:88023:	40791	20.91	9.75	9.75	-2.55	1.043	25.12	1	20.93	3.57	0	0	0	0	0	0	0	0	0	0	20.9333	0.0000	0.0000	0.0000	0.0000;
./matpower/data/case_SyntheticUSA.m:88024:	40791	20.91	9.75	9.75	-2.55	1.043	25.12	1	20.93	2.53	0	0	0	0	0	0	0	0	0	0	20.9333	0.0000	0.0000	0.0000	0.0000;
./matpower/data/case_SyntheticUSA.m:88725:	44495	0.97	0.45	0.45	-0.12	1.04	1.16	1	0.97	0.14	0	0	0	0	0	0	0	0	0	0	0.9667	0.0000	0.0000	0.0000	0.0000;
./matpower/data/case_SyntheticUSA.m:88726:	44496	0.97	0.45	0.45	-0.12	1.04	1.16	1	0.97	0.34	0	0	0	0	0	0	0	0	0	0	0.9667	0.0000	0.0000	0.0000	0.0000;
./matpower/data/case_SyntheticUSA.m:88727:	44497	0.97	0.45	0.45	-0.12	1.04	1.16	1	0.97	0.12	0	0	0	0	0	0	0	0	0	0	0.9667	0.0000	0.0000	0.0000	0.0000;
./matpower/data/case_SyntheticUSA.m:89164:	48475	0.93	0.36	0.36	-0.05	1.04	1.12	1	0.93	0.34	0	0	0	0	0	0	0	0	0	0	0.9333	0.0000	0.0000	0.0000	0.0000;
./matpower/data/case_SyntheticUSA.m:89165:	48475	0.93	0.36	0.36	-0.05	1.04	1.12	1	0.93	0.35	0	0	0	0	0	0	0	0	0	0	0.9333	0.0000	0.0000	0.0000	0.0000;
./matpower/data/case_SyntheticUSA.m:89166:	48475	0.93	0.36	0.36	-0.05	1.04	1.12	1	0.93	0.25	0	0	0	0	0	0	0	0	0	0	0.9333	0.0000	0.0000	0.0000	0.0000;
./matpower/data/case_SyntheticUSA.m:89167:	48475	0.93	0.36	0.36	-0.05	1.04	1.12	1	0.93	0.29	0	0	0	0	0	0	0	0	0	0	0.9333	0.0000	0.0000	0.0000	0.0000;
./matpower/data/case_SyntheticUSA.m:89168:	48475	0.93	0.36	0.36	-0.05	1.04	1.12	1	0.93	0.11	0	0	0	0	0	0	0	0	0	0	0.9333	0.0000	0.0000	0.0000	0.0000;
./matpower/data/case_SyntheticUSA.m:89169:	48475	0	0	0.36	-0.05	1.04	1.12	0	0.93	0.35	0	0	0	0	0	0	0	0	0	0	0.9333	0.0000	0.0000	0.0000	0.0000;
./matpower/data/case_SyntheticUSA.m:89766:	51632	0.93	0.2	0.2	-0.13	1.043	1.12	1	0.93	0.31	0	0	0	0	0	0	0	0	0	0	0.9333	0.0000	0.0000	0.0000	0.0000;
./matpower/data/case_SyntheticUSA.m:89767:	51632	0.93	0.2	0.2	-0.13	1.043	1.12	1	0.93	0.14	0	0	0	0	0	0	0	0	0	0	0.9333	0.0000	0.0000	0.0000	0.0000;
./matpower/data/case_SyntheticUSA.m:89768:	51632	0.93	0.2	0.2	-0.13	1.043	1.12	1	0.93	0.2	0	0	0	0	0	0	0	0	0	0	0.9333	0.0000	0.0000	0.0000	0.0000;
./matpower/data/case_SyntheticUSA.m:89769:	51632	0.93	0.2	0.2	-0.13	1.043	1.12	1	0.93	0.32	0	0	0	0	0	0	0	0	0	0	0.9333	0.0000	0.0000	0.0000	0.0000;
./matpower/data/case_SyntheticUSA.m:89770:	51632	0.93	0.2	0.2	-0.13	1.043	1.12	1	0.93	0.46	0	0	0	0	0	0	0	0	0	0	0.9333	0.0000	0.0000	0.0000	0.0000;
./matpower/data/case_SyntheticUSA.m:89771:	51632	0	0	0.2	-0.13	1.043	1.12	0	0.93	0.19	0	0	0	0	0	0	0	0	0	0	0.9333	0.0000	0.0000	0.0000	0.0000;
./matpower/data/case_SyntheticUSA.m:90058:	54347	0	0	0.43	-0.11	1.04	1.12	0	0.93	0.44	0	0	0	0	0	0	0	0	0	0	0.9333	0.0000	0.0000	0.0000	0.0000;
./matpower/data/case_SyntheticUSA.m:90059:	54348	0	0	0.43	-0.11	1.04	1.12	0	0.93	0.37	0	0	0	0	0	0	0	0	0	0	0.9333	0.0000	0.0000	0.0000	0.0000;
./matpower/data/case_SyntheticUSA.m:90060:	54350	0	0	0.43	-0.11	1.04	1.12	0	0.93	0.45	0	0	0	0	0	0	0	0	0	0	0.9333	0.0000	0.0000	0.0000	0.0000;
./matpower/data/case_SyntheticUSA.m:90061:	54350	0	0	0.43	-0.11	1.04	1.12	0	0.93	0.23	0	0	0	0	0	0	0	0	0	0	0.9333	0.0000	0.0000	0.0000	0.0000;
./matpower/data/case_SyntheticUSA.m:90062:	54351	0	0	0.43	-0.11	1.04	1.12	0	0.93	0.33	0	0	0	0	0	0	0	0	0	0	0.9333	0.0000	0.0000	0.0000	0.0000;
./matpower/data/case_SyntheticUSA.m:90063:	54351	0	0	0.43	-0.11	1.04	1.12	0	0.93	0.22	0	0	0	0	0	0	0	0	0	0	0.9333	0.0000	0.0000	0.0000	0.0000;
./matpower/data/case_SyntheticUSA.m:90119:	54464	0	0	0.45	-0.12	1.04	1.16	0	0.97	0.47	0	0	0	0	0	0	0	0	0	0	0.9667	0.0000	0.0000	0.0000	0.0000;
./matpower/data/case_SyntheticUSA.m:90120:	54464	0	0	0.45	-0.12	1.04	1.16	0	0.97	0.31	0	0	0	0	0	0	0	0	0	0	0.9667	0.0000	0.0000	0.0000	0.0000;
./matpower/data/case_SyntheticUSA.m:90121:	54465	0	0	0.45	-0.12	1.04	1.16	0	0.97	0.25	0	0	0	0	0	0	0	0	0	0	0.9667	0.0000	0.0000	0.0000	0.0000;
./matpower/data/case_SyntheticUSA.m:90222:	54678	200.69	50	102.28	-22.3	1.0545	241.12	1	200.93	89.27	0	0	0	0	0	0	0	0	0	0	200.9333	0.0000	0.0000	0.0000	0.0000;
./matpower/data/case_SyntheticUSA.m:90223:	54679	200.69	50	102.28	-22.3	1.055	241.12	1	200.93	72.64	0	0	0	0	0	0	0	0	0	0	200.9333	0.0000	0.0000	0.0000	0.0000;
./matpower/data/case_SyntheticUSA.m:90224:	54680	200.69	50	102.28	-22.3	1.0538	241.12	1	200.93	40.43	0	0	0	0	0	0	0	0	0	0	200.9333	0.0000	0.0000	0.0000	0.0000;
./matpower/data/case_SyntheticUSA.m:90258:	54743	0	0	0.43	-0.11	1.04	1.12	0	0.93	0.37	0	0	0	0	0	0	0	0	0	0	0.9333	0.0000	0.0000	0.0000	0.0000;
./matpower/data/case_SyntheticUSA.m:90259:	54743	0	0	0.43	-0.11	1.04	1.12	0	0.93	0.39	0	0	0	0	0	0	0	0	0	0	0.9333	0.0000	0.0000	0.0000	0.0000;
./matpower/data/case_SyntheticUSA.m:90260:	54744	0	0	0.43	-0.11	1.04	1.12	0	0.93	0.45	0	0	0	0	0	0	0	0	0	0	0.9333	0.0000	0.0000	0.0000	0.0000;
./matpower/data/case_SyntheticUSA.m:93444:	2025904	155.8	37.24	79.3	-17.29	0.9983	201.62	1	155.8	71.02	0	0	0	0	0	0	0	0	0	0	155.8	0.0000	0.0000	0.0000	0.0000;
./matpower/data/case_SyntheticUSA.m:93445:	2025905	155.8	37.24	79.3	-17.29	0.9984	225.23	1	155.8	57.31	0	0	0	0	0	0	0	0	0	0	155.8	0.0000	0.0000	0.0000	0.0000;
./matpower/data/case_SyntheticUSA.m:93447:	2025907	155.8	37.24	79.3	-17.29	0.9985	198.68	1	155.8	18.04	0	0	0	0	0	0	0	0	0	0	155.8	0.0000	0.0000	0.0000	0.0000;
./matpower/data/case_SyntheticUSA.m:93643:	2026157	131.94	0	0	0	0.9985	289.78	1	131.94	131.94	0	0	0	0	0	0	0	0	0	0	225	0.0000	0.0000	0.0000	0.0000;
./matpower/data/case_SyntheticUSA.m:93644:	2026158	114.12	0	0	0	0.9985	250.77	1	114.12	114.12	0	0	0	0	0	0	0	0	0	0	199	0.0000	0.0000	0.0000	0.0000;
./matpower/data/case_SyntheticUSA.m:94154:	2040735	44.51	7	19.57	-2.5	0.9981	50.96	1	44.51	44.51	0	0	0	0	0	0	0	0	0	0	50.96	0.0000	0.0000	0.0000	0.0000;
./matpower/data/case_SyntheticUSA.m:94168:	2040763	197.26	191.48	191.48	-50.13	0.9985	471.85	1	410.9	185.94	0	0	0	0	0	0	0	0	0	0	410.9	0.0000	0.0000	0.0000	0.0000;
./matpower/data/case_SyntheticUSA.m:94210:	2040814	130.13	66.24	66.24	-14.44	0.9982	163.65	1	130.13	31.42	0	0	0	0	0	0	0	0	0	0	130.1333	0.0000	0.0000	0.0000	0.0000;
./matpower/data/case_SyntheticUSA.m:94276:	2040921	6.67	0	0	0	0.9983	11.11	1	6.67	6.67	0	0	0	0	0	0	0	0	0	0	10	0.0000	0.0000	0.0000	0.0000;
./matpower/data/case_SyntheticUSA.m:94510:	2060708	232.7	-28.39	108.44	-28.39	0.9987	303.4	1	232.7	51.23	0	0	0	0	0	0	0	0	0	0	232.7	0.0000	0.0000	0.0000	0.0000;
./matpower/data/case_SyntheticUSA.m:94722:	2074197	44.1	16.93	16.93	-2.16	0.9984	62.89	1	44.1	44.1	0	0	0	0	0	0	0	0	0	0	44.1	0.0000	0.0000	0.0000	0.0000;
./matpower/data/case_SyntheticUSA.m:94723:	2074197	37.11	16.93	16.93	-2.16	0.9984	55.65	1	37.11	37.11	0	0	0	0	0	0	0	0	0	0	44.1	0.0000	0.0000	0.0000	0.0000;
./matpower/data/case_SyntheticUSA.m:95550:	45	191	0.004324	0.024914	0.01933	198.25	0	0	0	0	1	0	0	31.3900	-2.7300	-31.3500	0.8500	0.0000	0.0000	0.0000	0.0000;
./matpower/data/case_SyntheticUSA.m:95575:	62	1050	0.006949	0.026646	0.0082	166.63	0	0	0	0	1	0	0	-11.1500	5.5500	11.1600	-6.3900	0.0000	0.0000	0.0000	0.0000;
./matpower/data/case_SyntheticUSA.m:95664:	136	626	0.003998	0.023638	0.00736	172.26	0	0	0	0	1	0	0	-12.2100	0.6700	12.2100	-1.4400	0.0000	0.0000	0.0000	0.0000;
./matpower/data/case_SyntheticUSA.m:95746:	195	805	0.002933	0.013536	0.0029	122.23	0	0	0	0	1	0	0	-0.1300	-0.7900	0.1300	0.4800	0.0000	0.0000	0.0000	0.0000;
./matpower/data/case_SyntheticUSA.m:95833:	254	258	0.011149	0.049339	0.0118	129.13	0	0	0	0	1	0	0	-1.8000	0.7100	1.8000	-1.9900	0.0000	0.0000	0.0000	0.0000;
./matpower/data/case_SyntheticUSA.m:95854:	272	305	0.009335	0.045448	0.00995	174.1	0	0	0	0	1	0	0	4.9000	0.1100	-4.9000	-1.1800	0.0000	0.0000	0.0000	0.0000;
./matpower/data/case_SyntheticUSA.m:96010:	387	1065	0.00712	0.039493	0.02532	150.35	0	0	0	0	1	0	0	-2.8500	2.2200	2.8500	-4.9800	0.0000	0.0000	0.0000	0.0000;
./matpower/data/case_SyntheticUSA.m:96017:	393	396	0.002927	0.024659	0.02998	527.68	0	0	0	0	1	0	0	23.0100	12.0300	-22.9900	-15.1500	0.0000	0.0000	0.0000	0.0000;
./matpower/data/case_SyntheticUSA.m:96054:	429	421	0.007916	0.026981	0.00966	169.62	0	0	0	0	1	0	0	-12.1800	-1.0100	12.1900	-0.0100	0.0000	0.0000	0.0000	0.0000;
./matpower/data/case_SyntheticUSA.m:96137:	485	484	0.000966	0.05197	0	226.02	0	0	1	0	1	0	0	-21.3100	2.0700	21.3200	-1.8500	0.0000	0.0000	0.0000	0.0000;
./matpower/data/case_SyntheticUSA.m:96285:	597	598	0.001952	0.009662	0.02998	177.32	0	0	0	0	1	0	0	8.9600	0.7700	-8.9600	-4.0200	0.0000	0.0000	0.0000	0.0000;
./matpower/data/case_SyntheticUSA.m:96393:	715	697	0.004112	0.030904	0.07998	499.31	0	0	0	0	1	0	0	2.4000	-27.0200	-2.3800	18.4200	0.0000	0.0000	0.0000	0.0000;
./matpower/data/case_SyntheticUSA.m:96458:	748	766	0.007671	0.035156	0.00949	150.87	0	0	0	0	1	0	0	12.0500	-0.7900	-12.0400	-0.1900	0.0000	0.0000	0.0000	0.0000;
./matpower/data/case_SyntheticUSA.m:96657:	914	917	-0.000933	-0.021915	0	94.83	0	0	1	0	1	0	0	-2.9300	0.1500	2.9300	-0.1600	0.0000	0.0000	0.0000	0.0000;
./matpower/data/case_SyntheticUSA.m:96733:	990	998	0.000291	0.001074	0	0	0	0	0	0	1	0	0	-198.4600	127.5400	198.6100	-126.9900	0.0000	0.0000	0.0000	0.0000;
./matpower/data/case_SyntheticUSA.m:96962:	1235	1566	0.001563	0.013514	0.06966	538.85	0	0	0	0	1	0	0	85.1600	-7.3100	-85.0500	0.7300	0.0000	0.0000	0.0000	0.0000;
./matpower/data/case_SyntheticUSA.m:96965:	1354	1238	0.004007	0.019938	0.00949	126.71	0	0	0	0	1	0	0	1.8000	3.0100	-1.8000	-4.0300	0.0000	0.0000	0.0000	0.0000;
./matpower/data/case_SyntheticUSA.m:97088:	1343	1329	0.036081	0.140823	0.01933	117.59	0	0	0	0	1	0	0	1.0000	-3.4500	-1.0000	1.3900	0.0000	0.0000	0.0000	0.0000;
./matpower/data/case_SyntheticUSA.m:97263:	1447	1446	0.000998	0.048886	0	207.22	0	0	1.0125	0	1	0	0	-53.0500	-15.2200	53.0800	16.6300	0.0000	0.0000	0.0000	0.0000;
./matpower/data/case_SyntheticUSA.m:97357:	1550	1525	0.00639	0.029668	0.0107	170.16	0	0	0	0	1	0	0	24.7000	0.2700	-24.6600	-1.2700	0.0000	0.0000	0.0000	0.0000;
./matpower/data/case_SyntheticUSA.m:97359:	3763	1526	0.005193	0.019338	0.00807	148.59	0	0	0	0	1	0	0	-16.4800	12.2800	16.5000	-13.0800	0.0000	0.0000	0.0000	0.0000;
./matpower/data/case_SyntheticUSA.m:97437:	1651	1596	0.004025	0.019499	0.02962	168.39	0	0	0	0	1	0	0	25.2100	-4.2000	-25.1900	1.1400	0.0000	0.0000	0.0000	0.0000;
./matpower/data/case_SyntheticUSA.m:97493:	1634	1640	0.004998	0.025874	0.02438	195.35	0	0	0	0	1	0	0	51.4700	-18.8900	-51.3300	16.9800	0.0000	0.0000	0.0000	0.0000;
./matpower/data/case_SyntheticUSA.m:97552:	1715	1687	0.004949	0.019578	0.00478	157.83	0	0	0	0	1	0	0	-8.5400	-15.5200	8.5500	15.0600	0.0000	0.0000	0.0000	0.0000;
./matpower/data/case_SyntheticUSA.m:97817:	2621	1941	0.009339	0.038116	0.02232	159.83	0	0	0	0	1	0	0	-11.5900	7.7700	11.6100	-10.1000	0.0000	0.0000	0.0000	0.0000;
./matpower/data/case_SyntheticUSA.m:97952:	2043	2554	0.000922	0.007351	0.01966	507.72	0	0	0	0	1	0	0	-46.5800	-30.0300	46.6000	28.1200	0.0000	0.0000	0.0000	0.0000;
./matpower/data/case_SyntheticUSA.m:98024:	2098	2095	0.002003	0.009981	0.00268	162.53	0	0	0	0	1	0	0	8.3700	-2.4300	-8.3600	2.1500	0.0000	0.0000	0.0000	0.0000;
./matpower/data/case_SyntheticUSA.m:98109:	2163	2160	0.009496	0.038453	0.01079	128.08	0	0	0	0	1	0	0	-0.8800	4.4300	0.8800	-5.5800	0.0000	0.0000	0.0000	0.0000;
./matpower/data/case_SyntheticUSA.m:98125:	2176	2259	0.016806	0.076499	0.00933	140.79	0	0	0	0	1	0	0	1.8100	-0.9100	-1.8100	-0.1100	0.0000	0.0000	0.0000	0.0000;
./matpower/data/case_SyntheticUSA.m:98367:	2378	2389	0.004933	0.020153	0.01175	161.54	0	0	0	0	1	0	0	14.8400	-2.4400	-14.8300	1.2100	0.0000	0.0000	0.0000	0.0000;
./matpower/data/case_SyntheticUSA.m:98388:	2397	2427	0.00113	0.005998	0.01697	136.68	0	0	0	0	1	0	0	3.3900	-0.2000	-3.3900	-1.6600	0.0000	0.0000	0.0000	0.0000;
./matpower/data/case_SyntheticUSA.m:98394:	2400	2402	0.00733	0.039669	0.00744	128.63	0	0	0	0	1	0	0	-2.0400	0.2800	2.0500	-1.0900	0.0000	0.0000	0.0000	0.0000;
./matpower/data/case_SyntheticUSA.m:98401:	2407	2637	0.008013	0.07966	0.1437	474.61	0	0	0	0	1	0	0	-34.3900	-14.7100	34.4900	0.0800	0.0000	0.0000	0.0000	0.0000;
./matpower/data/case_SyntheticUSA.m:98660:	2677	4262	0.000949	0.00827	0.08327	745.96	0	0	0	0	1	0	0	-375.8900	4.0100	377.1300	-2.2300	0.0000	0.0000	0.0000	0.0000;
./matpower/data/case_SyntheticUSA.m:98681:	2692	3988	0.003256	0.019331	0.0062	142.72	0	0	0	0	1	0	0	-9.8600	-4.2200	9.8600	3.5800	0.0000	0.0000	0.0000	0.0000;
./matpower/data/case_SyntheticUSA.m:98873:	2827	3526	0.003152	0.014518	0.01998	155.05	0	0	0	0	1	0	0	14.2500	-6.9700	-14.2400	4.8500	0.0000	0.0000	0.0000	0.0000;
./matpower/data/case_SyntheticUSA.m:98929:	2862	4601	0.010218	0.049986	0.00889	132.26	0	0	0	0	1	0	0	4.8500	-0.3800	-4.8500	-0.5700	0.0000	0.0000	0.0000	0.0000;
./matpower/data/case_SyntheticUSA.m:98942:	4592	2870	0.00215	0.009339	0.00107	163.26	0	0	0	0	1	0	0	-19.9600	5.4100	19.9600	-5.4900	0.0000	0.0000	0.0000	0.0000;
./matpower/data/case_SyntheticUSA.m:99025:	2928	2925	0.009985	0.049152	0.00609	135.8	0	0	0	0	1	0	0	5.9600	-1.0800	-5.9600	0.4500	0.0000	0.0000	0.0000	0.0000;
./matpower/data/case_SyntheticUSA.m:99104:	2982	4216	0.001787	0.009985	0.00194	182.23	0	0	0	0	1	0	0	33.9200	-6.5900	-33.9000	6.4900	0.0000	0.0000	0.0000	0.0000;
./matpower/data/case_SyntheticUSA.m:99262:	3096	3129	0.001799	0.008966	0.00244	173.74	0	0	0	0	1	0	0	19.8100	0.6600	-19.8000	-0.8900	0.0000	0.0000	0.0000	0.0000;
./matpower/data/case_SyntheticUSA.m:99355:	3158	3183	0.00185	0.009949	0.01022	165.46	0	0	0	0	1	0	0	15.1100	7.4600	-15.1000	-8.5400	0.0000	0.0000	0.0000	0.0000;
./matpower/data/case_SyntheticUSA.m:99361:	3161	4292	0.004562	0.02313	0.06933	221.22	0	0	0	0	1	0	0	-78.3100	-10.6700	78.5600	4.3800	0.0000	0.0000	0.0000	0.0000;
./matpower/data/case_SyntheticUSA.m:99386:	3187	3960	0.004639	0.019336	0.04824	201.49	0	0	0	0	1	0	0	-63.5500	2.3000	63.7300	-6.8200	0.0000	0.0000	0.0000	0.0000;
./matpower/data/case_SyntheticUSA.m:99536:	3285	3279	0.002098	0.009331	0.00228	168.74	0	0	0	0	1	0	0	20.9900	-0.8700	-20.9900	0.6600	0.0000	0.0000	0.0000	0.0000;
./matpower/data/case_SyntheticUSA.m:99552:	3294	3321	0.003646	0.018394	0.00998	176.29	0	0	0	0	1	0	0	29.1300	14.5200	-29.0900	-15.4000	0.0000	0.0000	0.0000	0.0000;
./matpower/data/case_SyntheticUSA.m:99669:	4081	3380	0.001943	0.007998	0.01119	149.59	0	0	0	0	1	0	0	14.9000	13.5800	-14.8900	-14.7500	0.0000	0.0000	0.0000	0.0000;
./matpower/data/case_SyntheticUSA.m:99696:	3400	3510	0.001786	0.009495	0.00405	178.84	0	0	0	0	1	0	0	-32.9900	14.7600	33.0100	-15.0800	0.0000	0.0000	0.0000	0.0000;
./matpower/data/case_SyntheticUSA.m:99705:	3409	3419	0.002426	0.009577	0.00998	183.7	0	0	0	0	1	0	0	36.1100	13.9200	-36.0700	-14.8700	0.0000	0.0000	0.0000	0.0000;
./matpower/data/case_SyntheticUSA.m:99743:	3442	3494	0.001726	0.008933	0.00409	153.06	0	0	0	0	1	0	0	-14.7500	1.0100	14.7500	-1.4400	0.0000	0.0000	0.0000	0.0000;
./matpower/data/case_SyntheticUSA.m:99814:	3494	3701	0.001536	0.009493	0.0017	165.3	0	0	0	0	1	0	0	21.5800	13.5300	-21.5700	-13.6500	0.0000	0.0000	0.0000	0.0000;
./matpower/data/case_SyntheticUSA.m:99880:	3547	3610	0.003966	0.020441	0.01821	181.53	0	0	0	0	1	0	0	36.5500	4.1200	-36.5000	-5.8500	0.0000	0.0000	0.0000	0.0000;
./matpower/data/case_SyntheticUSA.m:99946:	4462	3599	0.004949	0.024751	0.00527	157.77	0	0	0	0	1	0	0	17.1400	1.7400	-17.1200	-2.2400	0.0000	0.0000	0.0000	0.0000;
./matpower/data/case_SyntheticUSA.m:100248:	3854	3857	0.000503	0.009984	0	128.32	0	0	1	0	1	0	0	0.0000	0.0000	0.0000	0.0000	0.0000	0.0000	0.0000	0.0000;
./matpower/data/case_SyntheticUSA.m:100282:	3884	4678	0.0012	0.009664	0.09723	663.78	0	0	0	0	1	0	0	-174.1300	-33.4500	174.4800	25.6900	0.0000	0.0000	0.0000	0.0000;
./matpower/data/case_SyntheticUSA.m:100394:	4111	4004	0.000926	0.009669	0.03561	602.09	0	0	0	0	1	0	0	-121.7500	9.7400	121.8800	-12.2800	0.0000	0.0000	0.0000	0.0000;
./matpower/data/case_SyntheticUSA.m:100576:	4190	4191	0.008949	0.391005	0	25	0	0	1	0	1	0	0	0.0000	0.0000	0.0000	0.0000	0.0000	0.0000	0.0000	0.0000;
./matpower/data/case_SyntheticUSA.m:100723:	4362	4364	0.00998	0.248523	0	37.05	0	0	1.0125	0	1	0	0	-3.0000	0.3300	3.0000	-0.3100	0.0000	0.0000	0.0000	0.0000;
./matpower/data/case_SyntheticUSA.m:100917:	4559	4618	0.001657	0.009337	0.02102	176.94	0	0	0	0	1	0	0	30.9200	2.1500	-30.9000	-4.3600	0.0000	0.0000	0.0000	0.0000;
./matpower/data/case_SyntheticUSA.m:100989:	4628	4648	0.00966	0.040763	0.01037	116.25	0	0	0	0	1	0	0	1.5700	0.1500	-1.5700	-1.2800	0.0000	0.0000	0.0000	0.0000;
./matpower/data/case_SyntheticUSA.m:100991:	4630	5273	0.006247	0.019499	0.00504	136.25	0	0	0	0	1	0	0	11.1700	-1.2500	-11.1700	0.7300	0.0000	0.0000	0.0000	0.0000;
./matpower/data/case_SyntheticUSA.m:101144:	4754	4755	0.006998	0.026265	0.01558	162.07	0	0	0	0	1	0	0	-29.2900	-3.8000	29.3500	2.3500	0.0000	0.0000	0.0000	0.0000;
./matpower/data/case_SyntheticUSA.m:101212:	5206	4797	0.004244	0.01949	0.0034	157.38	0	0	0	0	1	0	0	22.5400	8.5600	-22.5100	-8.8200	0.0000	0.0000	0.0000	0.0000;
./matpower/data/case_SyntheticUSA.m:101278:	4839	4842	0.002013	0.009491	0.0031	181.22	0	0	0	0	1	0	0	-44.7300	0.8300	44.7700	-0.9700	0.0000	0.0000	0.0000	0.0000;
./matpower/data/case_SyntheticUSA.m:101286:	4847	4846	0.003949	0.151136	0	51.93	0	0	1.05625	0	1	0	0	4.6900	-36.3600	-4.6300	38.4500	0.0000	0.0000	0.0000	0.0000;
./matpower/data/case_SyntheticUSA.m:101605:	5096	5539	0.006949	0.031716	0.00343	192.65	0	0	0	0	1	0	0	-59.8200	8.2900	60.0600	-7.5900	0.0000	0.0000	0.0000	0.0000;
./matpower/data/case_SyntheticUSA.m:101678:	5152	5230	0.003694	0.018351	0.00966	122.13	0	0	0	0	1	0	0	-1.8400	0.2100	1.8400	-1.2400	0.0000	0.0000	0.0000	0.0000;
./matpower/data/case_SyntheticUSA.m:101691:	5583	5162	0.000749	0.006616	0.01933	531.12	0	0	0	0	1	0	0	-52.2300	-10.2000	52.2500	8.2900	0.0000	0.0000	0.0000	0.0000;
./matpower/data/case_SyntheticUSA.m:101828:	5283	5292	0.001773	0.009335	0.00809	133.9	0	0	0	0	1	0	0	-6.2800	1.6900	6.2800	-2.5600	0.0000	0.0000	0.0000	0.0000;
./matpower/data/case_SyntheticUSA.m:101834:	5286	5292	0.013781	0.059661	0.00912	158.31	0	0	0	0	1	0	0	-23.9700	3.5900	24.0400	-4.2500	0.0000	0.0000	0.0000	0.0000;
./matpower/data/case_SyntheticUSA.m:101996:	5443	5446	0.000207	0.011635	0	949.88	0	0	1	0	1	0	0	0.0000	0.0000	0.0000	0.0000	0.0000	0.0000	0.0000	0.0000;
./matpower/data/case_SyntheticUSA.m:101997:	5443	5447	0.000148	0.010138	0	949.5	0	0	1	0	1	0	0	-279.5600	-49.7400	279.6700	57.2700	0.0000	0.0000	0.0000	0.0000;
./matpower/data/case_SyntheticUSA.m:102249:	5697	6139	0.000716	0.003949	0.00251	218.2	0	0	0	0	1	0	0	14.3600	-20.4600	-14.3600	20.2100	0.0000	0.0000	0.0000	0.0000;
./matpower/data/case_SyntheticUSA.m:102495:	5851	5858	0.000499	0.002949	0.0018	253.05	0	0	0	0	1	0	0	52.8200	-17.5000	-52.8000	17.3900	0.0000	0.0000	0.0000	0.0000;
./matpower/data/case_SyntheticUSA.m:103324:	6421	6447	0.001048	0.006998	0.00359	288.79	0	0	0	0	1	0	0	137.7700	-2.8800	-137.5900	3.7300	0.0000	0.0000	0.0000	0.0000;
./matpower/data/case_SyntheticUSA.m:103702:	6750	13459	0.003061	0.019339	0.02259	218.62	0	0	0	0	1	0	0	-13.6700	0.7000	13.6800	-3.1200	0.0000	0.0000	0.0000	0.0000;
./matpower/data/case_SyntheticUSA.m:103757:	6881	6793	0.001456	0.009331	0.00506	263	0	0	0	0	1	0	0	76.6800	-19.7600	-76.5900	19.7600	0.0000	0.0000	0.0000	0.0000;
./matpower/data/case_SyntheticUSA.m:104126:	7184	7286	0.000166	0.002933	0.28504	2180.01	0	0	0	0	1	0	0	85.5300	-79.7400	-85.5200	48.9900	0.0000	0.0000	0.0000	0.0000;
./matpower/data/case_SyntheticUSA.m:104222:	7300	9981	0.000349	0.006142	0.92887	3032.83	0	0	0	0	1	0	0	-782.6700	-71.6000	784.6500	5.6300	0.0000	0.0000	0.0000	0.0000;
./matpower/data/case_SyntheticUSA.m:104311:	7363	7411	0.002933	0.01435	0.05041	253.95	0	0	0	0	1	0	0	24.2200	-9.7000	-24.2100	4.3400	0.0000	0.0000	0.0000	0.0000;
./matpower/data/case_SyntheticUSA.m:104334:	7383	7904	0.010595	0.059335	0.02593	200.72	0	0	0	0	1	0	0	-0.7000	-9.5700	0.7100	6.7800	0.0000	0.0000	0.0000	0.0000;
./matpower/data/case_SyntheticUSA.m:104416:	7562	7447	0.004933	0.030136	0.01169	268.41	0	0	0	0	1	0	0	13.5400	-11.0800	-13.5300	9.9300	0.0000	0.0000	0.0000	0.0000;
./matpower/data/case_SyntheticUSA.m:104444:	7467	7466	0.003129	0.020784	0.00966	234.02	0	0	0	0	1	0	0	-21.9700	1.3000	21.9800	-2.2300	0.0000	0.0000	0.0000	0.0000;
./matpower/data/case_SyntheticUSA.m:104513:	9194	7512	0.001482	0.009669	0.0111	263.24	0	0	0	0	1	0	0	-25.8800	0.9100	25.8900	-2.0400	0.0000	0.0000	0.0000	0.0000;
./matpower/data/case_SyntheticUSA.m:104521:	7519	7540	0.003022	0.020619	0.01998	277.64	0	0	0	0	1	0	0	57.7600	-8.5400	-57.6700	7.0000	0.0000	0.0000	0.0000	0.0000;
./matpower/data/case_SyntheticUSA.m:104712:	7662	7716	0.001966	0.012294	0.0067	250.27	0	0	0	0	1	0	0	21.5600	-8.6500	-21.5500	8.0000	0.0000	0.0000	0.0000	0.0000;
./matpower/data/case_SyntheticUSA.m:104744:	7688	7695	0.000998	0.006346	0.00354	268.05	0	0	0	0	1	0	0	29.8900	-8.3600	-29.8800	8.0400	0.0000	0.0000	0.0000	0.0000;
./matpower/data/case_SyntheticUSA.m:104774:	7714	7716	0.00174	0.009336	0.00897	244.32	0	0	0	0	1	0	0	-18.8600	7.4200	18.8700	-8.3300	0.0000	0.0000	0.0000	0.0000;
./matpower/data/case_SyntheticUSA.m:104800:	7736	7738	0.003136	0.018738	0.00933	229.65	0	0	0	0	1	0	0	-12.6300	10.4300	12.6400	-11.3600	0.0000	0.0000	0.0000	0.0000;
./matpower/data/case_SyntheticUSA.m:104948:	7854	7847	0.001521	0.009949	0.02624	262.97	0	0	0	0	1	0	0	-16.6000	-9.1100	16.6100	6.3000	0.0000	0.0000	0.0000	0.0000;
./matpower/data/case_SyntheticUSA.m:105097:	7971	7974	0.000966	0.005683	0.01166	285.65	0	0	0	0	1	0	0	-41.3200	-12.8600	41.3300	11.7000	0.0000	0.0000	0.0000	0.0000;
./matpower/data/case_SyntheticUSA.m:105119:	8010	7981	0.001361	0.009497	0.0079	288.61	0	0	0	0	1	0	0	62.4200	26.4400	-62.3600	-26.8700	0.0000	0.0000	0.0000	0.0000;
./matpower/data/case_SyntheticUSA.m:105233:	9397	8068	0.000966	0.005775	0.01201	284.14	0	0	0	0	1	0	0	56.4600	11.6300	-56.4300	-12.7300	0.0000	0.0000	0.0000	0.0000;
./matpower/data/case_SyntheticUSA.m:105255:	8091	9780	0.001209	0.008387	0.00949	281.38	0	0	0	0	1	0	0	47.0500	-8.4400	-47.0200	7.5900	0.0000	0.0000	0.0000	0.0000;
./matpower/data/case_SyntheticUSA.m:105307:	8141	8150	0.002998	0.016056	0.04752	302.75	0	0	0	0	1	0	0	-68.2800	-1.8800	68.4100	-2.6900	0.0000	0.0000	0.0000	0.0000;
./matpower/data/case_SyntheticUSA.m:105319:	8148	9760	0.003933	0.020728	0.07105	326.26	0	0	0	0	1	0	0	-83.6200	3.0000	83.8600	-9.6100	0.0000	0.0000	0.0000	0.0000;
./matpower/data/case_SyntheticUSA.m:105389:	8200	8219	0.000933	0.006814	0.01441	265.05	0	0	0	0	1	0	0	30.8900	-20.7900	-30.8700	19.3000	0.0000	0.0000	0.0000	0.0000;
./matpower/data/case_SyntheticUSA.m:105616:	8370	9984	0.00436	0.024405	0.01391	204.09	0	0	0	0	1	0	0	0.3400	-0.2700	-0.3400	-1.2400	0.0000	0.0000	0.0000	0.0000;
./matpower/data/case_SyntheticUSA.m:105702:	8431	8429	0.000933	0.005822	0.00694	212.66	0	0	0	0	1	0	0	3.4500	-12.1700	-3.4500	11.4600	0.0000	0.0000	0.0000	0.0000;
./matpower/data/case_SyntheticUSA.m:105706:	8433	8542	0.001966	0.010367	0.01647	262.72	0	0	0	0	1	0	0	-21.5000	5.2300	21.5100	-6.8700	0.0000	0.0000	0.0000	0.0000;
./matpower/data/case_SyntheticUSA.m:105713:	8440	9334	0.001417	0.009102	0.00639	248.5	0	0	0	0	1	0	0	-33.7800	-15.1100	33.8000	14.5600	0.0000	0.0000	0.0000	0.0000;
./matpower/data/case_SyntheticUSA.m:105715:	9329	8441	0.003059	0.016363	0.00998	261.88	0	0	0	0	1	0	0	44.6100	20.8400	-44.5400	-21.5300	0.0000	0.0000	0.0000	0.0000;
./matpower/data/case_SyntheticUSA.m:105785:	8497	8541	0.001345	0.007933	0.01777	210.76	0	0	0	0	1	0	0	3.2400	5.7500	-3.2400	-7.5500	0.0000	0.0000	0.0000	0.0000;
./matpower/data/case_SyntheticUSA.m:105794:	8504	8521	0.005341	0.031918	0.01966	256.04	0	0	0	0	1	0	0	-32.3200	-7.5300	32.3800	5.8000	0.0000	0.0000	0.0000	0.0000;
./matpower/data/case_SyntheticUSA.m:105843:	8543	8624	0.001117	0.006966	0.00824	301.92	0	0	0	0	1	0	0	-55.5000	-12.8900	55.5300	12.2700	0.0000	0.0000	0.0000	0.0000;
./matpower/data/case_SyntheticUSA.m:106034:	8731	8822	0.010518	0.059338	0.02878	242.56	0	0	0	0	1	0	0	22.5100	-6.1100	-22.4600	3.2800	0.0000	0.0000	0.0000	0.0000;
./matpower/data/case_SyntheticUSA.m:106092:	8949	8785	0.001454	0.009492	0.03062	248.74	0	0	0	0	1	0	0	-22.4200	12.1900	22.4300	-15.4300	0.0000	0.0000	0.0000	0.0000;
./matpower/data/case_SyntheticUSA.m:106128:	8814	8815	0.003246	0.019499	0.00989	213.92	0	0	0	0	1	0	0	2.5000	0.1800	-2.5000	-1.2400	0.0000	0.0000	0.0000	0.0000;
./matpower/data/case_SyntheticUSA.m:106376:	9048	9843	0.001933	0.009976	0.00707	229.1	0	0	0	0	1	0	0	-2.0800	6.6500	2.0800	-7.4100	0.0000	0.0000	0.0000	0.0000;
./matpower/data/case_SyntheticUSA.m:106397:	9070	9293	0.002257	0.009988	0.08141	222.49	0	0	0	0	1	0	0	2.8800	1.2800	-2.8800	-10.0200	0.0000	0.0000	0.0000	0.0000;
./matpower/data/case_SyntheticUSA.m:106417:	9089	9090	0.002961	0.016091	0.00933	283.51	0	0	0	0	1	0	0	41.4600	1.7000	-41.4200	-2.4300	0.0000	0.0000	0.0000	0.0000;
./matpower/data/case_SyntheticUSA.m:106436:	9109	9319	0.002797	0.016821	0.01998	259.16	0	0	0	0	1	0	0	21.7100	-2.1400	-21.7000	0.0900	0.0000	0.0000	0.0000	0.0000;
./matpower/data/case_SyntheticUSA.m:106538:	9192	9979	0.000966	0.006262	0.00475	292.43	0	0	0	0	1	0	0	-114.4500	1.5300	114.5700	-1.3000	0.0000	0.0000	0.0000	0.0000;
./matpower/data/case_SyntheticUSA.m:106610:	9262	9274	0.000436	0.002933	0.00321	223.44	0	0	0	0	1	0	0	0.7900	8.2100	-0.7900	-8.5500	0.0000	0.0000	0.0000	0.0000;
./matpower/data/case_SyntheticUSA.m:106636:	9291	9313	0.003701	0.019497	0.02216	218.63	0	0	0	0	1	0	0	1.4200	5.1900	-1.4200	-7.5600	0.0000	0.0000	0.0000	0.0000;
./matpower/data/case_SyntheticUSA.m:106797:	9465	9464	0.000119	0.009339	0	552.66	0	0	1	0	1	0	0	-50.7400	34.9400	50.7400	-34.6100	0.0000	0.0000	0.0000	0.0000;
./matpower/data/case_SyntheticUSA.m:106998:	9763	9686	0.000424	0.002966	0.0013	245.34	0	0	0	0	1	0	0	-51.3200	8.4200	51.3300	-8.4800	0.0000	0.0000	0.0000	0.0000;
./matpower/data/case_SyntheticUSA.m:107236:	9964	9956	0.000337	0.005966	0.73221	2278.16	0	0	0	0	1	0	0	-15.5000	-47.2800	15.5000	-33.0900	0.0000	0.0000	0.0000	0.0000;
./matpower/data/case_SyntheticUSA.m:107324:	10060	10062	0.002831	0.099988	0	88.89	0	0	1	0	1	0	0	1.7000	0.6500	-1.7000	-0.6500	0.0000	0.0000	0.0000	0.0000;
./matpower/data/case_SyntheticUSA.m:107325:	10061	10062	0.002831	0.099988	0	88.89	0	0	1	0	1	0	0	1.7000	0.6500	-1.7000	-0.6500	0.0000	0.0000	0.0000	0.0000;
./matpower/data/case_SyntheticUSA.m:107400:	10178	10163	0.001933	0.01331	0.00464	169.73	0	0	0	0	1	0	0	0.0800	0.7900	-0.0800	-1.2900	0.0000	0.0000	0.0000	0.0000;
./matpower/data/case_SyntheticUSA.m:107415:	10172	10213	0.001949	0.01286	0.01503	199.74	0	0	0	0	1	0	0	-9.0100	29.3600	9.0300	-30.8800	0.0000	0.0000	0.0000	0.0000;
./matpower/data/case_SyntheticUSA.m:107496:	10245	10232	0.000998	0.006493	0.00269	229.31	0	0	0	0	1	0	0	56.2200	-36.1200	-56.1800	36.1000	0.0000	0.0000	0.0000	0.0000;
./matpower/data/case_SyntheticUSA.m:107565:	10288	10271	0.000933	0.005935	0.00534	192	0	0	0	0	1	0	0	-4.8700	-12.2000	4.8700	11.6400	0.0000	0.0000	0.0000	0.0000;
./matpower/data/case_SyntheticUSA.m:107693:	10461	10363	0.001486	0.009983	0.00246	254.81	0	0	0	0	1	0	0	152.4500	10.0800	-152.1300	-8.1700	0.0000	0.0000	0.0000	0.0000;
./matpower/data/case_SyntheticUSA.m:108050:	10606	10609	0.003933	0.023141	0.00473	227.87	0	0	0	0	1	0	0	-71.8100	-11.4500	72.0000	12.0700	0.0000	0.0000	0.0000	0.0000;
./matpower/data/case_SyntheticUSA.m:108205:	10722	11393	0.018628	0.090949	0.03933	228.46	0	0	0	0	1	0	0	-38.4600	0.3900	38.7200	-3.3300	0.0000	0.0000	0.0000	0.0000;
./matpower/data/case_SyntheticUSA.m:108678:	11057	13753	0.000203	0.003966	0.38596	2752.74	0	0	0	0	1	0	0	-277.3900	-26.1700	277.5300	-12.9900	0.0000	0.0000	0.0000	0.0000;
./matpower/data/case_SyntheticUSA.m:108709:	11078	11312	0.007579	0.039665	0.05009	242.25	0	0	0	0	1	0	0	-76.5400	1.6400	76.9500	-4.8500	0.0000	0.0000	0.0000	0.0000;
./matpower/data/case_SyntheticUSA.m:108713:	11084	11083	0.000221	0.014232	0	949.72	0	0	1	0	1	0	0	-378.0800	-18.5500	378.3700	37.5300	0.0000	0.0000	0.0000	0.0000;
./matpower/data/case_SyntheticUSA.m:109238:	11582	11585	0.000203	0.005966	0	50.13	0	0	1	0	1	0	0	-1.0000	0.0000	1.0000	-0.0000	0.0000	0.0000	0.0000	0.0000;
./matpower/data/case_SyntheticUSA.m:109296:	11635	11639	0.009336	0.28017	0	25.82	0	0	1	0	1	0	0	-2.5000	0.0200	2.5000	0.0000	0.0000	0.0000	0.0000	0.0000;
./matpower/data/case_SyntheticUSA.m:109495:	11839	11844	0.000216	0.019982	0	668.87	0	0	1	0	1	0	0	-112.6400	-22.3200	112.6700	24.7500	0.0000	0.0000	0.0000	0.0000;
./matpower/data/case_SyntheticUSA.m:109500:	11842	11843	0.001998	0.144576	0	125	0	0	1	0	1	0	0	0.0000	0.0000	0.0000	0.0000	0.0000	0.0000	0.0000	0.0000;
./matpower/data/case_SyntheticUSA.m:109558:	11908	11909	0.000966	0.03282	0	303.51	0	0	1	0	1	0	0	-232.7100	-15.3500	233.1900	31.7600	0.0000	0.0000	0.0000	0.0000;
./matpower/data/case_SyntheticUSA.m:109588:	11941	11942	0.002949	0.062302	0	211.05	0	0	1.0125	0	1	0	0	-161.3900	34.2500	162.1600	-18.0200	0.0000	0.0000	0.0000	0.0000;
./matpower/data/case_SyntheticUSA.m:109625:	11978	11996	0.009991	0.049663	0.01695	204.48	0	0	0	0	1	0	0	-17.8700	-1.7500	17.9000	0.0900	0.0000	0.0000	0.0000	0.0000;
./matpower/data/case_SyntheticUSA.m:109690:	12023	13779	0.001676	0.009982	0.00736	165.96	0	0	0	0	1	0	0	-25.0100	2.7600	25.0200	-3.4800	0.0000	0.0000	0.0000	0.0000;
./matpower/data/case_SyntheticUSA.m:109732:	12054	12106	0.001966	0.011086	0.00976	228.91	0	0	0	0	1	0	0	-35.5600	-9.6400	35.5800	8.7300	0.0000	0.0000	0.0000	0.0000;
./matpower/data/case_SyntheticUSA.m:109825:	12140	12114	0.001436	0.007966	0.00161	225.4	0	0	0	0	1	0	0	35.4800	4.3000	-35.4700	-4.3800	0.0000	0.0000	0.0000	0.0000;
./matpower/data/case_SyntheticUSA.m:109831:	12119	12140	0.001666	0.009498	0.00983	236.41	0	0	0	0	1	0	0	50.2600	22.7500	-50.2100	-23.5500	0.0000	0.0000	0.0000	0.0000;
./matpower/data/case_SyntheticUSA.m:110042:	13162	12290	0.000243	0.004949	0.46958	2583.02	0	0	0	0	1	0	0	208.6000	-48.8900	-208.5100	-0.3200	0.0000	0.0000	0.0000	0.0000;
./matpower/data/case_SyntheticUSA.m:110652:	12738	12753	0.009966	0.043872	0.0162	212.16	0	0	0	0	1	0	0	17.9100	-3.3700	-17.8800	1.7500	0.0000	0.0000	0.0000	0.0000;
./matpower/data/case_SyntheticUSA.m:110694:	12767	13443	0.005048	0.03286	0.05949	259.87	0	0	0	0	1	0	0	49.5400	-11.7300	-49.4300	6.0800	0.0000	0.0000	0.0000	0.0000;
./matpower/data/case_SyntheticUSA.m:110973:	13007	13026	0.001683	0.009663	0.00517	264.46	0	0	0	0	1	0	0	51.0400	5.5900	-51.0000	-5.9100	0.0000	0.0000	0.0000	0.0000;
./matpower/data/case_SyntheticUSA.m:111492:	13520	13519	0.004837	0.027008	0.03949	235.05	0	0	0	0	1	0	0	-33.7800	7.3500	33.8300	-11.3100	0.0000	0.0000	0.0000	0.0000;
./matpower/data/case_SyntheticUSA.m:111621:	13628	13650	0.002056	0.009966	0.00141	253.56	0	0	0	0	1	0	0	-80.9900	-22.6200	81.1300	23.1300	0.0000	0.0000	0.0000	0.0000;
./matpower/data/case_SyntheticUSA.m:111787:	13772	13771	0.000297	0.019669	0	414.85	0	0	1.00625	0	1	0	0	-107.9400	-28.4400	107.9700	30.7100	0.0000	0.0000	0.0000	0.0000;
./matpower/data/case_SyntheticUSA.m:111876:	13849	14030	0.000561	0.008768	0.94944	2334	0	0	0	0	1	0	0	78.2500	-48.8500	-78.2200	-53.6000	0.0000	0.0000	0.0000	0.0000;
./matpower/data/case_SyntheticUSA.m:111950:	13922	16552	0.011302	0.079984	0.02882	253.31	0	0	0	0	1	0	0	89.0100	-5.8900	-88.1800	8.6100	0.0000	0.0000	0.0000	0.0000;
./matpower/data/case_SyntheticUSA.m:111966:	15626	13938	0.001949	0.023815	0.36494	757.9	0	0	0	0	1	0	0	8.1200	-21.4200	-8.1200	-18.5400	0.0000	0.0000	0.0000	0.0000;
./matpower/data/case_SyntheticUSA.m:112181:	14153	14227	0.001862	0.009661	0.00259	223.19	0	0	0	0	1	0	0	33.0900	-7.0300	-33.0700	6.8600	0.0000	0.0000	0.0000	0.0000;
./matpower/data/case_SyntheticUSA.m:112341:	14254	15944	0.001998	0.011845	0.01839	219.69	0	0	0	0	1	0	0	-30.7400	-5.2800	30.7500	3.4100	0.0000	0.0000	0.0000	0.0000;
./matpower/data/case_SyntheticUSA.m:112350:	14259	14261	0.001144	0.007998	0.003	205.83	0	0	0	0	1	0	0	17.8900	1.3300	-17.8900	-1.6300	0.0000	0.0000	0.0000	0.0000;
./matpower/data/case_SyntheticUSA.m:112569:	15447	14488	0.002933	0.015736	0.01525	184.4	0	0	0	0	1	0	0	-2.9200	-4.5800	2.9200	2.9300	0.0000	0.0000	0.0000	0.0000;
./matpower/data/case_SyntheticUSA.m:112606:	14507	14914	0.015724	0.099493	0.03074	189.44	0	0	0	0	1	0	0	6.0000	2.6700	-5.9900	-5.9500	0.0000	0.0000	0.0000	0.0000;
./matpower/data/case_SyntheticUSA.m:112805:	14645	15406	0.009981	0.047119	0.01454	206.3	0	0	0	0	1	0	0	-19.3900	0.8600	19.4300	-2.2600	0.0000	0.0000	0.0000	0.0000;
./matpower/data/case_SyntheticUSA.m:112860:	14689	14691	0.009333	0.048373	0.02831	205.96	0	0	0	0	1	0	0	6.8300	-9.4400	-6.8200	6.4400	0.0000	0.0000	0.0000	0.0000;
./matpower/data/case_SyntheticUSA.m:113005:	14810	14808	0.001349	0.006664	0.00966	191.85	0	0	0	0	1	0	0	6.4300	-2.4000	-6.4300	1.3500	0.0000	0.0000	0.0000	0.0000;
./matpower/data/case_SyntheticUSA.m:113011:	14817	14816	0.001669	0.009495	0.0126	228.31	0	0	0	0	1	0	0	-29.6900	11.5800	29.7100	-12.8400	0.0000	0.0000	0.0000	0.0000;
./matpower/data/case_SyntheticUSA.m:113032:	14833	14837	0.001552	0.009984	0.02099	281.87	0	0	0	0	1	0	0	-48.4800	-20.4300	48.5200	18.4000	0.0000	0.0000	0.0000	0.0000;
./matpower/data/case_SyntheticUSA.m:113039:	14843	14839	0.003527	0.021422	0.00933	225.03	0	0	0	0	1	0	0	12.1900	-3.1300	-12.1800	2.1500	0.0000	0.0000	0.0000	0.0000;
./matpower/data/case_SyntheticUSA.m:113171:	14939	14955	0.004998	0.026009	0.02588	144.03	0	0	0	0	1	0	0	3.0200	-7.0700	-3.0200	4.3100	0.0000	0.0000	0.0000	0.0000;
./matpower/data/case_SyntheticUSA.m:113215:	14978	15035	0.005933	0.03054	0.03407	200.85	0	0	0	0	1	0	0	7.9700	-11.1600	-7.9600	7.5600	0.0000	0.0000	0.0000	0.0000;
./matpower/data/case_SyntheticUSA.m:113224:	15042	14985	0.000933	0.012701	0.25065	1136.74	0	0	0	0	1	0	0	110.6400	14.2900	-110.5200	-39.4900	0.0000	0.0000	0.0000	0.0000;
./matpower/data/case_SyntheticUSA.m:113253:	15005	15004	0.001933	0.013098	0.00684	217.5	0	0	0	0	1	0	0	-13.1200	4.9300	13.1200	-5.6400	0.0000	0.0000	0.0000	0.0000;
./matpower/data/case_SyntheticUSA.m:113397:	15121	15124	0.001428	0.009496	0.00416	254.6	0	0	0	0	1	0	0	37.8300	-5.8500	-37.8100	5.5400	0.0000	0.0000	0.0000	0.0000;
./matpower/data/case_SyntheticUSA.m:113540:	15242	15239	0.006099	0.02335	0.00933	225.13	0	0	0	0	1	0	0	-34.3100	-4.9800	34.3700	4.2300	0.0000	0.0000	0.0000	0.0000;
./matpower/data/case_SyntheticUSA.m:113594:	15786	15289	0.000794	0.009496	0.17506	1245.51	0	0	0	0	1	0	0	-290.2100	22.3200	290.8300	-33.9100	0.0000	0.0000	0.0000	0.0000;
./matpower/data/case_SyntheticUSA.m:113828:	15493	15498	0.00211	0.012621	0.00949	230.46	0	0	0	0	1	0	0	18.7800	6.1200	-18.7800	-7.0900	0.0000	0.0000	0.0000	0.0000;
./matpower/data/case_SyntheticUSA.m:113978:	15628	15625	0.005654	0.029665	0.01004	239.22	0	0	0	0	1	0	0	14.6900	-0.2500	-14.6800	-0.7900	0.0000	0.0000	0.0000	0.0000;
./matpower/data/case_SyntheticUSA.m:114014:	15658	15655	0.003379	0.017797	0.00998	221.28	0	0	0	0	1	0	0	-17.5000	0.0600	17.5100	-1.0800	0.0000	0.0000	0.0000	0.0000;
./matpower/data/case_SyntheticUSA.m:114061:	15706	15730	0.001998	0.013104	0.01038	229.63	0	0	0	0	1	0	0	-37.2700	9.2100	37.2900	-10.1400	0.0000	0.0000	0.0000	0.0000;
./matpower/data/case_SyntheticUSA.m:114103:	15755	15754	0.000998	0.005502	0.00252	217.63	0	0	0	0	1	0	0	-18.7600	-1.7000	18.7700	1.4500	0.0000	0.0000	0.0000	0.0000;
./matpower/data/case_SyntheticUSA.m:114151:	15797	15824	0.000566	0.006933	0.2086	1078.65	0	0	0	0	1	0	0	2.6900	4.5600	-2.6900	-27.1500	0.0000	0.0000	0.0000	0.0000;
./matpower/data/case_SyntheticUSA.m:114195:	15838	15839	0.000933	0.064087	0	75	0	0	1	0	1	0	0	0.0000	0.0000	0.0000	0.0000	0.0000	0.0000	0.0000	0.0000;
./matpower/data/case_SyntheticUSA.m:114436:	16068	16071	0.001166	0.06949	0	363.09	0	0	1	0	1	0	0	2.0300	-3.8100	-2.0300	3.8200	0.0000	0.0000	0.0000	0.0000;
./matpower/data/case_SyntheticUSA.m:114894:	16433	16928	0.001949	0.009526	0.00684	189.83	0	0	0	0	1	0	0	18.5800	-26.3500	-18.5600	25.7100	0.0000	0.0000	0.0000	0.0000;
./matpower/data/case_SyntheticUSA.m:114975:	16512	16491	0.000233	0.003074	0.04933	1198.15	0	0	0	0	1	0	0	-214.2900	0.1200	214.3900	-4.1400	0.0000	0.0000	0.0000	0.0000;
./matpower/data/case_SyntheticUSA.m:115154:	16646	16647	0.001998	0.012532	0.00277	209.28	0	0	0	0	1	0	0	50.9600	-23.6900	-50.9000	23.7800	0.0000	0.0000	0.0000	0.0000;
./matpower/data/case_SyntheticUSA.m:115206:	16700	17159	0.003171	0.020132	0.04949	240.94	0	0	0	0	1	0	0	117.9900	-28.5100	-117.5600	25.9800	0.0000	0.0000	0.0000	0.0000;
./matpower/data/case_SyntheticUSA.m:115228:	16714	16713	0.001352	0.009333	0.00498	195.61	0	0	0	0	1	0	0	21.7700	-5.4100	-21.7600	4.9200	0.0000	0.0000	0.0000	0.0000;
./matpower/data/case_SyntheticUSA.m:115231:	16713	16736	0.013436	0.039982	0.01591	179.03	0	0	0	0	1	0	0	7.0600	-0.5500	-7.0600	-1.1300	0.0000	0.0000	0.0000	0.0000;
./matpower/data/case_SyntheticUSA.m:115238:	16714	16733	0.006117	0.034093	0.01949	178.83	0	0	0	0	1	0	0	6.1100	0.3800	-6.1100	-2.4400	0.0000	0.0000	0.0000	0.0000;
./matpower/data/case_SyntheticUSA.m:115241:	17369	16714	0.004949	0.028807	0.00944	197.91	0	0	0	0	1	0	0	-33.6000	8.6100	33.6600	-9.2900	0.0000	0.0000	0.0000	0.0000;
./matpower/data/case_SyntheticUSA.m:115575:	16941	16921	0.001551	0.009331	0.00317	196.59	0	0	0	0	1	0	0	-29.2200	36.5000	29.2600	-36.6500	0.0000	0.0000	0.0000	0.0000;
./matpower/data/case_SyntheticUSA.m:115974:	17232	17230	0.002107	0.012521	0.00966	202.86	0	0	0	0	1	0	0	-33.2600	15.3900	33.2900	-16.2500	0.0000	0.0000	0.0000	0.0000;
./matpower/data/case_SyntheticUSA.m:115997:	17255	17289	0.002	0.009491	0.00747	284.83	0	0	0	0	1	0	0	-164.7400	3.9200	165.2500	-2.3400	0.0000	0.0000	0.0000	0.0000;
./matpower/data/case_SyntheticUSA.m:116158:	17418	17421	-0.000933	-0.028697	0	61.35	0	0	1	0	1	0	0	-0.8000	0.0000	0.8000	-0.0000	0.0000	0.0000	0.0000	0.0000;
./matpower/data/case_SyntheticUSA.m:116523:	17711	17726	0.001591	0.009998	0.00264	221	0	0	0	0	1	0	0	31.6600	-4.5500	-31.6500	4.3700	0.0000	0.0000	0.0000	0.0000;
./matpower/data/case_SyntheticUSA.m:116580:	17746	17860	0.007008	0.048986	0.01933	206.47	0	0	0	0	1	0	0	12.4700	2.1000	-12.4600	-4.1100	0.0000	0.0000	0.0000	0.0000;
./matpower/data/case_SyntheticUSA.m:116639:	17790	17800	0.009933	0.042796	0.016	237.02	0	0	0	0	1	0	0	43.7100	-22.9900	-43.4900	22.2400	0.0000	0.0000	0.0000	0.0000;
./matpower/data/case_SyntheticUSA.m:116712:	17837	17876	0.006377	0.036968	0.00966	240.3	0	0	0	0	1	0	0	-73.5900	6.1300	73.9200	-5.2800	0.0000	0.0000	0.0000	0.0000;
./matpower/data/case_SyntheticUSA.m:116761:	17869	17871	0.001601	0.009338	0.00988	215.63	0	0	0	0	1	0	0	45.5200	5.5100	-45.4900	-6.4000	0.0000	0.0000	0.0000	0.0000;
./matpower/data/case_SyntheticUSA.m:116965:	32619	18024	0.00282	0.016288	0.00933	239.2	0	0	0	0	1	0	0	83.2400	-18.5800	-83.0400	18.6900	0.0000	0.0000	0.0000	0.0000;
./matpower/data/case_SyntheticUSA.m:117229:	32117	18262	0.011758	0.058104	0.00966	232.91	0	0	0	0	1	0	0	72.1800	4.7900	-71.6100	-3.0400	0.0000	0.0000	0.0000	0.0000;
./matpower/data/case_SyntheticUSA.m:117630:	19141	18619	0.002708	0.019667	0.02116	224.45	0	0	0	0	1	0	0	-61.3600	13.1000	61.4600	-14.6300	0.0000	0.0000	0.0000	0.0000;
./matpower/data/case_SyntheticUSA.m:117643:	19316	18625	0.001378	0.008966	0.00284	227.39	0	0	0	0	1	0	0	-72.4500	1.4800	72.5200	-1.3500	0.0000	0.0000	0.0000	0.0000;
./matpower/data/case_SyntheticUSA.m:117704:	19423	18657	0.000437	0.005949	0.1437	1236.41	0	0	0	0	1	0	0	247.3000	83.6900	-247.0200	-95.4400	0.0000	0.0000	0.0000	0.0000;
./matpower/data/case_SyntheticUSA.m:117705:	18660	18658	0.001933	0.009666	0.00255	246.45	0	0	0	0	1	0	0	-110.8800	-22.4100	111.1100	23.3000	0.0000	0.0000	0.0000	0.0000;
./matpower/data/case_SyntheticUSA.m:117719:	18689	18668	0.001558	0.006998	0.00329	173.24	0	0	0	0	1	0	0	39.5600	-19.8700	-39.5300	19.6500	0.0000	0.0000	0.0000	0.0000;
./matpower/data/case_SyntheticUSA.m:117752:	18696	18982	0.001908	0.009336	0.00816	208.32	0	0	0	0	1	0	0	-18.3300	29.9200	18.3500	-30.6900	0.0000	0.0000	0.0000	0.0000;
./matpower/data/case_SyntheticUSA.m:118265:	19079	19081	-0.00064	-0.039498	0	473.06	0	0	1	0	1	0	0	-174.5100	-6.0200	174.3300	-5.1800	0.0000	0.0000	0.0000	0.0000;
./matpower/data/case_SyntheticUSA.m:118452:	19243	19297	0.002949	0.021538	0.01316	257.87	0	0	0	0	1	0	0	-127.5400	-32.4600	128.0100	34.5000	0.0000	0.0000	0.0000	0.0000;
./matpower/data/case_SyntheticUSA.m:118453:	19243	19297	0.002949	0.021538	0.01316	257.87	0	0	0	0	1	0	0	-127.5400	-32.4600	128.0100	34.5000	0.0000	0.0000	0.0000	0.0000;
./matpower/data/case_SyntheticUSA.m:118517:	19306	19308	-0.000966	-0.056163	0	483.65	0	0	1	0	1	0	0	-163.8800	13.4200	163.6300	-27.6400	0.0000	0.0000	0.0000	0.0000;
./matpower/data/case_SyntheticUSA.m:118604:	19400	19402	0.008966	0.239278	0	51.18	0	0	1	0	1	0	0	2.0000	-0.2400	-2.0000	0.2500	0.0000	0.0000	0.0000	0.0000;
./matpower/data/case_SyntheticUSA.m:118605:	19401	19402	0.008966	0.239278	0	51.18	0	0	1	0	1	0	0	2.0000	-0.2400	-2.0000	0.2500	0.0000	0.0000	0.0000	0.0000;
./matpower/data/case_SyntheticUSA.m:118631:	19430	19431	0.00184	0.059337	0	145.14	0	0	1.00625	0	1	0	0	-111.3000	-6.0900	111.5200	12.9900	0.0000	0.0000	0.0000	0.0000;
./matpower/data/case_SyntheticUSA.m:118761:	19568	19570	0.008998	0.301979	0	48.01	0	0	1	0	1	0	0	0.0000	0.0000	0.0000	0.0000	0.0000	0.0000	0.0000	0.0000;
./matpower/data/case_SyntheticUSA.m:118762:	19569	19570	0.008998	0.301979	0	48.01	0	0	1	0	1	0	0	0.0000	0.0000	0.0000	0.0000	0.0000	0.0000	0.0000	0.0000;
./matpower/data/case_SyntheticUSA.m:118946:	19715	19719	0.059336	0.14934	0.00474	52.13	0	0	0	0	1	0	0	4.9100	-4.6500	-4.8800	4.2500	0.0000	0.0000	0.0000	0.0000;
./matpower/data/case_SyntheticUSA.m:119630:	20052	20055	0.006966	0.197964	0	213.3	0	0	1	0	1	0	0	74.2100	3.0200	-73.8400	7.3200	0.0000	0.0000	0.0000	0.0000;
./matpower/data/case_SyntheticUSA.m:119939:	20199	21711	0.006966	0.019218	0.00078	73.14	0	0	0	0	1	0	0	33.1800	-5.7500	-33.1000	5.8800	0.0000	0.0000	0.0000	0.0000;
./matpower/data/case_SyntheticUSA.m:120168:	20348	20350	-0.001816	-0.059983	0	62.93	0	0	1	0	1	0	0	-24.8600	-7.1200	24.8500	6.7300	0.0000	0.0000	0.0000	0.0000;
./matpower/data/case_SyntheticUSA.m:120268:	20420	20434	0.013621	0.039493	0.001	51.45	0	0	0	0	1	0	0	6.4900	4.7700	-6.4800	-4.8500	0.0000	0.0000	0.0000	0.0000;
./matpower/data/case_SyntheticUSA.m:120389:	20500	20563	0.009988	0.061799	0.04149	226.93	0	0	0	0	1	0	0	80.6800	-29.4800	-79.9600	29.7600	0.0000	0.0000	0.0000	0.0000;
./matpower/data/case_SyntheticUSA.m:120491:	20559	21845	0.038487	0.082352	0.00933	76	0	0	0	0	1	0	0	-36.7900	26.8900	37.5400	-26.2900	0.0000	0.0000	0.0000	0.0000;
./matpower/data/case_SyntheticUSA.m:120492:	20559	21845	0.038487	0.082352	0.00933	76	0	0	0	0	1	0	0	-36.7900	26.8900	37.5400	-26.2900	0.0000	0.0000	0.0000	0.0000;
./matpower/data/case_SyntheticUSA.m:120493:	20559	21845	0.038487	0.082352	0.00933	76	0	0	0	0	1	0	0	-36.7900	26.8900	37.5400	-26.2900	0.0000	0.0000	0.0000	0.0000;
./matpower/data/case_SyntheticUSA.m:120704:	20673	20668	0.019498	0.042175	0.00149	58.93	0	0	0	0	1	0	0	27.0700	2.4800	-26.9400	-2.3400	0.0000	0.0000	0.0000	0.0000;
./matpower/data/case_SyntheticUSA.m:120979:	20815	20820	0.018416	0.039666	0.00089	63.07	0	0	0	0	1	0	0	-25.9800	-8.7500	26.1100	8.9300	0.0000	0.0000	0.0000	0.0000;
./matpower/data/case_SyntheticUSA.m:121093:	20914	20905	0.019982	0.056541	0.00156	55.16	0	0	0	0	1	0	0	17.5500	7.6200	-17.4800	-7.5900	0.0000	0.0000	0.0000	0.0000;
./matpower/data/case_SyntheticUSA.m:121564:	21278	21281	6.7e-05	0.004168	0	1236.17	0	0	1	0	1	0	0	-949.2000	-69.3100	949.7700	104.4800	0.0000	0.0000	0.0000	0.0000;
./matpower/data/case_SyntheticUSA.m:121635:	21353	21684	0.086003	0.207933	0.0092	54.09	0	0	0	0	1	0	0	-10.2600	-5.6100	10.3600	4.8600	0.0000	0.0000	0.0000	0.0000;
./matpower/data/case_SyntheticUSA.m:121639:	21354	21359	0.000437	0.029981	0	292.37	0	0	1	0	1	0	0	-57.2200	-26.9800	57.2300	28.0700	0.0000	0.0000	0.0000	0.0000;
./matpower/data/case_SyntheticUSA.m:121854:	21569	21570	0.009668	0.233822	0	41.95	0	0	1	0	1	0	0	-4.9900	0.0500	4.9900	0.0000	0.0000	0.0000	0.0000	0.0000;
./matpower/data/case_SyntheticUSA.m:122296:	21870	21862	0.007966	0.040046	0.02021	218.23	0	0	0	0	1	0	0	-77.2500	16.7100	77.7200	-16.4900	0.0000	0.0000	0.0000	0.0000;
./matpower/data/case_SyntheticUSA.m:122518:	21984	21983	0.005949	0.199238	0	85.2	0	0	1.03125	0	1	0	0	-32.3300	-3.8000	32.3900	5.8500	0.0000	0.0000	0.0000	0.0000;
./matpower/data/case_SyntheticUSA.m:122519:	21984	21983	0.005949	0.199238	0	85.2	0	0	1.03125	0	1	0	0	-32.3300	-3.8000	32.3900	5.8500	0.0000	0.0000	0.0000	0.0000;
./matpower/data/case_SyntheticUSA.m:122520:	21984	21983	0.005949	0.199238	0	85.2	0	0	1.03125	0	1	0	0	-32.3300	-3.8000	32.3900	5.8500	0.0000	0.0000	0.0000	0.0000;
./matpower/data/case_SyntheticUSA.m:122583:	22024	22029	0.005998	0.032226	0.01902	214.39	0	0	0	0	1	0	0	-59.8200	28.8700	60.0800	-29.5000	0.0000	0.0000	0.0000	0.0000;
./matpower/data/case_SyntheticUSA.m:122711:	22113	31087	0.005247	0.029332	0.03027	241.44	0	0	0	0	1	0	0	120.1800	13.9600	-119.4700	-13.1900	0.0000	0.0000	0.0000	0.0000;
./matpower/data/case_SyntheticUSA.m:122737:	22143	22144	0.049498	0.893042	0	15.82	0	0	1	0	1	0	0	-1.6000	-0.5900	1.6000	0.6100	0.0000	0.0000	0.0000	0.0000;
./matpower/data/case_SyntheticUSA.m:123737:	22709	23044	0.014645	0.101998	0.03707	202.02	0	0	0	0	1	0	0	56.4400	26.5600	-55.8700	-26.2800	0.0000	0.0000	0.0000	0.0000;
./matpower/data/case_SyntheticUSA.m:123796:	22746	22745	0.039105	0.079334	0.00312	63.02	0	0	0	0	1	0	0	-33.8300	17.5500	34.3800	-16.7600	0.0000	0.0000	0.0000	0.0000;
./matpower/data/case_SyntheticUSA.m:123833:	22780	22771	0.009988	0.056127	0.02003	237.74	0	0	0	0	1	0	0	-140.1600	30.1300	142.1100	-21.2700	0.0000	0.0000	0.0000	0.0000;
./matpower/data/case_SyntheticUSA.m:124052:	22883	22885	-0.001998	-0.065804	0	78.67	0	0	1	0	1	0	0	-50.7000	-4.3200	50.6500	2.6200	0.0000	0.0000	0.0000	0.0000;
./matpower/data/case_SyntheticUSA.m:124129:	22939	22956	0.037964	0.089666	0.00248	65.21	0	0	0	0	1	0	0	33.8700	-25.3700	-33.2300	26.6200	0.0000	0.0000	0.0000	0.0000;
./matpower/data/case_SyntheticUSA.m:124333:	23061	23620	0.009949	0.028302	0.00057	68.26	0	0	0	0	1	0	0	-34.5600	5.0300	34.6800	-4.7600	0.0000	0.0000	0.0000	0.0000;
./matpower/data/case_SyntheticUSA.m:124334:	23061	23620	0.009949	0.028302	0.00057	68.26	0	0	0	0	1	0	0	-34.5600	5.0300	34.6800	-4.7600	0.0000	0.0000	0.0000	0.0000;
./matpower/data/case_SyntheticUSA.m:124793:	23377	23376	0.004933	0.165963	0	95.44	0	0	1.0125	0	1	0	0	-41.5500	-1.1600	41.6300	3.8100	0.0000	0.0000	0.0000	0.0000;
./matpower/data/case_SyntheticUSA.m:124794:	23377	23376	0.004933	0.165963	0	95.44	0	0	1.0125	0	1	0	0	-41.5500	-1.1600	41.6300	3.8100	0.0000	0.0000	0.0000	0.0000;
./matpower/data/case_SyntheticUSA.m:124795:	23377	23376	0.004933	0.165963	0	95.44	0	0	1.0125	0	1	0	0	-41.5500	-1.1600	41.6300	3.8100	0.0000	0.0000	0.0000	0.0000;
./matpower/data/case_SyntheticUSA.m:125003:	23544	23650	0.001738	0.009998	0.00469	185.31	0	0	0	0	1	0	0	28.6200	4.0000	-28.6000	-4.4300	0.0000	0.0000	0.0000	0.0000;
./matpower/data/case_SyntheticUSA.m:125366:	23828	24235	0.009983	0.044416	0.00373	135.83	0	0	0	0	1	0	0	-52.3500	-13.8000	52.6500	14.7100	0.0000	0.0000	0.0000	0.0000;
./matpower/data/case_SyntheticUSA.m:125616:	24293	23967	0.00998	0.041097	0.00493	123.46	0	0	0	0	1	0	0	30.8600	2.7700	-30.7600	-2.8700	0.0000	0.0000	0.0000	0.0000;
./matpower/data/case_SyntheticUSA.m:125927:	24129	24120	0.006596	0.029665	0.00292	148.81	0	0	0	0	1	0	0	-86.7600	60.2200	87.4400	-57.4800	0.0000	0.0000	0.0000	0.0000;
./matpower/data/case_SyntheticUSA.m:125928:	24129	24120	0.006596	0.029665	0.00292	148.81	0	0	0	0	1	0	0	-86.7600	60.2200	87.4400	-57.4800	0.0000	0.0000	0.0000	0.0000;
./matpower/data/case_SyntheticUSA.m:126101:	24219	24294	0.009987	0.035973	0.00263	143.95	0	0	0	0	1	0	0	-63.7900	-5.5200	64.2000	6.7200	0.0000	0.0000	0.0000	0.0000;
./matpower/data/case_SyntheticUSA.m:126102:	24219	24294	0.009987	0.035973	0.00263	143.95	0	0	0	0	1	0	0	-63.7900	-5.5200	64.2000	6.7200	0.0000	0.0000	0.0000	0.0000;
./matpower/data/case_SyntheticUSA.m:126339:	24374	24357	0.007602	0.039331	0.00354	156.72	0	0	0	0	1	0	0	-94.9700	-2.3300	95.6400	5.4400	0.0000	0.0000	0.0000	0.0000;
./matpower/data/case_SyntheticUSA.m:126340:	24374	24357	0.007602	0.039331	0.00354	156.72	0	0	0	0	1	0	0	-94.9700	-2.3300	95.6400	5.4400	0.0000	0.0000	0.0000	0.0000;
./matpower/data/case_SyntheticUSA.m:126341:	24374	24357	0.007602	0.039331	0.00354	156.72	0	0	0	0	1	0	0	-94.9700	-2.3300	95.6400	5.4400	0.0000	0.0000	0.0000	0.0000;
./matpower/data/case_SyntheticUSA.m:126392:	24403	28844	0.019662	0.087848	0.01203	127.96	0	0	0	0	1	0	0	-39.8200	6.8600	40.1400	-6.6700	0.0000	0.0000	0.0000	0.0000;
./matpower/data/case_SyntheticUSA.m:126433:	24439	24466	0.023422	0.092343	0.00933	126.31	0	0	0	0	1	0	0	-33.4400	10.1100	33.7100	-10.0000	0.0000	0.0000	0.0000	0.0000;
./matpower/data/case_SyntheticUSA.m:126536:	24786	24523	0.006518	0.029668	0.00344	124.34	0	0	0	0	1	0	0	29.9000	8.5800	-29.8400	-8.6700	0.0000	0.0000	0.0000	0.0000;
./matpower/data/case_SyntheticUSA.m:126734:	24868	24692	0.009986	0.051756	0.00579	124.86	0	0	0	0	1	0	0	-37.2000	-8.5500	37.3400	8.7000	0.0000	0.0000	0.0000	0.0000;
./matpower/data/case_SyntheticUSA.m:126821:	24773	24775	0.000998	0.027555	0	273.81	0	0	1	0	1	0	0	0.0000	0.0000	0.0000	0.0000	0.0000	0.0000	0.0000	0.0000;
./matpower/data/case_SyntheticUSA.m:126822:	24774	24775	0.000998	0.027555	0	273.81	0	0	1	0	1	0	0	0.0000	0.0000	0.0000	0.0000	0.0000	0.0000	0.0000	0.0000;
./matpower/data/case_SyntheticUSA.m:126901:	24841	25106	0.022004	0.086882	0.00933	115.83	0	0	0	0	1	0	0	10.2900	1.3800	-10.2600	-2.2400	0.0000	0.0000	0.0000	0.0000;
./matpower/data/case_SyntheticUSA.m:126902:	25108	24841	0.014213	0.049331	0.00774	102.95	0	0	0	0	1	0	0	-4.9000	-0.2900	4.9000	-0.4900	0.0000	0.0000	0.0000	0.0000;
./matpower/data/case_SyntheticUSA.m:126942:	24871	24870	0.009665	0.035563	0.00274	109.86	0	0	0	0	1	0	0	11.6000	-3.7500	-11.5900	3.5200	0.0000	0.0000	0.0000	0.0000;
./matpower/data/case_SyntheticUSA.m:127008:	24911	24927	0.006065	0.029667	0.00242	142.51	0	0	0	0	1	0	0	64.6400	2.8900	-64.4000	-1.9800	0.0000	0.0000	0.0000	0.0000;
./matpower/data/case_SyntheticUSA.m:127009:	24911	24927	0.006065	0.029667	0.00242	142.51	0	0	0	0	1	0	0	64.6400	2.8900	-64.4000	-1.9800	0.0000	0.0000	0.0000	0.0000;
./matpower/data/case_SyntheticUSA.m:127466:	25232	25239	0.017697	0.063107	0.00949	103.61	0	0	0	0	1	0	0	12.7500	-1.2400	-12.7200	0.3600	0.0000	0.0000	0.0000	0.0000;
./matpower/data/case_SyntheticUSA.m:127561:	25400	25298	0.028456	0.115011	0.00949	123.97	0	0	0	0	1	0	0	25.9300	-3.7300	-25.7400	3.5100	0.0000	0.0000	0.0000	0.0000;
./matpower/data/case_SyntheticUSA.m:127637:	25364	25369	0.009987	0.038891	0.0035	145.76	0	0	0	0	1	0	0	-103.0500	-3.6500	104.0700	7.2800	0.0000	0.0000	0.0000	0.0000;
./matpower/data/case_SyntheticUSA.m:128075:	25747	26254	0.001745	0.019663	0.65265	1200.15	0	0	0	0	1	0	0	-241.3900	20.0100	242.3700	-79.8400	0.0000	0.0000	0.0000	0.0000;
./matpower/data/case_SyntheticUSA.m:128293:	25905	26008	0.023883	0.089493	0.01974	114.59	0	0	0	0	1	0	0	5.4400	-11.2300	-5.4100	9.2200	0.0000	0.0000	0.0000	0.0000;
./matpower/data/case_SyntheticUSA.m:128703:	26237	26223	0.019661	0.088961	0.02137	132.43	0	0	0	0	1	0	0	63.9400	9.8000	-63.1700	-8.5800	0.0000	0.0000	0.0000	0.0000;
./matpower/data/case_SyntheticUSA.m:128846:	26304	26301	0.009493	0.039828	0.00273	127.89	0	0	0	0	1	0	0	-44.4500	-9.2700	44.6400	9.8400	0.0000	0.0000	0.0000	0.0000;
./matpower/data/case_SyntheticUSA.m:128975:	26411	26387	0.009966	0.045354	0.00273	134.86	0	0	0	0	1	0	0	-69.6700	-21.3000	70.1800	23.2900	0.0000	0.0000	0.0000	0.0000;
./matpower/data/case_SyntheticUSA.m:129071:	26459	26468	0.007195	0.029663	0.00399	138.3	0	0	0	0	1	0	0	-85.9700	-26.6200	86.5400	28.5300	0.0000	0.0000	0.0000	0.0000;
./matpower/data/case_SyntheticUSA.m:129199:	26711	26549	0.006913	0.029986	0.00549	113.65	0	0	0	0	1	0	0	16.8100	0.9900	-16.7900	-1.4800	0.0000	0.0000	0.0000	0.0000;
./matpower/data/case_SyntheticUSA.m:129589:	26924	26840	0.002248	0.009998	0.00142	126.54	0	0	0	0	1	0	0	-45.7700	16.2500	45.8200	-16.1900	0.0000	0.0000	0.0000	0.0000;
./matpower/data/case_SyntheticUSA.m:129658:	26894	26893	9.8e-05	0.006949	0	1313.11	0	0	1	0	1	0	0	-249.9700	-61.8900	250.0300	66.1200	0.0000	0.0000	0.0000	0.0000;
./matpower/data/case_SyntheticUSA.m:129664:	26893	26901	0.000104	0.009499	0	1210.98	0	0	1	0	1	0	0	-133.9900	-8.7800	134.0100	10.3400	0.0000	0.0000	0.0000	0.0000;
./matpower/data/case_SyntheticUSA.m:129881:	27102	27109	0.002949	0.015639	0.00304	181.34	0	0	0	0	1	0	0	-26.0000	43.8000	26.0800	-43.7400	0.0000	0.0000	0.0000	0.0000;
./matpower/data/case_SyntheticUSA.m:130150:	27244	27245	0.006933	0.046106	0.02135	237.79	0	0	0	0	1	0	0	95.8300	-1.5900	-95.2300	3.2900	0.0000	0.0000	0.0000	0.0000;
./matpower/data/case_SyntheticUSA.m:130240:	27309	27311	0.003889	0.02234	0.00949	200.69	0	0	0	0	1	0	0	23.3800	7.1200	-23.3600	-8.0000	0.0000	0.0000	0.0000	0.0000;
./matpower/data/case_SyntheticUSA.m:130257:	27322	27321	0.004933	0.026999	0.00504	231.5	0	0	0	0	1	0	0	78.7100	-3.9600	-78.4200	4.9900	0.0000	0.0000	0.0000	0.0000;
./matpower/data/case_SyntheticUSA.m:130274:	27334	27333	0.006126	0.02966	0.00979	137	0	0	0	0	1	0	0	11.3300	5.4900	-11.3200	-6.4800	0.0000	0.0000	0.0000	0.0000;
./matpower/data/case_SyntheticUSA.m:130318:	27362	27381	0.001496	0.009336	0.00585	238.49	0	0	0	0	1	0	0	-103.2300	-9.6800	103.3900	10.0300	0.0000	0.0000	0.0000	0.0000;
./matpower/data/case_SyntheticUSA.m:130322:	27366	27462	0.002234	0.013884	0.00966	245.7	0	0	0	0	1	0	0	142.4300	19.1200	-141.9800	-17.3600	0.0000	0.0000	0.0000	0.0000;
./matpower/data/case_SyntheticUSA.m:130412:	27429	27437	0.003591	0.019661	0.01638	247.44	0	0	0	0	1	0	0	-148.6200	-15.9600	149.4000	18.5600	0.0000	0.0000	0.0000	0.0000;
./matpower/data/case_SyntheticUSA.m:130879:	27738	27747	0.004966	0.023244	0.01081	222.24	0	0	0	0	1	0	0	83.3800	-46.7400	-82.9500	47.5700	0.0000	0.0000	0.0000	0.0000;
./matpower/data/case_SyntheticUSA.m:131137:	27918	27992	0.002689	0.019334	0.01511	188.06	0	0	0	0	1	0	0	-6.3700	-1.7000	6.3700	0.2200	0.0000	0.0000	0.0000	0.0000;
./matpower/data/case_SyntheticUSA.m:131205:	27965	28332	0.001248	0.006933	0.0046	202.86	0	0	0	0	1	0	0	-7.1500	1.3600	7.1500	-1.8500	0.0000	0.0000	0.0000	0.0000;
./matpower/data/case_SyntheticUSA.m:131230:	27972	27979	0.004858	0.029986	0.01629	193.35	0	0	0	0	1	0	0	-15.7800	-5.4400	15.7900	3.8400	0.0000	0.0000	0.0000	0.0000;
./matpower/data/case_SyntheticUSA.m:131411:	28444	28140	0.000872	0.009333	0.14843	1067.55	0	0	0	0	1	0	0	95.4300	-22.2600	-95.3500	7.1200	0.0000	0.0000	0.0000	0.0000;
./matpower/data/case_SyntheticUSA.m:131489:	28209	28211	0.004998	0.152622	0	62.23	0	0	1	0	1	0	0	0.0000	0.0000	0.0000	0.0000	0.0000	0.0000	0.0000	0.0000;
./matpower/data/case_SyntheticUSA.m:131490:	28210	28211	0.004998	0.152622	0	62.23	0	0	1	0	1	0	0	0.0000	0.0000	0.0000	0.0000	0.0000	0.0000	0.0000	0.0000;
./matpower/data/case_SyntheticUSA.m:131570:	28277	28279	0.000165	0.010217	0	1214.85	0	0	1.0125	0	1	0	0	-932.0200	79.5700	933.3900	4.6800	0.0000	0.0000	0.0000	0.0000;
./matpower/data/case_SyntheticUSA.m:131571:	28277	28280	0.000158	0.009973	0	1214.85	0	0	1.0125	0	1	0	0	-932.0800	77.5400	933.3900	4.6800	0.0000	0.0000	0.0000	0.0000;
./matpower/data/case_SyntheticUSA.m:132010:	28682	28651	0.020958	0.098944	0.00933	115.04	0	0	0	0	1	0	0	-9.1300	-7.7600	9.1600	7.0300	0.0000	0.0000	0.0000	0.0000;
./matpower/data/case_SyntheticUSA.m:132014:	28670	28654	0.009946	0.044828	0.00949	111.36	0	0	0	0	1	0	0	-18.8600	-28.1500	18.9600	27.6300	0.0000	0.0000	0.0000	0.0000;
./matpower/data/case_SyntheticUSA.m:132077:	28689	28697	0.009983	0.042998	0.0049	128.2	0	0	0	0	1	0	0	-37.9300	-5.2700	38.0900	5.4900	0.0000	0.0000	0.0000	0.0000;
./matpower/data/case_SyntheticUSA.m:132153:	28828	28740	0.014812	0.064648	0.00966	126.79	0	0	0	0	1	0	0	29.8600	-16.5000	-29.7000	16.2000	0.0000	0.0000	0.0000	0.0000;
./matpower/data/case_SyntheticUSA.m:132154:	28743	28742	0.007933	0.03742	0.00332	123.07	0	0	0	0	1	0	0	34.7400	-0.6900	-34.6400	0.8300	0.0000	0.0000	0.0000	0.0000;
./matpower/data/case_SyntheticUSA.m:132494:	28979	28981	0.007707	0.039662	0.00783	111.15	0	0	0	0	1	0	0	-12.5800	-13.4000	12.6100	12.7700	0.0000	0.0000	0.0000	0.0000;
./matpower/data/case_SyntheticUSA.m:132560:	29030	29032	0.013341	0.049336	0.00244	138.5	0	0	0	0	1	0	0	90.9600	-1.7600	-89.8800	5.5000	0.0000	0.0000	0.0000	0.0000;
./matpower/data/case_SyntheticUSA.m:132579:	29049	29043	0.022591	0.079666	0.00737	126.79	0	0	0	0	1	0	0	-15.2000	-3.3000	15.2500	2.7500	0.0000	0.0000	0.0000	0.0000;
./matpower/data/case_SyntheticUSA.m:132583:	29048	29044	0.016351	0.068345	0.00949	108.18	0	0	0	0	1	0	0	24.5200	0.2400	-24.4200	-0.7600	0.0000	0.0000	0.0000	0.0000;
./matpower/data/case_SyntheticUSA.m:132588:	29047	30797	0.001741	0.019499	0.89403	1350.48	0	0	0	0	1	0	0	-632.7100	39.0400	639.3800	-59.6000	0.0000	0.0000	0.0000	0.0000;
./matpower/data/case_SyntheticUSA.m:132589:	29047	30797	0.001741	0.019499	0.89403	1350.48	0	0	0	0	1	0	0	-632.7100	39.0400	639.3800	-59.6000	0.0000	0.0000	0.0000	0.0000;
./matpower/data/case_SyntheticUSA.m:132609:	29064	29065	0.009986	0.040649	0.0041	127.28	0	0	0	0	1	0	0	-37.1700	22.2900	37.3500	-22.0200	0.0000	0.0000	0.0000	0.0000;
./matpower/data/case_SyntheticUSA.m:132621:	29075	29517	0.019663	0.089525	0.00681	128.28	0	0	0	0	1	0	0	24.3000	-0.2800	-24.1900	0.1400	0.0000	0.0000	0.0000	0.0000;
./matpower/data/case_SyntheticUSA.m:132687:	29116	29111	0.006554	0.02933	0.00459	109.7	0	0	0	0	1	0	0	-8.2800	-56.2300	8.4800	56.6500	0.0000	0.0000	0.0000	0.0000;
./matpower/data/case_SyntheticUSA.m:132951:	29251	30006	0.029989	0.134826	0.01846	127.23	0	0	0	0	1	0	0	-35.3000	-7.9600	35.6900	7.8000	0.0000	0.0000	0.0000	0.0000;
./matpower/data/case_SyntheticUSA.m:133273:	29459	29457	0.0181	0.059666	0.00914	127.26	0	0	0	0	1	0	0	-44.8600	13.9500	45.2500	-13.5700	0.0000	0.0000	0.0000	0.0000;
./matpower/data/case_SyntheticUSA.m:133429:	29596	29585	0.004949	0.019945	0.00351	111.37	0	0	0	0	1	0	0	-14.2200	12.0500	14.2300	-12.3300	0.0000	0.0000	0.0000	0.0000;
./matpower/data/case_SyntheticUSA.m:133604:	29845	29728	0.001966	0.00813	0.001	156.34	0	0	0	0	1	0	0	-100.3200	59.4000	100.5600	-58.4900	0.0000	0.0000	0.0000	0.0000;
./matpower/data/case_SyntheticUSA.m:133605:	29845	29728	0.001966	0.00813	0.001	156.34	0	0	0	0	1	0	0	-100.3200	59.4000	100.5600	-58.4900	0.0000	0.0000	0.0000	0.0000;
./matpower/data/case_SyntheticUSA.m:133644:	29892	29768	0.00081	0.009668	0.19147	1209.61	0	0	0	0	1	0	0	-308.5800	55.6200	309.3300	-67.3200	0.0000	0.0000	0.0000	0.0000;
./matpower/data/case_SyntheticUSA.m:133672:	29787	29790	0.000949	0.059352	0	328.39	0	0	1	0	1	0	0	-90.3100	-29.6000	90.3900	34.7500	0.0000	0.0000	0.0000	0.0000;
./matpower/data/case_SyntheticUSA.m:133706:	29828	29925	0.004183	0.019984	0.00208	154.4	0	0	0	0	1	0	0	-88.3700	9.9100	88.6800	-8.6800	0.0000	0.0000	0.0000	0.0000;
./matpower/data/case_SyntheticUSA.m:133707:	29828	29925	0.004183	0.019984	0.00208	154.4	0	0	0	0	1	0	0	-88.3700	9.9100	88.6800	-8.6800	0.0000	0.0000	0.0000	0.0000;
./matpower/data/case_SyntheticUSA.m:133708:	29828	29925	0.004183	0.019984	0.00208	154.4	0	0	0	0	1	0	0	-88.3700	9.9100	88.6800	-8.6800	0.0000	0.0000	0.0000	0.0000;
./matpower/data/case_SyntheticUSA.m:134127:	30160	30163	-0.00013	-0.003933	0	539.93	0	0	1	0	1	0	0	0.0000	0.0000	0.0000	0.0000	0.0000	0.0000	0.0000	0.0000;
./matpower/data/case_SyntheticUSA.m:134614:	30456	30939	0.000949	0.010677	0.19009	1238.1	0	0	0	0	1	0	0	-397.6200	-14.0900	399.0200	9.4700	0.0000	0.0000	0.0000	0.0000;
./matpower/data/case_SyntheticUSA.m:134641:	30477	30476	0.009982	0.035022	0.00404	125.08	0	0	0	0	1	0	0	27.8800	-19.2400	-27.7700	19.2000	0.0000	0.0000	0.0000	0.0000;
./matpower/data/case_SyntheticUSA.m:134650:	30622	30483	0.019499	0.089014	0.00812	129.94	0	0	0	0	1	0	0	-47.9400	0.8200	48.3700	0.3200	0.0000	0.0000	0.0000	0.0000;
./matpower/data/case_SyntheticUSA.m:134679:	30516	30502	0.019331	0.073925	0.00859	126.88	0	0	0	0	1	0	0	38.5700	-17.0600	-38.2400	17.4000	0.0000	0.0000	0.0000	0.0000;
./matpower/data/case_SyntheticUSA.m:134723:	30531	30623	0.019913	0.089987	0.01012	140.62	0	0	0	0	1	0	0	-79.5300	20.7500	80.8500	-15.8300	0.0000	0.0000	0.0000	0.0000;
./matpower/data/case_SyntheticUSA.m:134883:	30677	30692	0.017763	0.080123	0.00966	137.69	0	0	0	0	1	0	0	82.3800	4.2900	-81.2500	-0.1900	0.0000	0.0000	0.0000	0.0000;
./matpower/data/case_SyntheticUSA.m:135372:	31092	31549	0.007949	0.037909	0.02611	227.56	0	0	0	0	1	0	0	-78.7500	7.6100	79.2300	-7.9700	0.0000	0.0000	0.0000	0.0000;
./matpower/data/case_SyntheticUSA.m:135500:	31185	31177	0.003966	0.027686	0.00694	228.3	0	0	0	0	1	0	0	-88.9400	-11.8200	89.2500	13.2700	0.0000	0.0000	0.0000	0.0000;
./matpower/data/case_SyntheticUSA.m:135519:	31191	31192	0.00741	0.039664	0.01415	208.09	0	0	0	0	1	0	0	32.8200	-5.0900	-32.7400	4.0000	0.0000	0.0000	0.0000	0.0000;
./matpower/data/case_SyntheticUSA.m:135680:	31330	31285	0.002966	0.01666	0.00353	254.49	0	0	0	0	1	0	0	159.1200	24.7900	-158.4100	-21.2000	0.0000	0.0000	0.0000	0.0000;
./matpower/data/case_SyntheticUSA.m:135697:	32458	31294	0.001763	0.008998	0.05067	245.11	0	0	0	0	1	0	0	170.6700	26.8400	-170.1700	-29.6200	0.0000	0.0000	0.0000	0.0000;
./matpower/data/case_SyntheticUSA.m:135704:	31298	32102	0.001617	0.009331	0.0494	172.86	0	0	0	0	1	0	0	24.6700	-21.4400	-24.6600	16.3400	0.0000	0.0000	0.0000	0.0000;
./matpower/data/case_SyntheticUSA.m:136156:	31621	31619	0.005966	0.040592	0.01507	181.06	0	0	0	0	1	0	0	17.8800	-10.4800	-17.8500	9.0700	0.0000	0.0000	0.0000	0.0000;
./matpower/data/case_SyntheticUSA.m:136306:	31729	31732	0.008998	0.254538	0	165.19	0	0	1	0	1	0	0	-49.7900	13.7100	50.0300	-6.9000	0.0000	0.0000	0.0000	0.0000;
./matpower/data/case_SyntheticUSA.m:136338:	31752	32341	0.00966	0.055512	0.01219	281.7	0	0	0	0	1	0	0	-161.8300	7.4200	164.2300	5.0600	0.0000	0.0000	0.0000	0.0000;
./matpower/data/case_SyntheticUSA.m:136339:	31752	32341	0.00966	0.055512	0.01219	281.7	0	0	0	0	1	0	0	-161.8300	7.4200	164.2300	5.0600	0.0000	0.0000	0.0000	0.0000;
./matpower/data/case_SyntheticUSA.m:136340:	31752	32341	0.00966	0.055512	0.01219	281.7	0	0	0	0	1	0	0	-161.8300	7.4200	164.2300	5.0600	0.0000	0.0000	0.0000	0.0000;
./matpower/data/case_SyntheticUSA.m:136480:	31873	31874	0.003949	0.021422	0.02689	248.05	0	0	0	0	1	0	0	127.6900	-41.7000	-127.0100	42.5600	0.0000	0.0000	0.0000	0.0000;
./matpower/data/case_SyntheticUSA.m:136487:	31880	31881	0.006161	0.034168	0.00966	198.34	0	0	0	0	1	0	0	23.3900	22.7000	-23.3300	-23.3900	0.0000	0.0000	0.0000	0.0000;
./matpower/data/case_SyntheticUSA.m:136505:	31901	31903	0.00169	0.009335	0.01497	193.56	0	0	0	0	1	0	0	30.7000	-20.8500	-30.6800	19.3900	0.0000	0.0000	0.0000	0.0000;
./matpower/data/case_SyntheticUSA.m:136544:	31929	31927	0.005966	0.026152	0.01371	179.74	0	0	0	0	1	0	0	20.6600	5.5600	-20.6300	-6.8600	0.0000	0.0000	0.0000	0.0000;
./matpower/data/case_SyntheticUSA.m:136872:	32180	32255	0.007357	0.029982	0.02338	234.94	0	0	0	0	1	0	0	-105.2700	5.8800	106.0800	-4.9900	0.0000	0.0000	0.0000	0.0000;
./matpower/data/case_SyntheticUSA.m:136965:	32270	32272	0.009662	0.286223	0	54.28	0	0	1	0	1	0	0	2.6500	1.0200	-2.6500	-1.0000	0.0000	0.0000	0.0000	0.0000;
./matpower/data/case_SyntheticUSA.m:136966:	32271	32272	0.009662	0.286223	0	54.28	0	0	1	0	1	0	0	2.6500	1.0200	-2.6500	-1.0000	0.0000	0.0000	0.0000	0.0000;
./matpower/data/case_SyntheticUSA.m:137309:	32585	32586	0.010154	0.059056	0.04949	194.49	0	0	0	0	1	0	0	16.4400	-12.1300	-16.4000	7.1200	0.0000	0.0000	0.0000	0.0000;
./matpower/data/case_SyntheticUSA.m:137360:	32616	33600	0.009983	0.049189	0.0268	236.22	0	0	0	0	1	0	0	78.6600	-10.5000	-78.0700	10.5200	0.0000	0.0000	0.0000	0.0000;
./matpower/data/case_SyntheticUSA.m:137658:	33464	32793	0.000949	0.006167	0.00204	250.35	0	0	0	0	1	0	0	-129.1900	15.6400	129.3400	-14.8800	0.0000	0.0000	0.0000	0.0000;
./matpower/data/case_SyntheticUSA.m:137779:	32888	32890	0.002998	0.016794	0.01391	225.57	0	0	0	0	1	0	0	-42.4400	12.2300	42.5000	-13.3900	0.0000	0.0000	0.0000	0.0000;
./matpower/data/case_SyntheticUSA.m:137919:	32988	33965	0.001998	0.010325	0.00764	278.26	0	0	0	0	1	0	0	-212.0500	9.0400	212.8900	-5.5300	0.0000	0.0000	0.0000	0.0000;
./matpower/data/case_SyntheticUSA.m:137973:	33937	33027	0.005196	0.035958	0.00998	223.28	0	0	0	0	1	0	0	-77.8800	11.0000	78.1900	-9.9700	0.0000	0.0000	0.0000	0.0000;
./matpower/data/case_SyntheticUSA.m:138045:	33081	33084	0.001609	0.008966	0.00463	221.45	0	0	0	0	1	0	0	42.4700	11.7800	-42.4400	-12.0900	0.0000	0.0000	0.0000	0.0000;
./matpower/data/case_SyntheticUSA.m:138157:	33175	56129	0.069497	0.145437	0.00289	55.21	0	0	0	0	1	0	0	6.1300	-2.7500	-6.1000	2.5000	0.0000	0.0000	0.0000	0.0000;
./matpower/data/case_SyntheticUSA.m:138236:	33288	33249	0.011381	0.039982	0.02284	227.76	0	0	0	0	1	0	0	-65.3100	25.6900	65.8500	-26.2100	0.0000	0.0000	0.0000	0.0000;
./matpower/data/case_SyntheticUSA.m:138248:	33605	33262	0.004125	0.02221	0.02966	242.83	0	0	0	0	1	0	0	-83.1800	22.5200	83.4800	-23.8700	0.0000	0.0000	0.0000	0.0000;
./matpower/data/case_SyntheticUSA.m:138251:	33267	34023	0.009981	0.068312	0.03289	249.24	0	0	0	0	1	0	0	-57.1700	-6.1000	57.4800	4.6300	0.0000	0.0000	0.0000	0.0000;
./matpower/data/case_SyntheticUSA.m:138268:	33280	33278	0.004659	0.029495	0.00861	204.46	0	0	0	0	1	0	0	15.8700	-2.4200	-15.8600	1.5600	0.0000	0.0000	0.0000	0.0000;
./matpower/data/case_SyntheticUSA.m:138304:	33319	33331	0.003112	0.023404	0.00998	222.47	0	0	0	0	1	0	0	-49.1200	28.8500	49.2100	-29.2200	0.0000	0.0000	0.0000	0.0000;
./matpower/data/case_SyntheticUSA.m:138430:	33405	41379	0.001822	0.007998	0.00055	145.2	0	0	0	0	1	0	0	62.8500	22.1000	-62.7700	-21.8300	0.0000	0.0000	0.0000	0.0000;
./matpower/data/case_SyntheticUSA.m:138431:	33405	41379	0.001822	0.007998	0.00055	145.2	0	0	0	0	1	0	0	62.8500	22.1000	-62.7700	-21.8300	0.0000	0.0000	0.0000	0.0000;
./matpower/data/case_SyntheticUSA.m:138786:	33719	33726	0.006463	0.026509	0.00933	211.47	0	0	0	0	1	0	0	-30.2400	-15.8600	30.3200	15.1900	0.0000	0.0000	0.0000	0.0000;
./matpower/data/case_SyntheticUSA.m:138848:	33787	33785	0.001555	0.009984	0.00176	199.04	0	0	0	0	1	0	0	32.7200	48.9300	-32.6600	-48.7900	0.0000	0.0000	0.0000	0.0000;
./matpower/data/case_SyntheticUSA.m:138887:	33829	33828	0.004497	0.034441	0.00966	201.99	0	0	0	0	1	0	0	-33.9500	10.1700	34.0000	-10.8000	0.0000	0.0000	0.0000	0.0000;
./matpower/data/case_SyntheticUSA.m:139061:	33999	34134	0.000451	0.004966	0.15492	1116.83	0	0	0	0	1	0	0	-204.0900	125.3700	204.3300	-139.4300	0.0000	0.0000	0.0000	0.0000;
./matpower/data/case_SyntheticUSA.m:139304:	34205	34821	0.007949	0.031822	0.02151	224.91	0	0	0	0	1	0	0	15.2500	-3.5300	-15.2300	1.3000	0.0000	0.0000	0.0000	0.0000;
./matpower/data/case_SyntheticUSA.m:139374:	34266	34802	0.003933	0.02566	0.01098	245.45	0	0	0	0	1	0	0	-26.7600	-3.8000	26.7900	2.7900	0.0000	0.0000	0.0000	0.0000;
./matpower/data/case_SyntheticUSA.m:139457:	35055	34328	0.003998	0.022835	0.02411	265.8	0	0	0	0	1	0	0	89.4500	-24.7000	-89.1300	23.9100	0.0000	0.0000	0.0000	0.0000;
./matpower/data/case_SyntheticUSA.m:139556:	34401	34414	0.008716	0.04949	0.01216	219.75	0	0	0	0	1	0	0	21.0800	-3.6600	-21.0500	2.5500	0.0000	0.0000	0.0000	0.0000;
./matpower/data/case_SyntheticUSA.m:139673:	34484	34486	0.003051	0.018876	0.01966	245.43	0	0	0	0	1	0	0	-39.5100	7.6900	39.5500	-9.5200	0.0000	0.0000	0.0000	0.0000;
./matpower/data/case_SyntheticUSA.m:139744:	34562	34543	0.003821	0.026145	0.00949	231.42	0	0	0	0	1	0	0	57.6100	-11.0700	-57.4900	10.8900	0.0000	0.0000	0.0000	0.0000;
./matpower/data/case_SyntheticUSA.m:139931:	34734	34711	0.001904	0.009986	0.00278	196.21	0	0	0	0	1	0	0	-27.6800	12.1100	27.7000	-12.3200	0.0000	0.0000	0.0000	0.0000;
./matpower/data/case_SyntheticUSA.m:140172:	35147	34928	0.0042	0.019336	0.02119	218.9	0	0	0	0	1	0	0	-4.3500	4.3300	4.3500	-6.6000	0.0000	0.0000	0.0000	0.0000;
./matpower/data/case_SyntheticUSA.m:140175:	34930	35148	0.009016	0.03933	0.01585	194.3	0	0	0	0	1	0	0	22.1900	-1.9300	-22.1500	0.4000	0.0000	0.0000	0.0000	0.0000;
./matpower/data/case_SyntheticUSA.m:140283:	35053	35052	0.003521	0.019986	0.01216	225.9	0	0	0	0	1	0	0	26.1700	4.9100	-26.1500	-6.0900	0.0000	0.0000	0.0000	0.0000;
./matpower/data/case_SyntheticUSA.m:140427:	35193	35198	0.004733	0.029497	0.01855	265.33	0	0	0	0	1	0	0	-57.4700	9.1600	57.6200	-10.2400	0.0000	0.0000	0.0000	0.0000;
./matpower/data/case_SyntheticUSA.m:140452:	35224	35459	0.001039	0.0079	0.00949	228.55	0	0	0	0	1	0	0	-47.4700	1.0000	47.4900	-1.8600	0.0000	0.0000	0.0000	0.0000;
./matpower/data/case_SyntheticUSA.m:140772:	36811	35557	0.021811	0.08125	0.00966	145.37	0	0	0	0	1	0	0	-65.8100	11.2100	66.7800	-8.5700	0.0000	0.0000	0.0000	0.0000;
./matpower/data/case_SyntheticUSA.m:140807:	35583	36549	0.023447	0.08966	0.00802	138.47	0	0	0	0	1	0	0	69.3300	-0.8300	-68.2500	4.1700	0.0000	0.0000	0.0000	0.0000;
./matpower/data/case_SyntheticUSA.m:141233:	36265	35864	0.008442	0.029667	0.00334	128.53	0	0	0	0	1	0	0	41.1100	3.8800	-40.9800	-3.7600	0.0000	0.0000	0.0000	0.0000;
./matpower/data/case_SyntheticUSA.m:141362:	35945	35949	0.019338	0.081706	0.00721	112.29	0	0	0	0	1	0	0	6.1300	20.6600	-6.0400	-20.9900	0.0000	0.0000	0.0000	0.0000;
./matpower/data/case_SyntheticUSA.m:141476:	36022	36757	0.009498	0.090038	0.28631	534.75	0	0	0	0	1	0	0	-131.5100	4.2300	133.0600	-20.5300	0.0000	0.0000	0.0000	0.0000;
./matpower/data/case_SyntheticUSA.m:141753:	36209	36217	0.000974	0.009981	0.04111	558.86	0	0	0	0	1	0	0	162.9200	1.0800	-162.6900	-3.0600	0.0000	0.0000	0.0000	0.0000;
./matpower/data/case_SyntheticUSA.m:141764:	36224	36226	0.008201	0.039494	0.0033	121.85	0	0	0	0	1	0	0	-21.5100	0.8500	21.5500	-1.0100	0.0000	0.0000	0.0000	0.0000;
./matpower/data/case_SyntheticUSA.m:141810:	36266	36255	0.006933	0.025133	0.00177	121.88	0	0	0	0	1	0	0	25.6000	7.9700	-25.5500	-7.9900	0.0000	0.0000	0.0000	0.0000;
./matpower/data/case_SyntheticUSA.m:141919:	36326	36328	-0.001567	-0.039491	0	96.45	0	0	1	0	1	0	0	-78.1000	-13.0600	78.0000	10.6500	0.0000	0.0000	0.0000	0.0000;
./matpower/data/case_SyntheticUSA.m:142255:	36621	36624	0.002362	0.104933	0	261.64	0	0	1	0	1	0	0	135.1900	12.0900	-134.7800	5.9800	0.0000	0.0000	0.0000	0.0000;
./matpower/data/case_SyntheticUSA.m:142458:	36806	36814	0.002124	0.01966	0.07678	437.49	0	0	0	0	1	0	0	37.1600	-11.1800	-37.1300	3.1000	0.0000	0.0000	0.0000	0.0000;
./matpower/data/case_SyntheticUSA.m:142485:	36827	36836	0.000163	0.010828	0	998.03	0	0	1	0	1	0	0	-220.9000	-84.4900	220.9900	90.0900	0.0000	0.0000	0.0000	0.0000;
./matpower/data/case_SyntheticUSA.m:142656:	36987	36988	0.001041	0.029981	0	281.2	0	0	1	0	1	0	0	0.0000	0.0000	0.0000	0.0000	0.0000	0.0000	0.0000	0.0000;
./matpower/data/case_SyntheticUSA.m:142806:	37136	37137	0.00095	0.02966	0	289.21	0	0	1.025	0	1	0	0	-31.9500	3.8500	31.9600	-3.5500	0.0000	0.0000	0.0000	0.0000;
./matpower/data/case_SyntheticUSA.m:142987:	37271	37992	0.014777	0.059663	0.01002	127.88	0	0	0	0	1	0	0	40.5700	13.8300	-40.3200	-13.8700	0.0000	0.0000	0.0000	0.0000;
./matpower/data/case_SyntheticUSA.m:142988:	37276	37274	0.016183	0.069663	0.00652	142.39	0	0	0	0	1	0	0	-71.9100	19.5700	72.7500	-16.6200	0.0000	0.0000	0.0000	0.0000;
./matpower/data/case_SyntheticUSA.m:143048:	37331	37322	0.019664	0.087368	0.00887	133.49	0	0	0	0	1	0	0	53.4700	-12.9600	-52.8500	14.8900	0.0000	0.0000	0.0000	0.0000;
./matpower/data/case_SyntheticUSA.m:143074:	37341	37350	0.005966	0.031026	0.00457	127.57	0	0	0	0	1	0	0	-39.9300	18.8900	40.0400	-18.8100	0.0000	0.0000	0.0000	0.0000;
./matpower/data/case_SyntheticUSA.m:143243:	37441	37432	0.004243	0.019491	0.00173	153.53	0	0	0	0	1	0	0	-85.8900	-8.6500	86.1900	9.8300	0.0000	0.0000	0.0000	0.0000;
./matpower/data/case_SyntheticUSA.m:143244:	37441	37432	0.004243	0.019491	0.00173	153.53	0	0	0	0	1	0	0	-85.8900	-8.6500	86.1900	9.8300	0.0000	0.0000	0.0000	0.0000;
./matpower/data/case_SyntheticUSA.m:143792:	37836	37824	0.007998	0.024497	0.00222	132.14	0	0	0	0	1	0	0	48.2900	6.1500	-48.1000	-5.8100	0.0000	0.0000	0.0000	0.0000;
./matpower/data/case_SyntheticUSA.m:143857:	38057	37879	0.008995	0.039985	0.00442	108.01	0	0	0	0	1	0	0	6.9500	-38.0300	-6.8200	38.1300	0.0000	0.0000	0.0000	0.0000;
./matpower/data/case_SyntheticUSA.m:144104:	38097	38087	0.008949	0.035636	0.00749	147.78	0	0	0	0	1	0	0	81.8700	-5.8000	-81.3000	7.2400	0.0000	0.0000	0.0000	0.0000;
./matpower/data/case_SyntheticUSA.m:144147:	39947	38132	0.004949	0.022834	0.00262	114.98	0	0	0	0	1	0	0	8.0200	4.0200	-8.0200	-4.2700	0.0000	0.0000	0.0000	0.0000;
./matpower/data/case_SyntheticUSA.m:144254:	38239	38402	0.002356	0.009665	0.00127	119.91	0	0	0	0	1	0	0	20.7900	-5.2700	-20.7800	5.2000	0.0000	0.0000	0.0000	0.0000;
./matpower/data/case_SyntheticUSA.m:144508:	38481	38490	0.013624	0.059989	0.00871	131.97	0	0	0	0	1	0	0	13.7600	6.2100	-13.7300	-7.0300	0.0000	0.0000	0.0000	0.0000;
./matpower/data/case_SyntheticUSA.m:144567:	38529	39426	0.004964	0.03933	0.32002	555.03	0	0	0	0	1	0	0	-127.2500	8.5500	128.0300	-37.0200	0.0000	0.0000	0.0000	0.0000;
./matpower/data/case_SyntheticUSA.m:144646:	38577	38884	0.022188	0.10442	0.02933	108.34	0	0	0	0	1	0	0	-2.3200	-4.3300	2.3200	1.1800	0.0000	0.0000	0.0000	0.0000;
./matpower/data/case_SyntheticUSA.m:144745:	38652	38646	0.003142	0.029669	0.08898	469.37	0	0	0	0	1	0	0	55.1800	-31.6900	-55.0700	23.0900	0.0000	0.0000	0.0000	0.0000;
./matpower/data/case_SyntheticUSA.m:144808:	47267	38690	0.001933	0.020779	0.0703	535.93	0	0	0	0	1	0	0	-121.1600	23.1900	121.4400	-27.7700	0.0000	0.0000	0.0000	0.0000;
./matpower/data/case_SyntheticUSA.m:144894:	39414	38748	0.002106	0.009333	0.00079	139.79	0	0	0	0	1	0	0	73.5900	0.4000	-73.4900	-0.0300	0.0000	0.0000	0.0000	0.0000;
./matpower/data/case_SyntheticUSA.m:144929:	38775	39626	0.022223	0.098208	0.00933	126.1	0	0	0	0	1	0	0	24.9900	-8.6300	-24.8500	8.2700	0.0000	0.0000	0.0000	0.0000;
./matpower/data/case_SyntheticUSA.m:144995:	38827	38829	0.005799	0.029337	0.00228	130.15	0	0	0	0	1	0	0	-27.3600	-4.8100	27.4000	4.7900	0.0000	0.0000	0.0000	0.0000;
./matpower/data/case_SyntheticUSA.m:145287:	39077	39230	0.006497	0.029662	0.00243	136.15	0	0	0	0	1	0	0	-51.5100	8.7900	51.6700	-8.2800	0.0000	0.0000	0.0000	0.0000;
./matpower/data/case_SyntheticUSA.m:145379:	39158	39169	0.010673	0.03933	0.00538	123.19	0	0	0	0	1	0	0	32.9300	-1.9300	-32.8200	1.7700	0.0000	0.0000	0.0000	0.0000;
./matpower/data/case_SyntheticUSA.m:145437:	39208	39210	0.000966	0.042591	0	206.44	0	0	1.00625	0	1	0	0	-68.8700	-32.8100	68.9200	35.1200	0.0000	0.0000	0.0000	0.0000;
./matpower/data/case_SyntheticUSA.m:145503:	39270	39274	0.001857	0.049989	0	244.03	0	0	1	0	1	0	0	-18.8500	2.4700	18.8600	-2.3000	0.0000	0.0000	0.0000	0.0000;
./matpower/data/case_SyntheticUSA.m:145527:	39302	39303	0.001966	0.061825	0	218.87	0	0	1	0	1	0	0	-3.0000	0.1500	3.0000	-0.1500	0.0000	0.0000	0.0000	0.0000;
./matpower/data/case_SyntheticUSA.m:145636:	39405	40776	0.00286	0.025473	0.04998	560.81	0	0	0	0	1	0	0	161.1700	14.1200	-160.4900	-13.4000	0.0000	0.0000	0.0000	0.0000;
./matpower/data/case_SyntheticUSA.m:145796:	39589	39594	0.002966	0.079049	0	177.51	0	0	1	0	1	0	0	-3.1300	-1.4500	3.1300	1.4600	0.0000	0.0000	0.0000	0.0000;
./matpower/data/case_SyntheticUSA.m:145826:	39622	39624	0.002983	0.079668	0	192.25	0	0	1.03125	0	1	0	0	-3.6300	-1.6800	3.6300	1.6900	0.0000	0.0000	0.0000	0.0000;
./matpower/data/case_SyntheticUSA.m:145896:	40506	39669	0.019337	0.075283	0.00687	122.56	0	0	0	0	1	0	0	19.9200	-13.6100	-19.8100	13.2900	0.0000	0.0000	0.0000	0.0000;
./matpower/data/case_SyntheticUSA.m:145985:	39790	39726	0.022504	0.080079	0.00966	125.11	0	0	0	0	1	0	0	-37.2200	0.4000	37.5200	-0.3200	0.0000	0.0000	0.0000	0.0000;
./matpower/data/case_SyntheticUSA.m:146019:	41578	39735	0.001487	0.014375	0.04933	587.16	0	0	0	0	1	0	0	-343.2800	29.8900	344.9400	-19.1000	0.0000	0.0000	0.0000	0.0000;
./matpower/data/case_SyntheticUSA.m:146042:	39756	39755	0.000966	0.045733	0	209.25	0	0	1.00625	0	1	0	0	-91.8800	-6.2700	91.9600	9.9000	0.0000	0.0000	0.0000	0.0000;
./matpower/data/case_SyntheticUSA.m:146043:	39756	39755	0.000966	0.045733	0	209.25	0	0	1.00625	0	1	0	0	-91.8800	-6.2700	91.9600	9.9000	0.0000	0.0000	0.0000	0.0000;
./matpower/data/case_SyntheticUSA.m:146044:	39756	39755	0.000966	0.045733	0	209.25	0	0	1.00625	0	1	0	0	-91.8800	-6.2700	91.9600	9.9000	0.0000	0.0000	0.0000	0.0000;
./matpower/data/case_SyntheticUSA.m:146122:	39801	39803	0.00966	0.042537	0.00288	147.09	0	0	0	0	1	0	0	-65.4600	-3.5000	65.8500	4.9100	0.0000	0.0000	0.0000	0.0000;
./matpower/data/case_SyntheticUSA.m:146123:	39801	39803	0.00966	0.042537	0.00288	147.09	0	0	0	0	1	0	0	-65.4600	-3.5000	65.8500	4.9100	0.0000	0.0000	0.0000	0.0000;
./matpower/data/case_SyntheticUSA.m:146235:	40467	39879	0.009494	0.035574	0.00567	126.36	0	0	0	0	1	0	0	-32.7100	4.9600	32.8200	-5.1600	0.0000	0.0000	0.0000	0.0000;
./matpower/data/case_SyntheticUSA.m:146410:	40020	40022	0.00998	0.052377	0.01355	116.71	0	0	0	0	1	0	0	-9.1400	3.7800	9.1500	-5.0700	0.0000	0.0000	0.0000	0.0000;
./matpower/data/case_SyntheticUSA.m:146484:	40071	40082	0.003933	0.012797	0.00223	134.72	0	0	0	0	1	0	0	41.8500	13.9300	-41.7700	-13.9200	0.0000	0.0000	0.0000	0.0000;
./matpower/data/case_SyntheticUSA.m:146546:	40117	40465	0.01108	0.037444	0.00966	130.61	0	0	0	0	1	0	0	-50.2600	8.9700	50.5500	-8.9600	0.0000	0.0000	0.0000	0.0000;
./matpower/data/case_SyntheticUSA.m:146547:	40118	40119	0.007644	0.039495	0.0033	119.51	0	0	0	0	1	0	0	-21.7100	13.4800	21.7600	-13.5500	0.0000	0.0000	0.0000	0.0000;
./matpower/data/case_SyntheticUSA.m:146573:	40142	40136	0.008282	0.039498	0.00355	151.02	0	0	0	0	1	0	0	-100.9200	8.1500	101.7100	-4.7200	0.0000	0.0000	0.0000	0.0000;
./matpower/data/case_SyntheticUSA.m:146574:	40142	40136	0.008282	0.039498	0.00355	151.02	0	0	0	0	1	0	0	-100.9200	8.1500	101.7100	-4.7200	0.0000	0.0000	0.0000	0.0000;
./matpower/data/case_SyntheticUSA.m:146781:	40269	40977	0.009666	0.04895	0.0041	114.01	0	0	0	0	1	0	0	8.1000	-0.0800	-8.0900	-0.2800	0.0000	0.0000	0.0000	0.0000;
./matpower/data/case_SyntheticUSA.m:146811:	40288	40756	0.009966	0.044112	0.00415	123.18	0	0	0	0	1	0	0	24.2900	-4.7400	-24.2200	4.6200	0.0000	0.0000	0.0000	0.0000;
./matpower/data/case_SyntheticUSA.m:146825:	40687	40296	0.003933	0.016502	0.00204	138.53	0	0	0	0	1	0	0	-85.3500	-3.3000	85.6200	4.2400	0.0000	0.0000	0.0000	0.0000;
./matpower/data/case_SyntheticUSA.m:146851:	40954	40316	0.009669	0.039814	0.00487	124.25	0	0	0	0	1	0	0	30.9600	6.2900	-30.8700	-6.4400	0.0000	0.0000	0.0000	0.0000;
./matpower/data/case_SyntheticUSA.m:147096:	40490	40488	0.01462	0.059496	0.00368	127.94	0	0	0	0	1	0	0	43.5300	1.2700	-43.2500	-0.5300	0.0000	0.0000	0.0000	0.0000;
./matpower/data/case_SyntheticUSA.m:147177:	40552	41044	0.001245	0.005998	0.00075	115.35	0	0	0	0	1	0	0	-11.6100	2.3300	11.6100	-2.3900	0.0000	0.0000	0.0000	0.0000;
./matpower/data/case_SyntheticUSA.m:147643:	40895	40898	0.000949	0.043475	0	200.49	0	0	1	0	1	0	0	-66.0800	-10.6700	66.1200	12.4700	0.0000	0.0000	0.0000	0.0000;
./matpower/data/case_SyntheticUSA.m:147913:	41166	41165	0.006966	0.024898	0.00318	116.68	0	0	0	0	1	0	0	-15.0500	5.0000	15.0700	-5.2600	0.0000	0.0000	0.0000	0.0000;
./matpower/data/case_SyntheticUSA.m:148210:	42549	41349	0.019668	0.085487	0.01196	136.39	0	0	0	0	1	0	0	57.6400	7.0300	-56.9900	-5.4100	0.0000	0.0000	0.0000	0.0000;
./matpower/data/case_SyntheticUSA.m:148524:	41566	42404	0.007933	0.034113	0.00254	126.36	0	0	0	0	1	0	0	-41.1500	18.9400	41.3000	-18.5500	0.0000	0.0000	0.0000	0.0000;
./matpower/data/case_SyntheticUSA.m:148539:	41576	42406	0.003701	0.019496	0.00284	100.33	0	0	0	0	1	0	0	0.4000	-17.4000	-0.3900	17.1600	0.0000	0.0000	0.0000	0.0000;
./matpower/data/case_SyntheticUSA.m:148648:	41654	41663	0.019498	0.084405	0.00826	108.31	0	0	0	0	1	0	0	5.4600	-14.2100	-5.4200	13.6000	0.0000	0.0000	0.0000	0.0000;
./matpower/data/case_SyntheticUSA.m:148762:	42661	41718	0.001269	0.009667	0.08598	374.47	0	0	0	0	1	0	0	22.3800	-15.0100	-22.3700	5.6500	0.0000	0.0000	0.0000	0.0000;
./matpower/data/case_SyntheticUSA.m:148864:	41772	41779	0.003775	0.019989	0.00251	137.17	0	0	0	0	1	0	0	72.3700	26.1700	-72.1600	-25.3000	0.0000	0.0000	0.0000	0.0000;
./matpower/data/case_SyntheticUSA.m:149053:	41918	41919	0.009493	0.046779	0.00522	131.6	0	0	0	0	1	0	0	-47.7500	-10.1900	47.9700	10.7300	0.0000	0.0000	0.0000	0.0000;
./matpower/data/case_SyntheticUSA.m:149077:	41932	41937	0.007981	0.039984	0.00511	107.64	0	0	0	0	1	0	0	4.9900	28.2200	-4.9200	-28.4400	0.0000	0.0000	0.0000	0.0000;
./matpower/data/case_SyntheticUSA.m:149603:	42321	42319	0.014753	0.059664	0.00681	124.58	0	0	0	0	1	0	0	40.3900	-1.3800	-40.1600	1.6500	0.0000	0.0000	0.0000	0.0000;
./matpower/data/case_SyntheticUSA.m:149717:	43012	42421	0.004365	0.019989	0.00162	128.52	0	0	0	0	1	0	0	-49.8700	52.9600	50.0900	-52.1400	0.0000	0.0000	0.0000	0.0000;
./matpower/data/case_SyntheticUSA.m:149742:	42452	42448	0.016719	0.069492	0.00577	124.04	0	0	0	0	1	0	0	-23.7300	-12.2900	23.8400	12.1600	0.0000	0.0000	0.0000	0.0000;
./matpower/data/case_SyntheticUSA.m:149767:	42466	46436	0.000509	0.009751	0.94956	2834.45	0	0	0	0	1	0	0	-1065.9700	21.0900	1071.3400	-20.9000	0.0000	0.0000	0.0000	0.0000;
./matpower/data/case_SyntheticUSA.m:149783:	42486	42487	0.015346	0.049497	0.00516	150.65	0	0	0	0	1	0	0	64.4600	-10.9800	-63.8400	12.4300	0.0000	0.0000	0.0000	0.0000;
./matpower/data/case_SyntheticUSA.m:149784:	42486	42487	0.015346	0.049497	0.00516	150.65	0	0	0	0	1	0	0	64.4600	-10.9800	-63.8400	12.4300	0.0000	0.0000	0.0000	0.0000;
./matpower/data/case_SyntheticUSA.m:150243:	42902	43029	0.008562	0.033313	0.00949	119.46	0	0	0	0	1	0	0	16.3200	9.5100	-16.2900	-10.3900	0.0000	0.0000	0.0000	0.0000;
./matpower/data/case_SyntheticUSA.m:150267:	45255	42923	0.007789	0.029331	0.00269	114.03	0	0	0	0	1	0	0	-3.5900	-5.6400	3.6000	5.3600	0.0000	0.0000	0.0000	0.0000;
./matpower/data/case_SyntheticUSA.m:150362:	43020	43024	0.000208	0.015417	0	933.74	0	0	1.00625	0	1	0	0	-264.7500	-39.6600	264.8800	49.8700	0.0000	0.0000	0.0000	0.0000;
./matpower/data/case_SyntheticUSA.m:150363:	43020	43025	0.00019	0.012953	0	933.15	0	0	1.00625	0	1	0	0	-264.7600	-41.2800	264.8800	49.8700	0.0000	0.0000	0.0000	0.0000;
./matpower/data/case_SyntheticUSA.m:150842:	43253	44556	0.001949	0.006784	0.00064	154.83	0	0	0	0	1	0	0	-98.8200	-5.5300	99.0000	6.0900	0.0000	0.0000	0.0000	0.0000;
./matpower/data/case_SyntheticUSA.m:150843:	43253	44556	0.001949	0.006784	0.00064	154.83	0	0	0	0	1	0	0	-98.8200	-5.5300	99.0000	6.0900	0.0000	0.0000	0.0000	0.0000;
./matpower/data/case_SyntheticUSA.m:150844:	43253	44556	0.001949	0.006784	0.00064	154.83	0	0	0	0	1	0	0	-98.8200	-5.5300	99.0000	6.0900	0.0000	0.0000	0.0000	0.0000;
./matpower/data/case_SyntheticUSA.m:151602:	43672	43674	0.002998	0.015633	0.00143	135.98	0	0	0	0	1	0	0	-72.4700	24.3700	72.6400	-23.6100	0.0000	0.0000	0.0000	0.0000;
./matpower/data/case_SyntheticUSA.m:151751:	44125	43769	0.000966	0.007879	0.03387	546.49	0	0	0	0	1	0	0	-232.0300	-41.7200	232.5300	42.1800	0.0000	0.0000	0.0000	0.0000;
./matpower/data/case_SyntheticUSA.m:151849:	43833	43863	0.002949	0.01069	0.00197	138.87	0	0	0	0	1	0	0	91.5400	0.4500	-91.3100	0.1800	0.0000	0.0000	0.0000	0.0000;
./matpower/data/case_SyntheticUSA.m:151946:	43890	43889	0.000949	0.046993	0	273.7	0	0	1.01875	0	1	0	0	-165.7200	-22.8200	165.9700	35.4100	0.0000	0.0000	0.0000	0.0000;
./matpower/data/case_SyntheticUSA.m:151947:	43890	43889	0.000949	0.046993	0	273.7	0	0	1.01875	0	1	0	0	-165.7200	-22.8200	165.9700	35.4100	0.0000	0.0000	0.0000	0.0000;
./matpower/data/case_SyntheticUSA.m:151948:	43890	43889	0.000949	0.046993	0	273.7	0	0	1.01875	0	1	0	0	-165.7200	-22.8200	165.9700	35.4100	0.0000	0.0000	0.0000	0.0000;
./matpower/data/case_SyntheticUSA.m:151949:	43890	43889	0.000949	0.046993	0	273.7	0	0	1.01875	0	1	0	0	-165.7200	-22.8200	165.9700	35.4100	0.0000	0.0000	0.0000	0.0000;
./matpower/data/case_SyntheticUSA.m:152079:	43973	54086	0.008966	0.035936	0.00566	139.19	0	0	0	0	1	0	0	-46.4500	-12.7000	46.6400	12.8900	0.0000	0.0000	0.0000	0.0000;
./matpower/data/case_SyntheticUSA.m:152083:	43976	45215	0.028657	0.119008	0.00998	128.1	0	0	0	0	1	0	0	19.7400	3.0900	-19.6400	-3.7300	0.0000	0.0000	0.0000	0.0000;
./matpower/data/case_SyntheticUSA.m:152322:	54144	44171	0.000966	0.006106	0.0064	248.17	0	0	0	0	1	0	0	29.9000	-20.2900	-29.8900	19.6600	0.0000	0.0000	0.0000	0.0000;
./matpower/data/case_SyntheticUSA.m:152502:	44326	44370	0.023798	0.094919	0.00933	109.72	0	0	0	0	1	0	0	-7.0500	17.0700	7.1300	-17.7500	0.0000	0.0000	0.0000	0.0000;
./matpower/data/case_SyntheticUSA.m:152533:	44493	44349	0.004966	0.018084	0.0017	128.74	0	0	0	0	1	0	0	-10.7700	-5.6900	10.7800	5.5300	0.0000	0.0000	0.0000	0.0000;
./matpower/data/case_SyntheticUSA.m:152835:	44635	44888	0.019495	0.104403	0.01934	127.31	0	0	0	0	1	0	0	21.9700	-8.1500	-21.8700	6.6500	0.0000	0.0000	0.0000	0.0000;
./matpower/data/case_SyntheticUSA.m:152856:	44649	44684	0.003866	0.039663	0.08702	455.32	0	0	0	0	1	0	0	66.7100	-13.3600	-66.5500	5.5500	0.0000	0.0000	0.0000	0.0000;
./matpower/data/case_SyntheticUSA.m:153492:	45128	45127	0.008966	0.030108	0.00326	105.55	0	0	0	0	1	0	0	-5.0800	4.9700	5.0900	-5.3000	0.0000	0.0000	0.0000	0.0000;
./matpower/data/case_SyntheticUSA.m:153536:	45165	45164	0.020777	0.084217	0.00998	141.69	0	0	0	0	1	0	0	-44.6700	2.7500	45.0800	-2.1400	0.0000	0.0000	0.0000	0.0000;
./matpower/data/case_SyntheticUSA.m:153563:	45184	45183	0.014688	0.059984	0.00614	136.95	0	0	0	0	1	0	0	32.2700	-9.7200	-32.1000	9.8600	0.0000	0.0000	0.0000	0.0000;
./matpower/data/case_SyntheticUSA.m:153629:	45248	45236	0.019335	0.079765	0.01127	121.74	0	0	0	0	1	0	0	22.6000	-4.4900	-22.5000	3.6600	0.0000	0.0000	0.0000	0.0000;
./matpower/data/case_SyntheticUSA.m:153805:	45390	45384	0.009663	0.032808	0.00452	125.4	0	0	0	0	1	0	0	-35.9900	7.8600	36.1200	-7.9200	0.0000	0.0000	0.0000	0.0000;
./matpower/data/case_SyntheticUSA.m:153817:	45399	45398	0.009667	0.027602	0.00278	131.22	0	0	0	0	1	0	0	-25.1400	9.6900	25.2100	-9.8000	0.0000	0.0000	0.0000	0.0000;
./matpower/data/case_SyntheticUSA.m:153853:	45437	45431	0.008162	0.02998	0.00524	106.4	0	0	0	0	1	0	0	6.0600	-0.8500	-6.0600	0.3100	0.0000	0.0000	0.0000	0.0000;
./matpower/data/case_SyntheticUSA.m:153892:	45740	45462	0.012088	0.049491	0.00357	137.37	0	0	0	0	1	0	0	40.5900	-5.2500	-40.4000	5.6400	0.0000	0.0000	0.0000	0.0000;
./matpower/data/case_SyntheticUSA.m:153933:	45513	45490	0.009666	0.048447	0.00543	111.92	0	0	0	0	1	0	0	-14.6800	0.3400	14.6900	-0.8200	0.0000	0.0000	0.0000	0.0000;
./matpower/data/case_SyntheticUSA.m:154244:	45754	46464	0.009665	0.041553	0.00574	128.83	0	0	0	0	1	0	0	-35.2800	-2.2400	35.3900	2.1000	0.0000	0.0000	0.0000	0.0000;
./matpower/data/case_SyntheticUSA.m:154245:	45757	45755	0.009666	0.04589	0.00708	137.35	0	0	0	0	1	0	0	32.7900	-5.1700	-32.6900	4.8900	0.0000	0.0000	0.0000	0.0000;
./matpower/data/case_SyntheticUSA.m:154269:	54416	45773	0.009957	0.059495	0.03383	291.07	0	0	0	0	1	0	0	78.3000	-1.6600	-77.7300	1.3900	0.0000	0.0000	0.0000	0.0000;
./matpower/data/case_SyntheticUSA.m:154298:	45801	45803	0.009981	0.048743	0.00729	115.78	0	0	0	0	1	0	0	10.3400	-5.6200	-10.3300	4.8900	0.0000	0.0000	0.0000	0.0000;
./matpower/data/case_SyntheticUSA.m:154503:	46278	45991	0.019331	0.069102	0.01005	146.68	0	0	0	0	1	0	0	45.3200	-5.1900	-44.9400	5.4800	0.0000	0.0000	0.0000	0.0000;
./matpower/data/case_SyntheticUSA.m:154590:	46059	46064	0.009145	0.029665	0.0029	141.14	0	0	0	0	1	0	0	29.7700	1.4500	-29.7000	-1.5100	0.0000	0.0000	0.0000	0.0000;
./matpower/data/case_SyntheticUSA.m:154639:	46109	46110	0.009664	0.044393	0.00481	144.29	0	0	0	0	1	0	0	-38.1100	2.5400	38.2500	-2.4300	0.0000	0.0000	0.0000	0.0000;
./matpower/data/case_SyntheticUSA.m:154778:	46274	46273	0.00122	0.049491	0	172.06	0	0	1	0	1	0	0	-60.7000	-16.1600	60.7500	17.9900	0.0000	0.0000	0.0000	0.0000;
./matpower/data/case_SyntheticUSA.m:154801:	46294	46293	0.000138	0.009669	0	818.87	0	0	1.00625	0	1	0	0	-251.9600	-70.1000	252.0500	76.3000	0.0000	0.0000	0.0000	0.0000;
./matpower/data/case_SyntheticUSA.m:154956:	46423	46428	0.002949	0.079637	0	161.55	0	0	1	0	1	0	0	-2.5000	0.3100	2.5000	-0.3000	0.0000	0.0000	0.0000	0.0000;
./matpower/data/case_SyntheticUSA.m:155283:	46758	46761	0.015165	0.069492	0.00692	140.92	0	0	0	0	1	0	0	-63.2500	-0.5500	63.8300	2.4800	0.0000	0.0000	0.0000	0.0000;
./matpower/data/case_SyntheticUSA.m:155423:	46871	46852	0.002487	0.009987	0.00111	131.9	0	0	0	0	1	0	0	-34.7300	-17.7100	34.7700	17.7300	0.0000	0.0000	0.0000	0.0000;
./matpower/data/case_SyntheticUSA.m:155769:	47101	47081	0.005684	0.019331	0.0019	105.45	0	0	0	0	1	0	0	7.1200	27.1900	-7.0800	-27.2400	0.0000	0.0000	0.0000	0.0000;
./matpower/data/case_SyntheticUSA.m:155929:	47205	47207	0.039334	0.188665	0.01322	111.04	0	0	0	0	1	0	0	-4.5600	4.2700	4.5800	-5.6000	0.0000	0.0000	0.0000	0.0000;
./matpower/data/case_SyntheticUSA.m:156162:	47389	47387	0.012125	0.039333	0.00365	137.45	0	0	0	0	1	0	0	61.6000	-19.3100	-61.1100	20.5300	0.0000	0.0000	0.0000	0.0000;
./matpower/data/case_SyntheticUSA.m:156240:	47450	48920	0.017833	0.059493	0.00562	152.4	0	0	0	0	1	0	0	-89.6500	7.3800	91.0600	-3.2700	0.0000	0.0000	0.0000	0.0000;
./matpower/data/case_SyntheticUSA.m:156241:	47450	48920	0.017833	0.059493	0.00562	152.4	0	0	0	0	1	0	0	-89.6500	7.3800	91.0600	-3.2700	0.0000	0.0000	0.0000	0.0000;
./matpower/data/case_SyntheticUSA.m:156439:	47607	48771	0.003933	0.019724	0.00303	156.33	0	0	0	0	1	0	0	-85.1300	-3.8900	85.4000	4.8900	0.0000	0.0000	0.0000	0.0000;
./matpower/data/case_SyntheticUSA.m:156533:	47674	47738	0.001966	0.010064	0.00144	146.67	0	0	0	0	1	0	0	-94.4600	-36.1900	94.6500	37.0200	0.0000	0.0000	0.0000	0.0000;
./matpower/data/case_SyntheticUSA.m:156601:	47690	48659	0.000949	0.004365	0.00056	127.82	0	0	0	0	1	0	0	25.6000	-1.8200	-25.5900	1.7900	0.0000	0.0000	0.0000	0.0000;
./matpower/data/case_SyntheticUSA.m:156729:	47795	48375	0.009564	0.03998	0.00595	132.15	0	0	0	0	1	0	0	29.8800	-11.0400	-29.7900	10.8400	0.0000	0.0000	0.0000	0.0000;
./matpower/data/case_SyntheticUSA.m:156780:	47845	47849	9.6e-05	0.006165	0	966.39	0	0	1	0	1	0	0	310.8200	45.9800	-310.7400	-40.4200	0.0000	0.0000	0.0000	0.0000;
./matpower/data/case_SyntheticUSA.m:156890:	47926	47925	0.00966	0.045187	0.00529	135.82	0	0	0	0	1	0	0	-46.9300	15.2400	47.1600	-14.7100	0.0000	0.0000	0.0000	0.0000;
./matpower/data/case_SyntheticUSA.m:157014:	48019	48318	0.014122	0.072588	0.00998	110.74	0	0	0	0	1	0	0	-2.4700	-1.0100	2.4700	-0.0500	0.0000	0.0000	0.0000	0.0000;
./matpower/data/case_SyntheticUSA.m:157045:	48056	48052	0.012121	0.059336	0.00333	134.08	0	0	0	0	1	0	0	37.1500	-9.5800	-36.9800	10.0700	0.0000	0.0000	0.0000	0.0000;
./matpower/data/case_SyntheticUSA.m:157152:	48140	48192	0.005998	0.02265	0.00277	116.89	0	0	0	0	1	0	0	-14.0900	33.3300	14.1700	-33.3400	0.0000	0.0000	0.0000	0.0000;
./matpower/data/case_SyntheticUSA.m:157213:	48198	48200	0.001933	0.057886	0	246.31	0	0	1	0	1	0	0	0.0000	0.0000	0.0000	0.0000	0.0000	0.0000	0.0000	0.0000;
./matpower/data/case_SyntheticUSA.m:157214:	48199	48200	0.001933	0.057886	0	246.31	0	0	1	0	1	0	0	0.0000	0.0000	0.0000	0.0000	0.0000	0.0000	0.0000	0.0000;
./matpower/data/case_SyntheticUSA.m:157399:	48401	48403	0.000187	0.012248	0	949.29	0	0	1	0	1	0	0	-191.9600	-54.7500	192.0300	59.2700	0.0000	0.0000	0.0000	0.0000;
./matpower/data/case_SyntheticUSA.m:157773:	48771	48962	0.003933	0.017281	0.00195	178.24	0	0	0	0	1	0	0	89.5500	10.3900	-89.2600	-9.3000	0.0000	0.0000	0.0000	0.0000;
./matpower/data/case_SyntheticUSA.m:157774:	48771	48962	0.003933	0.017281	0.00195	178.24	0	0	0	0	1	0	0	89.5500	10.3900	-89.2600	-9.3000	0.0000	0.0000	0.0000	0.0000;
./matpower/data/case_SyntheticUSA.m:157841:	48871	48870	0.000127	0.009719	0	966.19	0	0	1	0	1	0	0	-405.6400	-14.8900	405.8400	29.6300	0.0000	0.0000	0.0000	0.0000;
./matpower/data/case_SyntheticUSA.m:157961:	49478	48995	0.069496	0.184957	0.01947	53.1	0	0	0	0	1	0	0	-1.0700	0.5500	1.0700	-2.6400	0.0000	0.0000	0.0000	0.0000;
./matpower/data/case_SyntheticUSA.m:158485:	49371	49368	0.033686	0.079402	0.00966	59.33	0	0	0	0	1	0	0	-6.3400	-1.8500	6.3500	0.8700	0.0000	0.0000	0.0000	0.0000;
./matpower/data/case_SyntheticUSA.m:158713:	49542	49777	0.009669	0.06346	0.04897	285.38	0	0	0	0	1	0	0	-66.3700	4.1500	66.7800	-6.5500	0.0000	0.0000	0.0000	0.0000;
./matpower/data/case_SyntheticUSA.m:158858:	49668	49667	0.036007	0.089988	0.00592	64.23	0	0	0	0	1	0	0	16.7500	-5.1500	-16.6500	4.7600	0.0000	0.0000	0.0000	0.0000;
./matpower/data/case_SyntheticUSA.m:158920:	49718	49716	0.026206	0.069498	0.00184	57.78	0	0	0	0	1	0	0	3.6600	0.3900	-3.6600	-0.5800	0.0000	0.0000	0.0000	0.0000;
./matpower/data/case_SyntheticUSA.m:159151:	49920	49921	0.029983	0.673512	0	15.48	0	0	1.025	0	1	0	0	-0.8000	-0.3000	0.8000	0.3100	0.0000	0.0000	0.0000	0.0000;
./matpower/data/case_SyntheticUSA.m:159184:	49960	49963	0.002404	0.049498	0	30.6	0	0	1	0	1	0	0	-0.8000	-0.3000	0.8000	0.3000	0.0000	0.0000	0.0000	0.0000;
./matpower/data/case_SyntheticUSA.m:159293:	50067	50070	-3.3e-05	-0.002666	0	966.97	0	0	1	0	1	0	0	-151.1400	36.3700	151.1400	-36.9800	0.0000	0.0000	0.0000	0.0000;
./matpower/data/case_SyntheticUSA.m:159393:	50155	50184	0.006966	0.01539	0.00085	61.97	0	0	0	0	1	0	0	16.5800	9.5300	-16.5600	-9.5700	0.0000	0.0000	0.0000	0.0000;
./matpower/data/case_SyntheticUSA.m:159440:	50195	50206	0.009981	0.026778	0.00089	51.39	0	0	0	0	1	0	0	-7.0700	8.3200	7.0900	-8.3900	0.0000	0.0000	0.0000	0.0000;
./matpower/data/case_SyntheticUSA.m:159487:	50219	50672	0.005998	0.014957	0.00053	58.06	0	0	0	0	1	0	0	-12.5900	20.1600	12.6200	-20.1400	0.0000	0.0000	0.0000	0.0000;
./matpower/data/case_SyntheticUSA.m:159529:	50252	50268	0.019499	0.047918	0.02082	60.53	0	0	0	0	1	0	0	10.6400	-0.7400	-10.6200	-1.4200	0.0000	0.0000	0.0000	0.0000;
./matpower/data/case_SyntheticUSA.m:159623:	50334	50313	0.008966	0.020586	0.00421	72.93	0	0	0	0	1	0	0	-32.9600	-11.3200	33.0600	11.0900	0.0000	0.0000	0.0000	0.0000;
./matpower/data/case_SyntheticUSA.m:159645:	50328	50343	0.011907	0.029334	0.00274	64.92	0	0	0	0	1	0	0	19.1200	-10.3100	-19.0700	10.1300	0.0000	0.0000	0.0000	0.0000;
./matpower/data/case_SyntheticUSA.m:159664:	50350	50340	0.033471	0.074992	0.00933	73.04	0	0	0	0	1	0	0	34.5500	-16.6600	-34.1000	16.6600	0.0000	0.0000	0.0000	0.0000;
./matpower/data/case_SyntheticUSA.m:160130:	50646	50639	0.00998	0.023125	0.00187	68.31	0	0	0	0	1	0	0	27.5100	13.0700	-27.4300	-13.0700	0.0000	0.0000	0.0000	0.0000;
./matpower/data/case_SyntheticUSA.m:160233:	50712	51081	0.009984	0.022495	0.00302	71.69	0	0	0	0	1	0	0	34.8800	21.3400	-34.7300	-21.3100	0.0000	0.0000	0.0000	0.0000;
./matpower/data/case_SyntheticUSA.m:160650:	51028	52053	0.003933	0.011004	0.00702	84.23	0	0	0	0	1	0	0	-38.5900	0.4100	38.6400	-1.0200	0.0000	0.0000	0.0000	0.0000;
./matpower/data/case_SyntheticUSA.m:160651:	51028	52053	0.003933	0.011004	0.00702	84.23	0	0	0	0	1	0	0	-38.5900	0.4100	38.6400	-1.0200	0.0000	0.0000	0.0000	0.0000;
./matpower/data/case_SyntheticUSA.m:160748:	51102	51120	0.000998	0.00646	0.00996	249.88	0	0	0	0	1	0	0	-30.2800	-19.8700	30.3000	18.9000	0.0000	0.0000	0.0000	0.0000;
./matpower/data/case_SyntheticUSA.m:160782:	51803	51131	0.019494	0.055467	0.00142	62.41	0	0	0	0	1	0	0	5.9700	-0.0700	-5.9600	-0.0700	0.0000	0.0000	0.0000	0.0000;
./matpower/data/case_SyntheticUSA.m:160800:	51153	51145	0.00505	0.025591	0.02949	295.3	0	0	0	0	1	0	0	-73.0400	-5.7700	73.3000	3.9300	0.0000	0.0000	0.0000	0.0000;
./matpower/data/case_SyntheticUSA.m:160933:	51269	51285	0.00439	0.010342	0.00998	75.92	0	0	0	0	1	0	0	42.7800	8.0100	-42.7100	-8.9300	0.0000	0.0000	0.0000	0.0000;
./matpower/data/case_SyntheticUSA.m:161244:	51547	51548	0.019493	0.561791	0	100	0	0	1	0	1	0	0	0.0000	0.0000	0.0000	0.0000	0.0000	0.0000	0.0000	0.0000;
./matpower/data/case_SyntheticUSA.m:161365:	51667	55243	0.00944	0.059986	0.07585	232.32	0	0	0	0	1	0	0	-4.2200	-3.9000	4.2200	-4.4400	0.0000	0.0000	0.0000	0.0000;
./matpower/data/case_SyntheticUSA.m:161537:	54469	51831	0.007488	0.049499	0.03884	240.22	0	0	0	0	1	0	0	22.4200	-0.6100	-22.3900	-3.4100	0.0000	0.0000	0.0000	0.0000;
./matpower/data/case_SyntheticUSA.m:161545:	51839	51843	0.000257	0.019496	0	653.42	0	0	1	0	1	0	0	-103.3500	-20.0500	103.3800	22.0500	0.0000	0.0000	0.0000	0.0000;
./matpower/data/case_SyntheticUSA.m:161589:	51883	51886	0.000205	0.014248	0	933.03	0	0	1	0	1	0	0	0.0000	0.0000	0.0000	0.0000	0.0000	0.0000	0.0000	0.0000;
./matpower/data/case_SyntheticUSA.m:161665:	51954	51957	-0.000949	-0.018382	0	109.26	0	0	1	0	1	0	0	-5.7600	-2.1800	5.7600	2.1700	0.0000	0.0000	0.0000	0.0000;
./matpower/data/case_SyntheticUSA.m:161731:	52028	52031	0.000171	0.004966	0	138.78	0	0	1	0	1	0	0	-1.7000	0.2100	1.7000	-0.2100	0.0000	0.0000	0.0000	0.0000;
./matpower/data/case_SyntheticUSA.m:161766:	52068	52067	0.00027	0.019778	0	949.93	0	0	1.025	0	1	0	0	-162.5300	-135.2600	162.6400	143.8600	0.0000	0.0000	0.0000	0.0000;
./matpower/data/case_SyntheticUSA.m:162013:	52273	52299	0.01998	0.067703	0.02331	62.34	0	0	0	0	1	0	0	12.7900	-10.0300	-12.7400	7.6500	0.0000	0.0000	0.0000	0.0000;
./matpower/data/case_SyntheticUSA.m:162174:	52381	52378	0.001315	0.007933	0.00944	225.37	0	0	0	0	1	0	0	2.8100	-8.7400	-2.8100	7.7300	0.0000	0.0000	0.0000	0.0000;
./matpower/data/case_SyntheticUSA.m:162190:	52391	52392	0.025358	0.05949	0.00168	59.24	0	0	0	0	1	0	0	6.4700	-0.2500	-6.4600	0.0900	0.0000	0.0000	0.0000	0.0000;
./matpower/data/case_SyntheticUSA.m:162326:	52490	52499	0.069555	0.153829	0.00949	63.25	0	0	0	0	1	0	0	-12.0700	2.4000	12.1600	-3.2100	0.0000	0.0000	0.0000	0.0000;
./matpower/data/case_SyntheticUSA.m:162347:	52503	52502	0.001342	0.009497	0.01896	267.24	0	0	0	0	1	0	0	-11.5800	2.1600	11.5800	-4.2100	0.0000	0.0000	0.0000	0.0000;
./matpower/data/case_SyntheticUSA.m:162419:	52556	52555	0.002949	0.072394	0	82.56	0	0	1	0	1	0	0	-6.7000	2.8800	6.7000	-2.8500	0.0000	0.0000	0.0000	0.0000;
./matpower/data/case_SyntheticUSA.m:162487:	52601	53396	0.029338	0.069332	0.00744	53.71	0	0	0	0	1	0	0	-4.7600	4.8000	4.7800	-5.5800	0.0000	0.0000	0.0000	0.0000;
./matpower/data/case_SyntheticUSA.m:162589:	52668	53062	0.02998	0.06887	0.01631	70.57	0	0	0	0	1	0	0	-18.5700	-1.8200	18.6700	0.2600	0.0000	0.0000	0.0000	0.0000;
./matpower/data/case_SyntheticUSA.m:162682:	52735	52734	0.019497	0.051118	0.00145	68.9	0	0	0	0	1	0	0	-25.0000	7.2000	25.1200	-7.0400	0.0000	0.0000	0.0000	0.0000;
./matpower/data/case_SyntheticUSA.m:162734:	54076	52773	0.001544	0.009498	0.02099	253.15	0	0	0	0	1	0	0	-65.7200	11.3400	65.7900	-13.1700	0.0000	0.0000	0.0000	0.0000;
./matpower/data/case_SyntheticUSA.m:162964:	52944	53210	0.039497	0.09255	0.00431	63.66	0	0	0	0	1	0	0	9.4500	-4.3400	-9.4100	3.9800	0.0000	0.0000	0.0000	0.0000;
./matpower/data/case_SyntheticUSA.m:163143:	53087	55281	0.011975	0.029334	0.0028	70.05	0	0	0	0	1	0	0	-31.6200	-0.3200	31.7300	0.2800	0.0000	0.0000	0.0000	0.0000;
./matpower/data/case_SyntheticUSA.m:163154:	53094	54455	0.017838	0.098524	0.06949	234.94	0	0	0	0	1	0	0	-48.7500	3.3600	49.1500	-8.7400	0.0000	0.0000	0.0000	0.0000;
./matpower/data/case_SyntheticUSA.m:163247:	53171	66192	0.039335	0.090286	0.01872	51.49	0	0	0	0	1	0	0	1.7300	-2.2300	-1.7200	0.2000	0.0000	0.0000	0.0000	0.0000;
./matpower/data/case_SyntheticUSA.m:163734:	53559	53555	0.059335	0.131878	0.0035	66.41	0	0	0	0	1	0	0	-20.7400	2.3400	20.9800	-2.1900	0.0000	0.0000	0.0000	0.0000;
./matpower/data/case_SyntheticUSA.m:163814:	53616	53619	-0.000203	-0.015312	0	933.66	0	0	1	0	1	0	0	-135.9900	2.0700	135.9600	-4.6900	0.0000	0.0000	0.0000	0.0000;
./matpower/data/case_SyntheticUSA.m:163898:	55178	53678	0.004721	0.028647	0.01966	249.76	0	0	0	0	1	0	0	20.3500	2.9800	-20.3300	-4.9900	0.0000	0.0000	0.0000	0.0000;
./matpower/data/case_SyntheticUSA.m:164300:	53979	53974	0.002107	0.012344	0.00933	267.09	0	0	0	0	1	0	0	16.5500	32.8600	-16.5200	-33.7100	0.0000	0.0000	0.0000	0.0000;
./matpower/data/case_SyntheticUSA.m:164474:	54132	54104	0.002933	0.01864	0.00835	232.9	0	0	0	0	1	0	0	12.9800	9.8900	-12.9700	-10.7300	0.0000	0.0000	0.0000	0.0000;
./matpower/data/case_SyntheticUSA.m:164617:	54479	54238	0.003944	0.019338	0.04178	282.37	0	0	0	0	1	0	0	53.6700	-1.7300	-53.5700	-2.3000	0.0000	0.0000	0.0000	0.0000;
./matpower/data/case_SyntheticUSA.m:164730:	54330	54333	0.000228	0.019337	0	460.65	0	0	1	0	1	0	0	-49.9300	-10.1900	49.9400	10.6500	0.0000	0.0000	0.0000	0.0000;
./matpower/data/case_SyntheticUSA.m:164953:	54545	54547	0.000293	0.019334	0	735.7	0	0	1.0375	0	1	0	0	-149.7500	-27.5300	149.8200	31.9500	0.0000	0.0000	0.0000	0.0000;
./matpower/data/case_SyntheticUSA.m:164988:	54577	54578	0.019497	0.573266	0	127.04	0	0	1	0	1	0	0	-1.5700	-0.5900	1.5700	0.6100	0.0000	0.0000	0.0000	0.0000;
./matpower/data/case_SyntheticUSA.m:165097:	54682	55081	0.000557	0.009667	0.77399	2622.06	0	0	0	0	1	0	0	329.1600	-63.1200	-328.6100	-12.1600	0.0000	0.0000	0.0000	0.0000;
./matpower/data/case_SyntheticUSA.m:165221:	54809	54901	0.008632	0.019338	0.00116	63.39	0	0	0	0	1	0	0	-12.6600	2.4200	12.6800	-2.5200	0.0000	0.0000	0.0000	0.0000;
./matpower/data/case_SyntheticUSA.m:165417:	54999	67689	0.164363	0.385229	0.00949	52.24	0	0	0	0	1	0	0	-0.3100	-1.5000	0.3100	0.4700	0.0000	0.0000	0.0000	0.0000;
./matpower/data/case_SyntheticUSA.m:165437:	55019	55020	0.019336	0.295859	0	31.28	0	0	1	0	1	0	0	-3.0600	0.3700	3.0600	-0.3400	0.0000	0.0000	0.0000	0.0000;
./matpower/data/case_SyntheticUSA.m:165678:	55290	55292	0.002999	0.099662	0	119.36	0	0	1	0	1	0	0	0.0000	0.0000	0.0000	0.0000	0.0000	0.0000	0.0000	0.0000;
./matpower/data/case_SyntheticUSA.m:165787:	55403	55405	0.004561	0.029665	0.04576	291.86	0	0	0	0	1	0	0	-91.1700	7.4400	91.5300	-10.1600	0.0000	0.0000	0.0000	0.0000;
./matpower/data/case_SyntheticUSA.m:165959:	55528	55534	0.073142	0.183069	0.00933	56.47	0	0	0	0	1	0	0	11.4300	-7.7300	-11.3100	7.0600	0.0000	0.0000	0.0000	0.0000;
./matpower/data/case_SyntheticUSA.m:166084:	55610	56712	0.002213	0.012877	0.00933	247.62	0	0	0	0	1	0	0	-44.2400	-11.5300	44.2900	10.7700	0.0000	0.0000	0.0000	0.0000;
./matpower/data/case_SyntheticUSA.m:166959:	56257	56339	0.009661	0.027141	0.00326	69.41	0	0	0	0	1	0	0	-30.8500	0.4600	30.9300	-0.5800	0.0000	0.0000	0.0000	0.0000;
./matpower/data/case_SyntheticUSA.m:167193:	56424	56425	0.026256	0.998484	0	75	0	0	1	0	1	0	0	0.0000	0.0000	0.0000	0.0000	0.0000	0.0000	0.0000	0.0000;
./matpower/data/case_SyntheticUSA.m:167210:	56440	56439	0.000233	0.017773	0	966.63	0	0	1.025	0	1	0	0	-414.7700	-124.8400	415.1900	157.1700	0.0000	0.0000	0.0000	0.0000;
./matpower/data/case_SyntheticUSA.m:167273:	56599	56484	0.001663	0.009666	0.00925	264.46	0	0	0	0	1	0	0	46.5900	29.3000	-46.5400	-30.0000	0.0000	0.0000	0.0000	0.0000;
./matpower/data/case_SyntheticUSA.m:167362:	56542	56571	0.013974	0.03998	0.00244	61.72	0	0	0	0	1	0	0	-19.4400	-9.4400	19.5000	9.3500	0.0000	0.0000	0.0000	0.0000;
./matpower/data/case_SyntheticUSA.m:167437:	56610	56697	0.004357	0.009981	0.00247	49.12	0	0	0	0	1	0	0	-2.0200	3.7800	2.0200	-4.0500	0.0000	0.0000	0.0000	0.0000;
./matpower/data/case_SyntheticUSA.m:167442:	56618	56617	0.004966	0.114234	0	105.61	0	0	1.03125	0	1	0	0	-37.8000	-17.3000	37.8800	19.2100	0.0000	0.0000	0.0000	0.0000;
./matpower/data/case_SyntheticUSA.m:167445:	56618	56948	0.006966	0.015481	0.00041	56.18	0	0	0	0	1	0	0	9.8100	11.4100	-9.7900	-11.4200	0.0000	0.0000	0.0000	0.0000;
./matpower/data/case_SyntheticUSA.m:167760:	56931	57011	0.007201	0.019337	0.00146	64.96	0	0	0	0	1	0	0	-26.7000	1.2100	26.7500	-1.2400	0.0000	0.0000	0.0000	0.0000;
./matpower/data/case_SyntheticUSA.m:167977:	57113	57315	0.079662	0.175301	0.01263	58.39	0	0	0	0	1	0	0	8.5900	-5.5800	-8.5200	4.3900	0.0000	0.0000	0.0000	0.0000;
./matpower/data/case_SyntheticUSA.m:168488:	57465	57459	0.004011	0.009666	0.0025	63.3	0	0	0	0	1	0	0	-18.7900	4.0700	18.8100	-4.3100	0.0000	0.0000	0.0000	0.0000;
./matpower/data/case_SyntheticUSA.m:168499:	57482	57467	0.0273	0.059661	0.00207	41.35	0	0	0	0	1	0	0	0.3000	7.8700	-0.2900	-8.0600	0.0000	0.0000	0.0000	0.0000;
./matpower/data/case_SyntheticUSA.m:168641:	57613	57593	0.009981	0.024779	0.0025	73.99	0	0	0	0	1	0	0	27.3800	4.4000	-27.3100	-4.4800	0.0000	0.0000	0.0000	0.0000;
./matpower/data/case_SyntheticUSA.m:168795:	57869	57714	0.002949	0.01725	0.01318	246.63	0	0	0	0	1	0	0	-41.8800	4.0000	41.9300	-5.1400	0.0000	0.0000	0.0000	0.0000;
./matpower/data/case_SyntheticUSA.m:168832:	57736	57782	0.009667	0.023641	0.00445	59.87	0	0	0	0	1	0	0	11.9100	8.7900	-11.8900	-9.2200	0.0000	0.0000	0.0000	0.0000;
./matpower/data/case_SyntheticUSA.m:168982:	57837	65783	0.001506	0.007654	0.06933	247.13	0	0	0	0	1	0	0	-42.8600	-51.9800	42.9200	44.9200	0.0000	0.0000	0.0000	0.0000;
./matpower/data/case_SyntheticUSA.m:169053:	57889	57917	0.00966	0.030003	0.00608	50.71	0	0	0	0	1	0	0	-5.7700	-1.2300	5.7700	0.6000	0.0000	0.0000	0.0000	0.0000;
./matpower/data/case_SyntheticUSA.m:169359:	58158	58147	0.019493	0.04723	0.0016	56.63	0	0	0	0	1	0	0	-7.5800	1.1800	7.5900	-1.3300	0.0000	0.0000	0.0000	0.0000;
./matpower/data/case_SyntheticUSA.m:170174:	58854	58853	0.008998	0.029511	0.00672	157.34	0	0	0	0	1	0	0	-23.4300	2.4300	23.4700	-2.9900	0.0000	0.0000	0.0000	0.0000;
./matpower/data/case_SyntheticUSA.m:170998:	59528	59522	0.003949	0.01881	0.00384	182.19	0	0	0	0	1	0	0	-70.2000	-12.1300	70.3900	12.6200	0.0000	0.0000	0.0000	0.0000;
./matpower/data/case_SyntheticUSA.m:171107:	59637	59639	0.004933	0.023966	0.01783	162.96	0	0	0	0	1	0	0	-47.4400	-4.4000	47.5400	2.9700	0.0000	0.0000	0.0000	0.0000;
./matpower/data/case_SyntheticUSA.m:171143:	59665	59684	0.005666	0.029664	0.00577	168.09	0	0	0	0	1	0	0	-38.7300	-13.4100	38.8200	13.2800	0.0000	0.0000	0.0000	0.0000;
./matpower/data/case_SyntheticUSA.m:171233:	59757	59774	0.000343	0.009331	4.69469	4437.75	0	0	0	0	1	0	0	3057.9800	180.4100	-3028.2400	118.9000	0.0000	0.0000	0.0000	0.0000;
./matpower/data/case_SyntheticUSA.m:171447:	59956	60464	0.009495	0.033457	0.02217	162.17	0	0	0	0	1	0	0	59.9400	9.6400	-59.6000	-10.7500	0.0000	0.0000	0.0000	0.0000;
./matpower/data/case_SyntheticUSA.m:171743:	60143	60149	0.004966	0.020883	0.05915	164.87	0	0	0	0	1	0	0	66.4600	-16.7100	-66.2500	11.2600	0.0000	0.0000	0.0000	0.0000;
./matpower/data/case_SyntheticUSA.m:171761:	60160	60159	0.001998	0.009252	0.01929	189.71	0	0	0	0	1	0	0	-101.5800	17.8900	101.7900	-18.9400	0.0000	0.0000	0.0000	0.0000;
./matpower/data/case_SyntheticUSA.m:171790:	60176	61187	0.003846	0.019335	0.00479	141.08	0	0	0	0	1	0	0	23.2200	14.7600	-23.1900	-15.1300	0.0000	0.0000	0.0000	0.0000;
./matpower/data/case_SyntheticUSA.m:171830:	61614	60210	0.009666	0.046205	0.01451	175.29	0	0	0	0	1	0	0	100.8400	-0.2800	-99.9300	3.1200	0.0000	0.0000	0.0000	0.0000;
./matpower/data/case_SyntheticUSA.m:172304:	60516	60519	0.004908	0.029498	0.02856	118.55	0	0	0	0	1	0	0	-2.7000	1.4700	2.7100	-4.4700	0.0000	0.0000	0.0000	0.0000;
./matpower/data/case_SyntheticUSA.m:172476:	61193	60623	0.000471	0.001998	0.00072	151.84	0	0	0	0	1	0	0	-52.1900	29.7100	52.2000	-29.7300	0.0000	0.0000	0.0000	0.0000;
./matpower/data/case_SyntheticUSA.m:172507:	61026	60646	0.002074	0.009497	0.00319	180.62	0	0	0	0	1	0	0	120.4300	12.6900	-120.1600	-11.7500	0.0000	0.0000	0.0000	0.0000;
./matpower/data/case_SyntheticUSA.m:172683:	60769	60781	0.004642	0.019985	0.00423	162.29	0	0	0	0	1	0	0	-65.8300	-14.1100	66.0300	14.5400	0.0000	0.0000	0.0000	0.0000;
./matpower/data/case_SyntheticUSA.m:172742:	60808	60809	0.009496	0.062445	0.01811	170.62	0	0	0	0	1	0	0	-72.3500	-1.4600	72.8400	2.8300	0.0000	0.0000	0.0000	0.0000;
./matpower/data/case_SyntheticUSA.m:172936:	61007	61010	0.000803	0.039667	0	310.35	0	0	1	0	1	0	0	-69.8800	-13.2300	69.9200	15.1000	0.0000	0.0000	0.0000	0.0000;
./matpower/data/case_SyntheticUSA.m:173229:	61321	61299	0.009663	0.036547	0.00448	186.29	0	0	0	0	1	0	0	97.5100	-3.8500	-96.6000	6.8400	0.0000	0.0000	0.0000	0.0000;
./matpower/data/case_SyntheticUSA.m:173232:	61314	61301	0.009662	0.057551	0.00713	184.86	0	0	0	0	1	0	0	-98.6500	1.7200	99.5700	3.0700	0.0000	0.0000	0.0000	0.0000;
./matpower/data/case_SyntheticUSA.m:173799:	61775	61834	0.01145	0.069495	0.01946	164.69	0	0	0	0	1	0	0	-37.3800	-2.1600	37.5300	0.9800	0.0000	0.0000	0.0000	0.0000;
./matpower/data/case_SyntheticUSA.m:173848:	61914	61818	0.004933	0.015111	0.00685	176.67	0	0	0	0	1	0	0	-51.0500	16.2400	51.1700	-16.6100	0.0000	0.0000	0.0000	0.0000;
./matpower/data/case_SyntheticUSA.m:173940:	61904	61903	0.000459	0.029338	0	429.87	0	0	1	0	1	0	0	103.9900	6.3500	-103.9400	-3.4900	0.0000	0.0000	0.0000	0.0000;
./matpower/data/case_SyntheticUSA.m:173957:	61921	61918	0.005949	0.02588	0.00325	147.2	0	0	0	0	1	0	0	8.5600	-6.7300	-8.5600	6.4100	0.0000	0.0000	0.0000	0.0000;
./matpower/data/case_SyntheticUSA.m:174135:	63550	62072	0.00198	0.009338	0.00164	189.68	0	0	0	0	1	0	0	92.0100	-9.3700	-91.8500	9.9300	0.0000	0.0000	0.0000	0.0000;
./matpower/data/case_SyntheticUSA.m:174275:	62169	63114	0.004884	0.020747	0.02966	160.08	0	0	0	0	1	0	0	-33.3600	0.9200	33.4100	-3.9100	0.0000	0.0000	0.0000	0.0000;
./matpower/data/case_SyntheticUSA.m:174285:	63116	62174	0.00261	0.013845	0.04949	163.47	0	0	0	0	1	0	0	31.9000	-10.2100	-31.8700	5.0100	0.0000	0.0000	0.0000	0.0000;
./matpower/data/case_SyntheticUSA.m:174312:	62192	62198	0.007378	0.03745	0.04933	132.58	0	0	0	0	1	0	0	-15.7700	-3.4400	15.7900	-1.7800	0.0000	0.0000	0.0000	0.0000;
./matpower/data/case_SyntheticUSA.m:174336:	62850	62208	0.003966	0.017039	0.008	167.87	0	0	0	0	1	0	0	-45.6000	5.9400	45.6800	-6.4500	0.0000	0.0000	0.0000	0.0000;
./matpower/data/case_SyntheticUSA.m:174367:	62258	62230	0.003998	0.017515	0.00307	189.12	0	0	0	0	1	0	0	80.3600	30.6100	-80.0800	-29.7300	0.0000	0.0000	0.0000	0.0000;
./matpower/data/case_SyntheticUSA.m:174411:	62255	62832	0.004252	0.019665	0.00317	171.35	0	0	0	0	1	0	0	-58.3200	-14.9100	58.4700	15.2700	0.0000	0.0000	0.0000	0.0000;
./matpower/data/case_SyntheticUSA.m:174525:	62341	64522	0.001657	0.019334	0.37052	1128.94	0	0	0	0	1	0	0	89.6000	-33.8900	-89.4700	-4.8800	0.0000	0.0000	0.0000	0.0000;
./matpower/data/case_SyntheticUSA.m:174638:	62432	62445	0.009949	0.04364	0.05287	135.72	0	0	0	0	1	0	0	-1.5800	-9.0800	1.5900	3.4300	0.0000	0.0000	0.0000	0.0000;
./matpower/data/case_SyntheticUSA.m:174689:	62548	62472	0.015045	0.096388	0.00966	139.29	0	0	0	0	1	0	0	-4.5900	-5.5700	4.6000	4.5800	0.0000	0.0000	0.0000	0.0000;
./matpower/data/case_SyntheticUSA.m:174723:	62498	62535	0.016564	0.079498	0.01735	139.57	0	0	0	0	1	0	0	-7.3200	0.9200	7.3200	-2.7400	0.0000	0.0000	0.0000	0.0000;
./matpower/data/case_SyntheticUSA.m:174748:	62517	63007	0.023202	0.099496	0.03672	122.13	0	0	0	0	1	0	0	0.5500	-2.6300	-0.5500	-1.3300	0.0000	0.0000	0.0000	0.0000;
./matpower/data/case_SyntheticUSA.m:174753:	62522	62529	0.013089	0.04913	0.02949	151.41	0	0	0	0	1	0	0	-18.5200	-8.1800	18.5700	5.3200	0.0000	0.0000	0.0000	0.0000;
./matpower/data/case_SyntheticUSA.m:174756:	62525	62767	0.009499	0.0354	0.01272	166.04	0	0	0	0	1	0	0	21.4500	2.3300	-21.4100	-3.5000	0.0000	0.0000	0.0000	0.0000;
./matpower/data/case_SyntheticUSA.m:174782:	62551	62553	0.005772	0.028556	0.00933	130.28	0	0	0	0	1	0	0	6.0200	-5.6900	-6.0200	4.7100	0.0000	0.0000	0.0000	0.0000;
./matpower/data/case_SyntheticUSA.m:174794:	62559	63514	0.009661	0.051608	0.02704	181.1	0	0	0	0	1	0	0	-63.1400	0.9100	63.5000	-1.9000	0.0000	0.0000	0.0000	0.0000;
./matpower/data/case_SyntheticUSA.m:174878:	62639	62633	0.003353	0.019139	0.00933	145.61	0	0	0	0	1	0	0	13.6600	-13.3700	-13.6500	12.4400	0.0000	0.0000	0.0000	0.0000;
./matpower/data/case_SyntheticUSA.m:175310:	63009	63010	0.011978	0.049664	0.00602	126.3	0	0	0	0	1	0	0	-5.6900	8.0300	5.7100	-8.6200	0.0000	0.0000	0.0000	0.0000;
./matpower/data/case_SyntheticUSA.m:175365:	63096	63048	0.007451	0.041163	0.00966	165.32	0	0	0	0	1	0	0	37.5200	11.5200	-37.4100	-11.9700	0.0000	0.0000	0.0000	0.0000;
./matpower/data/case_SyntheticUSA.m:175867:	63530	63534	0.000122	0.009662	0	1267.33	0	0	1.0125	0	1	0	0	-150.4400	-44.2800	150.4700	46.5100	0.0000	0.0000	0.0000	0.0000;
./matpower/data/case_SyntheticUSA.m:176077:	63704	65587	0.005966	0.037398	0.03654	225.52	0	0	0	0	1	0	0	-15.4000	-2.2400	15.4200	-1.6300	0.0000	0.0000	0.0000	0.0000;
./matpower/data/case_SyntheticUSA.m:176093:	63715	63718	0.003949	0.121781	0	223.15	0	0	1	0	1	0	0	47.1700	10.2800	-47.0800	-7.6700	0.0000	0.0000	0.0000	0.0000;
./matpower/data/case_SyntheticUSA.m:176131:	63733	65251	0.004551	0.029337	0.07271	297.73	0	0	0	0	1	0	0	-49.8300	-0.1900	49.9400	-7.0600	0.0000	0.0000	0.0000	0.0000;
./matpower/data/case_SyntheticUSA.m:176252:	64497	63823	0.008275	0.049983	0.01715	244.33	0	0	0	0	1	0	0	34.4500	3.3600	-34.3500	-4.6700	0.0000	0.0000	0.0000	0.0000;
./matpower/data/case_SyntheticUSA.m:176362:	63894	65641	0.029251	0.069666	0.0033	72.72	0	0	0	0	1	0	0	-27.0400	6.6500	27.2500	-6.5200	0.0000	0.0000	0.0000	0.0000;
./matpower/data/case_SyntheticUSA.m:176705:	64131	64666	0.023676	0.059666	0.01173	74.3	0	0	0	0	1	0	0	22.5500	-1.7200	-22.4400	0.7600	0.0000	0.0000	0.0000	0.0000;
./matpower/data/case_SyntheticUSA.m:176798:	64195	64197	0.029663	0.069689	0.0107	58.19	0	0	0	0	1	0	0	-4.7700	2.8600	4.7800	-4.0100	0.0000	0.0000	0.0000	0.0000;
./matpower/data/case_SyntheticUSA.m:176905:	64280	65082	0.026548	0.059981	0.00259	61.64	0	0	0	0	1	0	0	-14.4800	1.1600	14.5300	-1.3200	0.0000	0.0000	0.0000	0.0000;
./matpower/data/case_SyntheticUSA.m:177031:	64370	64369	0.001258	0.008461	0.00933	240.39	0	0	0	0	1	0	0	34.1400	2.4300	-34.1200	-3.3300	0.0000	0.0000	0.0000	0.0000;
./matpower/data/case_SyntheticUSA.m:177043:	64375	64382	0.013051	0.02998	0.00093	73.18	0	0	0	0	1	0	0	-25.3100	-0.0900	25.3900	0.1700	0.0000	0.0000	0.0000	0.0000;
./matpower/data/case_SyntheticUSA.m:177763:	64961	65031	0.015351	0.048805	0.00998	61.84	0	0	0	0	1	0	0	10.6200	-0.4300	-10.6000	-0.5700	0.0000	0.0000	0.0000	0.0000;
./matpower/data/case_SyntheticUSA.m:177770:	65032	64964	0.006998	0.020281	0.00047	70.88	0	0	0	0	1	0	0	24.8900	0.2900	-24.8500	-0.2200	0.0000	0.0000	0.0000	0.0000;
./matpower/data/case_SyntheticUSA.m:177788:	64974	66004	0.003933	0.021922	0.024	296.68	0	0	0	0	1	0	0	-83.9400	-3.7300	84.2000	2.5800	0.0000	0.0000	0.0000	0.0000;
./matpower/data/case_SyntheticUSA.m:177820:	65000	64999	0.000287	0.0204	0	949.35	0	0	1.025	0	1	0	0	-164.0100	-127.4500	164.1300	135.9400	0.0000	0.0000	0.0000	0.0000;
./matpower/data/case_SyntheticUSA.m:177902:	65086	65066	0.010134	0.029335	0.00255	70.62	0	0	0	0	1	0	0	-20.4900	19.8800	20.5700	-19.9300	0.0000	0.0000	0.0000	0.0000;
./matpower/data/case_SyntheticUSA.m:178211:	65354	65353	0.003342	0.108998	0	115.07	0	0	1.00625	0	1	0	0	-36.5100	-2.2600	36.5500	3.6200	0.0000	0.0000	0.0000	0.0000;
./matpower/data/case_SyntheticUSA.m:178444:	65923	65582	0.004329	0.02949	0.05528	230.13	0	0	0	0	1	0	0	3.8800	-0.6000	-3.8800	-5.4200	0.0000	0.0000	0.0000	0.0000;
./matpower/data/case_SyntheticUSA.m:178855:	66022	66031	0.00535	0.032192	0.01998	267.9	0	0	0	0	1	0	0	10.1700	-4.3200	-10.1700	2.2000	0.0000	0.0000	0.0000	0.0000;
./matpower/data/case_SyntheticUSA.m:178864:	66032	66031	0.003447	0.099666	0	89.58	0	0	1.00625	0	1	0	0	2.9200	-6.0000	-2.9200	6.0500	0.0000	0.0000	0.0000	0.0000;
./matpower/data/case_SyntheticUSA.m:178955:	66090	67310	0.13701	0.362389	0.00966	57.08	0	0	0	0	1	0	0	1.8800	0.8000	-1.8700	-1.6300	0.0000	0.0000	0.0000	0.0000;
./matpower/data/case_SyntheticUSA.m:179134:	67408	66224	0.069497	0.157839	0.00381	58.8	0	0	0	0	1	0	0	8.8700	1.2800	-8.8200	-1.5800	0.0000	0.0000	0.0000	0.0000;
./matpower/data/case_SyntheticUSA.m:179273:	67186	66322	0.009966	0.062629	0.05454	234.03	0	0	0	0	1	0	0	-6.3100	-2.2500	6.3100	-3.1900	0.0000	0.0000	0.0000	0.0000;
./matpower/data/case_SyntheticUSA.m:179388:	66398	66400	0.036213	0.069984	0.00265	54.11	0	0	0	0	1	0	0	-9.0000	1.0900	9.0300	-1.3200	0.0000	0.0000	0.0000	0.0000;
./matpower/data/case_SyntheticUSA.m:179430:	67757	66428	0.123578	0.263109	0.00966	57.72	0	0	0	0	1	0	0	4.9900	-3.0200	-4.9600	2.0900	0.0000	0.0000	0.0000	0.0000;
./matpower/data/case_SyntheticUSA.m:179435:	66434	66490	0.0362	0.089985	0.00987	70.45	0	0	0	0	1	0	0	-10.6300	2.5500	10.6700	-3.5100	0.0000	0.0000	0.0000	0.0000;
./matpower/data/case_SyntheticUSA.m:179572:	66585	66535	0.011355	0.029337	0.00153	59.39	0	0	0	0	1	0	0	6.2600	-5.2300	-6.2500	5.0900	0.0000	0.0000	0.0000	0.0000;
./matpower/data/case_SyntheticUSA.m:179601:	66547	67590	0.001766	0.009499	0.00448	269.58	0	0	0	0	1	0	0	-35.9400	4.3000	35.9600	-4.6700	0.0000	0.0000	0.0000	0.0000;
./matpower/data/case_SyntheticUSA.m:179861:	66742	66731	0.049492	0.143595	0.00474	48.06	0	0	0	0	1	0	0	-0.9600	1.8200	0.9700	-2.3200	0.0000	0.0000	0.0000	0.0000;
./matpower/data/case_SyntheticUSA.m:179948:	67120	66791	0.037291	0.089664	0.00795	71.68	0	0	0	0	1	0	0	-6.5300	-0.4300	6.5500	-0.4000	0.0000	0.0000	0.0000	0.0000;
./matpower/data/case_SyntheticUSA.m:179989:	66823	67200	0.022588	0.04966	0.05155	78.16	0	0	0	0	1	0	0	5.3500	-6.1300	-5.3400	0.5300	0.0000	0.0000	0.0000	0.0000;
./matpower/data/case_SyntheticUSA.m:180499:	67240	67243	-0.000199	-0.012224	0	966.58	0	0	1	0	1	0	0	-132.2600	-41.7700	132.2300	39.5800	0.0000	0.0000	0.0000	0.0000;
./matpower/data/case_SyntheticUSA.m:180528:	67264	67276	0.007588	0.019491	0.00631	71.74	0	0	0	0	1	0	0	23.4900	-15.5000	-23.4300	14.9600	0.0000	0.0000	0.0000	0.0000;
./matpower/data/case_SyntheticUSA.m:181007:	67762	67763	0.002241	0.069335	0	125.69	0	0	1.00625	0	1	0	0	-56.5600	8.4000	56.6300	-6.2900	0.0000	0.0000	0.0000	0.0000;
./matpower/data/case_SyntheticUSA.m:181016:	67773	67776	0.003729	0.099987	0	131.77	0	0	1	0	1	0	0	16.6400	-2.6600	-16.6300	2.9300	0.0000	0.0000	0.0000	0.0000;
./matpower/data/case_SyntheticUSA.m:181122:	68708	67893	0.008838	0.048019	0.04933	298.73	0	0	0	0	1	0	0	67.8800	-10.4600	-67.5000	7.1400	0.0000	0.0000	0.0000	0.0000;
./matpower/data/case_SyntheticUSA.m:181651:	68337	68292	0.039987	0.125154	0.01129	64.6	0	0	0	0	1	0	0	6.5800	-3.8000	-6.5600	2.6300	0.0000	0.0000	0.0000	0.0000;
./matpower/data/case_SyntheticUSA.m:181828:	68416	68522	0.001129	0.007483	0.00966	263.92	0	0	0	0	1	0	0	-34.1400	-3.8300	34.1500	2.8800	0.0000	0.0000	0.0000	0.0000;
./matpower/data/case_SyntheticUSA.m:181932:	68508	68529	0.002893	0.01933	0.01734	315.91	0	0	0	0	1	0	0	-74.6600	-30.3600	74.8300	29.6300	0.0000	0.0000	0.0000	0.0000;
./matpower/data/case_SyntheticUSA.m:182013:	68602	68605	0.001915	0.010775	0.04949	265.58	0	0	0	0	1	0	0	-28.0600	1.6800	28.0800	-6.9400	0.0000	0.0000	0.0000	0.0000;
./matpower/data/case_SyntheticUSA.m:182341:	68882	68879	0.011773	0.065018	0.02949	258.66	0	0	0	0	1	0	0	22.9900	-11.5600	-22.9200	8.7900	0.0000	0.0000	0.0000	0.0000;
./matpower/data/case_SyntheticUSA.m:182417:	69486	68926	0.009669	0.054747	0.07992	340.94	0	0	0	0	1	0	0	-263.3600	53.7100	270.0300	-24.3500	0.0000	0.0000	0.0000	0.0000;
./matpower/data/case_SyntheticUSA.m:182564:	69034	69033	0.003933	0.13107	0	147.35	0	0	1	0	1	0	0	-42.6400	12.7700	42.7100	-10.4700	0.0000	0.0000	0.0000	0.0000;
./matpower/data/case_SyntheticUSA.m:182652:	69099	69093	0.049989	0.10879	0.00484	47.55	0	0	0	0	1	0	0	0.0200	-0.6400	-0.0200	0.1100	0.0000	0.0000	0.0000	0.0000;
./matpower/data/case_SyntheticUSA.m:182827:	69717	69228	0.010938	0.05949	0.04099	290.4	0	0	0	0	1	0	0	103.6000	-12.9300	-102.5100	14.4400	0.0000	0.0000	0.0000	0.0000;
./matpower/data/case_SyntheticUSA.m:182947:	69333	69329	0.047336	0.105741	0.00949	48.07	0	0	0	0	1	0	0	-1.8600	0.2800	1.8600	-1.3000	0.0000	0.0000	0.0000	0.0000;
./matpower/data/case_SyntheticUSA.m:183794:	2010071	2010153	0.002966	0.015795	0.10033	232.27	0	0	0	0	1	0	0	59.9600	-4.4500	-59.8500	-5.5400	0.0000	0.0000	0.0000	0.0000;
./matpower/data/case_SyntheticUSA.m:184048:	2010246	2010894	0.003598	0.01966	0.01086	238.67	0	0	0	0	1	0	0	-71.9100	-36.4000	72.1200	36.3400	0.0000	0.0000	0.0000	0.0000;
./matpower/data/case_SyntheticUSA.m:184199:	2010347	2010352	0.0001	-0.001949	0	108.3	0	0	1	0	1	0	0	0.0000	0.0000	0.0000	0.0000	0.0000	0.0000	0.0000	0.0000;
./matpower/data/case_SyntheticUSA.m:184245:	2010441	2010382	0.000933	0.006088	0.01283	174.7	0	0	0	0	1	0	0	-8.5000	12.6800	8.5000	-14.0100	0.0000	0.0000	0.0000	0.0000;
./matpower/data/case_SyntheticUSA.m:184536:	2010608	2010943	0.009494	0.062198	0.06243	220.77	0	0	0	0	1	0	0	-38.4100	-12.7400	38.5500	7.0000	0.0000	0.0000	0.0000	0.0000;
./matpower/data/case_SyntheticUSA.m:184563:	2010628	2010630	0.003949	0.015158	0.03061	161.72	0	0	0	0	1	0	0	-4.8600	6.8300	4.8600	-9.8900	0.0000	0.0000	0.0000	0.0000;
./matpower/data/case_SyntheticUSA.m:184626:	2010671	2074025	0.009336	0.056124	0.02219	216	0	0	0	0	1	0	0	-32.7800	3.1200	32.8800	-4.8000	0.0000	0.0000	0.0000	0.0000;
./matpower/data/case_SyntheticUSA.m:184681:	2011075	2010708	0.001688	0.019496	0.41561	1258.58	0	0	0	0	1	0	0	303.5300	-17.2500	-302.1000	-11.2500	0.0000	0.0000	0.0000	0.0000;
./matpower/data/case_SyntheticUSA.m:184692:	2010717	2010861	0.000506	0.013992	7.90759	4141.28	0	0	0	0	1	0	0	998.8700	-444.1700	-994.1600	-277.1600	0.0000	0.0000	0.0000	0.0000;
./matpower/data/case_SyntheticUSA.m:184888:	2010875	2010878	-0.000133	-0.009335	0	1357.9	0	0	1	0	1	0	0	-139.9600	33.1700	139.9400	-34.9700	0.0000	0.0000	0.0000	0.0000;
./matpower/data/case_SyntheticUSA.m:184995:	2010975	2010977	-0.000136	-0.009661	0	383.1	0	0	1	0	1	0	0	-68.9400	-13.9500	68.9400	13.5100	0.0000	0.0000	0.0000	0.0000;
./matpower/data/case_SyntheticUSA.m:185060:	2011038	2011042	0.000114	0.009339	0	1419.73	0	0	1	0	1	0	0	0.0000	0.0000	0.0000	0.0000	0.0000	0.0000	0.0000	0.0000;
./matpower/data/case_SyntheticUSA.m:185104:	2011074	2011079	0.00012	0.009664	0	1285.45	0	0	1	0	1	0	0	-84.9100	6.9700	84.9200	-6.3200	0.0000	0.0000	0.0000	0.0000;
./matpower/data/case_SyntheticUSA.m:185189:	2013059	2013060	0.003706	0.019661	0.01471	190.32	0	0	0	0	1	0	0	10.3300	19.3100	-10.3100	-20.8400	0.0000	0.0000	0.0000	0.0000;
./matpower/data/case_SyntheticUSA.m:185218:	2013083	2013113	0.004621	0.029335	0.0123	177.38	0	0	0	0	1	0	0	-11.7800	10.6600	11.7900	-11.8500	0.0000	0.0000	0.0000	0.0000;
./matpower/data/case_SyntheticUSA.m:185462:	2013274	2013284	0.000966	0.005179	0.00272	202.59	0	0	0	0	1	0	0	-22.6100	23.3600	22.6200	-23.5900	0.0000	0.0000	0.0000	0.0000;
./matpower/data/case_SyntheticUSA.m:185589:	2013383	2013370	0.006305	0.034217	0.03998	193.89	0	0	0	0	1	0	0	-7.1400	12.4000	7.1600	-16.5600	0.0000	0.0000	0.0000	0.0000;
./matpower/data/case_SyntheticUSA.m:185602:	2013381	2013388	0.008802	0.05756	0.03949	250.81	0	0	0	0	1	0	0	-81.1200	3.5300	81.7000	-3.7000	0.0000	0.0000	0.0000	0.0000;
./matpower/data/case_SyntheticUSA.m:185830:	2013547	2074330	0.003787	0.03992	0.9985	1339.59	0	0	0	0	1	0	0	356.6800	-68.9400	-352.0400	13.8500	0.0000	0.0000	0.0000	0.0000;
./matpower/data/case_SyntheticUSA.m:185928:	2013637	2013640	0.000949	0.046472	0	527.1	0	0	1	0	1	0	0	58.5200	2.4900	-58.4900	-1.0200	0.0000	0.0000	0.0000	0.0000;
./matpower/data/case_SyntheticUSA.m:185967:	2013681	2013695	0.000131	0.003949	1.4998	4144.18	0	0	0	0	1	0	0	-781.3600	-68.4200	782.1100	-71.4100	0.0000	0.0000	0.0000	0.0000;
./matpower/data/case_SyntheticUSA.m:185992:	2020008	2020433	0.005026	0.039838	0.05998	170.64	0	0	0	0	1	0	0	3.1400	-15.6500	-3.1300	9.4200	0.0000	0.0000	0.0000	0.0000;
./matpower/data/case_SyntheticUSA.m:186102:	2020087	2020095	0.029337	0.14185	0.0373	205.73	0	0	0	0	1	0	0	-29.0400	11.6400	29.3300	-14.0800	0.0000	0.0000	0.0000	0.0000;
./matpower/data/case_SyntheticUSA.m:186106:	2020088	2021565	0.011797	0.052272	0.01998	201.34	0	0	0	0	1	0	0	26.1400	3.9600	-26.0600	-5.6700	0.0000	0.0000	0.0000	0.0000;
./matpower/data/case_SyntheticUSA.m:186286:	2020222	2020225	0.00034	0.009987	0	103.9	0	0	1	0	1	0	0	0.0000	0.0000	0.0000	0.0000	0.0000	0.0000	0.0000	0.0000;
./matpower/data/case_SyntheticUSA.m:186360:	2020280	2020281	0.001996	0.009987	0.00415	208.34	0	0	0	0	1	0	0	-27.4700	4.1200	27.4800	-4.4900	0.0000	0.0000	0.0000	0.0000;
./matpower/data/case_SyntheticUSA.m:186417:	2020316	2020320	0.000125	0.00933	0	1122.82	0	0	1	0	1	0	0	-73.1800	4.6000	73.1900	-4.1300	0.0000	0.0000	0.0000	0.0000;
./matpower/data/case_SyntheticUSA.m:186766:	2021753	2021081	0.000519	0.006933	0.10886	1130.42	0	0	0	0	1	0	0	186.2200	118.7700	-185.9700	-126.4500	0.0000	0.0000	0.0000	0.0000;
./matpower/data/case_SyntheticUSA.m:186885:	2021178	2021237	0.003949	0.017014	0.0165	212.3	0	0	0	0	1	0	0	34.7400	13.2300	-34.6900	-14.7100	0.0000	0.0000	0.0000	0.0000;
./matpower/data/case_SyntheticUSA.m:186899:	2021188	2021201	0.003966	0.016343	0.01263	186.7	0	0	0	0	1	0	0	51.5100	-9.1400	-51.4000	8.3500	0.0000	0.0000	0.0000	0.0000;
./matpower/data/case_SyntheticUSA.m:186934:	2021214	2021265	0.007483	0.029668	0.03265	203.41	0	0	0	0	1	0	0	-22.1300	8.1200	22.1700	-11.1300	0.0000	0.0000	0.0000	0.0000;
./matpower/data/case_SyntheticUSA.m:187053:	2021300	2021301	0.000998	0.05716	0	50	0	0	1	0	1	0	0	0.0000	0.0000	0.0000	0.0000	0.0000	0.0000	0.0000	0.0000;
./matpower/data/case_SyntheticUSA.m:187139:	2021372	2021470	0.000933	0.0064	0.00151	220.73	0	0	0	0	1	0	0	-33.3000	16.0500	33.3200	-16.1200	0.0000	0.0000	0.0000	0.0000;
./matpower/data/case_SyntheticUSA.m:187246:	2023009	2021446	0.004603	0.029551	0.02966	178.03	0	0	0	0	1	0	0	10.7200	-22.3100	-10.7000	19.3900	0.0000	0.0000	0.0000	0.0000;
./matpower/data/case_SyntheticUSA.m:187343:	2023009	2021530	0.004949	0.030795	0.02199	175.45	0	0	0	0	1	0	0	5.3900	-4.4900	-5.3900	2.2300	0.0000	0.0000	0.0000	0.0000;
./matpower/data/case_SyntheticUSA.m:187872:	2023222	2023319	0.014989	0.079496	0.04775	242.36	0	0	0	0	1	0	0	-71.7400	-15.9100	72.5200	15.0400	0.0000	0.0000	0.0000	0.0000;
./matpower/data/case_SyntheticUSA.m:188008:	2023321	2023323	0.003966	0.12113	0	102.3	0	0	1	0	1	0	0	10.8000	-0.5300	-10.8000	0.6600	0.0000	0.0000	0.0000	0.0000;
./matpower/data/case_SyntheticUSA.m:188009:	2023322	2023323	0.003966	0.12113	0	102.3	0	0	1	0	1	0	0	18.2200	-1.0800	-18.2100	1.4500	0.0000	0.0000	0.0000	0.0000;
./matpower/data/case_SyntheticUSA.m:188163:	2023482	2023486	0.0001	0.001191	0	998.2	0	0	1	0	1	0	0	-71.9300	4.4300	71.9300	-4.3700	0.0000	0.0000	0.0000	0.0000;
./matpower/data/case_SyntheticUSA.m:188266:	2025057	2025053	0.00129	0.005966	0.0101	220.23	0	0	0	0	1	0	0	-41.8100	14.8000	41.8300	-15.7600	0.0000	0.0000	0.0000	0.0000;
./matpower/data/case_SyntheticUSA.m:188367:	2025121	2025143	0.001676	0.00966	0.01212	248.49	0	0	0	0	1	0	0	-100.6000	-24.3600	100.7700	24.1000	0.0000	0.0000	0.0000	0.0000;
./matpower/data/case_SyntheticUSA.m:188489:	2025208	2025300	0.001949	0.011544	0.00449	204.43	0	0	0	0	1	0	0	21.9100	-12.0500	-21.9000	11.6600	0.0000	0.0000	0.0000	0.0000;
./matpower/data/case_SyntheticUSA.m:188746:	2025388	2025528	0.000949	0.005665	0.0016	248.43	0	0	0	0	1	0	0	-108.5800	-20.8400	108.6900	21.3300	0.0000	0.0000	0.0000	0.0000;
./matpower/data/case_SyntheticUSA.m:188754:	2025490	2025390	0.000966	0.006562	0.00881	291.25	0	0	0	0	1	0	0	109.1000	67.0400	-108.9500	-67.0100	0.0000	0.0000	0.0000	0.0000;
./matpower/data/case_SyntheticUSA.m:188755:	2025490	2025390	0.000966	0.006562	0.00881	291.25	0	0	0	0	1	0	0	109.1000	67.0400	-108.9500	-67.0100	0.0000	0.0000	0.0000	0.0000;
./matpower/data/case_SyntheticUSA.m:188756:	2025490	2025390	0.000966	0.006562	0.00881	291.25	0	0	0	0	1	0	0	109.1000	67.0400	-108.9500	-67.0100	0.0000	0.0000	0.0000	0.0000;
./matpower/data/case_SyntheticUSA.m:188841:	2025452	2025488	0.000998	0.003887	0.00143	186.03	0	0	0	0	1	0	0	10.7700	-10.6300	-10.7700	10.4900	0.0000	0.0000	0.0000	0.0000;
./matpower/data/case_SyntheticUSA.m:188866:	2025471	2026045	0.001652	0.009493	0.01407	258.1	0	0	0	0	1	0	0	-119.6000	-20.3300	119.8300	20.1300	0.0000	0.0000	0.0000	0.0000;
./matpower/data/case_SyntheticUSA.m:188910:	2025492	2025494	0.009981	0.323978	0	50.9	0	0	1	0	1	0	0	0.0000	0.0000	0.0000	0.0000	0.0000	0.0000	0.0000	0.0000;
./matpower/data/case_SyntheticUSA.m:188911:	2025493	2025494	0.009981	0.323978	0	50.9	0	0	1	0	1	0	0	0.0000	0.0000	0.0000	0.0000	0.0000	0.0000	0.0000	0.0000;
./matpower/data/case_SyntheticUSA.m:189164:	2025674	2025677	0.001933	0.105649	0	565.7	0	0	1	0	1	0	0	204.2500	79.9500	-203.3600	-31.5100	0.0000	0.0000	0.0000	0.0000;
./matpower/data/case_SyntheticUSA.m:189227:	2025723	2028084	0.000949	0.005307	0.00143	214.01	0	0	0	0	1	0	0	36.0700	29.9000	-36.0500	-29.9300	0.0000	0.0000	0.0000	0.0000;
./matpower/data/case_SyntheticUSA.m:189509:	2025935	2025934	0.00047	0.029335	0	371.28	0	0	1.0125	0	1	0	0	-54.4100	-48.5400	54.4300	50.0500	0.0000	0.0000	0.0000	0.0000;
./matpower/data/case_SyntheticUSA.m:189552:	2025974	2025975	0.001966	0.060503	0	171.6	0	0	1	0	1	0	0	-131.6600	29.4500	132.0000	-19.0100	0.0000	0.0000	0.0000	0.0000;
./matpower/data/case_SyntheticUSA.m:189743:	2026144	2026143	0.000553	0.039499	0	356.68	0	0	1	0	1	0	0	-69.8000	8.4700	69.8300	-6.6500	0.0000	0.0000	0.0000	0.0000;
./matpower/data/case_SyntheticUSA.m:189759:	2026160	2026166	0.00011	0.009336	0	1654.12	0	0	1	0	1	0	0	-299.9000	41.4700	300.0000	-33.3000	0.0000	0.0000	0.0000	0.0000;
./matpower/data/case_SyntheticUSA.m:190187:	2028286	2028849	0.0024	0.010149	0.00966	273.12	0	0	0	0	1	0	0	-143.4100	-22.5900	143.8900	23.6200	0.0000	0.0000	0.0000	0.0000;
./matpower/data/case_SyntheticUSA.m:190268:	2028343	2028460	0.000836	0.008933	0.25586	1326.6	0	0	0	0	1	0	0	-408.0700	-69.2900	409.4400	57.3400	0.0000	0.0000	0.0000	0.0000;
./matpower/data/case_SyntheticUSA.m:190662:	2029038	2028654	0.006121	0.029492	0.0159	247.44	0	0	0	0	1	0	0	83.5200	5.6200	-83.1200	-5.3700	0.0000	0.0000	0.0000	0.0000;
./matpower/data/case_SyntheticUSA.m:190689:	2028674	2028948	0.019488	0.099499	0.12665	244.81	0	0	0	0	1	0	0	-72.5300	-4.2600	73.5100	-4.2100	0.0000	0.0000	0.0000	0.0000;
./matpower/data/case_SyntheticUSA.m:190731:	2028705	2029023	0.004627	0.025614	0.04998	208.02	0	0	0	0	1	0	0	-28.1400	-12.5700	28.1800	7.3900	0.0000	0.0000	0.0000	0.0000;
./matpower/data/case_SyntheticUSA.m:190832:	2028782	2028781	8.5e-05	0.006933	0	1722.57	0	0	1.00625	0	1	0	0	-704.0900	-118.9900	704.5100	153.4400	0.0000	0.0000	0.0000	0.0000;
./matpower/data/case_SyntheticUSA.m:190833:	2028782	2028781	8.5e-05	0.006933	0	1722.57	0	0	1.00625	0	1	0	0	-704.0900	-118.9900	704.5100	153.4400	0.0000	0.0000	0.0000	0.0000;
./matpower/data/case_SyntheticUSA.m:190834:	2028782	2028781	8.5e-05	0.006933	0	1722.57	0	0	1.00625	0	1	0	0	-704.0900	-118.9900	704.5100	153.4400	0.0000	0.0000	0.0000	0.0000;
./matpower/data/case_SyntheticUSA.m:190953:	2028881	2028989	0.029336	0.224669	0.11529	202.95	0	0	0	0	1	0	0	-23.5600	-4.3400	23.7100	-6.9700	0.0000	0.0000	0.0000	0.0000;
./matpower/data/case_SyntheticUSA.m:191123:	2029076	2029078	-0.000933	-0.047093	0	511.2	0	0	1	0	1	0	0	-236.1600	-13.0300	235.6500	-12.7600	0.0000	0.0000	0.0000	0.0000;
./matpower/data/case_SyntheticUSA.m:191173:	2030046	2030031	0.001949	0.010723	0.00696	260.2	0	0	0	0	1	0	0	21.1800	68.8400	-21.0900	-69.0800	0.0000	0.0000	0.0000	0.0000;
./matpower/data/case_SyntheticUSA.m:191274:	2030116	2030101	0.001199	0.006892	0.00933	231.63	0	0	0	0	1	0	0	20.3000	9.9700	-20.2900	-10.8800	0.0000	0.0000	0.0000	0.0000;
./matpower/data/case_SyntheticUSA.m:191321:	2030130	2030197	0.001949	0.012358	0.01151	290.15	0	0	0	0	1	0	0	-90.0600	-10.8300	90.2200	10.6400	0.0000	0.0000	0.0000	0.0000;
./matpower/data/case_SyntheticUSA.m:191373:	2030171	2030378	0.000841	0.009339	0.14897	1244.21	0	0	0	0	1	0	0	-282.5000	-88.2100	283.2100	80.7900	0.0000	0.0000	0.0000	0.0000;
./matpower/data/case_SyntheticUSA.m:191428:	2030208	2030355	0.000553	0.006933	0.1531	950.25	0	0	0	0	1	0	0	-38.4400	-38.8600	38.4500	23.2700	0.0000	0.0000	0.0000	0.0000;
./matpower/data/case_SyntheticUSA.m:191438:	2030216	2030223	0.001325	0.009661	0.05778	247.34	0	0	0	0	1	0	0	-30.0900	6.4700	30.1000	-12.3100	0.0000	0.0000	0.0000	0.0000;
./matpower/data/case_SyntheticUSA.m:191713:	2040005	2040003	0.005867	0.024431	0.00949	167.84	0	0	0	0	1	0	0	55.3800	-1.2600	-55.2100	0.9800	0.0000	0.0000	0.0000	0.0000;
./matpower/data/case_SyntheticUSA.m:191957:	2040151	2040150	0.000221	0.014443	0	998.89	0	0	1.04375	0	1	0	0	-457.0100	-138.4700	457.5300	172.3100	0.0000	0.0000	0.0000	0.0000;
./matpower/data/case_SyntheticUSA.m:192051:	2040191	2040207	0.001949	0.008114	0.00187	274.88	0	0	0	0	1	0	0	94.0300	8.4400	-93.8600	-7.9400	0.0000	0.0000	0.0000	0.0000;
./matpower/data/case_SyntheticUSA.m:192156:	2040261	2040263	4.1e-05	0.003389	0	966.6	0	0	1	0	1	0	0	-293.5600	-2.7600	293.6000	5.6600	0.0000	0.0000	0.0000	0.0000;
./matpower/data/case_SyntheticUSA.m:192372:	2040413	2040440	0.006933	0.029207	0.00536	178.9	0	0	0	0	1	0	0	-74.0300	-55.8400	74.6000	57.6700	0.0000	0.0000	0.0000	0.0000;
./matpower/data/case_SyntheticUSA.m:192429:	2040821	2040459	0.001826	0.009331	0.00153	211.48	0	0	0	0	1	0	0	94.3000	13.0500	-94.1400	-12.4100	0.0000	0.0000	0.0000	0.0000;
./matpower/data/case_SyntheticUSA.m:192430:	2040821	2040459	0.001826	0.009331	0.00153	211.48	0	0	0	0	1	0	0	94.3000	13.0500	-94.1400	-12.4100	0.0000	0.0000	0.0000	0.0000;
./matpower/data/case_SyntheticUSA.m:192431:	2040821	2040459	0.001826	0.009331	0.00153	211.48	0	0	0	0	1	0	0	94.3000	13.0500	-94.1400	-12.4100	0.0000	0.0000	0.0000	0.0000;
./matpower/data/case_SyntheticUSA.m:192443:	2040469	2040504	0.014534	0.051747	0.03933	148.86	0	0	0	0	1	0	0	30.4100	-4.6300	-30.2800	1.0700	0.0000	0.0000	0.0000	0.0000;
./matpower/data/case_SyntheticUSA.m:192514:	2040518	2040517	0.000221	0.012813	0	998.73	0	0	1	0	1	0	0	-454.2000	-28.5200	454.6400	54.1400	0.0000	0.0000	0.0000	0.0000;
./matpower/data/case_SyntheticUSA.m:192561:	2040544	2040558	0.008158	0.029493	0.01605	156.68	0	0	0	0	1	0	0	-35.6500	-17.6800	35.7800	16.4600	0.0000	0.0000	0.0000	0.0000;
./matpower/data/case_SyntheticUSA.m:192703:	2040656	2040682	0.019334	0.084513	0.07831	157.4	0	0	0	0	1	0	0	-16.3200	-10.7200	16.3800	2.7500	0.0000	0.0000	0.0000	0.0000;
./matpower/data/case_SyntheticUSA.m:192749:	2040692	2040690	0.024338	0.09933	0.02467	163.6	0	0	0	0	1	0	0	-43.0700	5.8600	43.5200	-6.5400	0.0000	0.0000	0.0000	0.0000;
./matpower/data/case_SyntheticUSA.m:192876:	2040794	2040802	0.000117	0.009989	0	1428.3	0	0	1	0	1	0	0	-183.5000	8.9000	183.5300	-5.7100	0.0000	0.0000	0.0000	0.0000;
./matpower/data/case_SyntheticUSA.m:192891:	2040809	2040817	0.000247	0.019666	0	601.63	0	0	1.025	0	1	0	0	-74.2800	-36.4500	74.3000	37.8200	0.0000	0.0000	0.0000	0.0000;
./matpower/data/case_SyntheticUSA.m:192901:	2040819	2040828	0.000134	0.009334	0	1275.18	0	0	1	0	1	0	0	-120.9800	-11.1600	121.0000	12.4800	0.0000	0.0000	0.0000	0.0000;
./matpower/data/case_SyntheticUSA.m:193020:	2040922	2040925	0.000185	0.01329	0	998.6	0	0	1	0	1	0	0	-218.5900	16.5600	218.6700	-10.7100	0.0000	0.0000	0.0000	0.0000;
./matpower/data/case_SyntheticUSA.m:193211:	2050197	2050073	0.005113	0.036524	0.02998	252.07	0	0	0	0	1	0	0	18.6800	-5.9700	-18.6600	2.9900	0.0000	0.0000	0.0000	0.0000;
./matpower/data/case_SyntheticUSA.m:193268:	2050116	2050263	0.000166	0.002949	0.3562	2540.47	0	0	0	0	1	0	0	-342.1000	149.7800	342.3200	-183.1400	0.0000	0.0000	0.0000	0.0000;
./matpower/data/case_SyntheticUSA.m:193273:	2050117	2050169	0.000966	0.00563	0.004	238.12	0	0	0	0	1	0	0	-39.8000	5.5300	39.8200	-5.8500	0.0000	0.0000	0.0000	0.0000;
./matpower/data/case_SyntheticUSA.m:193355:	2050177	2050257	0.003495	0.01998	0.02452	283.37	0	0	0	0	1	0	0	75.7700	0.3800	-75.5800	-1.8300	0.0000	0.0000	0.0000	0.0000;
./matpower/data/case_SyntheticUSA.m:193439:	2050240	2050247	0.001933	0.01364	0.00756	301.16	0	0	0	0	1	0	0	101.6200	14.7500	-101.4200	-14.1800	0.0000	0.0000	0.0000	0.0000;
./matpower/data/case_SyntheticUSA.m:193496:	2050292	2050299	0.004966	0.030062	0.03016	240.03	0	0	0	0	1	0	0	-23.6300	3.0500	23.6600	-5.9800	0.0000	0.0000	0.0000	0.0000;
./matpower/data/case_SyntheticUSA.m:193607:	2050406	2050388	0.001232	0.019664	1.51382	2971.09	0	0	0	0	1	0	0	-577.8000	-16.5900	581.7500	-80.3500	0.0000	0.0000	0.0000	0.0000;
./matpower/data/case_SyntheticUSA.m:193610:	2050389	2050394	0.003933	0.024218	0.06021	298.44	0	0	0	0	1	0	0	-50.2000	10.3500	50.3000	-16.3600	0.0000	0.0000	0.0000	0.0000;
./matpower/data/case_SyntheticUSA.m:193739:	2053057	2053045	0.006819	0.029662	0.11808	167.2	0	0	0	0	1	0	0	-50.6400	-10.7900	50.8200	-0.1600	0.0000	0.0000	0.0000	0.0000;
./matpower/data/case_SyntheticUSA.m:193761:	2053065	2053249	0.005563	0.02998	0.01999	140.73	0	0	0	0	1	0	0	15.7500	0.2300	-15.7300	-2.2400	0.0000	0.0000	0.0000	0.0000;
./matpower/data/case_SyntheticUSA.m:193849:	2053131	2053146	0.003862	0.019982	0.00494	162.98	0	0	0	0	1	0	0	34.0700	20.2800	-34.0100	-20.4900	0.0000	0.0000	0.0000	0.0000;
./matpower/data/case_SyntheticUSA.m:193999:	2053250	2053253	0.00015	0.01368	0	949.52	0	0	0.99375	0	1	0	0	-216.5900	-70.1900	216.6700	76.9200	0.0000	0.0000	0.0000	0.0000;
./matpower/data/case_SyntheticUSA.m:194078:	2060007	2060032	0.019667	0.104643	0.02783	125.73	0	0	0	0	1	0	0	11.9400	-1.4400	-11.9100	-1.3400	0.0000	0.0000	0.0000	0.0000;
./matpower/data/case_SyntheticUSA.m:194190:	2060101	2060090	0.039493	0.164394	0.0311	140.74	0	0	0	0	1	0	0	-13.2500	3.7300	13.3300	-6.6500	0.0000	0.0000	0.0000	0.0000;
./matpower/data/case_SyntheticUSA.m:194395:	2060236	2060773	0.002119	0.009983	0.03893	204.17	0	0	0	0	1	0	0	-68.5800	-15.4200	68.6800	11.8800	0.0000	0.0000	0.0000	0.0000;
./matpower/data/case_SyntheticUSA.m:194396:	2060236	2060773	0.002119	0.009983	0.03893	204.17	0	0	0	0	1	0	0	-68.5800	-15.4200	68.6800	11.8800	0.0000	0.0000	0.0000	0.0000;
./matpower/data/case_SyntheticUSA.m:194397:	2060236	2060773	0.002119	0.009983	0.03893	204.17	0	0	0	0	1	0	0	-68.5800	-15.4200	68.6800	11.8800	0.0000	0.0000	0.0000	0.0000;
./matpower/data/case_SyntheticUSA.m:194419:	2060254	2060826	0.005238	0.026815	0.00933	183.04	0	0	0	0	1	0	0	-74.3500	-18.9700	74.6600	19.5500	0.0000	0.0000	0.0000	0.0000;
./matpower/data/case_SyntheticUSA.m:194453:	2060272	2060838	0.0023	0.00949	0.00454	296.27	0	0	0	0	1	0	0	-137.3400	-46.5100	137.8100	47.9800	0.0000	0.0000	0.0000	0.0000;
./matpower/data/case_SyntheticUSA.m:194522:	2060312	2060401	0.006966	0.028772	0.06565	169.39	0	0	0	0	1	0	0	47.1900	-19.4000	-47.0200	13.3400	0.0000	0.0000	0.0000	0.0000;
./matpower/data/case_SyntheticUSA.m:194755:	2060478	2060715	0.011965	0.039668	0.00705	180.9	0	0	0	0	1	0	0	-77.9300	-17.2600	78.6800	19.0100	0.0000	0.0000	0.0000	0.0000;
./matpower/data/case_SyntheticUSA.m:194969:	2060630	2060632	0.003966	0.030047	0.08562	432.68	0	0	0	0	1	0	0	-18.9200	-25.3300	18.9600	17.0600	0.0000	0.0000	0.0000	0.0000;
./matpower/data/case_SyntheticUSA.m:195057:	2060682	2060686	0.000159	0.008195	0	966.3	0	0	1.0125	0	1	0	0	-59.8200	-39.2300	59.8300	39.6400	0.0000	0.0000	0.0000	0.0000;
./matpower/data/case_SyntheticUSA.m:195060:	2060682	2060689	0.000178	0.01422	0	949.62	0	0	1	0	1	0	0	0.0000	0.0000	0.0000	0.0000	0.0000	0.0000	0.0000	0.0000;
./matpower/data/case_SyntheticUSA.m:195105:	2060718	2060748	0.000933	0.014273	1.51448	2830.13	0	0	0	0	1	0	0	-453.4600	-161.0300	455.3200	25.4900	0.0000	0.0000	0.0000	0.0000;
./matpower/data/case_SyntheticUSA.m:195121:	2060725	2060729	0.002966	0.092073	0	109.62	0	0	1	0	1	0	0	-11.6700	-5.2900	11.6700	5.4400	0.0000	0.0000	0.0000	0.0000;
./matpower/data/case_SyntheticUSA.m:195347:	2070023	2070026	0.016618	0.099529	0.03998	175.61	0	0	0	0	1	0	0	30.9600	-1.7400	-30.8200	-1.7400	0.0000	0.0000	0.0000	0.0000;
./matpower/data/case_SyntheticUSA.m:195707:	2074122	2077160	0.037546	0.192324	0.05933	198.15	0	0	0	0	1	0	0	13.9100	-7.2600	-13.8300	1.2300	0.0000	0.0000	0.0000	0.0000;
./matpower/data/case_SyntheticUSA.m:195776:	2074168	2074167	0.000398	0.019665	0	350.27	0	0	1	0	1	0	0	-32.0400	20.2700	32.0500	-19.9800	0.0000	0.0000	0.0000	0.0000;
./matpower/data/case_SyntheticUSA.m:195952:	2077198	2077005	0.019331	0.115419	0.1075	265.27	0	0	0	0	1	0	0	60.0600	-16.3500	-59.3800	9.0000	0.0000	0.0000	0.0000	0.0000;
./matpower/data/case_SyntheticUSA.m:196063:	2077086	2077231	0.009988	0.057917	0.02822	185.97	0	0	0	0	1	0	0	-25.2400	-5.9800	25.3100	3.3500	0.0000	0.0000	0.0000	0.0000;
./matpower/data/case_SyntheticUSA.m:196173:	2077184	2077180	0.00949	0.056897	0.07977	248.91	0	0	0	0	1	0	0	-56.9700	14.3200	57.2900	-20.7300	0.0000	0.0000	0.0000	0.0000;
./matpower/data/case_SyntheticUSA.m:196311:	2080020	2080033	0.005966	0.018509	0.00673	172.04	0	0	0	0	1	0	0	61.9600	-6.0900	-61.7400	6.0800	0.0000	0.0000	0.0000	0.0000;
./matpower/data/case_SyntheticUSA.m:196313:	2080021	2080025	0.005394	0.023212	0.03949	135.93	0	0	0	0	1	0	0	-11.6800	-38.4200	11.7500	34.5400	0.0000	0.0000	0.0000	0.0000;
./matpower/data/case_SyntheticUSA.m:196681:	3005450	3002124	0.00519	0.02933	0.01578	251	0	0	0	0	1	0	0	-40.4900	13.4600	40.5900	-14.5000	0.0000	0.0000	0.0000	0.0000;
./matpower/data/case_SyntheticUSA.m:196683:	3002125	3005215	0.00341	0.01999	0.00998	251	0	0	0	0	1	0	0	74.5200	-6.4000	-74.3300	6.5000	0.0000	0.0000	0.0000	0.0000;
./matpower/data/case_SyntheticUSA.m:196834:	3003084	3003082	0.00171	0.09998	0	300	0	0	1	0	1	0	0	174.3700	-14.0900	-173.8500	44.6800	0.0000	0.0000	0.0000	0.0000;
./matpower/data/case_SyntheticUSA.m:196858:	3003104	3003101	0.01395	0.07966	0.01197	98	0	0	0	0	1	0	0	10.6600	4.9600	-10.6400	-6.0800	0.0000	0.0000	0.0000	0.0000;
./matpower/data/case_SyntheticUSA.m:197074:	3004120	3004078	0.00325	0.01949	0.00265	250	0	0	0	0	1	0	0	29.2400	12.7300	-29.2100	-12.7900	0.0000	0.0000	0.0000	0.0000;
./matpower/data/case_SyntheticUSA.m:197296:	3005028	3005233	0.00165	0.00966	0.00482	310	0	0	0	0	1	0	0	153.4200	-19.4500	-153.0500	21.1600	0.0000	0.0000	0.0000	0.0000;
./matpower/data/case_SyntheticUSA.m:197324:	3005371	3005034	0.0033	0.01934	0.00966	251	0	0	0	0	1	0	0	-118.0500	27.9300	118.5200	-26.1800	0.0000	0.0000	0.0000	0.0000;
./matpower/data/case_SyntheticUSA.m:197488:	3005107	3005105	0.00966	0.19527	0	75	0	0	1	0	1	0	0	0.0000	0.0000	0.0000	0.0000	0.0000	0.0000	0.0000	0.0000;
./matpower/data/case_SyntheticUSA.m:197991:	3006002	3006060	0.00991	0.05949	0.00807	98	0	0	0	0	1	0	0	30.6400	-1.9000	-30.5500	1.6300	0.0000	0.0000	0.0000	0.0000;
./matpower/data/case_SyntheticUSA.m:198476:	3006325	3006237	0.01418	0.05883	0.00998	149	0	0	0	0	1	0	0	-26.7500	-1.0100	26.8400	0.3700	0.0000	0.0000	0.0000	0.0000;
./matpower/data/case_SyntheticUSA.m:198957:	3007145	3007243	0.01348	0.05591	0.00949	221	0	0	0	0	1	0	0	-81.1700	72.9400	82.6900	-67.6000	0.0000	0.0000	0.0000	0.0000;
./matpower/data/case_SyntheticUSA.m:199224:	3007262	3007302	0.01427	0.06362	0.00933	149	0	0	0	0	1	0	0	82.0700	13.1400	-81.1400	-9.9700	0.0000	0.0000	0.0000	0.0000;
./matpower/data/case_SyntheticUSA.m:199285:	3007340	3007314	0.01916	0.07949	0.01349	149	0	0	0	0	1	0	0	-7.1100	1.0100	7.1200	-2.2900	0.0000	0.0000	0.0000	0.0000;
./matpower/data/case_SyntheticUSA.m:199288:	3007317	3007424	0.00457	0.02949	0.00563	221	0	0	0	0	1	0	0	-79.0400	-11.3800	79.3300	12.6900	0.0000	0.0000	0.0000	0.0000;
./matpower/data/case_SyntheticUSA.m:199289:	3007317	3007424	0.00457	0.02949	0.00563	221	0	0	0	0	1	0	0	-79.0400	-11.3800	79.3300	12.6900	0.0000	0.0000	0.0000	0.0000;
./matpower/data/case_SyntheticUSA.m:199290:	3007317	3007424	0.00457	0.02949	0.00563	221	0	0	0	0	1	0	0	-79.0400	-11.3800	79.3300	12.6900	0.0000	0.0000	0.0000	0.0000;
./matpower/data/case_SyntheticUSA.m:199291:	3007317	3007424	0.00457	0.02949	0.00563	221	0	0	0	0	1	0	0	-79.0400	-11.3800	79.3300	12.6900	0.0000	0.0000	0.0000	0.0000;
./matpower/data/case_SyntheticUSA.m:199396:	3007432	3008003	0.02966	0.07251	0.00949	98	0	0	0	0	1	0	0	-25.6400	-15.5500	25.8900	15.1900	0.0000	0.0000	0.0000	0.0000;
./matpower/data/case_SyntheticUSA.m:199428:	3008015	3008150	0.00949	0.05422	0.00815	98	0	0	0	0	1	0	0	7.8200	-9.5400	-7.8100	8.7700	0.0000	0.0000	0.0000	0.0000;
./matpower/data/case_SyntheticUSA.m:200735:	2	0	0	3	0.062	30.933	846.21;
./matpower/data/case_SyntheticUSA.m:204970:	2	0	0	3	0.02	30.998	236.03;
./matpower/data/case2868rte.m:55:	11	1	49.1	0.9	0	0	1	1.04778703	-10.4959639	225	1	1.08889	0.933333;
./matpower/data/case2868rte.m:56:	2571	1	34	14.4	0	0	1	1.04686282	-11.4360738	225	1	1.08889	0.933333;
./matpower/data/case2868rte.m:60:	14	1	0.2	-1.1	0	0	1	0.998402273	-19.5349019	63	1	1.06349	0.936508;
./matpower/data/case2868rte.m:62:	16	1	189.8	54.4	0	0	1	1.03332753	-15.2015161	225	1	1.08889	0.933333;
./matpower/data/case2868rte.m:91:	43	1	0	0	0	0	1	1.04400425	-11.7772435	225	1	1.08889	0.933333;
./matpower/data/case2868rte.m:105:	54	1	0	0	0	0	1	1.06904972	-11.0690101	150	1	1.08	0.966667;
./matpower/data/case2868rte.m:112:	63	1	36.1	4.7	0	7.7	1	1.00933558	-20.0679804	63	1	1.06349	0.968254;
./matpower/data/case2868rte.m:114:	64	1	53.3	13.4	0	0	1	1.05276128	-12.6446356	225	1	1.08889	0.933333;
./matpower/data/case2868rte.m:120:	68	1	19.6	3.7	0	0	1	1.06949128	-18.381187	20	1	1.2	0.8;
./matpower/data/case2868rte.m:146:	92	1	36.8	-8.5	0	0	1	1.06964778	-10.0034274	225	1	1.09041	0.933333;
./matpower/data/case2868rte.m:153:	98	1	-3.5	-1.6	0	0	1	1.05224889	-10.2497723	225	1	1.08889	0.933333;
./matpower/data/case2868rte.m:196:	134	2	0	0	0	0	1	1.00881558	-21.5295796	150	1	1.08	0.966667;
./matpower/data/case2868rte.m:209:	147	1	0	0	0	0	1	1.04733528	-10.4089217	225	1	1.08889	0.933333;
./matpower/data/case2868rte.m:216:	153	1	137.1	23.1	0	0	1	1.02980033	-10.4231277	225	1	1.08889	0.933333;
./matpower/data/case2868rte.m:243:	180	1	5	0.6	0	0	1	1.0297866	-10.4512216	225	1	1.08889	0.933333;
./matpower/data/case2868rte.m:246:	183	1	0	0	0	0	1	1.04537042	-11.8208058	225	1	1.08889	0.933333;
./matpower/data/case2868rte.m:263:	195	1	0	0	0	0	1	1.05985128	-11.069304	225	1	1.08889	0.933333;
./matpower/data/case2868rte.m:268:	200	1	47.3	6.4	0	0	1	1.05925231	-11.7515465	225	1	1.08889	0.933333;
./matpower/data/case2868rte.m:269:	2598	1	44.8	9.4	0	0	1	1.05922187	-11.7543252	225	1	1.08889	0.933333;
./matpower/data/case2868rte.m:299:	226	1	0	0	0	0	1	1.04306698	-11.7466699	225	1	1.08889	0.933333;
./matpower/data/case2868rte.m:303:	231	2	0	0	0	0	1	1.03988197	-9.75112301	225	1	1.08889	0.933333;
./matpower/data/case2868rte.m:306:	233	1	0	0	0	0	1	1.06782003	-11.2749989	150	1	1.08	0.966667;
./matpower/data/case2868rte.m:344:	260	1	0	0	0	0	1	1.0494647	-8.03197906	225	1	1.08889	0.933333;
./matpower/data/case2868rte.m:345:	2615	1	0	0	0	0	1	1.05054589	-7.81397912	225	1	1.08889	0.933333;
./matpower/data/case2868rte.m:385:	293	1	0	0	0	0	1	1.04563673	-8.77324039	225	1	1.08889	0.933333;
./matpower/data/case2868rte.m:393:	299	1	0	0	0	0	1	1.04834051	-8.25437473	225	1	1.08889	0.933333;
./matpower/data/case2868rte.m:394:	2626	1	0	0	0	0	1	1.04727125	-8.41885091	225	1	1.08889	0.933333;
./matpower/data/case2868rte.m:444:	336	1	0	0	0	0	1	1.04420119	-16.8723491	150	1	1.08	0.966667;
./matpower/data/case2868rte.m:458:	350	1	18.6	-1.9	0	0	1	1.04563705	-8.81905809	225	1	1.08889	0.933333;
./matpower/data/case2868rte.m:472:	362	1	29.7	10.9	0	0	1	1.04532846	-8.58758847	225	1	1.08889	0.933333;
./matpower/data/case2868rte.m:493:	381	1	0	0	0	0	1	1.07744467	-7.89371394	225	1	1.08889	0.933333;
./matpower/data/case2868rte.m:498:	385	1	0	0	0	0	1	1.00221452	-21.7526112	150	1	1.08	0.966667;
./matpower/data/case2868rte.m:501:	387	1	77.8	14.4	0	0	1	1.04044283	-13.1227504	225	1	1.08889	0.933333;
./matpower/data/case2868rte.m:533:	413	1	2.5	-5.4	0	0	1	1.04106585	-13.9190731	225	1	1.09031	0.933333;
./matpower/data/case2868rte.m:553:	431	1	25.6	18.8	0	0	1	1.00584162	-14.5540224	225	1	1.08889	0.933333;
./matpower/data/case2868rte.m:558:	436	1	35.6	6.5	0	0	1	1.0571762	-9.95106659	225	1	1.08889	0.933333;
./matpower/data/case2868rte.m:559:	437	1	102.9	23.8	0	0	1	1.04169924	-11.1052425	225	1	1.08889	0.933333;
./matpower/data/case2868rte.m:573:	448	1	0	0	0	0	1	1.06533117	-8.58121091	225	1	1.08889	0.933333;
./matpower/data/case2868rte.m:578:	451	1	59.1	-2.3	0	0	1	1.04346405	-13.534546	225	1	1.08889	0.933333;
./matpower/data/case2868rte.m:579:	2664	1	124.6	11.4	0	0	1	1.04604655	-14.109847	225	1	1.08889	0.933333;
./matpower/data/case2868rte.m:595:	466	1	25.3	12.4	0	0	1	1.04385006	-9.51086993	225	1	1.08889	0.933333;
./matpower/data/case2868rte.m:600:	470	1	0	0	0	0	1	1.06245142	-9.00422558	225	1	1.08889	0.933333;
./matpower/data/case2868rte.m:601:	2666	1	0	0	0	0	1	1.06010149	-9.6727172	225	1	1.08889	0.933333;
./matpower/data/case2868rte.m:602:	2667	1	0	0	0	0	1	1.06263043	-8.89504528	225	1	1.08889	0.933333;
./matpower/data/case2868rte.m:608:	476	1	17.6	2.4	0	0	1	1.02676906	-10.9333586	63	1	1.06349	0.936508;
./matpower/data/case2868rte.m:610:	477	1	97.4	7	0	0	1	1.06496209	-10.967558	225	1	1.08889	0.933333;
./matpower/data/case2868rte.m:623:	488	1	48.1	19.9	0	0	1	1.05388746	-10.2830295	225	1	1.08889	0.933333;
./matpower/data/case2868rte.m:633:	495	1	12.5	1.5	0	0	1	1.04491801	-13.8850072	225	1	1.08889	0.933333;
./matpower/data/case2868rte.m:635:	497	1	0	0	0	0	1	1.04379403	-16.9727051	150	1	1.08	0.966667;
./matpower/data/case2868rte.m:651:	512	1	107.9	10.7	0	0	1	1.05935476	-11.7320632	225	1	1.08889	0.933333;
./matpower/data/case2868rte.m:653:	514	1	0	0	0	0	1	1.04379429	-16.9727097	150	1	1.08	0.966667;
./matpower/data/case2868rte.m:678:	537	1	0	0	0	0	1	1.05937524	-11.3869566	225	1	1.08889	0.933333;
./matpower/data/case2868rte.m:697:	555	1	63.1	18.5	0	0	1	1.07575012	-8.39451633	225	1	1.08889	0.933333;
./matpower/data/case2868rte.m:708:	566	1	0	0	0	0	1	1.03187605	-12.1957464	45	1	1.07162	0.933333;
./matpower/data/case2868rte.m:711:	569	1	46.7	3.9	0	0	1	1.05943723	-10.1819491	225	1	1.08889	0.933333;
./matpower/data/case2868rte.m:753:	605	1	0	0	0	0	1	1.05932557	-8.8819525	225	1	1.08889	0.933333;
./matpower/data/case2868rte.m:769:	621	1	0	0	0	0	1	1.03049181	-19.0436124	150	1	1.08	0.966667;
./matpower/data/case2868rte.m:772:	623	1	0	0	0	0	1	1.00707525	-15.0465679	225	1	1.08889	0.933333;
./matpower/data/case2868rte.m:777:	627	1	72.5	17.7	0	0	1	1.04572149	-20.9980602	225	1	1.08889	1;
./matpower/data/case2868rte.m:790:	640	1	0	0	0	0	1	1.05995824	-9.32463886	225	1	1.08889	0.933333;
./matpower/data/case2868rte.m:831:	668	1	1.9	1.3	0	0	1	1.04719395	-11.2360604	225	1	1.08889	0.933333;
./matpower/data/case2868rte.m:842:	676	1	118.1	35.5	0	0	1	1.03621758	-14.2627487	225	1	1.08963	0.933333;
./matpower/data/case2868rte.m:850:	683	1	68.7	13.6	0	0	1	1.02556268	-11.2909226	225	1	1.08889	0.933333;
./matpower/data/case2868rte.m:860:	693	1	39.1	21.2	0	0	1	1.05430101	-10.2578538	225	1	1.08889	0.933333;
./matpower/data/case2868rte.m:889:	713	1	0	0	0	0	1	1.04555783	-9.6769138	225	1	1.08889	0.933333;
./matpower/data/case2868rte.m:915:	738	1	0	0	0	0	1	1.05347862	-12.5528441	225	1	1.08889	0.933333;
./matpower/data/case2868rte.m:916:	2717	1	0	0	0	0	1	1.04335475	-13.4424316	225	1	1.08889	0.933333;
./matpower/data/case2868rte.m:917:	739	1	0	0	0	0	1	1.07268147	-10.1029661	380	1	1.10526	1;
./matpower/data/case2868rte.m:934:	746	1	0	0	0	0	1	1.04659322	-8.53324383	225	1	1.08889	0.933333;
./matpower/data/case2868rte.m:938:	750	1	0	0	0	0	1	1.05718655	-9.35117589	225	1	1.08889	0.933333;
./matpower/data/case2868rte.m:972:	775	1	-22.1	-19.2	0	0	1	1.05978266	-9.11298419	225	1	1.08889	0.933333;
./matpower/data/case2868rte.m:992:	795	1	1.7	-1	0	0	1	0.979016848	-19.5329186	63	1	1.06349	0.966369;
./matpower/data/case2868rte.m:994:	797	1	51.3	5	0	0	1	1.05714939	-9.36093577	225	1	1.08889	0.933333;
./matpower/data/case2868rte.m:995:	2740	1	50.6	3.1	0	0	1	1.05714671	-9.36132881	225	1	1.08889	0.933333;
./matpower/data/case2868rte.m:996:	2741	1	53.2	5	0	0	1	1.0571356	-9.36340883	225	1	1.08889	0.933333;
./matpower/data/case2868rte.m:1000:	801	1	0	0	0	0	1	1.04313422	-10.9397152	225	1	1.08889	0.933333;
./matpower/data/case2868rte.m:1008:	807	1	0	0	0	0	1	1.05407994	-10.6720212	225	1	1.08889	0.933333;
./matpower/data/case2868rte.m:1025:	821	1	3.4	1	0	0	1	0.994248986	-11.6039827	45	1	1.06667	0.933333;
./matpower/data/case2868rte.m:1036:	829	1	0	0	0	0	1	1.04610191	-10.9882223	225	1	1.08889	0.933333;
./matpower/data/case2868rte.m:1060:	851	1	40.1	15.7	0	0	1	1.05933859	-10.7631056	225	1	1.08889	0.888889;
./matpower/data/case2868rte.m:1065:	856	1	0	0	0	0	1	1.02053443	-13.9997464	225	1	1.08889	0.933333;
./matpower/data/case2868rte.m:1066:	857	1	85	20	0	0	1	1.04235656	-13.7880848	225	1	1.0899	0.933333;
./matpower/data/case2868rte.m:1072:	863	1	60.5	5.1	0	0	1	1.04725829	-11.2286141	225	1	1.08889	0.933333;
./matpower/data/case2868rte.m:1092:	879	1	0	0	0	0	1	1.0485013	-12.8929582	225	1	1.08889	0.933333;
./matpower/data/case2868rte.m:1141:	914	1	45.8	0.7	0	0	1	1.01933823	-20.9870957	63	1	1.06349	0.968254;
./matpower/data/case2868rte.m:1169:	938	1	0	0	0	0	1	0.998767008	-19.4735496	63	1	1.07594	0.936508;
./matpower/data/case2868rte.m:1170:	939	1	0	0	0	0	1	1.0222668	-13.0394349	225	1	1.08889	0.933333;
./matpower/data/case2868rte.m:1174:	943	1	0	0	0	0	1	0.991559719	-24.1204527	150	1	1.08	0.966667;
./matpower/data/case2868rte.m:1186:	955	1	26.3	18.8	0	0	1	1.04608618	-10.9963493	225	1	1.08889	0.933333;
./matpower/data/case2868rte.m:1189:	958	1	34.8	3.5	0	0	1	0.998824307	-13.2833857	63	1	1.15	0.8;
./matpower/data/case2868rte.m:1190:	959	1	208.3	-43.9	0	0	1	1.07949697	-30.2454001	225	1	1.08444	1;
./matpower/data/case2868rte.m:1215:	982	1	15	6.7	0	0	1	1.05625851	-9.42914904	225	1	1.08889	0.933333;
./matpower/data/case2868rte.m:1224:	991	1	88	50.2	0	0	1	1.03929709	-10.1800829	225	1	1.08889	0.933333;
./matpower/data/case2868rte.m:1225:	992	1	19.8	1.8	0	0	1	0.998767462	-19.0096057	63	1	1.07247	0.936508;
./matpower/data/case2868rte.m:1227:	993	1	0	0	0	0	1	1.02489495	-12.4605083	225	1	1.08889	0.933333;
./matpower/data/case2868rte.m:1242:	1009	1	0	0	0	0	1	1.05728801	-11.6050122	225	1	1.09206	0.933333;
./matpower/data/case2868rte.m:1250:	1017	1	0	0	0	0	1	1.04287396	-11.771779	225	1	1.08889	0.933333;
./matpower/data/case2868rte.m:1253:	1020	1	162	51.1	0	0	1	1.05949395	-12.8318642	380	1	1.10526	1;
./matpower/data/case2868rte.m:1264:	1030	1	3.9	-0.7	0	0	1	1.00771247	-11.7174267	45	1	1.06667	0.933333;
./matpower/data/case2868rte.m:1265:	2782	1	0	0	0	0	1	0.994366202	-11.5953974	45	1	1.06667	0.933333;
./matpower/data/case2868rte.m:1276:	1040	1	21.3	4.2	0	0	1	1.02052102	-14.0006736	225	1	1.08889	0.933333;
./matpower/data/case2868rte.m:1281:	1046	2	0	0	0	0	1	1.06998093	-10.6814939	225	1	1.08889	0.977778;
./matpower/data/case2868rte.m:1288:	1052	1	-15.5	-11.7	0	0	1	1.05507929	-10.43878	225	1	1.08889	0.933333;
./matpower/data/case2868rte.m:1295:	1058	1	12.8	10.8	0	0	1	1.05371988	-11.9657764	225	1	1.08889	0.933333;
./matpower/data/case2868rte.m:1301:	1064	1	62.7	9.5	0	0	1	1.06035359	-10.6184623	225	1	1.08889	0.933333;
./matpower/data/case2868rte.m:1311:	1076	1	0	0	0	0	1	1.06248269	-9.77992675	225	1	1.08889	0.933333;
./matpower/data/case2868rte.m:1312:	2785	1	0	0	0	0	1	1.05967537	-9.88667192	225	1	1.08889	0.933333;
./matpower/data/case2868rte.m:1313:	2786	1	0	0	0	0	1	1.05821713	-9.18102357	225	1	1.08889	0.933333;
./matpower/data/case2868rte.m:1325:	1086	1	0	0	0	0	1	1.05519131	-10.0217365	225	1	1.08889	0.933333;
./matpower/data/case2868rte.m:1351:	1106	1	0	0	0	0	1	1.05979853	-9.88735163	225	1	1.08889	0.933333;
./matpower/data/case2868rte.m:1352:	2796	1	62.3	21.4	0	0	1	1.05329423	-9.88295305	225	1	1.08889	0.933333;
./matpower/data/case2868rte.m:1383:	1134	1	81.6	14.8	0	0	1	1.03590088	-11.7764296	225	1	1.08889	0.933333;
./matpower/data/case2868rte.m:1392:	1143	1	0	0	0	0	1	1.05344896	-9.47606125	225	1	1.08889	0.933333;
./matpower/data/case2868rte.m:1394:	1145	1	64.5	4.2	0	0	1	1.03312808	-11.6515776	225	1	1.08889	0.933333;
./matpower/data/case2868rte.m:1465:	1203	1	0	0	0	0	1	1.05105504	-10.503435	225	1	1.08889	0.933333;
./matpower/data/case2868rte.m:1476:	1213	1	49.8	10.4	0	0	1	1.05354147	-9.86570145	225	1	1.08889	0.933333;
./matpower/data/case2868rte.m:1496:	1227	1	0	0	0	0	1	1.05723291	-9.9825275	225	1	1.08889	0.933333;
./matpower/data/case2868rte.m:1499:	1230	1	110.8	26.2	0	0	1	1.02912826	-12.4421479	225	1	1.08889	0.933333;
./matpower/data/case2868rte.m:1516:	1246	1	42.2	2.9	0	0	1	1.05316349	-9.91344217	225	1	1.08889	0.933333;
./matpower/data/case2868rte.m:1551:	1278	1	-0.3	-0	0	0	1	0.99886779	-13.2859821	63	1	1.06349	0.968254;
./matpower/data/case2868rte.m:1555:	1281	1	0	0	0	0	1	1.0515568	-11.4517724	225	1	1.08889	0.933333;
./matpower/data/case2868rte.m:1560:	1285	1	154.6	46	0	0	1	1.03336042	-13.3232838	225	1	1.08889	0.933333;
./matpower/data/case2868rte.m:1568:	1292	1	0	0	0	0	1	1.06515673	-8.55119393	225	1	1.08889	0.933333;
./matpower/data/case2868rte.m:1582:	1305	1	9.2	9.6	0	0	1	1.05105016	-10.5065052	225	1	1.08889	0.933333;
./matpower/data/case2868rte.m:1597:	1319	1	0	0	0	0	1	1.06600663	-8.54727261	225	1	1.08889	0.933333;
./matpower/data/case2868rte.m:1598:	1320	1	65.2	12.7	0	0	1	1.05075149	-9.70126487	225	1	1.08889	0.933333;
./matpower/data/case2868rte.m:1613:	1332	1	186.2	43	0	0	1	1.07998222	-8.80449244	225	1	1.08889	1;
./matpower/data/case2868rte.m:1634:	1352	1	19.1	-0.9	0	0	1	0.998069199	-12.6719332	63	1	1.06349	0.936508;
./matpower/data/case2868rte.m:1656:	1372	1	-4.1	-10.1	0	0	1	1.04827199	-11.2780913	225	1	1.08889	0.933333;
./matpower/data/case2868rte.m:1715:	1413	1	0	0	0	0	1	1.02235617	-11.9983716	225	1	1.08889	0.933333;
./matpower/data/case2868rte.m:1722:	1419	1	49.4	4.3	0	0	1	1.04802136	-11.1599327	225	1	1.08889	0.933333;
./matpower/data/case2868rte.m:1744:	1439	1	-1.3	10.1	0	0	1	1.05214941	-15.6897064	150	1	1.08	0.966667;
./matpower/data/case2868rte.m:1754:	1448	1	0	0	0	0	1	1.00260423	-21.9697022	150	1	1.08	0.966667;
./matpower/data/case2868rte.m:1764:	1458	1	0	0	0	0	1	1.02724863	-12.1522624	225	1	1.08889	0.933333;
./matpower/data/case2868rte.m:1774:	1465	1	93.3	27.6	0	0	1	1.06127717	-9.11887998	225	1	1.08889	0.933333;
./matpower/data/case2868rte.m:1778:	1468	1	0	0	0	0	1	1.04604767	-9.51719567	225	1	1.08889	0.933333;
./matpower/data/case2868rte.m:1794:	1483	1	220.5	56.4	0	80	1	1.030949	-20.538931	225	1	1.08889	0.998019;
./matpower/data/case2868rte.m:1796:	1485	1	0	0	0	0	1	1.04945064	-11.8356642	225	1	1.08889	0.933333;
./matpower/data/case2868rte.m:1809:	1498	1	91.8	17.3	0	0	1	1.05998244	-14.8001016	225	1	1.08889	1;
./matpower/data/case2868rte.m:1811:	1500	1	0	0	0	0	1	1.05063369	-10.5448076	225	1	1.08889	0.933333;
./matpower/data/case2868rte.m:1816:	1505	1	0	0	0	0	1	1.0653426	-8.58138008	225	1	1.08889	0.933333;
./matpower/data/case2868rte.m:1821:	1510	1	0	0	0	0	1	1.05885578	-11.0967734	225	1	1.09292	0.933333;
./matpower/data/case2868rte.m:1826:	1516	1	0	0	0	0	1	1.0601448	-9.66457533	225	1	1.08889	0.933333;
./matpower/data/case2868rte.m:1829:	1519	1	79	27.2	0	0	1	1.01804544	-11.7637132	225	1	1.08889	0.933333;
./matpower/data/case2868rte.m:1837:	1527	1	2.4	16.3	0	0	1	1.04088345	-13.4332325	225	1	1.08889	0.933333;
./matpower/data/case2868rte.m:1841:	1531	1	97.6	13.1	0	0	1	1.05680204	-13.8562389	225	1	1.08889	0.933333;
./matpower/data/case2868rte.m:1851:	1541	1	5.3	7.3	0	0	1	1.06243068	-8.32297086	225	1	1.08889	0.933333;
./matpower/data/case2868rte.m:1855:	1545	1	213.4	37.4	0	0	1	1.04753119	-10.9339898	225	1	1.08889	0.933333;
./matpower/data/case2868rte.m:1871:	1559	1	65.8	-1.9	0	0	1	1.05906068	-11.7831258	225	1	1.08889	0.933333;
./matpower/data/case2868rte.m:1872:	2870	1	88.9	20.4	0	0	1	1.07499456	-8.4653684	225	1	1.08889	0.933333;
./matpower/data/case2868rte.m:1903:	1586	1	0	0	0	0	1	1.06522358	-8.52886619	225	1	1.08889	0.933333;
./matpower/data/case2868rte.m:1913:	1595	1	0	0	0	0	1	1.00527859	-23.411173	150	1	1.08	0.966667;
./matpower/data/case2868rte.m:1934:	1614	2	8.5	-0.4	0	0	1	1.066	-8.54162653	225	1	1.08889	0.933333;
./matpower/data/case2868rte.m:1959:	1634	1	67	13.2	0	0	1	1.06998374	-15.5591309	20	1	1.2	0.8;
./matpower/data/case2868rte.m:1969:	2883	1	26.7	-2.7	0	0	1	1.06428637	-12.0019989	225	1	1.08889	0.888889;
./matpower/data/case2868rte.m:1978:	1653	1	0	0	0	0	1	1.0665048	-14.6312256	150	1	1.09333	0.966667;
./matpower/data/case2868rte.m:1982:	1657	2	0	0	0	0	1	1.00213278	-21.7468522	150	1	1.08	0.966667;
./matpower/data/case2868rte.m:1990:	1663	1	0.4	-0.2	0	0	1	1.05705796	-11.2791495	225	1	1.08889	0.933333;
./matpower/data/case2868rte.m:2009:	1674	1	0	0	0	0	1	1.06776134	-11.3034114	150	1	1.08	0.966667;
./matpower/data/case2868rte.m:2021:	1686	1	0	0	0	0	1	1.07573845	-10.0116449	150	1	1.08	0.966667;
./matpower/data/case2868rte.m:2090:	1751	1	0	0	0	0	1	1.04725637	-12.1549443	225	1	1.08889	0.933333;
./matpower/data/case2868rte.m:2119:	1766	1	46.5	6.7	0	0	1	0.998789469	-30.1060548	63	1	1.06349	0.968254;
./matpower/data/case2868rte.m:2122:	1769	1	-0.3	-1.5	0	0	1	1.03194165	-12.1958226	45	1	1.07175	0.933333;
./matpower/data/case2868rte.m:2127:	1774	1	0	0	0	0	1	1.04408517	-11.6023297	225	1	1.08889	0.933333;
./matpower/data/case2868rte.m:2134:	1779	1	119.5	22.8	0	0	1	1.0756477	-8.41373883	225	1	1.08889	0.933333;
./matpower/data/case2868rte.m:2137:	1782	2	0	0	0	0	1	1.01269305	-21.2117363	150	1	1.08	0.966667;
./matpower/data/case2868rte.m:2143:	1789	1	0	0	0	0	1	1.04121912	-9.13350369	225	1	1.08889	0.933333;
./matpower/data/case2868rte.m:2175:	1813	1	169.8	49.7	0	0	1	1.05952828	-10.1478911	225	1	1.08889	0.933333;
./matpower/data/case2868rte.m:2177:	1815	2	0	0	0	0	1	0.933220921	-10.9145737	45	1	1	0.888889;
./matpower/data/case2868rte.m:2179:	1817	1	0	0	0	0	1	1.04838212	-10.5116996	225	1	1.08889	0.933333;
./matpower/data/case2868rte.m:2223:	1858	2	0	0	0	0	1	0.949815772	-10.6586937	45	1	1	0.888889;
./matpower/data/case2868rte.m:2250:	1879	1	68.9	9.1	0	0	1	1.00893002	-14.3615959	225	1	1.08889	0.933333;
./matpower/data/case2868rte.m:2251:	1880	1	91.9	31.4	0	0	1	1.0427082	-11.4568227	225	1	1.08889	0.933333;
./matpower/data/case2868rte.m:2253:	1882	1	62.4	26.2	0	0	1	1.04140307	-12.9994864	225	1	1.08889	0.933333;
./matpower/data/case2868rte.m:2261:	1888	1	135.3	33.5	0	0	1	1.04513997	-11.1158297	225	1	1.08889	0.933333;
./matpower/data/case2868rte.m:2274:	1898	1	84.1	18.1	0	0	1	1.08050847	-9.1906949	225	1	1.08889	1;
./matpower/data/case2868rte.m:2287:	1911	1	0	0	0	0	1	1.09047487	-12.5519511	150	1	1.10907	0.966667;
./matpower/data/case2868rte.m:2300:	1924	1	0	0	0	0	1	1.02721368	-10.9595087	225	1	1.08889	0.933333;
./matpower/data/case2868rte.m:2305:	1929	1	0	0	0	0	1	1.06799603	-11.2538195	150	1	1.08	0.966667;
./matpower/data/case2868rte.m:2312:	1936	1	0	0	0	0	1	1.04798982	-8.32834576	225	1	1.08889	0.933333;
./matpower/data/case2868rte.m:2324:	1948	1	0	0	0	0	1	1.0456854	-8.76122576	225	1	1.08889	0.933333;
./matpower/data/case2868rte.m:2335:	1959	1	0	0	0	0	1	1.04474553	-9.4361949	225	1	1.08889	0.933333;
./matpower/data/case2868rte.m:2341:	1965	1	0	0	0	0	1	1.04492293	-13.8837225	225	1	1.08889	0.933333;
./matpower/data/case2868rte.m:2374:	1998	1	0	0	0	0	1	0.99898451	-13.286705	63	1	1.06349	0.936508;
./matpower/data/case2868rte.m:2382:	2006	1	0	0	0	0	1	1.05868632	-10.0423025	225	1	1.08889	0.933333;
./matpower/data/case2868rte.m:2393:	2017	1	0	0	0	0	1	1.05304778	-12.5895695	225	1	1.08889	0.933333;
./matpower/data/case2868rte.m:2399:	2023	1	1.7	0.8	0	0	1	1.05519704	-10.1102064	225	1	1.08889	0.933333;
./matpower/data/case2868rte.m:2412:	2036	1	0	0	0	0	1	1.04304556	-11.7514506	225	1	1.08889	0.933333;
./matpower/data/case2868rte.m:2416:	2040	1	0	0	0	0	1	1.0699842	-10.6821793	225	1	1.08444	1;
./matpower/data/case2868rte.m:2418:	2042	1	0	0	0	0	1	1.05506611	-10.4394795	225	1	1.08889	0.933333;
./matpower/data/case2868rte.m:2419:	2043	1	0	0	0	0	1	1.0499898	-17.4338613	225	1	1.09333	1;
./matpower/data/case2868rte.m:2423:	2047	1	0	0	0	0	1	1.08826522	-13.2192782	150	1	1.10968	0.966667;
./matpower/data/case2868rte.m:2435:	2059	1	0	0	0	0	1	1.0899302	-12.6115412	150	1	1.10927	0.966667;
./matpower/data/case2868rte.m:2450:	2074	1	0	0	0	0	1	0.99876406	-13.2962889	63	1	1.06349	0.968254;
./matpower/data/case2868rte.m:2452:	2076	1	0	0	0	0	1	1.06933908	-15.9672535	225	1	1.08444	1;
./matpower/data/case2868rte.m:2468:	2092	1	0	0	0	0	1	1.04820399	-11.2783987	225	1	1.08889	0.933333;
./matpower/data/case2868rte.m:2471:	2095	1	0	0	0	0	1	1.07035034	-20.3428571	225	1	1.08966	1;
./matpower/data/case2868rte.m:2472:	2096	1	0	0	0	0	1	1.0671328	-20.0399895	225	1	1.08889	1;
./matpower/data/case2868rte.m:2478:	2102	1	0	0	0	0	1	0.999501819	-23.1899811	150	1	1.08	0.966667;
./matpower/data/case2868rte.m:2481:	2105	1	0	0	0	0	1	1.06277795	-8.87863692	225	1	1.08889	0.933333;
./matpower/data/case2868rte.m:2534:	2158	1	0	0	0	0	1	0.949569945	-10.6684795	45	1	1	0.888889;
./matpower/data/case2868rte.m:2536:	2160	1	0	0	0	0	1	1.04692142	-10.9143976	225	1	1.08889	0.933333;
./matpower/data/case2868rte.m:2657:	2284	2	13	7	0	0	1	0.998	-4.46686991	20	1	1.15	0.8;
./matpower/data/case2868rte.m:2661:	2290	2	0	0	0	0	1	0.966	-7.75578167	12	1	1.15	0.8;
./matpower/data/case2868rte.m:2727:	2362	2	0	0	0	0	1	0.998	-8.56646769	15	1	1.15	0.8;
./matpower/data/case2868rte.m:2773:	2415	2	0	0	0	0	1	0.966	-6.99189258	10	1	1.15	0.8;
./matpower/data/case2868rte.m:2837:	2489	2	0	0	0	0	1	0.998	-5.31928941	10	1	1.15	0.8;
./matpower/data/case2868rte.m:2884:	2541	1	-95.5	-17.9	0	0	1	1.03787608	-12.6582541	225	1	1.08889	0.933333;
./matpower/data/case2868rte.m:2905:	2562	1	2.5	-0.4	0	0	1	1.0446281	-13.5916258	225	1	1.08889	0.933333;
./matpower/data/case2868rte.m:2908:	2565	1	31.6	2.1	0	0	1	1.04483359	-14.5551647	225	1	1.08889	0.933333;
./matpower/data/case2868rte.m:2910:	2567	1	145.3	32	0	0	1	1.04872525	-13.230777	225	1	1.08889	0.933333;
./matpower/data/case2868rte.m:2911:	2568	1	145.1	32	0	0	1	1.04872499	-13.2305657	225	1	1.08889	0.933333;
./matpower/data/case2868rte.m:3231:	1815	10	0.04	6.4	-6.4	0.949	100	1	10.8	2.16	0	0	0	0	0	0	0	0	0	0	0;
./matpower/data/case2868rte.m:3232:	1815	6	0.02	4	-4	0.949	100	1	6.4	1.28	0	0	0	0	0	0	0	0	0	0	0;
./matpower/data/case2868rte.m:3293:	2284	237.02	36.08	166.05	-88.28	0.998	100	1	250	120	0	0	0	0	0	0	0	0	0	0	0;
./matpower/data/case2868rte.m:3297:	2290	14.46	-1.47	31.96	-22.82	0.966	100	1	49	9.8	0	0	0	0	0	0	0	0	0	0	0;
./matpower/data/case2868rte.m:3363:	2362	46.57	2.96	55.38	-34.62	0.998	100	1	65	13	0	0	0	0	0	0	0	0	0	0	0;
./matpower/data/case2868rte.m:3367:	2367	0	0	10.52	-6.96	0.998	100	0	22	4.4	0	0	0	0	0	0	0	0	0	0	0;
./matpower/data/case2868rte.m:3409:	2415	42.25	-0.86	25.64	-9.18	0.966	100	1	122	24.4	0	0	0	0	0	0	0	0	0	0	0;
./matpower/data/case2868rte.m:3473:	2489	54.21	1.49	54.62	-24.01	0.998	100	1	84	16.8	0	0	0	0	0	0	0	0	0	0	0;
./matpower/data/case2868rte.m:3609:	593	40	0.00156	0.006933	0.0121	432	432	432	1	0	1	0	0;
./matpower/data/case2868rte.m:3692:	1761	71	0.002933	0.010267	0.0032	0	0	0	1	0	1	0	0;
./matpower/data/case2868rte.m:3746:	612	92	0.012978	0.059338	0.1002	409	409	409	1	0	1	0	0;
./matpower/data/case2868rte.m:3884:	900	144	0.019498	0.06712	0.0206	0	0	0	1	0	1	0	0;
./matpower/data/case2868rte.m:4359:	808	364	0.000998	0.014177	0.465	2487	2487	2487	1	0	1	0	0;
./matpower/data/case2868rte.m:4438:	1831	395	0.002121	0.009661	0.0162	355	355	355	1	0	1	0	0;
./matpower/data/case2868rte.m:4529:	1739	441	0.004365	0.029491	0.0537	575	575	575	1	0	1	0	0;
./matpower/data/case2868rte.m:4600:	1759	464	0.000949	0.009342	0.2426	1611	1611	1611	1	0	1	0	0;
./matpower/data/case2868rte.m:4796:	1186	560	0.004464	0.029669	0.0547	540	540	540	1	0	1	0	0;
./matpower/data/case2868rte.m:4829:	881	581	0.000966	0.009803	0.2526	1579	1579	1579	1	0	1	0	0;
./matpower/data/case2868rte.m:4952:	2066	643	0.012144	0.049332	0.0012	0	0	0	1	0	1	0	0;
./matpower/data/case2868rte.m:5382:	1905	878	0.011842	0.029982	0	0	0	0	1	0	1	0	0;
./matpower/data/case2868rte.m:5496:	2092	955	0.006696	0.029985	0.0527	288	288	288	1	0	1	0	0;
./matpower/data/case2868rte.m:5516:	1730	966	0.002596	0.01165	0.0203	326	326	326	1	0	1	0	0;
./matpower/data/case2868rte.m:5525:	1836	972	0.008	0.03998	0.0709	362	362	362	1	0	1	0	0;
./matpower/data/case2868rte.m:6216:	1881	1600	0.029982	0.075838	0	0	0	0	1	0	1	0	0;
./matpower/data/case2868rte.m:6252:	1847	1652	0.03933	0.101789	0.0025	0	0	0	1	0	1	0	0;
./matpower/data/case2868rte.m:6277:	1544	1687	0.006933	0.033403	0.0607	333	333	333	1	0	1	0	0;
./matpower/data/case2868rte.m:6344:	2118	1808	0.029982	0.076594	0.0009	0	0	0	1	0	1	0	0;
./matpower/data/case2868rte.m:6624:	712	713	0.001778	0.122864	0	724	724	724	0.998004	0	1	0	0;
./matpower/data/case2868rte.m:6625:	712	713	0.00158	0.122272	0	724	724	724	0.998004	0	1	0	0;
./matpower/data/case2868rte.m:6914:	1594	2187	0.008933	0.147111	0	0	0	0	1	0	1	0	0;
./matpower/data/case2868rte.m:6915:	1595	2187	0.0036	0.008933	0	0	0	0	1	0	1	0	0;
./matpower/data/case2868rte.m:6979:	1773	1774	0.005057	0.160988	0	374	374	374	0.933709	0	1	0	0;
./matpower/data/case2868rte.m:6980:	1773	1774	0.005057	0.160988	0	374	374	374	0.933709	0	1	0	0;
./matpower/data/case2868rte.m:7002:	2923	1839	0.000803	0.039335	0	600	600	600	0.996016	0	1	0	0;
./matpower/data/case118.m:33:	4	2	39	12	0	0	1	0.998	15.28	138	1	1.06	0.94;
./matpower/data/case118.m:91:	62	2	77	14	0	0	1	0.998	23.43	138	1	1.06	0.94;
./matpower/data/case118.m:147:	118	1	33	15	0	0	1	0.949	21.92	138	1	1.06	0.94;
./matpower/data/case118.m:154:	4	0	0	300	-300	0.998	100	1	100	0	0	0	0	0	0	0	0	0	0	0	0;
./matpower/data/case118.m:179:	62	0	0	20	-20	0.998	100	1	100	0	0	0	0	0	0	0	0	0	0	0	0;
./matpower/data/case_ACTIVSg10k.m:381:	10333	1	0	0	0	0	1	1.0115623	-34.049333	345	1	1.1	0.9	20.2300	0.2500	0.0000	0.0000;
./matpower/data/case_ACTIVSg10k.m:639:	10591	1	0	0	0	0	1	1.0303751	-20.099334	138	1	1.1	0.9	19.5000	0.0900	0.0000	0.0000;
./matpower/data/case_ACTIVSg10k.m:705:	10657	1	46.07	12.91	0	0	1	0.9984233	-22.515631	138	1	1.1	0.9	19.6800	0.1300	0.0000	0.0000;
./matpower/data/case_ACTIVSg10k.m:768:	10720	1	0	0	0	0	1	1.0296684	-24.189561	18	1	1.1	0.9	19.6300	0.0900	0.0000	0.0000;
./matpower/data/case_ACTIVSg10k.m:769:	10721	1	0	0	0	0	1	1.0296684	-24.189561	1	1	1.1	0.9	19.6300	0.0900	0.0000	0.0000;
./matpower/data/case_ACTIVSg10k.m:1184:	13053	1	20.28	13.09	0	0	2	1.0194937	-40.41899	138	1	1.1	0.9	20.4800	0.2900	0.0000	0.0000;
./matpower/data/case_ACTIVSg10k.m:1187:	13056	1	29.33	10.11	0	0	2	0.9981803	-42.303916	138	1	1.1	0.9	20.9700	0.3500	0.0000	0.0000;
./matpower/data/case_ACTIVSg10k.m:1188:	13057	1	0	0	0	0	2	0.998386	-42.285386	138	1	1.1	0.9	20.9600	0.3500	0.0000	0.0000;
./matpower/data/case_ACTIVSg10k.m:1219:	13088	1	0	0	0	0	2	0.9987812	-44.240054	13.8	1	1.1	0.9	20.8400	0.4500	0.0000	0.0000;
./matpower/data/case_ACTIVSg10k.m:1220:	13089	1	0	0	0	0	2	0.9987812	-44.240054	1	1	1.1	0.9	20.8400	0.4500	0.0000	0.0000;
./matpower/data/case_ACTIVSg10k.m:1433:	13302	1	0	0	0	0	2	0.9984795	-33.176284	345	1	1.1	0.9	20.1100	0.2300	0.0000	0.0000;
./matpower/data/case_ACTIVSg10k.m:1447:	13316	1	0	0	0	0	2	1.0296628	-35.552343	138	1	1.1	0.9	20.2400	0.2700	0.0000	0.0000;
./matpower/data/case_ACTIVSg10k.m:1460:	13329	1	31.21	2.87	0	0	2	1.0306949	-35.495818	138	1	1.1	0.9	20.2400	0.2700	0.0000	0.0000;
./matpower/data/case_ACTIVSg10k.m:1471:	13340	1	0	0	0	0	2	0.9984166	-32.469595	345	1	1.1	0.9	20.1000	0.2400	0.0000	0.0000;
./matpower/data/case_ACTIVSg10k.m:1473:	13342	1	47.24	9.56	0	0	2	0.9981793	-32.498968	345	1	1.1	0.9	20.1000	0.2400	0.0000	0.0000;
./matpower/data/case_ACTIVSg10k.m:1988:	20157	1	4.52	0.41	0	0	3	1.0294908	-47.041721	138	1	1.1	0.9	20.4600	0.1500	0.0000	0.0000;
./matpower/data/case_ACTIVSg10k.m:2107:	20276	1	19.41	10.06	0	0	3	1.0294926	-59.974106	13.8	1	1.1	0.9	21.2600	0.0900	0.0000	0.0000;
./matpower/data/case_ACTIVSg10k.m:2213:	20382	1	5.38	0.96	0	0	3	1.0309949	-58.173449	138	1	1.1	0.9	20.9400	0.1000	0.0000	0.0000;
./matpower/data/case_ACTIVSg10k.m:2279:	20448	2	0	0	0	0	3	1.0069666	-59.978948	13.8	1	1.1	0.9	21.0100	0.1500	0.0000	0.0000;
./matpower/data/case_ACTIVSg10k.m:2435:	21058	1	0	0	0	0	4	1.0059499	-67.867422	138	1	1.1	0.9	21.6500	0.2200	0.0000	0.0000;
./matpower/data/case_ACTIVSg10k.m:2691:	21314	1	40.29	14.02	0	0	4	0.9981351	-70.824715	138	1	1.1	0.9	21.7000	0.1400	0.0000	0.0000;
./matpower/data/case_ACTIVSg10k.m:2698:	21321	1	0	0	0	0	4	0.9980492	-71.448347	138	1	1.1	0.9	21.7700	0.1500	0.0000	0.0000;
./matpower/data/case_ACTIVSg10k.m:2711:	21334	1	25.52	2.94	0	0	4	0.9984036	-71.898706	138	1	1.1	0.9	21.8100	0.1500	0.0000	0.0000;
./matpower/data/case_ACTIVSg10k.m:2767:	21390	1	38.82	14.94	0	0	4	1.0099845	-70.303903	138	1	1.1	0.9	21.6300	0.0700	0.0000	0.0000;
./matpower/data/case_ACTIVSg10k.m:2807:	21430	1	27.06	2.27	0	0	4	0.9984535	-71.050395	138	1	1.1	0.9	21.7400	0.1300	0.0000	0.0000;
./matpower/data/case_ACTIVSg10k.m:2840:	21463	1	0	0	0	0	4	1.0199876	-65.82057	138	1	1.1	0.9	21.4000	0.0400	0.0000	0.0000;
./matpower/data/case_ACTIVSg10k.m:2908:	21531	1	0	0	0	0	4	0.9985694	-65.718032	345	1	1.1	0.9	21.4400	0.0500	0.0000	0.0000;
./matpower/data/case_ACTIVSg10k.m:2972:	21595	1	0	0	0	0	4	1.0199872	-64.708747	138	1	1.1	0.9	21.2000	0.0300	0.0000	0.0000;
./matpower/data/case_ACTIVSg10k.m:3009:	21632	1	0	0	0	0	4	0.9984873	-68.786134	345	1	1.1	0.9	21.7200	0.1100	0.0000	0.0000;
./matpower/data/case_ACTIVSg10k.m:3015:	21638	1	0	0	0	0	4	0.9988106	-68.690174	345	1	1.1	0.9	21.7100	0.1100	0.0000	0.0000;
./matpower/data/case_ACTIVSg10k.m:3191:	23053	1	0	0	0	0	5	1.0193316	-66.831251	138	1	1.1	0.9	21.4900	0.0400	0.0000	0.0000;
./matpower/data/case_ACTIVSg10k.m:3437:	23299	1	0	0	0	0	5	1.0462232	-67.107933	138	1	1.1	0.9	21.1900	0.0400	0.0000	0.0000;
./matpower/data/case_ACTIVSg10k.m:3563:	23425	2	0	0	0	0	5	1.0399818	-66.527156	345	1	1.1	0.9	21.4500	0.0000	0.0000	0.0000;
./matpower/data/case_ACTIVSg10k.m:3568:	23430	1	0	0	0	0	5	1.0399818	-66.527156	345	1	1.1	0.9	21.4500	0.0000	0.0000	0.0000;
./matpower/data/case_ACTIVSg10k.m:3884:	25230	1	46.05	12.57	0	0	6	1.0301949	-79.981978	138	1	1.1	0.9	22.1500	0.0300	0.0000	0.0000;
./matpower/data/case_ACTIVSg10k.m:4138:	25484	1	51.53	14.55	0	0	6	1.0194995	-78.822142	138	1	1.1	0.9	21.9000	0.0900	0.0000	0.0000;
./matpower/data/case_ACTIVSg10k.m:4165:	25511	1	34.03	3.12	0	0	6	1.0196607	-79.040488	138	1	1.1	0.9	22.0000	0.1100	0.0000	0.0000;
./matpower/data/case_ACTIVSg10k.m:4256:	25602	1	0	0	0	0	6	1.0019334	-75.976971	138	1	1.1	0.9	21.9200	0.2300	0.0000	0.0000;
./matpower/data/case_ACTIVSg10k.m:4396:	25742	1	0	0	0	0	6	0.9983217	-80.712823	138	1	1.1	0.9	22.0900	0.1900	0.0000	0.0000;
./matpower/data/case_ACTIVSg10k.m:4558:	25904	2	0	0	0	0	6	0.9982591	-67.961939	24	1	1.1	0.9	21.5000	0.0000	0.0000	0.0000;
./matpower/data/case_ACTIVSg10k.m:4559:	25905	2	0	0	0	0	6	0.9983809	-67.927421	13.8	1	1.1	0.9	21.5000	0.0000	0.0000	0.0000;
./matpower/data/case_ACTIVSg10k.m:4561:	25907	2	0	0	0	0	6	0.9984181	-67.925788	13.8	1	1.1	0.9	21.5000	0.0000	0.0000	0.0000;
./matpower/data/case_ACTIVSg10k.m:4811:	26157	2	0	0	0	0	6	0.9985794	-66.215037	18	1	1.1	0.9	21.4700	-0.0100	0.0000	0.0000;
./matpower/data/case_ACTIVSg10k.m:4812:	26158	2	0	0	0	0	6	0.9985825	-65.842507	13.8	1	1.1	0.9	21.4700	-0.0100	0.0000	0.0000;
./matpower/data/case_ACTIVSg10k.m:5064:	28171	1	0	0	0	0	7	1.019983	-81.359106	138	1	1.1	0.9	22.1700	0.1100	0.0000	0.0000;
./matpower/data/case_ACTIVSg10k.m:5102:	28209	1	31.26	5.86	0	0	7	1.0399806	-81.142596	138	1	1.1	0.9	22.1500	0.0700	0.0000	0.0000;
./matpower/data/case_ACTIVSg10k.m:5871:	28978	2	0	0	0	0	7	1.0126258	-75.07933	345	1	1.1	0.9	21.8200	0.0500	0.0000	0.0000;
./matpower/data/case_ACTIVSg10k.m:6151:	30173	1	0	0	0	0	8	1.0093397	-60.005265	345	1	1.1	0.9	21.1800	0.0500	0.0000	0.0000;
./matpower/data/case_ACTIVSg10k.m:6345:	30367	1	0	0	0	0	8	0.9980887	-49.017901	345	1	1.1	0.9	20.4800	0.2500	0.0000	0.0000;
./matpower/data/case_ACTIVSg10k.m:6437:	30459	1	0	0	0	0	8	1.0396601	-58.349627	161	1	1.1	0.9	20.9900	-0.0200	0.0000	0.0000;
./matpower/data/case_ACTIVSg10k.m:6453:	40013	1	5.22	1.69	0	0	9	1.0318227	-70.059494	115	1	1.1	0.9	21.7200	0.0100	0.0000	0.0000;
./matpower/data/case_ACTIVSg10k.m:6505:	40065	1	0	0	0	0	9	0.9982853	-62.208921	115	1	1.1	0.9	21.9900	0.0800	0.0000	0.0000;
./matpower/data/case_ACTIVSg10k.m:6506:	40066	1	13.42	2.49	0	0	9	0.9982276	-62.216964	115	1	1.1	0.9	21.9900	0.0800	0.0000	0.0000;
./matpower/data/case_ACTIVSg10k.m:6513:	40073	1	77.56	9.68	0	0	9	0.9988601	-61.895234	115	1	1.1	0.9	21.4300	0.2000	0.0000	0.0000;
./matpower/data/case_ACTIVSg10k.m:6544:	40104	1	0	0	0	0	9	1.0170938	-66.039336	115	1	1.1	0.9	21.6000	0.2000	0.0000	0.0000;
./matpower/data/case_ACTIVSg10k.m:6575:	40135	1	67.16	25	0	0	9	0.9984278	-68.093881	115	1	1.1	0.9	21.9000	0.2800	0.0000	0.0000;
./matpower/data/case_ACTIVSg10k.m:6576:	40136	1	0	0	0	0	9	0.9988613	-68.052674	115	1	1.1	0.9	21.8900	0.2800	0.0000	0.0000;
./matpower/data/case_ACTIVSg10k.m:6615:	40175	1	53.38	11.85	0	0	9	1.0031969	-65.207998	115	1	1.1	0.9	21.4300	0.1400	0.0000	0.0000;
./matpower/data/case_ACTIVSg10k.m:6617:	40177	1	0	0	0	0	9	1.0201998	-68.125833	115	1	1.1	0.9	21.6900	0.1900	0.0000	0.0000;
./matpower/data/case_ACTIVSg10k.m:6687:	40247	1	0	0	0	0	9	1.0214678	-68.069669	115	1	1.1	0.9	21.6500	0.1700	0.0000	0.0000;
./matpower/data/case_ACTIVSg10k.m:6751:	40311	1	0	0	0	0	9	0.9985512	-67.214117	115	1	1.1	0.9	21.5500	0.1700	0.0000	0.0000;
./matpower/data/case_ACTIVSg10k.m:6752:	40312	1	73.01	15.78	0	0	9	0.9981828	-67.260309	115	1	1.1	0.9	21.5600	0.1700	0.0000	0.0000;
./matpower/data/case_ACTIVSg10k.m:6755:	40315	1	67.22	27	0	0	9	0.9989503	-67.197198	115	1	1.1	0.9	21.5500	0.1700	0.0000	0.0000;
./matpower/data/case_ACTIVSg10k.m:6759:	40319	1	67.22	17.93	0	0	9	1.0006966	-67.166734	115	1	1.1	0.9	21.5200	0.1500	0.0000	0.0000;
./matpower/data/case_ACTIVSg10k.m:6859:	40419	1	0	0	0	0	9	1.0193385	-68.213683	115	1	1.1	0.9	21.6700	0.0700	0.0000	0.0000;
./matpower/data/case_ACTIVSg10k.m:6924:	40484	1	43.72	41.39	0	0	9	0.9989992	-68.632752	115	1	1.1	0.9	21.8600	0.1900	0.0000	0.0000;
./matpower/data/case_ACTIVSg10k.m:7175:	40735	2	0	0	0	0	9	0.9980395	-59.691585	13.8	1	1.1	0.9	21.1000	0.0000	0.0000	0.0000;
./matpower/data/case_ACTIVSg10k.m:7203:	40763	2	0	0	0	0	9	0.9982505	-47.721189	13.8	1	1.1	0.9	20.8400	-0.0100	0.0000	0.0000;
./matpower/data/case_ACTIVSg10k.m:7204:	40764	2	0	0	0	0	9	0.9987605	-47.505135	13.8	1	1.1	0.9	20.8400	-0.0100	0.0000	0.0000;
./matpower/data/case_ACTIVSg10k.m:7254:	40814	2	0	0	0	0	9	0.9982545	-61.96304	18	1	1.1	0.9	21.3000	0.1000	0.0000	0.0000;
./matpower/data/case_ACTIVSg10k.m:7361:	40921	2	0	0	0	0	9	0.998439	-65.734472	13.8	1	1.1	0.9	21.5100	0.0700	0.0000	0.0000;
./matpower/data/case_ACTIVSg10k.m:7465:	50007	1	4.12	1.48	0	0	10	1.0296629	-45.063952	161	1	1.1	0.9	20.5200	-0.0500	0.0000	0.0000;
./matpower/data/case_ACTIVSg10k.m:7627:	50169	1	40.12	13.93	0	0	10	1.0137893	-44.308949	161	1	1.1	0.9	20.2900	0.0400	0.0000	0.0000;
./matpower/data/case_ACTIVSg10k.m:7942:	53023	1	21.21	4.08	0	0	11	0.9986129	-65.608724	115	1	1.1	0.9	22.6100	0.2700	0.0000	0.0000;
./matpower/data/case_ACTIVSg10k.m:8273:	60046	1	15.49	4.42	0	0	12	1.0099988	-46.90362	115	1	1.1	0.9	20.8400	0.2100	0.0000	0.0000;
./matpower/data/case_ACTIVSg10k.m:8415:	60188	1	40.38	11.99	0	0	12	1.0099888	-52.913703	115	1	1.1	0.9	21.4200	0.1800	0.0000	0.0000;
./matpower/data/case_ACTIVSg10k.m:8439:	60212	1	0	0	0	0	12	1.0192369	-50.998498	115	1	1.1	0.9	20.9000	0.1400	0.0000	0.0000;
./matpower/data/case_ACTIVSg10k.m:8582:	60355	1	0	0	0	0	12	1.0009329	-52.900998	115	1	1.1	0.9	21.1700	0.2200	0.0000	0.0000;
./matpower/data/case_ACTIVSg10k.m:8632:	60405	1	0	0	0	0	12	1.0399827	-50.828272	115	1	1.1	0.9	21.1200	0.1900	0.0000	0.0000;
./matpower/data/case_ACTIVSg10k.m:8649:	60422	1	33.08	5.62	0	0	12	1.009494	-52.898924	115	1	1.1	0.9	21.2600	0.1700	0.0000	0.0000;
./matpower/data/case_ACTIVSg10k.m:8682:	60455	1	48.44	25.74	0	0	12	0.9980269	-53.438038	115	1	1.1	0.9	21.3200	0.2400	0.0000	0.0000;
./matpower/data/case_ACTIVSg10k.m:8685:	60458	1	60.66	19.71	0	0	12	0.9986933	-53.492873	115	1	1.1	0.9	21.2700	0.2300	0.0000	0.0000;
./matpower/data/case_ACTIVSg10k.m:8891:	60664	2	0	0	0	0	12	1.029498	-35.08055	22	1	1.1	0.9	20.3400	0.0000	0.0000	0.0000;
./matpower/data/case_ACTIVSg10k.m:9581:	74266	2	0	0	0	0	14	1.0399831	-13.511091	13.8	1	1.1	0.9	19.1500	-0.0100	0.0000	0.0000;
./matpower/data/case_ACTIVSg10k.m:9616:	74301	2	0	0	0	0	14	0.9988555	-16.772982	13.8	1	1.1	0.9	19.4000	0.0100	0.0000	0.0000;
./matpower/data/case_ACTIVSg10k.m:9712:	77060	1	0	0	0	-5	15	1.039984	-25.946254	138	1	1.1	0.9	18.9300	0.0200	0.0000	0.0000;
./matpower/data/case_ACTIVSg10k.m:10022:	80074	1	0	0	0	0	16	0.9981317	-77.568649	115	1	1.1	0.9	22.7800	0.1300	0.0000	0.0000;
./matpower/data/case_ACTIVSg10k.m:10025:	80077	1	0	0	0	0	16	0.9980853	-77.270498	115	1	1.1	0.9	22.6800	0.1300	0.0000	0.0000;
./matpower/data/case_ACTIVSg10k.m:11048:	25904	155.17	36.64	79.3	-17.29	0.9983	201.62	1	155.8	71.02	0	0	0	0	0	0	0	0	0	0	155.8	0.0000	0.0000	0.0000	0.0000;
./matpower/data/case_ACTIVSg10k.m:11049:	25905	155.17	36.64	79.3	-17.29	0.9984	225.23	1	155.8	57.31	0	0	0	0	0	0	0	0	0	0	155.8	0.0000	0.0000	0.0000	0.0000;
./matpower/data/case_ACTIVSg10k.m:11051:	25907	155.17	36.64	79.3	-17.29	0.9984	198.68	1	155.8	18.04	0	0	0	0	0	0	0	0	0	0	155.8	0.0000	0.0000	0.0000	0.0000;
./matpower/data/case_ACTIVSg10k.m:11247:	26157	131.94	0	0	0	0.9986	289.78	1	131.94	131.94	0	0	0	0	0	0	0	0	0	0	225	0.0000	0.0000	0.0000	0.0000;
./matpower/data/case_ACTIVSg10k.m:11248:	26158	114.12	0	0	0	0.9986	250.77	1	114.12	114.12	0	0	0	0	0	0	0	0	0	0	199	0.0000	0.0000	0.0000	0.0000;
./matpower/data/case_ACTIVSg10k.m:11758:	40735	44.51	6.86	19.57	-2.5	0.998	50.96	1	44.51	44.51	0	0	0	0	0	0	0	0	0	0	50.96	0.0000	0.0000	0.0000	0.0000;
./matpower/data/case_ACTIVSg10k.m:11772:	40763	191.96	191.48	191.48	-50.13	0.9983	471.85	1	410.9	185.94	0	0	0	0	0	0	0	0	0	0	410.9	0.0000	0.0000	0.0000	0.0000;
./matpower/data/case_ACTIVSg10k.m:11773:	40764	238.61	191.48	191.48	-50.13	0.9988	521.05	1	410.9	113.71	0	0	0	0	0	0	0	0	0	0	410.9	0.0000	0.0000	0.0000	0.0000;
./matpower/data/case_ACTIVSg10k.m:11814:	40814	129.6	66.24	66.24	-14.44	0.9983	163.65	1	130.13	31.42	0	0	0	0	0	0	0	0	0	0	130.1333	0.0000	0.0000	0.0000	0.0000;
./matpower/data/case_ACTIVSg10k.m:11880:	40921	6.67	0	0	0	0.9984	11.11	1	6.67	6.67	0	0	0	0	0	0	0	0	0	0	10	0.0000	0.0000	0.0000	0.0000;
./matpower/data/case_ACTIVSg10k.m:12412:	74301	9.94	5.38	5.38	-0.69	0.9989	14	1	9.94	9.94	0	0	0	0	0	0	0	0	0	0	14	0.0000	0.0000	0.0000	0.0000;
./matpower/data/case_ACTIVSg10k.m:12645:	10071	10153	0.002966	0.015795	0.10033	232.27	0	0	0	0	1	0	0	59.4200	-5.4800	-59.3200	-4.5300	0.0000	0.0000	0.0000	0.0000;
./matpower/data/case_ACTIVSg10k.m:12899:	10246	10894	0.003598	0.01966	0.01086	238.67	0	0	0	0	1	0	0	-71.8900	-36.3500	72.1000	36.2900	0.0000	0.0000	0.0000	0.0000;
./matpower/data/case_ACTIVSg10k.m:13050:	10347	10352	0.0001	-0.001949	0	108.26	0	0	1	0	1	0	0	0.0000	0.0000	0.0000	0.0000	0.0000	0.0000	0.0000	0.0000;
./matpower/data/case_ACTIVSg10k.m:13096:	10441	10382	0.000933	0.006088	0.01283	174.7	0	0	0	0	1	0	0	-8.3900	12.5800	8.3900	-13.9100	0.0000	0.0000	0.0000	0.0000;
./matpower/data/case_ACTIVSg10k.m:13387:	10608	10943	0.009494	0.062198	0.06243	220.77	0	0	0	0	1	0	0	-38.9800	-13.9900	39.1200	8.2700	0.0000	0.0000	0.0000	0.0000;
./matpower/data/case_ACTIVSg10k.m:13414:	10628	10630	0.003949	0.015158	0.03061	161.72	0	0	0	0	1	0	0	-3.7500	6.4600	3.7500	-9.5300	0.0000	0.0000	0.0000	0.0000;
./matpower/data/case_ACTIVSg10k.m:13477:	10671	74025	0.009336	0.056124	0.02219	216	0	0	0	0	1	0	0	-32.8900	3.2700	32.9900	-4.9400	0.0000	0.0000	0.0000	0.0000;
./matpower/data/case_ACTIVSg10k.m:13532:	11075	10708	0.001688	0.019496	0.41561	1258.58	0	0	0	0	1	0	0	307.4400	-17.4300	-305.9700	-10.6300	0.0000	0.0000	0.0000	0.0000;
./matpower/data/case_ACTIVSg10k.m:13739:	10875	10878	-0.000133	-0.009335	0	1357.94	0	0	1	0	1	0	0	-139.8100	28.8100	139.7900	-30.5700	0.0000	0.0000	0.0000	0.0000;
./matpower/data/case_ACTIVSg10k.m:13846:	10975	10977	-0.000136	-0.009661	0	383.1	0	0	1	0	1	0	0	-68.5800	-13.2200	68.5800	12.7800	0.0000	0.0000	0.0000	0.0000;
./matpower/data/case_ACTIVSg10k.m:13911:	11038	11042	0.000114	0.009339	0	1419.73	0	0	1	0	1	0	0	0.0000	0.0000	0.0000	0.0000	0.0000	0.0000	0.0000	0.0000;
./matpower/data/case_ACTIVSg10k.m:13955:	11074	11079	0.00012	0.009664	0	1285.45	0	0	1	0	1	0	0	-84.9100	6.9700	84.9200	-6.3200	0.0000	0.0000	0.0000	0.0000;
./matpower/data/case_ACTIVSg10k.m:14040:	13059	13060	0.003706	0.019661	0.01471	190.32	0	0	0	0	1	0	0	10.1700	19.0100	-10.1600	-20.5600	0.0000	0.0000	0.0000	0.0000;
./matpower/data/case_ACTIVSg10k.m:14069:	13083	13113	0.004621	0.029335	0.0123	177.38	0	0	0	0	1	0	0	-11.7900	10.8900	11.8000	-12.1000	0.0000	0.0000	0.0000	0.0000;
./matpower/data/case_ACTIVSg10k.m:14313:	13274	13284	0.000966	0.005179	0.00272	202.59	0	0	0	0	1	0	0	-22.5800	23.6600	22.5900	-23.8900	0.0000	0.0000	0.0000	0.0000;
./matpower/data/case_ACTIVSg10k.m:14440:	13383	13370	0.006305	0.034217	0.03998	193.89	0	0	0	0	1	0	0	-7.4700	11.7400	7.4800	-15.9300	0.0000	0.0000	0.0000	0.0000;
./matpower/data/case_ACTIVSg10k.m:14453:	13381	13388	0.008802	0.05756	0.03949	250.81	0	0	0	0	1	0	0	-81.3800	2.8100	81.9600	-3.0600	0.0000	0.0000	0.0000	0.0000;
./matpower/data/case_ACTIVSg10k.m:14681:	13547	74330	0.003787	0.03992	0.9985	1339.59	0	0	0	0	1	0	0	354.2500	-68.6900	-349.6700	12.8900	0.0000	0.0000	0.0000	0.0000;
./matpower/data/case_ACTIVSg10k.m:14779:	13637	13640	0.000949	0.046472	0	527.06	0	0	1	0	1	0	0	58.3300	3.4000	-58.3000	-1.9400	0.0000	0.0000	0.0000	0.0000;
./matpower/data/case_ACTIVSg10k.m:14818:	13681	13695	0.000131	0.003949	1.4998	4144.18	0	0	0	0	1	0	0	-794.0300	35.7000	794.8100	-175.0000	0.0000	0.0000	0.0000	0.0000;
./matpower/data/case_ACTIVSg10k.m:14843:	20008	20433	0.005026	0.039838	0.05998	170.64	0	0	0	0	1	0	0	3.2000	-15.8700	-3.1900	9.5700	0.0000	0.0000	0.0000	0.0000;
./matpower/data/case_ACTIVSg10k.m:14953:	20087	20095	0.029337	0.14185	0.0373	205.73	0	0	0	0	1	0	0	-29.2000	11.6500	29.5000	-14.0700	0.0000	0.0000	0.0000	0.0000;
./matpower/data/case_ACTIVSg10k.m:14957:	20088	21565	0.011797	0.052272	0.01998	201.34	0	0	0	0	1	0	0	26.2400	3.9800	-26.1600	-5.7000	0.0000	0.0000	0.0000	0.0000;
./matpower/data/case_ACTIVSg10k.m:15137:	20222	20225	0.00034	0.009987	0	103.95	0	0	1	0	1	0	0	0.0000	0.0000	0.0000	0.0000	0.0000	0.0000	0.0000	0.0000;
./matpower/data/case_ACTIVSg10k.m:15211:	20280	20281	0.001996	0.009987	0.00415	208.34	0	0	0	0	1	0	0	-27.4200	4.1400	27.4400	-4.5100	0.0000	0.0000	0.0000	0.0000;
./matpower/data/case_ACTIVSg10k.m:15268:	20316	20320	0.000125	0.00933	0	1122.82	0	0	1	0	1	0	0	-73.1800	4.6000	73.1900	-4.1300	0.0000	0.0000	0.0000	0.0000;
./matpower/data/case_ACTIVSg10k.m:15617:	21753	21081	0.000519	0.006933	0.10886	1130.42	0	0	0	0	1	0	0	185.5200	118.4000	-185.2700	-126.1100	0.0000	0.0000	0.0000	0.0000;
./matpower/data/case_ACTIVSg10k.m:15736:	21178	21237	0.003949	0.017014	0.0165	212.3	0	0	0	0	1	0	0	34.7100	13.2000	-34.6500	-14.6800	0.0000	0.0000	0.0000	0.0000;
./matpower/data/case_ACTIVSg10k.m:15750:	21188	21201	0.003966	0.016343	0.01263	186.7	0	0	0	0	1	0	0	51.4700	-9.1600	-51.3600	8.3700	0.0000	0.0000	0.0000	0.0000;
./matpower/data/case_ACTIVSg10k.m:15785:	21214	21265	0.007483	0.029668	0.03265	203.41	0	0	0	0	1	0	0	-22.1000	8.1400	22.1400	-11.1600	0.0000	0.0000	0.0000	0.0000;
./matpower/data/case_ACTIVSg10k.m:15904:	21300	21301	0.000998	0.05716	0	50	0	0	1	0	1	0	0	0.0000	0.0000	0.0000	0.0000	0.0000	0.0000	0.0000	0.0000;
./matpower/data/case_ACTIVSg10k.m:15990:	21372	21470	0.000933	0.0064	0.00151	220.73	0	0	0	0	1	0	0	-33.2300	16.0600	33.2400	-16.1300	0.0000	0.0000	0.0000	0.0000;
./matpower/data/case_ACTIVSg10k.m:16097:	23009	21446	0.004603	0.029551	0.02966	178.03	0	0	0	0	1	0	0	10.7700	-22.3200	-10.7400	19.4000	0.0000	0.0000	0.0000	0.0000;
./matpower/data/case_ACTIVSg10k.m:16194:	23009	21530	0.004949	0.030795	0.02199	175.45	0	0	0	0	1	0	0	5.4800	-4.5100	-5.4800	2.2500	0.0000	0.0000	0.0000	0.0000;
./matpower/data/case_ACTIVSg10k.m:16723:	23222	23319	0.014989	0.079496	0.04775	242.36	0	0	0	0	1	0	0	-71.9500	-15.8500	72.7400	15.0000	0.0000	0.0000	0.0000	0.0000;
./matpower/data/case_ACTIVSg10k.m:16859:	23321	23323	0.003966	0.12113	0	102.32	0	0	1	0	1	0	0	10.8000	-0.5300	-10.8000	0.6600	0.0000	0.0000	0.0000	0.0000;
./matpower/data/case_ACTIVSg10k.m:16860:	23322	23323	0.003966	0.12113	0	102.32	0	0	1	0	1	0	0	18.2200	-1.0800	-18.2100	1.4500	0.0000	0.0000	0.0000	0.0000;
./matpower/data/case_ACTIVSg10k.m:17014:	23482	23486	0.0001	0.001191	0	998.22	0	0	1	0	1	0	0	-71.9300	4.4300	71.9300	-4.3700	0.0000	0.0000	0.0000	0.0000;
./matpower/data/case_ACTIVSg10k.m:17117:	25057	25053	0.00129	0.005966	0.0101	220.23	0	0	0	0	1	0	0	-41.6000	14.7200	41.6200	-15.6900	0.0000	0.0000	0.0000	0.0000;
./matpower/data/case_ACTIVSg10k.m:17218:	25121	25143	0.001676	0.00966	0.01212	248.49	0	0	0	0	1	0	0	-100.4200	-24.3800	100.6000	24.1100	0.0000	0.0000	0.0000	0.0000;
./matpower/data/case_ACTIVSg10k.m:17340:	25208	25300	0.001949	0.011544	0.00449	204.43	0	0	0	0	1	0	0	21.6200	-11.9800	-21.6100	11.5900	0.0000	0.0000	0.0000	0.0000;
./matpower/data/case_ACTIVSg10k.m:17597:	25388	25528	0.000949	0.005665	0.0016	248.43	0	0	0	0	1	0	0	-108.8800	-20.7300	108.9900	21.2300	0.0000	0.0000	0.0000	0.0000;
./matpower/data/case_ACTIVSg10k.m:17605:	25490	25390	0.000966	0.006562	0.00881	291.25	0	0	0	0	1	0	0	109.0100	67.0700	-108.8700	-67.0400	0.0000	0.0000	0.0000	0.0000;
./matpower/data/case_ACTIVSg10k.m:17606:	25490	25390	0.000966	0.006562	0.00881	291.25	0	0	0	0	1	0	0	109.0100	67.0700	-108.8700	-67.0400	0.0000	0.0000	0.0000	0.0000;
./matpower/data/case_ACTIVSg10k.m:17607:	25490	25390	0.000966	0.006562	0.00881	291.25	0	0	0	0	1	0	0	109.0100	67.0700	-108.8700	-67.0400	0.0000	0.0000	0.0000	0.0000;
./matpower/data/case_ACTIVSg10k.m:17692:	25452	25488	0.000998	0.003887	0.00143	186.03	0	0	0	0	1	0	0	10.9000	-10.6700	-10.8900	10.5300	0.0000	0.0000	0.0000	0.0000;
./matpower/data/case_ACTIVSg10k.m:17717:	25471	26045	0.001652	0.009493	0.01407	258.1	0	0	0	0	1	0	0	-119.3100	-20.3900	119.5300	20.1800	0.0000	0.0000	0.0000	0.0000;
./matpower/data/case_ACTIVSg10k.m:17761:	25492	25494	0.009981	0.323978	0	50.93	0	0	1	0	1	0	0	0.0000	0.0000	0.0000	0.0000	0.0000	0.0000	0.0000	0.0000;
./matpower/data/case_ACTIVSg10k.m:17762:	25493	25494	0.009981	0.323978	0	50.93	0	0	1	0	1	0	0	0.0000	0.0000	0.0000	0.0000	0.0000	0.0000	0.0000	0.0000;
./matpower/data/case_ACTIVSg10k.m:18015:	25674	25677	0.001933	0.105649	0	565.72	0	0	1	0	1	0	0	204.1700	79.9500	-203.2800	-31.5400	0.0000	0.0000	0.0000	0.0000;
./matpower/data/case_ACTIVSg10k.m:18078:	25723	28084	0.000949	0.005307	0.00143	214.01	0	0	0	0	1	0	0	36.2800	29.8000	-36.2600	-29.8400	0.0000	0.0000	0.0000	0.0000;
./matpower/data/case_ACTIVSg10k.m:18360:	25935	25934	0.00047	0.029335	0	371.28	0	0	1.0125	0	1	0	0	-54.3800	-48.5600	54.4100	50.0700	0.0000	0.0000	0.0000	0.0000;
./matpower/data/case_ACTIVSg10k.m:18403:	25974	25975	0.001966	0.060503	0	171.6	0	0	1	0	1	0	0	-131.6600	29.4500	132.0000	-19.0100	0.0000	0.0000	0.0000	0.0000;
./matpower/data/case_ACTIVSg10k.m:18594:	26144	26143	0.000553	0.039499	0	356.68	0	0	1	0	1	0	0	-70.7300	8.5600	70.7500	-6.6900	0.0000	0.0000	0.0000	0.0000;
./matpower/data/case_ACTIVSg10k.m:18610:	26160	26166	0.00011	0.009336	0	1654.12	0	0	1	0	1	0	0	-298.6900	41.4100	298.7800	-33.3000	0.0000	0.0000	0.0000	0.0000;
./matpower/data/case_ACTIVSg10k.m:19038:	28286	28849	0.0024	0.010149	0.00966	273.12	0	0	0	0	1	0	0	-143.3400	-22.6200	143.8200	23.6500	0.0000	0.0000	0.0000	0.0000;
./matpower/data/case_ACTIVSg10k.m:19119:	28343	28460	0.000836	0.008933	0.25586	1326.6	0	0	0	0	1	0	0	-406.8800	-69.9100	408.2500	57.9000	0.0000	0.0000	0.0000	0.0000;
./matpower/data/case_ACTIVSg10k.m:19513:	29038	28654	0.006121	0.029492	0.0159	247.44	0	0	0	0	1	0	0	83.1900	5.5500	-82.7900	-5.3100	0.0000	0.0000	0.0000	0.0000;
./matpower/data/case_ACTIVSg10k.m:19540:	28674	28948	0.019488	0.099499	0.12665	244.81	0	0	0	0	1	0	0	-73.1100	-3.3000	74.1100	-4.9500	0.0000	0.0000	0.0000	0.0000;
./matpower/data/case_ACTIVSg10k.m:19582:	28705	29023	0.004627	0.025614	0.04998	208.02	0	0	0	0	1	0	0	-27.3800	-3.0500	27.4100	-1.9800	0.0000	0.0000	0.0000	0.0000;
./matpower/data/case_ACTIVSg10k.m:19683:	28782	28781	8.5e-05	0.006933	0	1722.57	0	0	1.00625	0	1	0	0	-704.5800	-118.9100	705.0000	153.4300	0.0000	0.0000	0.0000	0.0000;
./matpower/data/case_ACTIVSg10k.m:19684:	28782	28781	8.5e-05	0.006933	0	1722.57	0	0	1.00625	0	1	0	0	-704.5800	-118.9100	705.0000	153.4300	0.0000	0.0000	0.0000	0.0000;
./matpower/data/case_ACTIVSg10k.m:19685:	28782	28781	8.5e-05	0.006933	0	1722.57	0	0	1.00625	0	1	0	0	-704.5800	-118.9100	705.0000	153.4300	0.0000	0.0000	0.0000	0.0000;
./matpower/data/case_ACTIVSg10k.m:19804:	28881	28989	0.029336	0.224669	0.11529	202.95	0	0	0	0	1	0	0	-22.3400	-4.6200	22.4700	-6.8100	0.0000	0.0000	0.0000	0.0000;
./matpower/data/case_ACTIVSg10k.m:19974:	29076	29078	-0.000933	-0.047093	0	511.2	0	0	1	0	1	0	0	-235.3300	-13.2200	234.8200	-12.4000	0.0000	0.0000	0.0000	0.0000;
./matpower/data/case_ACTIVSg10k.m:20024:	30046	30031	0.001949	0.010723	0.00696	260.2	0	0	0	0	1	0	0	21.1200	68.7800	-21.0200	-69.0200	0.0000	0.0000	0.0000	0.0000;
./matpower/data/case_ACTIVSg10k.m:20125:	30116	30101	0.001199	0.006892	0.00933	231.63	0	0	0	0	1	0	0	18.4300	10.3000	-18.4200	-11.2200	0.0000	0.0000	0.0000	0.0000;
./matpower/data/case_ACTIVSg10k.m:20172:	30130	30197	0.001949	0.012358	0.01151	290.15	0	0	0	0	1	0	0	-89.3500	-10.8900	89.5000	10.6900	0.0000	0.0000	0.0000	0.0000;
./matpower/data/case_ACTIVSg10k.m:20224:	30171	30378	0.000841	0.009339	0.14897	1244.21	0	0	0	0	1	0	0	-282.6700	-88.1700	283.3900	80.7500	0.0000	0.0000	0.0000	0.0000;
./matpower/data/case_ACTIVSg10k.m:20279:	30208	30355	0.000553	0.006933	0.1531	950.25	0	0	0	0	1	0	0	-35.5300	-39.1700	35.5400	23.5700	0.0000	0.0000	0.0000	0.0000;
./matpower/data/case_ACTIVSg10k.m:20289:	30216	30223	0.001325	0.009661	0.05778	247.34	0	0	0	0	1	0	0	-29.7100	6.3900	29.7300	-12.2400	0.0000	0.0000	0.0000	0.0000;
./matpower/data/case_ACTIVSg10k.m:20564:	40005	40003	0.005867	0.024431	0.00949	167.84	0	0	0	0	1	0	0	55.0800	-1.2800	-54.9100	1.0000	0.0000	0.0000	0.0000	0.0000;
./matpower/data/case_ACTIVSg10k.m:20808:	40151	40150	0.000221	0.014443	0	998.89	0	0	1.04375	0	1	0	0	-456.3600	-138.5800	456.8700	172.3300	0.0000	0.0000	0.0000	0.0000;
./matpower/data/case_ACTIVSg10k.m:20902:	40191	40207	0.001949	0.008114	0.00187	274.88	0	0	0	0	1	0	0	92.9000	8.7300	-92.7400	-8.2500	0.0000	0.0000	0.0000	0.0000;
./matpower/data/case_ACTIVSg10k.m:21007:	40261	40263	4.1e-05	0.003389	0	966.58	0	0	1	0	1	0	0	-287.7200	-4.1600	287.7500	6.9300	0.0000	0.0000	0.0000	0.0000;
./matpower/data/case_ACTIVSg10k.m:21223:	40413	40440	0.006933	0.029207	0.00536	178.9	0	0	0	0	1	0	0	-75.6400	-54.8400	76.2200	56.7100	0.0000	0.0000	0.0000	0.0000;
./matpower/data/case_ACTIVSg10k.m:21280:	40821	40459	0.001826	0.009331	0.00153	211.48	0	0	0	0	1	0	0	94.3900	13.1400	-94.2400	-12.5000	0.0000	0.0000	0.0000	0.0000;
./matpower/data/case_ACTIVSg10k.m:21281:	40821	40459	0.001826	0.009331	0.00153	211.48	0	0	0	0	1	0	0	94.3900	13.1400	-94.2400	-12.5000	0.0000	0.0000	0.0000	0.0000;
./matpower/data/case_ACTIVSg10k.m:21282:	40821	40459	0.001826	0.009331	0.00153	211.48	0	0	0	0	1	0	0	94.3900	13.1400	-94.2400	-12.5000	0.0000	0.0000	0.0000	0.0000;
./matpower/data/case_ACTIVSg10k.m:21294:	40469	40504	0.014534	0.051747	0.03933	148.86	0	0	0	0	1	0	0	29.1600	-4.3800	-29.0400	0.7700	0.0000	0.0000	0.0000	0.0000;
./matpower/data/case_ACTIVSg10k.m:21365:	40518	40517	0.000221	0.012813	0	998.73	0	0	1	0	1	0	0	-450.6500	-29.0900	451.0900	54.3100	0.0000	0.0000	0.0000	0.0000;
./matpower/data/case_ACTIVSg10k.m:21412:	40544	40558	0.008158	0.029493	0.01605	156.68	0	0	0	0	1	0	0	-35.5600	-17.7000	35.6900	16.4700	0.0000	0.0000	0.0000	0.0000;
./matpower/data/case_ACTIVSg10k.m:21554:	40656	40682	0.019334	0.084513	0.07831	157.4	0	0	0	0	1	0	0	-24.7800	-9.2900	24.9000	1.6500	0.0000	0.0000	0.0000	0.0000;
./matpower/data/case_ACTIVSg10k.m:21600:	40692	40690	0.024338	0.09933	0.02467	163.6	0	0	0	0	1	0	0	-42.8400	6.4500	43.3000	-7.1300	0.0000	0.0000	0.0000	0.0000;
./matpower/data/case_ACTIVSg10k.m:21727:	40794	40802	0.000117	0.009989	0	1428.3	0	0	1	0	1	0	0	-182.7500	9.0900	182.7900	-5.9200	0.0000	0.0000	0.0000	0.0000;
./matpower/data/case_ACTIVSg10k.m:21742:	40809	40817	0.000247	0.019666	0	601.63	0	0	1.025	0	1	0	0	-73.9800	-36.4600	74.0000	37.8200	0.0000	0.0000	0.0000	0.0000;
./matpower/data/case_ACTIVSg10k.m:21752:	40819	40828	0.000134	0.009334	0	1275.18	0	0	1	0	1	0	0	-120.4900	-10.0200	120.5100	11.3200	0.0000	0.0000	0.0000	0.0000;
./matpower/data/case_ACTIVSg10k.m:21871:	40922	40925	0.000185	0.01329	0	998.6	0	0	1	0	1	0	0	-218.5900	16.5500	218.6700	-10.7100	0.0000	0.0000	0.0000	0.0000;
./matpower/data/case_ACTIVSg10k.m:22062:	50197	50073	0.005113	0.036524	0.02998	252.07	0	0	0	0	1	0	0	22.1400	-6.7200	-22.1100	3.7900	0.0000	0.0000	0.0000	0.0000;
./matpower/data/case_ACTIVSg10k.m:22119:	50116	50263	0.000166	0.002949	0.3562	2540.47	0	0	0	0	1	0	0	-342.6800	149.4300	342.9100	-182.7800	0.0000	0.0000	0.0000	0.0000;
./matpower/data/case_ACTIVSg10k.m:22124:	50117	50169	0.000966	0.00563	0.004	238.12	0	0	0	0	1	0	0	-39.9800	5.5400	39.9900	-5.8700	0.0000	0.0000	0.0000	0.0000;
./matpower/data/case_ACTIVSg10k.m:22206:	50177	50257	0.003495	0.01998	0.02452	283.37	0	0	0	0	1	0	0	76.1000	0.2600	-75.9000	-1.7000	0.0000	0.0000	0.0000	0.0000;
./matpower/data/case_ACTIVSg10k.m:22290:	50240	50247	0.001933	0.01364	0.00756	301.16	0	0	0	0	1	0	0	101.5300	14.8000	-101.3400	-14.2300	0.0000	0.0000	0.0000	0.0000;
./matpower/data/case_ACTIVSg10k.m:22347:	50292	50299	0.004966	0.030062	0.03016	240.03	0	0	0	0	1	0	0	-22.6900	2.7000	22.7200	-5.6400	0.0000	0.0000	0.0000	0.0000;
./matpower/data/case_ACTIVSg10k.m:22458:	50406	50388	0.001232	0.019664	1.51382	2971.09	0	0	0	0	1	0	0	-574.8800	-17.8400	578.7900	-79.8300	0.0000	0.0000	0.0000	0.0000;
./matpower/data/case_ACTIVSg10k.m:22461:	50389	50394	0.003933	0.024218	0.06021	298.44	0	0	0	0	1	0	0	-50.6500	10.3700	50.7500	-16.3700	0.0000	0.0000	0.0000	0.0000;
./matpower/data/case_ACTIVSg10k.m:22590:	53057	53045	0.006819	0.029662	0.11808	167.2	0	0	0	0	1	0	0	-48.1100	-8.7600	48.2700	-2.4300	0.0000	0.0000	0.0000	0.0000;
./matpower/data/case_ACTIVSg10k.m:22612:	53065	53249	0.005563	0.02998	0.01999	140.73	0	0	0	0	1	0	0	14.2800	-1.1500	-14.2700	-0.8800	0.0000	0.0000	0.0000	0.0000;
./matpower/data/case_ACTIVSg10k.m:22700:	53131	53146	0.003862	0.019982	0.00494	162.98	0	0	0	0	1	0	0	35.6600	19.4900	-35.6000	-19.6800	0.0000	0.0000	0.0000	0.0000;
./matpower/data/case_ACTIVSg10k.m:22850:	53250	53253	0.00015	0.01368	0	949.52	0	0	0.99375	0	1	0	0	-215.7100	-61.2600	215.7900	67.7900	0.0000	0.0000	0.0000	0.0000;
./matpower/data/case_ACTIVSg10k.m:22929:	60007	60032	0.019667	0.104643	0.02783	125.73	0	0	0	0	1	0	0	6.8900	-0.6600	-6.8800	-2.2300	0.0000	0.0000	0.0000	0.0000;
./matpower/data/case_ACTIVSg10k.m:23041:	60101	60090	0.039493	0.164394	0.0311	140.74	0	0	0	0	1	0	0	-12.4400	3.7100	12.5100	-6.6800	0.0000	0.0000	0.0000	0.0000;
./matpower/data/case_ACTIVSg10k.m:23246:	60236	60773	0.002119	0.009983	0.03893	204.17	0	0	0	0	1	0	0	-66.9300	-15.5400	67.0300	11.9600	0.0000	0.0000	0.0000	0.0000;
./matpower/data/case_ACTIVSg10k.m:23247:	60236	60773	0.002119	0.009983	0.03893	204.17	0	0	0	0	1	0	0	-66.9300	-15.5400	67.0300	11.9600	0.0000	0.0000	0.0000	0.0000;
./matpower/data/case_ACTIVSg10k.m:23248:	60236	60773	0.002119	0.009983	0.03893	204.17	0	0	0	0	1	0	0	-66.9300	-15.5400	67.0300	11.9600	0.0000	0.0000	0.0000	0.0000;
./matpower/data/case_ACTIVSg10k.m:23270:	60254	60826	0.005238	0.026815	0.00933	183.04	0	0	0	0	1	0	0	-73.5100	-18.7200	73.8000	19.2600	0.0000	0.0000	0.0000	0.0000;
./matpower/data/case_ACTIVSg10k.m:23304:	60272	60838	0.0023	0.00949	0.00454	296.27	0	0	0	0	1	0	0	-138.9800	-46.4300	139.4600	47.9400	0.0000	0.0000	0.0000	0.0000;
./matpower/data/case_ACTIVSg10k.m:23373:	60312	60401	0.006966	0.028772	0.06565	169.39	0	0	0	0	1	0	0	47.2800	-19.4300	-47.1100	13.3500	0.0000	0.0000	0.0000	0.0000;
./matpower/data/case_ACTIVSg10k.m:23606:	60478	60715	0.011965	0.039668	0.00705	180.9	0	0	0	0	1	0	0	-75.6500	-17.9900	76.3600	19.6000	0.0000	0.0000	0.0000	0.0000;
./matpower/data/case_ACTIVSg10k.m:23820:	60630	60632	0.003966	0.030047	0.08562	432.68	0	0	0	0	1	0	0	-36.2600	-21.0200	36.3200	12.3400	0.0000	0.0000	0.0000	0.0000;
./matpower/data/case_ACTIVSg10k.m:23908:	60682	60686	0.000159	0.008195	0	966.3	0	0	1.0125	0	1	0	0	-57.0300	-32.4500	57.0300	32.7900	0.0000	0.0000	0.0000	0.0000;
./matpower/data/case_ACTIVSg10k.m:23911:	60682	60689	0.000178	0.01422	0	949.62	0	0	1	0	1	0	0	0.0000	0.0000	0.0000	0.0000	0.0000	0.0000	0.0000	0.0000;
./matpower/data/case_ACTIVSg10k.m:23956:	60718	60748	0.000933	0.014273	1.51448	2830.13	0	0	0	0	1	0	0	-485.0900	-156.4800	487.2000	24.8100	0.0000	0.0000	0.0000	0.0000;
./matpower/data/case_ACTIVSg10k.m:23972:	60725	60729	0.002966	0.092073	0	109.62	0	0	1	0	1	0	0	-11.6200	-5.2900	11.6200	5.4400	0.0000	0.0000	0.0000	0.0000;
./matpower/data/case_ACTIVSg10k.m:24198:	70023	70026	0.016618	0.099529	0.03998	175.61	0	0	0	0	1	0	0	34.7800	-6.1200	-34.5900	3.0100	0.0000	0.0000	0.0000	0.0000;
./matpower/data/case_ACTIVSg10k.m:24558:	74122	77160	0.037546	0.192324	0.05933	198.15	0	0	0	0	1	0	0	13.6400	-6.7600	-13.5700	0.7100	0.0000	0.0000	0.0000	0.0000;
./matpower/data/case_ACTIVSg10k.m:24627:	74168	74167	0.000398	0.019665	0	350.27	0	0	1	0	1	0	0	-34.9000	20.4500	34.9000	-20.1300	0.0000	0.0000	0.0000	0.0000;
./matpower/data/case_ACTIVSg10k.m:24803:	77198	77005	0.019331	0.115419	0.1075	265.27	0	0	0	0	1	0	0	62.2700	-15.1600	-61.5400	8.1400	0.0000	0.0000	0.0000	0.0000;
./matpower/data/case_ACTIVSg10k.m:24914:	77086	77231	0.009988	0.057917	0.02822	185.97	0	0	0	0	1	0	0	-19.1400	-4.5200	19.1700	1.6500	0.0000	0.0000	0.0000	0.0000;
./matpower/data/case_ACTIVSg10k.m:25024:	77184	77180	0.00949	0.056897	0.07977	248.91	0	0	0	0	1	0	0	-58.0300	14.3400	58.3600	-20.6800	0.0000	0.0000	0.0000	0.0000;
./matpower/data/case_ACTIVSg10k.m:25162:	80020	80033	0.005966	0.018509	0.00673	172.04	0	0	0	0	1	0	0	60.6200	-6.2800	-60.4100	6.2300	0.0000	0.0000	0.0000	0.0000;
./matpower/data/case_ACTIVSg10k.m:25164:	80021	80025	0.005394	0.023212	0.03949	135.93	0	0	0	0	1	0	0	-12.9200	-38.8100	13.0000	34.9400	0.0000	0.0000	0.0000	0.0000;
./matpower/data/case2869pegase.m:130:	199	1	86.8	28.4	0	1.34	0	1.011196	0.998875	150	8	1.1	0.9;
./matpower/data/case2869pegase.m:340:	883	1	192.5	78.3	0	6.65	0	1.019167	-10.099494	220	5	1.1	0.9;
./matpower/data/case2869pegase.m:370:	970	1	62.27	-2.1	0	8.01	0	1.019331	-42.032228	220	4	1.1	0.9;
./matpower/data/case2869pegase.m:494:	1343	1	-0	-0	0	58.3	0	0.998625	-14.148042	380	5	1.1	0.9;
./matpower/data/case2869pegase.m:509:	1397	1	0	-0	0	2.14	0	1.039499	-12.885891	220	5	1.1	0.9;
./matpower/data/case2869pegase.m:698:	1974	1	241.9	38.8	0	12.46	0	0.966737	-43.95225	220	10	1.1	0.9;
./matpower/data/case2869pegase.m:738:	2107	2	0	0	0	0	0	1.048234	-0.02966	380	2	1.1	0.9;
./matpower/data/case2869pegase.m:805:	2341	1	-0	0	0	3.28	0	1.059334	-26.086007	220	5	1.1	0.9;
./matpower/data/case2869pegase.m:858:	2518	1	-5.29	-1.91	0	42.622979	0	0.998925	-11.524637	380	5	1.1	0.9;
./matpower/data/case2869pegase.m:907:	2719	2	0	0	0	0	0	1.039499	-15.429073	220	5	1.1	0.9;
./matpower/data/case2869pegase.m:924:	2770	1	85.39	14.3	0	0.35	0	1.049338	-9.678721	220	5	1.1	0.9;
./matpower/data/case2869pegase.m:943:	2841	2	0	0	0	0	0	1.079986	-26.265078	220	5	1.1	0.9;
./matpower/data/case2869pegase.m:947:	2848	1	453.23	139.16	0	25.583218	0	0.998548	-7.849319	380	5	1.1	0.9;
./matpower/data/case2869pegase.m:1048:	3137	1	0	-0	0	0.03	0	1.059334	-26.086008	220	5	1.1	0.9;
./matpower/data/case2869pegase.m:1106:	3331	1	-0	-0	0	4.56	0	1.019496	-10.181699	220	5	1.1	0.9;
./matpower/data/case2869pegase.m:1125:	3391	1	302.5	65.1	0	8.87	0	1.058582	-20.966447	220	5	1.1	0.9;
./matpower/data/case2869pegase.m:1143:	3445	1	-7.63	-4.3	0	94.00001	0	0.998626	-5.886772	380	5	1.1	0.9;
./matpower/data/case2869pegase.m:1267:	3821	2	0	0	0	0	0	1.029497	-38.598952	220	4	1.1	0.9;
./matpower/data/case2869pegase.m:1408:	4300	1	81.49	25.1	0	0.36	0	0.998948	-16.239304	220	5	1.1	0.9;
./matpower/data/case2869pegase.m:1540:	4735	1	0	0	0	13.59	0	0.998166	-44.27649	380	1	1.1	0.9;
./matpower/data/case2869pegase.m:1581:	4868	1	2.2	0.5	0	2.88	0	0.998971	-47.459828	150	10	1.1	0.9;
./matpower/data/case2869pegase.m:1980:	6203	1	14.02	5.6	0	2.34	0	1.069499	-27.392683	220	5	1.1	0.9;
./matpower/data/case2869pegase.m:1986:	6224	1	0	0	0	58.990785	0	0.998228	-12.912978	380	5	1.1	0.9;
./matpower/data/case2869pegase.m:2198:	6883	1	0	-0	0	12.4	0	1.059988	-39.977279	380	1	1.1	0.9;
./matpower/data/case2869pegase.m:2219:	6949	1	35.44	5.3	0	2.24	0	1.029331	-53.544619	220	4	1.1	0.9;
./matpower/data/case2869pegase.m:2279:	7138	1	150.2	51.6	0	2.79	0	0.998265	-4.445181	150	8	1.1	0.9;
./matpower/data/case2869pegase.m:2305:	7236	1	0	0	0	1.99	0	0.966439	-43.680938	220	10	1.1	0.9;
./matpower/data/case2869pegase.m:2408:	7561	1	0	0	0	20.54	0	0.998171	-4.519251	380	1	1.1	0.9;
./matpower/data/case2869pegase.m:2435:	7637	1	0	0	0.29	6.18	0	0.998893	18.51968	380	2	1.1	0.9;
./matpower/data/case2869pegase.m:2720:	8574	1	-0	0	0.447839	20.994738	0	0.99818	-3.765849	380	2	1.1	0.9;
./matpower/data/case2869pegase.m:2780:	8787	1	22.83	8	0	3.71	0	1.066321	-17.009493	220	5	1.1	0.9;
./matpower/data/case2869pegase.m:2834:	8921	1	0	0	0	16.37	0	0.998492	-2.950962	380	2	1.1	0.9;
./matpower/data/case2869pegase.m:2913:	9140	2	0	0	0	0	0	1.049339	-5.241785	220	5	1.1	0.9;
./matpower/data/case2869pegase.m:2920:	9164	1	7.71	2.4	0	6.93	0	0.998782	-19.437343	220	5	1.1	0.9;
./matpower/data/case2869pegase.m:3093:	2719	77.6	-16.82	70.15	-58.1	1.039499	100	1	196.72	0	0	0	0	0	0	0	0	0	0	0	0;
./matpower/data/case2869pegase.m:3101:	2841	80.7	-3.32	55.98	-18.76	1.079986	100	1	120	0	0	0	0	0	0	0	0	0	0	0	0;
./matpower/data/case2869pegase.m:3165:	3821	292	-39.5	165.76	-79.17	1.029497	100	1	400	133.33	0	0	0	0	0	0	0	0	0	0	0;
./matpower/data/case2869pegase.m:3452:	9140	-37.2	35.2	73.19	-26.48	1.049339	100	1	100	-49.6	0	0	0	0	0	0	0	0	0	0	0;
./matpower/data/case2869pegase.m:3590:	3506	2908	0.006458	0.039982	0	0	0	0	0	0	1	-360	360;
./matpower/data/case2869pegase.m:3791:	2471	8888	0.00949	0.05145	0	476	0	0	0	0	1	-360	360;
./matpower/data/case2869pegase.m:3800:	6292	2658	0.009711	0.059669	0	400	0	0	0	0	1	-360	360;
./matpower/data/case2869pegase.m:3820:	3193	1133	0.00236	0.01933	0	1185	0	0	0	0	1	-360	360;
./matpower/data/case2869pegase.m:4178:	699	2951	0.00169	0.009331	0	0	0	0	0	0	1	-360	360;
./matpower/data/case2869pegase.m:4295:	2437	7029	0.00238	0.01949	0	1645	0	0	0	0	1	-360	360;
./matpower/data/case2869pegase.m:4369:	3111	3689	0.009669	0.05649	0	0	0	0	0	0	1	-360	360;
./matpower/data/case2869pegase.m:4435:	4428	5276	0.00143	0.009331	0	0	0	0	0	0	1	-360	360;
./matpower/data/case2869pegase.m:4502:	249	5290	0.00949	0.06625	0	0	0	0	0	0	1	-360	360;
./matpower/data/case2869pegase.m:4927:	59	5764	0.00339	0.019669	0	572	0	0	0	0	1	-360	360;
./matpower/data/case2869pegase.m:5021:	8860	7700	0.001219	0.00949	0	495	0	0	0	0	1	-360	360;
./matpower/data/case2869pegase.m:5027:	3985	6376	0.004289	0.019331	0	0	0	0	0	0	1	-360	360;
./matpower/data/case2869pegase.m:5212:	7691	4231	0.00105	0.00966	0	1909	0	0	0	0	1	-360	360;
./matpower/data/case2869pegase.m:5555:	3391	115	0.001229	0.009669	0	629	0	0	0	0	1	-360	360;
./matpower/data/case2869pegase.m:5573:	804	6744	0.001729	0.019331	0	476	0	0	0	0	1	-360	360;
./matpower/data/case2869pegase.m:6050:	7148	5610	0.00262	0.019669	0	533	0	0	0	0	1	-360	360;
./matpower/data/case2869pegase.m:6367:	4738	3656	0.009669	0.03513	0	0	0	0	0	0	1	-360	360;
./matpower/data/case2869pegase.m:6444:	805	8310	0.004039	0.029669	0	591	0	0	0	0	1	-360	360;
./matpower/data/case2869pegase.m:6509:	7394	7575	0.004	0.019339	0	0	0	0	0	0	1	-360	360;
./matpower/data/case2869pegase.m:7358:	5825	6415	0.004901	0.02949	0	533	0	0	0	0	1	-360	360;
./matpower/data/case2869pegase.m:7512:	9024	6542	0.000793	0.06388	0	0	0	0	0.998418	0	1	-360	360;
./matpower/data/case2869pegase.m:7513:	6069	9192	0.000609	0.046809	0	691	0	0	0.933053	0	1	-360	360;
./matpower/data/case2869pegase.m:7516:	8574	2299	0.000559	0.039982	0	0	0	0	0.919523	0	1	-360	360;
./matpower/data/case2869pegase.m:7554:	317	2449	0.000616	0.048759	0	658	0	0	0.933053	0	1	-360	360;
./matpower/data/case2869pegase.m:7558:	2520	4665	0.000649	0.044862	0	691	0	0	0.933053	0	1	-360	360;
./matpower/data/case2869pegase.m:7603:	739	1393	0.000556	0.033053	0	0	0	0	0.998185	0	1	-360	360;
./matpower/data/case2869pegase.m:7604:	2235	8512	0.000508	0.028375	0	0	0	0	0.998185	0	1	-360	360;
./matpower/data/case2869pegase.m:7622:	849	3840	0.000506	0.031833	0	0	0	0	0.998185	0	1	-360	360;
./matpower/data/case2869pegase.m:7633:	5884	8207	0.000197	0.019495	0	691	0	0	0.991986	0	1	-360	360;
./matpower/data/case2869pegase.m:7661:	3662	8242	0.000489	0.032074	0	0	0	0	0.998185	0	1	-360	360;
./matpower/data/case2869pegase.m:7698:	7267	4918	0.000344	0.029336	0	691	0	0	0.93617	0	1	-360	360;
./matpower/data/case2869pegase.m:7780:	1754	3857	0.000334	0.029986	0	691	0	0	0.93617	0	1	-360	360;
./matpower/data/case2869pegase.m:7818:	1027	7148	0.000344	0.029667	0	691	0	0	0.93617	0	1	-360	360;
./matpower/data/case2869pegase.m:7859:	5837	1448	0.000323	0.029986	0	691	0	0	0.93617	0	1	-360	360;
./matpower/data/case2869pegase.m:7868:	4734	2229	0.000302	0.029667	0	691	0	0	0.93617	0	1	-360	360;
./matpower/data/case2869pegase.m:7886:	1730	115	0.000344	0.029986	0	691	0	0	0.93617	0	1	-360	360;
./matpower/data/case2383wp.m:793:	759	1	6.89	1	0	0	1	1.0725503	-14.200933	110	2	1.12	0.95;
./matpower/data/case2383wp.m:1014:	980	1	6.89	2.02	0	0	1	1.0693353	-10.710868	110	3	1.12	0.95;
./matpower/data/case2383wp.m:1211:	1177	1	11.09	0	0	0	1	1.1013604	-7.2507933	110	3	1.12	0.95;
./matpower/data/case2383wp.m:1275:	1241	1	9.89	3.16	0	0	1	1.0886424	-3.5019332	110	3	1.12	0.95;
./matpower/data/case2383wp.m:1373:	1339	1	2.3	0.7	0	0	1	1.0794987	-10.539714	110	3	1.12	0.95;
./matpower/data/case2383wp.m:1790:	1756	1	7.58	2.1	0	0	1	0.99818559	-33.820492	110	4	1.12	0.95;
./matpower/data/case2383wp.m:1803:	1769	1	19.56	8.5	0	0	1	1.0994934	-33.523663	110	4	1.12	0.95;
./matpower/data/case2383wp.m:1926:	1892	1	5.39	1	0	0	1	1.1049665	-27.013118	110	4	1.12	0.95;
./matpower/data/case2383wp.m:2136:	2102	1	5.5	1.7	0	0	1	1.0699804	-40.46115	110	4	1.12	0.95;
./matpower/data/case2383wp.m:2321:	2287	1	14.29	3.3	0	0	1	1.0693383	-31.832696	110	5	1.12	0.95;
./matpower/data/case2383wp.m:2909:	110	62	0.00083	0.0062	0.00949	464	464	464	0	0	1	-360	360;
./matpower/data/case2383wp.m:2915:	79	64	0.00351	0.02438	0.03998	362	362	362	0	0	1	-360	360;
./matpower/data/case2383wp.m:3546:	502	499	0.00083	0.00372	0.01949	144	144	144	0	0	1	-360	360;
./matpower/data/case2383wp.m:3701:	665	615	0.05736	0.10083	0.00949	108	108	108	0	0	1	-360	360;
./matpower/data/case2383wp.m:3848:	781	755	0.02868	0.09281	0.00949	108	108	108	0	0	1	-360	360;
./matpower/data/case2383wp.m:4590:	1313	1265	0.02893	0.1	0.00966	114	114	114	0	0	1	-360	360;
./matpower/data/case2383wp.m:5014:	1981	1730	0.05124	0.08182	0.00949	90	90	90	0	0	1	-360	360;
./matpower/data/case2383wp.m:5158:	1926	1853	0.01475	0.04998	0.00495	90	90	90	0	0	1	-360	360;
./matpower/data/case2383wp.m:5565:	2310	2244	0.02901	0.09438	0.00966	76	76	76	0	0	1	-360	360;
./matpower/data/case3120sp.m:3830:	154	158	0.00514	0.03826	0.05933	231	231	231	0	0	1	-360	360;
./matpower/data/case3120sp.m:3954:	1658	122	0.00167	0.09275	-0.003	160	160	160	0.99807	0	1	-360	360;
./matpower/data/case3120sp.m:4532:	1000	998	0.01636	0.05306	0.00542	90	90	90	0	0	1	-360	360;
./matpower/data/case3120sp.m:4661:	1060	949	0.01992	0.03711	0.00351	118	118	118	0	0	1	-360	360;
./matpower/data/case3120sp.m:4726:	1123	1087	0.02868	0.09281	0.00949	58	58	58	0	0	1	-360	360;
./matpower/data/case3120sp.m:4789:	983	925	0.05736	0.10083	0.00949	79	79	79	0	0	1	-360	360;
./matpower/data/case3120sp.m:4916:	1411	1739	0.02826	0.0924	0.00933	99	99	99	0	0	1	-360	360;
./matpower/data/case3120sp.m:5438:	2134	1761	0.05	0.0781	0.00933	39	39	39	0	0	1	-360	360;
./matpower/data/case3120sp.m:5934:	2504	2578	0.01475	0.04998	0.00495	78	78	78	0	0	1	-360	360;
./matpower/data/case3120sp.m:5981:	2243	2449	0.01395	0.03998	0.00401	69	69	69	0	0	1	-360	360;
./matpower/data/case3120sp.m:6022:	2732	2324	0.03224	0.06998	0.00678	78	78	78	0	0	1	-360	360;
./matpower/data/case3120sp.m:6107:	2636	2370	0.05124	0.08182	0.00949	78	78	78	0	0	1	-360	360;
./matpower/data/case3120sp.m:6321:	3011	2940	0.02901	0.09438	0.00966	123	123	123	0	0	1	-360	360;
./matpower/data/case3120sp.m:6406:	2918	3073	0.03678	0.09347	0.00949	120	120	120	0	0	1	-360	360;
./matpower/data/case_ACTIVSg70k.m:491:	438	1	2.37	0.24	0	0	1	1.0456713	-128.603933	115	1	1.1	0.9	63.9500	0.0000	0.0000	0.0000;
./matpower/data/case_ACTIVSg70k.m:652:	599	1	2.65	1.46	0	0	1	1.0490556	-125.079988	115	1	1.1	0.9	63.9500	0.0000	0.0000	0.0000;
./matpower/data/case_ACTIVSg70k.m:1335:	1282	1	0	0	0	0	2	1.0394975	-135.666088	13.8	1	1.1	0.9	63.9500	0.0000	0.0000	0.0000;
./matpower/data/case_ACTIVSg70k.m:1336:	1283	1	0	0	0	0	2	1.0394975	-135.666088	1	1	1.1	0.9	63.9500	0.0000	0.0000	0.0000;
./matpower/data/case_ACTIVSg70k.m:1350:	1297	1	0	0	0	0	2	1.039338	-135.752241	115	1	1.1	0.9	63.9500	0.0000	0.0000	0.0000;
./matpower/data/case_ACTIVSg70k.m:2105:	2052	1	0	0	0	0	3	1.0399856	-129.521339	115	1	1.1	0.9	63.9500	0.0000	0.0000	0.0000;
./matpower/data/case_ACTIVSg70k.m:2159:	2106	1	0	0	0	0	3	1.0415373	-129.049495	115	1	1.1	0.9	63.9500	0.0000	0.0000	0.0000;
./matpower/data/case_ACTIVSg70k.m:2274:	2221	1	1.92	0.3	0	0	3	1.0418093	-130.998329	115	1	1.1	0.9	63.9500	0.0000	0.0000	0.0000;
./matpower/data/case_ACTIVSg70k.m:2470:	2417	1	5.04	1.34	0	0	3	1.0393335	-133.391031	230	1	1.1	0.9	63.9500	0.0000	0.0000	0.0000;
./matpower/data/case_ACTIVSg70k.m:2538:	2485	2	0	0	0	0	3	1.0396627	-129.031943	115	1	1.1	0.9	63.9500	0.0000	0.0000	0.0000;
./matpower/data/case_ACTIVSg70k.m:2553:	2500	1	0	0	0	-121.03	3	1.0393313	-131.478567	500	1	1.1	0.9	63.9500	0.0000	0.0000	0.0000;
./matpower/data/case_ACTIVSg70k.m:2558:	2505	1	0	0	0	0	3	1.0393313	-131.478567	500	1	1.1	0.9	63.9500	0.0000	0.0000	0.0000;
./matpower/data/case_ACTIVSg70k.m:2577:	2524	2	0	0	0	0	3	1.0399832	-129.179776	115	1	1.1	0.9	63.9500	0.0000	0.0000	0.0000;
./matpower/data/case_ACTIVSg70k.m:2582:	2529	1	0	0	0	0	3	1.0399832	-129.179776	115	1	1.1	0.9	63.9500	0.0000	0.0000	0.0000;
./matpower/data/case_ACTIVSg70k.m:2768:	2715	1	0	0	0	0	4	1.0399824	-134.652343	230	1	1.1	0.9	63.9500	0.0000	0.0000	0.0000;
./matpower/data/case_ACTIVSg70k.m:2964:	2911	1	25.48	7.32	0	0	4	1.0393392	-138.838603	115	1	1.1	0.9	63.9500	0.0000	0.0000	0.0000;
./matpower/data/case_ACTIVSg70k.m:3093:	3040	1	5.72	2.14	0	0	4	1.0406966	-137.059869	115	1	1.1	0.9	63.9500	0.0000	0.0000	0.0000;
./matpower/data/case_ACTIVSg70k.m:3229:	3176	1	9.63	1.29	0	0	4	1.0396626	-137.355991	115	1	1.1	0.9	63.9500	0.0000	0.0000	0.0000;
./matpower/data/case_ACTIVSg70k.m:3292:	3239	1	2.1	0.14	0	0	4	1.0393373	-137.273098	115	1	1.1	0.9	63.9500	0.0000	0.0000	0.0000;
./matpower/data/case_ACTIVSg70k.m:3448:	3395	1	0	0	0	0	4	1.0396657	-139.118985	115	1	1.1	0.9	63.9500	0.0000	0.0000	0.0000;
./matpower/data/case_ACTIVSg70k.m:3449:	3396	1	0	0	0	0	4	1.0396657	-139.118985	13.8	1	1.1	0.9	63.9500	0.0000	0.0000	0.0000;
./matpower/data/case_ACTIVSg70k.m:3450:	3397	1	0	0	0	0	4	1.0396657	-139.118985	13.8	1	1.1	0.9	63.9500	0.0000	0.0000	0.0000;
./matpower/data/case_ACTIVSg70k.m:3451:	3398	1	0	0	0	0	4	1.0396657	-139.118985	1	1	1.1	0.9	63.9500	0.0000	0.0000	0.0000;
./matpower/data/case_ACTIVSg70k.m:3499:	3446	1	4.98	0.93	0	0	4	1.0402949	-137.991486	115	1	1.1	0.9	63.9500	0.0000	0.0000	0.0000;
./matpower/data/case_ACTIVSg70k.m:3593:	3540	1	0	0	0	0	4	1.0399837	-138.725862	115	1	1.1	0.9	63.9500	0.0000	0.0000	0.0000;
./matpower/data/case_ACTIVSg70k.m:3872:	3819	1	14.88	7.21	0	0	4	1.0442607	-137.104933	230	1	1.1	0.9	63.9500	0.0000	0.0000	0.0000;
./matpower/data/case_ACTIVSg70k.m:4180:	4127	1	0	0	0	0	4	1.0399854	-136.581257	115	1	1.1	0.9	63.9500	0.0000	0.0000	0.0000;
./matpower/data/case_ACTIVSg70k.m:4608:	4555	1	26.5	1.51	0	0	5	1.0396608	-137.72121	115	1	1.1	0.9	63.9500	0.0000	0.0000	0.0000;
./matpower/data/case_ACTIVSg70k.m:4663:	4610	1	0	0	0	0	5	1.0396697	-135.016988	230	1	1.1	0.9	63.9500	0.0000	0.0000	0.0000;
./matpower/data/case_ACTIVSg70k.m:4823:	4770	1	0	0	0	0	6	1.0296635	-149.999269	115	1	1.1	0.9	63.9500	0.0000	0.0000	0.0000;
./matpower/data/case_ACTIVSg70k.m:4887:	4834	1	0	0	0	0	6	1.0393378	-141.916906	230	1	1.1	0.9	63.9500	0.0000	0.0000	0.0000;
./matpower/data/case_ACTIVSg70k.m:4889:	4836	1	0	0	0	0	6	1.0396689	-141.854348	230	1	1.1	0.9	63.9500	0.0000	0.0000	0.0000;
./matpower/data/case_ACTIVSg70k.m:4939:	4886	1	0	0	0	0	6	1.0294957	-149.164069	115	1	1.1	0.9	63.9500	0.0000	0.0000	0.0000;
./matpower/data/case_ACTIVSg70k.m:4956:	4903	1	24.3	3.2	0	0	6	1.0393337	-140.621877	230	1	1.1	0.9	63.9500	0.0000	0.0000	0.0000;
./matpower/data/case_ACTIVSg70k.m:5322:	5269	1	7.99	2.13	0	0	6	1.0405949	-138.505178	115	1	1.1	0.9	63.9500	0.0000	0.0000	0.0000;
./matpower/data/case_ACTIVSg70k.m:5391:	5338	1	0	0	0	0	6	1.0394906	-139.642108	115	1	1.1	0.9	63.9500	0.0000	0.0000	0.0000;
./matpower/data/case_ACTIVSg70k.m:5453:	5400	1	0	0	0	0	6	1.0405966	-141.975151	230	1	1.1	0.9	63.9500	0.0000	0.0000	0.0000;
./matpower/data/case_ACTIVSg70k.m:5655:	5602	1	0	0	0	0	6	1.0394911	-137.906817	230	1	1.1	0.9	63.9500	0.0000	0.0000	0.0000;
./matpower/data/case_ACTIVSg70k.m:6098:	6045	1	18.96	2.27	0	0	7	1.0393388	-152.503581	161	1	1.1	0.9	63.9500	0.0000	0.0000	0.0000;
./matpower/data/case_ACTIVSg70k.m:6643:	6590	1	30.82	7.21	0	0	7	1.0293373	-153.835401	161	1	1.1	0.9	63.9500	0.0000	0.0000	0.0000;
./matpower/data/case_ACTIVSg70k.m:6715:	6662	1	11.97	3.12	0	0	7	1.0426686	-150.966576	161	1	1.1	0.9	63.9500	0.0000	0.0000	0.0000;
./matpower/data/case_ACTIVSg70k.m:7465:	7412	1	4.19	2.05	0	0	8	1.0469665	-135.039981	161	1	1.1	0.9	63.9500	0.0000	0.0000	0.0000;
./matpower/data/case_ACTIVSg70k.m:7489:	7436	1	0	0	0	0	8	1.0396669	-140.601278	161	1	1.1	0.9	63.9500	0.0000	0.0000	0.0000;
./matpower/data/case_ACTIVSg70k.m:7559:	7506	1	2.44	0.57	0	0	8	1.0478192	-140.998772	161	1	1.1	0.9	63.9500	0.0000	0.0000	0.0000;
./matpower/data/case_ACTIVSg70k.m:7565:	7512	1	0	0	0	0	8	1.0393342	-142.007965	161	1	1.1	0.9	63.9500	0.0000	0.0000	0.0000;
./matpower/data/case_ACTIVSg70k.m:7791:	7738	1	0	0	0	0	8	1.0508933	-142.03827	161	1	1.1	0.9	63.9500	0.0000	0.0000	0.0000;
./matpower/data/case_ACTIVSg70k.m:7815:	7762	1	0	0	0	0	8	1.0506966	-142.027582	161	1	1.1	0.9	63.9500	0.0000	0.0000	0.0000;
./matpower/data/case_ACTIVSg70k.m:7827:	7774	1	3.64	0.36	0	0	8	1.0500933	-141.877103	161	1	1.1	0.9	63.9500	0.0000	0.0000	0.0000;
./matpower/data/case_ACTIVSg70k.m:8130:	8077	1	3.65	1.58	0	0	8	1.0409933	-137.738225	161	1	1.1	0.9	63.9500	0.0000	0.0000	0.0000;
./matpower/data/case_ACTIVSg70k.m:8194:	8141	1	0	0	0	0	8	1.0506998	-128.857787	161	1	1.1	0.9	63.9500	0.0000	0.0000	0.0000;
./matpower/data/case_ACTIVSg70k.m:8304:	8251	1	0	0	0	0	8	1.0496663	-138.853403	161	1	1.1	0.9	63.9500	0.0000	0.0000	0.0000;
./matpower/data/case_ACTIVSg70k.m:8415:	8362	1	7.31	1.96	0	0	8	1.0399832	-129.820517	161	1	1.1	0.9	63.9500	0.0000	0.0000	0.0000;
./matpower/data/case_ACTIVSg70k.m:9266:	9213	1	21.49	4.08	0	0	8	1.047428	-140.966067	161	1	1.1	0.9	63.9500	0.0000	0.0000	0.0000;
./matpower/data/case_ACTIVSg70k.m:9386:	9333	1	3.12	0.73	0	0	8	1.0500933	-138.808405	161	1	1.1	0.9	63.9500	0.0000	0.0000	0.0000;
./matpower/data/case_ACTIVSg70k.m:9794:	9741	1	0	0	0	0	8	1.049665	-124.359769	161	1	1.1	0.9	63.9500	0.0000	0.0000	0.0000;
./matpower/data/case_ACTIVSg70k.m:10273:	10220	1	27.92	6.42	0	0	9	1.0396697	-153.181692	138	1	1.1	0.9	63.9500	0.0000	0.0000	0.0000;
./matpower/data/case_ACTIVSg70k.m:10405:	10352	1	0	0	0	0	9	1.0394924	-154.584023	138	1	1.1	0.9	63.9500	0.0000	0.0000	0.0000;
./matpower/data/case_ACTIVSg70k.m:10605:	10552	1	0	0	0	0	9	1.0396675	-153.788808	138	1	1.1	0.9	63.9500	0.0000	0.0000	0.0000;
./matpower/data/case_ACTIVSg70k.m:10766:	10713	1	0	0	0	-93.26	9	1.03616	-150.998755	345	1	1.1	0.9	63.9500	0.0000	0.0000	0.0000;
./matpower/data/case_ACTIVSg70k.m:10847:	10794	1	2.94	0.96	0	0	9	1.0332663	-154.501949	138	1	1.1	0.9	63.9500	0.0000	0.0000	0.0000;
./matpower/data/case_ACTIVSg70k.m:10942:	10889	1	26.97	6.85	0	0	9	1.029496	-153.883586	138	1	1.1	0.9	63.9500	0.0000	0.0000	0.0000;
./matpower/data/case_ACTIVSg70k.m:11031:	10978	1	0	0	0	0	9	1.0396689	-155.603843	138	1	1.1	0.9	63.9500	0.0000	0.0000	0.0000;
./matpower/data/case_ACTIVSg70k.m:11080:	11027	1	0	0	0	0	9	1.0409966	-150.34132	345	1	1.1	0.9	63.9500	0.0000	0.0000	0.0000;
./matpower/data/case_ACTIVSg70k.m:11403:	11350	1	44.02	3.88	0	0	9	1.0321524	-156.00949	138	1	1.1	0.9	63.9500	0.0000	0.0000	0.0000;
./matpower/data/case_ACTIVSg70k.m:11586:	11533	2	0	0	0	0	9	1.0396689	-153.970227	13.8	1	1.1	0.9	63.9500	0.0000	0.0000	0.0000;
./matpower/data/case_ACTIVSg70k.m:11695:	11642	1	0	0	0	0	9	1.0394905	-151.929944	138	1	1.1	0.9	63.9500	0.0000	0.0000	0.0000;
./matpower/data/case_ACTIVSg70k.m:12036:	11983	1	8.84	1.42	0	0	10	1.029336	-157.168686	138	1	1.1	0.9	63.9500	0.0000	0.0000	0.0000;
./matpower/data/case_ACTIVSg70k.m:12545:	12492	1	0	0	0	0	10	1.0393342	-148.999303	138	1	1.1	0.9	63.9500	0.0000	0.0000	0.0000;
./matpower/data/case_ACTIVSg70k.m:12679:	12626	1	14.68	2.62	0	0	10	1.0393306	-149.164673	138	1	1.1	0.9	63.9500	0.0000	0.0000	0.0000;
./matpower/data/case_ACTIVSg70k.m:12701:	12648	1	0	0	0	0	10	1.0393341	-150.703169	345	1	1.1	0.9	63.9500	0.0000	0.0000	0.0000;
./matpower/data/case_ACTIVSg70k.m:12824:	12771	1	0	0	0	0	10	1.0394996	-148.106942	138	1	1.1	0.9	63.9500	0.0000	0.0000	0.0000;
./matpower/data/case_ACTIVSg70k.m:13009:	12956	1	9.79	0.54	0	0	10	1.0393358	-149.938927	138	1	1.1	0.9	63.9500	0.0000	0.0000	0.0000;
./matpower/data/case_ACTIVSg70k.m:13293:	13240	1	13.78	4	0	0	10	1.0294937	-151.933229	138	1	1.1	0.9	63.9500	0.0000	0.0000	0.0000;
./matpower/data/case_ACTIVSg70k.m:13353:	13300	1	19.77	2.22	0	0	10	1.0293366	-157.635589	138	1	1.1	0.9	63.9500	0.0000	0.0000	0.0000;
./matpower/data/case_ACTIVSg70k.m:13402:	13349	1	54.57	10.19	0	0	10	1.0296645	-157.334253	138	1	1.1	0.9	63.9500	0.0000	0.0000	0.0000;
./matpower/data/case_ACTIVSg70k.m:13633:	13580	1	5.99	1.53	0	0	10	1.0399864	-148.771349	138	1	1.1	0.9	63.9500	0.0000	0.0000	0.0000;
./matpower/data/case_ACTIVSg70k.m:13675:	13622	1	0	0	0	0	10	1.0394926	-156.632532	138	1	1.1	0.9	63.9500	0.0000	0.0000	0.0000;
./matpower/data/case_ACTIVSg70k.m:13790:	13737	1	0	0	0	0	10	1.0409966	-143.174672	500	1	1.1	0.9	63.9500	0.0000	0.0000	0.0000;
./matpower/data/case_ACTIVSg70k.m:13818:	13765	1	0	0	0	0	10	1.0396642	-146.180167	345	1	1.1	0.9	63.9500	0.0000	0.0000	0.0000;
./matpower/data/case_ACTIVSg70k.m:13820:	13767	2	0	0	0	0	10	1.0396642	-146.180167	13.8	1	1.1	0.9	63.9500	0.0000	0.0000	0.0000;
./matpower/data/case_ACTIVSg70k.m:14294:	14241	1	11.07	4.84	0	0	11	1.0399894	-141.891613	138	1	1.1	0.9	63.9500	0.0000	0.0000	0.0000;
./matpower/data/case_ACTIVSg70k.m:14345:	14292	1	0	0	0	110.29	11	1.0438052	-140.998369	345	1	1.1	0.9	63.9500	0.0000	0.0000	0.0000;
./matpower/data/case_ACTIVSg70k.m:14373:	14320	1	17.96	3.66	0	0	11	1.0393317	-143.658329	138	1	1.1	0.9	63.9500	0.0000	0.0000	0.0000;
./matpower/data/case_ACTIVSg70k.m:14448:	14395	1	0	0	0	0	11	1.0394985	-143.481684	138	1	1.1	0.9	63.9500	0.0000	0.0000	0.0000;
./matpower/data/case_ACTIVSg70k.m:14449:	14396	1	0	0	0	0	11	1.0394985	-143.481684	13.8	1	1.1	0.9	63.9500	0.0000	0.0000	0.0000;
./matpower/data/case_ACTIVSg70k.m:14450:	14397	1	0	0	0	0	11	1.0394985	-143.481684	13.8	1	1.1	0.9	63.9500	0.0000	0.0000	0.0000;
./matpower/data/case_ACTIVSg70k.m:14451:	14398	1	0	0	0	0	11	1.0394985	-143.481684	1	1	1.1	0.9	63.9500	0.0000	0.0000	0.0000;
./matpower/data/case_ACTIVSg70k.m:14744:	14691	1	3.33	1.51	0	0	11	1.0396613	-146.171053	138	1	1.1	0.9	63.9500	0.0000	0.0000	0.0000;
./matpower/data/case_ACTIVSg70k.m:14745:	14692	1	6.67	3.37	0	0	11	1.0406933	-145.963135	138	1	1.1	0.9	63.9500	0.0000	0.0000	0.0000;
./matpower/data/case_ACTIVSg70k.m:15277:	15224	1	14.26	7.32	0	0	11	1.036384	-140.949655	138	1	1.1	0.9	63.9500	0.0000	0.0000	0.0000;
./matpower/data/case_ACTIVSg70k.m:15367:	15314	1	19.73	4.22	0	0	11	1.03259	-155.019337	138	1	1.1	0.9	63.9500	0.0000	0.0000	0.0000;
./matpower/data/case_ACTIVSg70k.m:15406:	15353	1	3.51	1.93	0	0	11	1.0399875	-148.612034	138	1	1.1	0.9	63.9500	0.0000	0.0000	0.0000;
./matpower/data/case_ACTIVSg70k.m:15481:	15428	1	0	0	0	0	11	1.0396609	-143.059412	138	1	1.1	0.9	63.9500	0.0000	0.0000	0.0000;
./matpower/data/case_ACTIVSg70k.m:15485:	15432	1	7.64	2.23	0	0	11	1.039333	-142.702503	138	1	1.1	0.9	63.9500	0.0000	0.0000	0.0000;
./matpower/data/case_ACTIVSg70k.m:15660:	15607	1	0	0	0	0	11	1.0394915	-145.321282	138	1	1.1	0.9	63.9500	0.0000	0.0000	0.0000;
./matpower/data/case_ACTIVSg70k.m:15757:	15704	1	6.82	1.72	0	0	11	1.0396668	-141.285015	138	1	1.1	0.9	63.9500	0.0000	0.0000	0.0000;
./matpower/data/case_ACTIVSg70k.m:15875:	15822	2	0	0	0	0	11	1.0594961	-138.537643	13.8	1	1.1	0.9	63.9500	0.0000	0.0000	0.0000;
./matpower/data/case_ACTIVSg70k.m:15889:	15836	1	0	0	0	0	11	1.0403949	-142.085464	345	1	1.1	0.9	63.9500	0.0000	0.0000	0.0000;
./matpower/data/case_ACTIVSg70k.m:16082:	16029	1	0	0	0	0	11	1.0396604	-140.596765	345	1	1.1	0.9	63.9500	0.0000	0.0000	0.0000;
./matpower/data/case_ACTIVSg70k.m:16105:	16052	2	0	0	0	0	11	1.0045	-140.089664	18	1	1.1	0.9	63.9500	0.0000	0.0000	0.0000;
./matpower/data/case_ACTIVSg70k.m:16245:	16192	1	0	0	0	0	12	1.0296691	-153.392944	138	1	1.1	0.9	63.9500	0.0000	0.0000	0.0000;
./matpower/data/case_ACTIVSg70k.m:16311:	16258	1	9.4	1.36	0	0	12	1.0322255	-150.933996	138	1	1.1	0.9	63.9500	0.0000	0.0000	0.0000;
./matpower/data/case_ACTIVSg70k.m:16315:	16262	1	0	0	0	0	12	1.0322255	-150.933996	138	1	1.1	0.9	63.9500	0.0000	0.0000	0.0000;
./matpower/data/case_ACTIVSg70k.m:16384:	16331	1	0	0	0	0	13	1.0303933	-166.173302	138	1	1.1	0.9	63.9500	0.0000	0.0000	0.0000;
./matpower/data/case_ACTIVSg70k.m:16581:	16528	1	99.68	15.72	0	0	13	1.0267295	-161.007998	138	1	1.1	0.9	63.9500	0.0000	0.0000	0.0000;
./matpower/data/case_ACTIVSg70k.m:16887:	16834	1	63.85	12.97	0	0	13	1.0199857	-165.468315	138	1	1.1	0.9	63.9500	0.0000	0.0000	0.0000;
./matpower/data/case_ACTIVSg70k.m:17632:	17579	1	14.9	7.03	0	0	14	1.0396621	-135.755594	138	1	1.1	0.9	63.9500	0.0000	0.0000	0.0000;
./matpower/data/case_ACTIVSg70k.m:17658:	17605	1	11.79	6.98	0	0	14	1.029667	-146.66156	138	1	1.1	0.9	63.9500	0.0000	0.0000	0.0000;
./matpower/data/case_ACTIVSg70k.m:17681:	17628	1	8.2	0.41	0	0	14	1.0215642	-141.059988	138	1	1.1	0.9	63.9500	0.0000	0.0000	0.0000;
./matpower/data/case_ACTIVSg70k.m:17963:	17910	1	4.22	0.53	0	0	14	1.0337777	-142.305966	138	1	1.1	0.9	63.9500	0.0000	0.0000	0.0000;
./matpower/data/case_ACTIVSg70k.m:18311:	18258	1	13.01	5.49	0	0	14	1.0307042	-129.01933	138	1	1.1	0.9	63.9500	0.0000	0.0000	0.0000;
./matpower/data/case_ACTIVSg70k.m:18316:	18263	1	10.22	3.49	0	0	14	1.0363537	-128.405949	138	1	1.1	0.9	63.9500	0.0000	0.0000	0.0000;
./matpower/data/case_ACTIVSg70k.m:18625:	18572	1	23.09	3.44	0	0	15	1.0287211	-171.009989	138	1	1.1	0.9	63.9500	0.0000	0.0000	0.0000;
./matpower/data/case_ACTIVSg70k.m:18629:	18576	1	0	0	0	0	15	1.0299817	-152.035631	138	1	1.1	0.9	63.9500	0.0000	0.0000	0.0000;
./matpower/data/case_ACTIVSg70k.m:18783:	18730	1	24.29	1.87	0	0	15	1.0299872	-157.119722	138	1	1.1	0.9	63.9500	0.0000	0.0000	0.0000;
./matpower/data/case_ACTIVSg70k.m:18871:	18818	1	0	0	0	0	15	1.0294982	-169.892999	138	1	1.1	0.9	63.9500	0.0000	0.0000	0.0000;
./matpower/data/case_ACTIVSg70k.m:19236:	19183	1	16.68	3.91	0	0	15	1.0457812	-160.966147	138	1	1.1	0.9	63.9500	0.0000	0.0000	0.0000;
./matpower/data/case_ACTIVSg70k.m:19341:	19288	1	0	0	0	0	15	1.0290144	-160.949735	138	1	1.1	0.9	63.9500	0.0000	0.0000	0.0000;
./matpower/data/case_ACTIVSg70k.m:19546:	19493	2	0	0	0	0	15	0.9987056	-150.339067	13.8	1	1.1	0.9	63.9500	0.0000	0.0000	0.0000;
./matpower/data/case_ACTIVSg70k.m:19821:	19768	1	0	0	0	0	16	0.998934	-153.131861	69	1	1.1	0.9	63.9500	0.0000	0.0000	0.0000;
./matpower/data/case_ACTIVSg70k.m:19822:	19769	1	21.97	3.82	0	0	16	0.9988432	-153.145725	69	1	1.1	0.9	63.9500	0.0000	0.0000	0.0000;
./matpower/data/case_ACTIVSg70k.m:19916:	19863	1	76.32	30.12	0	0	16	1.0029339	-118.605953	138	1	1.1	0.9	63.9500	0.0000	0.0000	0.0000;
./matpower/data/case_ACTIVSg70k.m:20286:	20233	1	0	0	0	0	16	0.9984533	-142.654382	138	1	1.1	0.9	63.9500	0.0000	0.0000	0.0000;
./matpower/data/case_ACTIVSg70k.m:20288:	20235	1	53.31	12.78	0	0	16	0.9981589	-142.688552	138	1	1.1	0.9	63.9500	0.0000	0.0000	0.0000;
./matpower/data/case_ACTIVSg70k.m:20340:	20287	1	0	0	0	0	16	0.9662893	-138.633074	13.8	1	1.1	0.9	63.9500	0.0000	0.0000	0.0000;
./matpower/data/case_ACTIVSg70k.m:20341:	20288	1	0	0	0	0	16	0.9662893	-138.633074	1	1	1.1	0.9	63.9500	0.0000	0.0000	0.0000;
./matpower/data/case_ACTIVSg70k.m:20482:	20429	1	0	0	0	0	16	0.9493631	-136.171145	138	1	1.1	0.9	63.9500	0.0000	0.0000	0.0000;
./matpower/data/case_ACTIVSg70k.m:20557:	20504	1	41.78	13.62	0	0	16	0.9988084	-139.071642	138	1	1.1	0.9	63.9500	0.0000	0.0000	0.0000;
./matpower/data/case_ACTIVSg70k.m:20560:	20507	1	42.61	6.92	0	0	16	0.9930834	-140.966211	138	1	1.1	0.9	63.9500	0.0000	0.0000	0.0000;
./matpower/data/case_ACTIVSg70k.m:20563:	20510	1	14.41	5.89	0	0	16	0.9981623	-142.468518	69	1	1.1	0.9	63.9500	0.0000	0.0000	0.0000;
./matpower/data/case_ACTIVSg70k.m:20741:	20688	1	0	0	0	0	16	0.9986365	-117.807292	138	1	1.1	0.9	63.9500	0.0000	0.0000	0.0000;
./matpower/data/case_ACTIVSg70k.m:20743:	20690	1	55.6	28.4	0	0	16	0.9981506	-117.841366	138	1	1.1	0.9	63.9500	0.0000	0.0000	0.0000;
./matpower/data/case_ACTIVSg70k.m:20775:	20722	1	0	0	0	0	16	1.0299807	-128.537872	138	1	1.1	0.9	63.9500	0.0000	0.0000	0.0000;
./matpower/data/case_ACTIVSg70k.m:20955:	20902	1	0	0	0	0	16	1.0396644	-130.915548	69	1	1.1	0.9	63.9500	0.0000	0.0000	0.0000;
./matpower/data/case_ACTIVSg70k.m:20957:	20904	1	14.07	7.98	0	0	16	1.0207802	-132.406933	69	1	1.1	0.9	63.9500	0.0000	0.0000	0.0000;
./matpower/data/case_ACTIVSg70k.m:20996:	20943	1	0	0	0	0	16	0.9985746	-137.831568	138	1	1.1	0.9	63.9500	0.0000	0.0000	0.0000;
./matpower/data/case_ACTIVSg70k.m:20998:	20945	1	40.02	17.23	0	0	16	0.9982845	-137.853051	138	1	1.1	0.9	63.9500	0.0000	0.0000	0.0000;
./matpower/data/case_ACTIVSg70k.m:21007:	20954	1	0	0	0	0	16	0.998486	-122.701329	138	1	1.1	0.9	63.9500	0.0000	0.0000	0.0000;
./matpower/data/case_ACTIVSg70k.m:21009:	20956	1	0	0	0	0	16	0.9989725	-122.631244	138	1	1.1	0.9	63.9500	0.0000	0.0000	0.0000;
./matpower/data/case_ACTIVSg70k.m:21036:	20983	1	24.89	11.6	0	0	16	0.9984113	-124.866738	138	1	1.1	0.9	63.9500	0.0000	0.0000	0.0000;
./matpower/data/case_ACTIVSg70k.m:21037:	20984	1	0	0	0	0	16	0.9986031	-124.851355	138	1	1.1	0.9	63.9500	0.0000	0.0000	0.0000;
./matpower/data/case_ACTIVSg70k.m:21334:	21281	2	0	0	0	0	16	1.0399845	-133.451741	13.8	1	1.1	0.9	63.9500	0.0000	0.0000	0.0000;
./matpower/data/case_ACTIVSg70k.m:21479:	21426	2	0	0	0	0	16	1.009498	-123.974943	13.8	1	1.1	0.9	63.9500	0.0000	0.0000	0.0000;
./matpower/data/case_ACTIVSg70k.m:21496:	21443	1	0	0	0	0	16	1.0550792	-150.966916	69	1	1.1	0.9	63.9500	0.0000	0.0000	0.0000;
./matpower/data/case_ACTIVSg70k.m:21731:	21678	1	0	0	0	0	16	0.9987401	-131.823918	138	1	1.1	0.9	63.9500	0.0000	0.0000	0.0000;
./matpower/data/case_ACTIVSg70k.m:21733:	21680	1	0	0	0	0	16	0.9988413	-131.815848	138	1	1.1	0.9	63.9500	0.0000	0.0000	0.0000;
./matpower/data/case_ACTIVSg70k.m:21734:	21681	1	0	0	0	0	16	0.9987401	-131.823918	138	1	1.1	0.9	63.9500	0.0000	0.0000	0.0000;
./matpower/data/case_ACTIVSg70k.m:21855:	21802	1	36.76	13.07	0	0	17	1.0099803	-111.452501	138	1	1.1	0.9	63.9500	0.0000	0.0000	0.0000;
./matpower/data/case_ACTIVSg70k.m:22006:	21953	1	14.66	2.25	0	0	17	1.0193332	-119.628195	69	1	1.1	0.9	63.9500	0.0000	0.0000	0.0000;
./matpower/data/case_ACTIVSg70k.m:22100:	22047	1	0	0	0	0	17	1.0493333	-111.862929	69	1	1.1	0.9	63.9500	0.0000	0.0000	0.0000;
./matpower/data/case_ACTIVSg70k.m:22326:	22273	1	0	0	0	0	17	1.0396616	-111.871693	345	1	1.1	0.9	63.9500	0.0000	0.0000	0.0000;
./matpower/data/case_ACTIVSg70k.m:22437:	22384	1	0	0	0	0	18	1.0299836	-98.386023	69	1	1.1	0.9	63.9500	0.0000	0.0000	0.0000;
./matpower/data/case_ACTIVSg70k.m:22517:	22464	1	0	0	0	0	18	1.009665	-101.351739	69	1	1.1	0.9	63.9500	0.0000	0.0000	0.0000;
./matpower/data/case_ACTIVSg70k.m:22530:	22477	1	0	0	0	0	18	0.9981955	-91.845654	138	1	1.1	0.9	63.9500	0.0000	0.0000	0.0000;
./matpower/data/case_ACTIVSg70k.m:22532:	22479	1	0	0	0	0	18	0.9988198	-91.739994	138	1	1.1	0.9	63.9500	0.0000	0.0000	0.0000;
./matpower/data/case_ACTIVSg70k.m:22613:	22560	1	82.28	34.61	0	0	18	0.9989766	-116.200361	69	1	1.1	0.9	63.9500	0.0000	0.0000	0.0000;
./matpower/data/case_ACTIVSg70k.m:22810:	22757	1	10.21	2.95	0	0	18	1.0194935	-127.994068	69	1	1.1	0.9	63.9500	0.0000	0.0000	0.0000;
./matpower/data/case_ACTIVSg70k.m:22896:	22843	1	0	0	0	0	18	1.0049661	-101.717977	138	1	1.1	0.9	63.9500	0.0000	0.0000	0.0000;
./matpower/data/case_ACTIVSg70k.m:22937:	22884	1	0	0	0	0	18	0.9980413	-108.204889	20	1	1.1	0.9	63.9500	0.0000	0.0000	0.0000;
./matpower/data/case_ACTIVSg70k.m:22938:	22885	1	0	0	0	0	18	0.9980413	-108.204889	1	1	1.1	0.9	63.9500	0.0000	0.0000	0.0000;
./matpower/data/case_ACTIVSg70k.m:23032:	22979	1	19.27	3.56	0	0	18	0.998321	-119.587875	69	1	1.1	0.9	63.9500	0.0000	0.0000	0.0000;
./matpower/data/case_ACTIVSg70k.m:23041:	22988	1	41.39	5.36	0	0	18	1.0069985	-110.34005	138	1	1.1	0.9	63.9500	0.0000	0.0000	0.0000;
./matpower/data/case_ACTIVSg70k.m:23196:	23143	1	23.1	7.25	0	0	18	0.9983595	-97.671181	69	1	1.1	0.9	63.9500	0.0000	0.0000	0.0000;
./matpower/data/case_ACTIVSg70k.m:23314:	23261	1	0	0	0	0	18	1.0306933	-114.782001	13.8	1	1.1	0.9	63.9500	0.0000	0.0000	0.0000;
./matpower/data/case_ACTIVSg70k.m:23315:	23262	1	0	0	0	0	18	1.0306933	-114.782001	1	1	1.1	0.9	63.9500	0.0000	0.0000	0.0000;
./matpower/data/case_ACTIVSg70k.m:23465:	23412	1	12.19	3.23	0	0	18	1.0099802	-96.703139	138	1	1.1	0.9	63.9500	0.0000	0.0000	0.0000;
./matpower/data/case_ACTIVSg70k.m:23467:	23414	1	0	0	0	0	18	1.0393371	-113.717149	138	1	1.1	0.9	63.9500	0.0000	0.0000	0.0000;
./matpower/data/case_ACTIVSg70k.m:23837:	23784	2	0	0	0	0	18	1.0093309	-119.335129	69	1	1.1	0.9	63.9500	0.0000	0.0000	0.0000;
./matpower/data/case_ACTIVSg70k.m:24109:	24056	1	0	0	0	0	19	1.0399834	-91.840922	100	1	1.1	0.9	63.9500	0.0000	0.0000	0.0000;
./matpower/data/case_ACTIVSg70k.m:24117:	24064	1	0	0	0	0	19	1.0299871	-95.161101	100	1	1.1	0.9	63.9500	0.0000	0.0000	0.0000;
./matpower/data/case_ACTIVSg70k.m:24241:	24188	1	89.78	54.16	0	0	19	0.9989767	-93.317809	100	1	1.1	0.9	63.9500	0.0000	0.0000	0.0000;
./matpower/data/case_ACTIVSg70k.m:24293:	24240	1	66.25	12.01	0	0	19	1.0196633	-99.391633	100	1	1.1	0.9	63.9500	0.0000	0.0000	0.0000;
./matpower/data/case_ACTIVSg70k.m:24330:	24277	1	36.68	12.85	0	0	19	1.0089668	-97.842904	100	1	1.1	0.9	63.9500	0.0000	0.0000	0.0000;
./matpower/data/case_ACTIVSg70k.m:24348:	24295	1	13.58	3.96	0	0	19	1.0303949	-107.03233	100	1	1.1	0.9	63.9500	0.0000	0.0000	0.0000;
./matpower/data/case_ACTIVSg70k.m:24404:	24351	1	0	0	0	0	19	0.9981528	-97.043996	100	1	1.1	0.9	63.9500	0.0000	0.0000	0.0000;
./matpower/data/case_ACTIVSg70k.m:24497:	24444	1	26.35	9.14	0	0	19	0.9983548	-95.374952	100	1	1.1	0.9	63.9500	0.0000	0.0000	0.0000;
./matpower/data/case_ACTIVSg70k.m:24498:	24445	1	0	0	0	0	19	0.9985312	-95.35881	100	1	1.1	0.9	63.9500	0.0000	0.0000	0.0000;
./matpower/data/case_ACTIVSg70k.m:24691:	24638	2	0	0	0	0	19	1.0294978	-99.147133	100	1	1.1	0.9	63.9500	0.0000	0.0000	0.0000;
./matpower/data/case_ACTIVSg70k.m:24737:	24684	2	0	0	0	0	19	1.0481064	-80.933147	13.8	1	1.1	0.9	63.9500	0.0000	0.0000	0.0000;
./matpower/data/case_ACTIVSg70k.m:24842:	24789	1	0	0	0	58.41	19	1.0393303	-87.25127	345	1	1.1	0.9	63.9500	0.0000	0.0000	0.0000;
./matpower/data/case_ACTIVSg70k.m:24852:	24799	1	0	0	0	0	19	1.0393342	-89.520675	100	1	1.1	0.9	63.9500	0.0000	0.0000	0.0000;
./matpower/data/case_ACTIVSg70k.m:24920:	24867	1	37.13	8.16	0	0	20	0.9985881	-91.188226	100	1	1.1	0.9	63.9500	0.0000	0.0000	0.0000;
./matpower/data/case_ACTIVSg70k.m:24952:	24899	1	16.16	2.62	0	0	20	0.9660035	-87.090063	100	1	1.1	0.9	63.9500	0.0000	0.0000	0.0000;
./matpower/data/case_ACTIVSg70k.m:24987:	24934	1	9.59	3.69	0	0	20	0.9986484	-90.854881	13.8	1	1.1	0.9	63.9500	0.0000	0.0000	0.0000;
./matpower/data/case_ACTIVSg70k.m:25030:	24977	1	21.29	6.58	0	0	20	1.0301949	-87.363954	100	1	1.1	0.9	63.9500	0.0000	0.0000	0.0000;
./matpower/data/case_ACTIVSg70k.m:25082:	25029	1	0	0	0	0	20	0.9983179	-68.916624	100	1	1.1	0.9	63.9500	0.0000	0.0000	0.0000;
./matpower/data/case_ACTIVSg70k.m:25083:	25030	1	18.42	10.14	0	0	20	0.9981669	-68.925792	100	1	1.1	0.9	63.9500	0.0000	0.0000	0.0000;
./matpower/data/case_ACTIVSg70k.m:25162:	25109	1	6.6	2.47	0	0	20	0.9988912	-82.201829	100	1	1.1	0.9	63.9500	0.0000	0.0000	0.0000;
./matpower/data/case_ACTIVSg70k.m:25172:	25119	1	18.13	2.78	0	0	20	0.9983977	-86.223299	100	1	1.1	0.9	63.9500	0.0000	0.0000	0.0000;
./matpower/data/case_ACTIVSg70k.m:25176:	25123	1	11.48	4.8	0	0	20	0.998754	-87.021812	100	1	1.1	0.9	63.9500	0.0000	0.0000	0.0000;
./matpower/data/case_ACTIVSg70k.m:25252:	25199	1	21.32	6.42	0	0	20	0.9980674	-83.334632	100	1	1.1	0.9	63.9500	0.0000	0.0000	0.0000;
./matpower/data/case_ACTIVSg70k.m:25409:	25356	1	27.45	7.09	0	0	20	0.9988742	-93.73811	100	1	1.1	0.9	63.9500	0.0000	0.0000	0.0000;
./matpower/data/case_ACTIVSg70k.m:25416:	25363	1	9.76	2.58	0	0	20	0.9986787	-90.08342	100	1	1.1	0.9	63.9500	0.0000	0.0000	0.0000;
./matpower/data/case_ACTIVSg70k.m:25479:	25426	1	51.83	10.56	0	0	20	0.9988578	-77.839625	100	1	1.1	0.9	63.9500	0.0000	0.0000	0.0000;
./matpower/data/case_ACTIVSg70k.m:25483:	25430	1	66.35	16.99	0	0	20	0.9980383	-78.310529	100	1	1.1	0.9	63.9500	0.0000	0.0000	0.0000;
./matpower/data/case_ACTIVSg70k.m:25484:	25431	1	0	0	0	0	20	0.9984182	-78.271381	100	1	1.1	0.9	63.9500	0.0000	0.0000	0.0000;
./matpower/data/case_ACTIVSg70k.m:25570:	25517	1	17.63	1.41	0	0	20	0.9980707	-90.852434	100	1	1.1	0.9	63.9500	0.0000	0.0000	0.0000;
./matpower/data/case_ACTIVSg70k.m:25613:	25560	1	0	0	0	0	20	1.0396635	-74.10397	100	1	1.1	0.9	63.9500	0.0000	0.0000	0.0000;
./matpower/data/case_ACTIVSg70k.m:25618:	25565	1	0	0	0	0	20	1.0396635	-74.10397	100	1	1.1	0.9	63.9500	0.0000	0.0000	0.0000;
./matpower/data/case_ACTIVSg70k.m:25667:	25614	2	0	0	0	0	20	1.0594911	-68.856048	18	1	1.1	0.9	63.9500	0.0000	0.0000	0.0000;
./matpower/data/case_ACTIVSg70k.m:25875:	25822	1	31.72	10.31	0	0	21	1.0096646	-72.330449	100	1	1.1	0.9	63.9500	0.0000	0.0000	0.0000;
./matpower/data/case_ACTIVSg70k.m:25909:	25856	1	35.9	15.98	0	0	21	1.0052685	-62.200949	100	1	1.1	0.9	63.9500	0.0000	0.0000	0.0000;
./matpower/data/case_ACTIVSg70k.m:25926:	25873	1	7.17	1.75	0	25.9	21	1.0393395	-77.997525	100	1	1.1	0.9	63.9500	0.0000	0.0000	0.0000;
./matpower/data/case_ACTIVSg70k.m:26019:	25966	1	20.99	5.44	0	110.29	21	1.039339	-70.970656	100	1	1.1	0.9	63.9500	0.0000	0.0000	0.0000;
./matpower/data/case_ACTIVSg70k.m:26037:	25984	1	14.4	10.09	0	0	21	0.9985215	-64.818309	100	1	1.1	0.9	63.9500	0.0000	0.0000	0.0000;
./matpower/data/case_ACTIVSg70k.m:26131:	26078	2	0	0	0	0	21	1.0059338	-61.316221	100	1	1.1	0.9	63.9500	0.0000	0.0000	0.0000;
./matpower/data/case_ACTIVSg70k.m:26134:	26081	1	0	0	0	0	21	1.0059332	-61.317781	1	1	1.1	0.9	63.9500	0.0000	0.0000	0.0000;
./matpower/data/case_ACTIVSg70k.m:26136:	26083	1	0	0	0	0	21	1.0059338	-61.316221	100	1	1.1	0.9	63.9500	0.0000	0.0000	0.0000;
./matpower/data/case_ACTIVSg70k.m:26236:	26183	1	0	0	0	0	22	0.9989518	-63.692397	100	1	1.1	0.9	63.9500	0.0000	0.0000	0.0000;
./matpower/data/case_ACTIVSg70k.m:26237:	26184	1	20.95	2.57	0	0	22	0.9988594	-63.706329	100	1	1.1	0.9	63.9500	0.0000	0.0000	0.0000;
./matpower/data/case_ACTIVSg70k.m:26281:	26228	1	0	0	0	0	22	0.9987664	-75.032549	100	1	1.1	0.9	63.9500	0.0000	0.0000	0.0000;
./matpower/data/case_ACTIVSg70k.m:26282:	26229	1	14.38	4.96	0	0	22	0.9986753	-75.04018	100	1	1.1	0.9	63.9500	0.0000	0.0000	0.0000;
./matpower/data/case_ACTIVSg70k.m:26355:	26302	1	85.24	19.83	0	0	22	0.9989478	-71.094399	100	1	1.1	0.9	63.9500	0.0000	0.0000	0.0000;
./matpower/data/case_ACTIVSg70k.m:26375:	26322	1	66.64	4.82	0	0	22	1.0399813	-64.85059	345	1	1.1	0.9	63.9500	0.0000	0.0000	0.0000;
./matpower/data/case_ACTIVSg70k.m:26420:	26367	1	31.43	7.52	0	0	22	0.9986588	-57.46632	100	1	1.1	0.9	63.9500	0.0000	0.0000	0.0000;
./matpower/data/case_ACTIVSg70k.m:26671:	26618	1	0	0	0	0	22	1.0293396	-59.399394	100	1	1.1	0.9	63.9500	0.0000	0.0000	0.0000;
./matpower/data/case_ACTIVSg70k.m:26706:	26653	1	24.71	7.13	0	0	22	1.0296638	-55.751588	100	1	1.1	0.9	63.9500	0.0000	0.0000	0.0000;
./matpower/data/case_ACTIVSg70k.m:26720:	26667	1	0	0	0	0	22	0.9980068	-57.795887	100	1	1.1	0.9	63.9500	0.0000	0.0000	0.0000;
./matpower/data/case_ACTIVSg70k.m:26801:	26748	1	25.91	4.26	0	0	22	0.9987534	-68.745292	100	1	1.1	0.9	63.9500	0.0000	0.0000	0.0000;
./matpower/data/case_ACTIVSg70k.m:27040:	26987	2	0	0	0	0	22	0.9983233	-67.939985	100	1	1.1	0.9	63.9500	0.0000	0.0000	0.0000;
./matpower/data/case_ACTIVSg70k.m:27041:	26988	1	0	0	0	0	22	0.9983233	-67.939985	100	1	1.1	0.9	63.9500	0.0000	0.0000	0.0000;
./matpower/data/case_ACTIVSg70k.m:27079:	27026	1	0	0	0	0	22	1.0442358	-65.205998	100	1	1.1	0.9	63.9500	0.0000	0.0000	0.0000;
./matpower/data/case_ACTIVSg70k.m:27185:	27132	1	0	0	0	0	23	1.0307045	-62.079498	345	1	1.1	0.9	63.9500	0.0000	0.0000	0.0000;
./matpower/data/case_ACTIVSg70k.m:27237:	27184	1	32.84	3.37	0	148.61	23	1.0394966	-71.20132	138	1	1.1	0.9	63.9500	0.0000	0.0000	0.0000;
./matpower/data/case_ACTIVSg70k.m:27340:	27287	1	51.24	17.37	0	0	23	1.0396649	-54.985954	138	1	1.1	0.9	63.9500	0.0000	0.0000	0.0000;
./matpower/data/case_ACTIVSg70k.m:27732:	27679	1	0	0	0	0	23	1.0199813	-76.810109	138	1	1.1	0.9	63.9500	0.0000	0.0000	0.0000;
./matpower/data/case_ACTIVSg70k.m:27833:	27780	1	9.95	3.18	0	0	23	1.0433222	-70.9499	138	1	1.1	0.9	63.9500	0.0000	0.0000	0.0000;
./matpower/data/case_ACTIVSg70k.m:27887:	27834	1	74.46	21.74	0	0	23	1.0296669	-61.289675	138	1	1.1	0.9	63.9500	0.0000	0.0000	0.0000;
./matpower/data/case_ACTIVSg70k.m:28138:	28085	1	48.9	16.72	0	0	23	1.0194952	-53.18561	138	1	1.1	0.9	63.9500	0.0000	0.0000	0.0000;
./matpower/data/case_ACTIVSg70k.m:28489:	28436	1	0	0	0	0	23	1.0693343	-45.495712	138	1	1.1	0.9	63.9500	0.0000	0.0000	0.0000;
./matpower/data/case_ACTIVSg70k.m:28529:	28476	1	0	0	0	0	23	1.0448843	-46.504949	345	1	1.1	0.9	63.9500	0.0000	0.0000	0.0000;
./matpower/data/case_ACTIVSg70k.m:28624:	28571	1	18.12	0.91	0	0	24	1.0341668	-47.703966	100	1	1.1	0.9	63.9500	0.0000	0.0000	0.0000;
./matpower/data/case_ACTIVSg70k.m:28694:	28641	1	15.86	0.31	0	0	24	0.9989861	-78.349023	100	1	1.1	0.9	63.9500	0.0000	0.0000	0.0000;
./matpower/data/case_ACTIVSg70k.m:28737:	28684	1	0	0	0	0	24	0.9661926	-84.845972	100	1	1.1	0.9	63.9500	0.0000	0.0000	0.0000;
./matpower/data/case_ACTIVSg70k.m:28738:	28685	1	31.58	4.67	0	0	24	0.9660581	-84.867509	100	1	1.1	0.9	63.9500	0.0000	0.0000	0.0000;
./matpower/data/case_ACTIVSg70k.m:28956:	28903	1	0	0	0	0	24	1.0294931	-58.096063	100	1	1.1	0.9	63.9500	0.0000	0.0000	0.0000;
./matpower/data/case_ACTIVSg70k.m:29136:	29083	1	17.58	4.85	0	0	24	0.9987992	-62.516598	100	1	1.1	0.9	63.9500	0.0000	0.0000	0.0000;
./matpower/data/case_ACTIVSg70k.m:29341:	29288	1	20.19	8.49	0	0	24	0.9985636	-79.253848	100	1	1.1	0.9	63.9500	0.0000	0.0000	0.0000;
./matpower/data/case_ACTIVSg70k.m:29356:	29303	1	6.73	1.52	0	0	24	1.0209966	-69.048522	100	1	1.1	0.9	63.9500	0.0000	0.0000	0.0000;
./matpower/data/case_ACTIVSg70k.m:29436:	29383	1	18.81	10.49	0	0	24	0.9983073	-83.784449	100	1	1.1	0.9	63.9500	0.0000	0.0000	0.0000;
./matpower/data/case_ACTIVSg70k.m:29481:	29428	1	47.81	27.53	0	0	24	0.998768	-65.490768	100	1	1.1	0.9	63.9500	0.0000	0.0000	0.0000;
./matpower/data/case_ACTIVSg70k.m:29572:	29519	1	18.36	9.52	0	0	24	1.0029668	-66.90736	100	1	1.1	0.9	63.9500	0.0000	0.0000	0.0000;
./matpower/data/case_ACTIVSg70k.m:29611:	29558	1	15.04	4.61	0	0	24	0.9986869	-84.66119	100	1	1.1	0.9	63.9500	0.0000	0.0000	0.0000;
./matpower/data/case_ACTIVSg70k.m:29633:	29580	1	10.83	5.85	0	0	24	1.0194907	-71.431937	100	1	1.1	0.9	63.9500	0.0000	0.0000	0.0000;
./matpower/data/case_ACTIVSg70k.m:29675:	29622	1	0	0	0	0	24	0.9987003	-73.25735	100	1	1.1	0.9	63.9500	0.0000	0.0000	0.0000;
./matpower/data/case_ACTIVSg70k.m:29676:	29623	1	11.88	6.41	0	0	24	0.9985934	-73.263998	100	1	1.1	0.9	63.9500	0.0000	0.0000	0.0000;
./matpower/data/case_ACTIVSg70k.m:29727:	29674	2	0	0	0	0	24	0.9984514	-70.257727	100	1	1.1	0.9	63.9500	0.0000	0.0000	0.0000;
./matpower/data/case_ACTIVSg70k.m:29728:	29675	1	0	0	0	0	24	0.9980971	-70.289288	100	1	1.1	0.9	63.9500	0.0000	0.0000	0.0000;
./matpower/data/case_ACTIVSg70k.m:29810:	29757	1	0	0	0	0	24	1.0396683	-63.716064	345	1	1.1	0.9	63.9500	0.0000	0.0000	0.0000;
./matpower/data/case_ACTIVSg70k.m:30087:	30034	1	13.98	2.27	0	0	25	1.0294987	-23.169347	100	1	1.1	0.9	63.9500	0.0000	0.0000	0.0000;
./matpower/data/case_ACTIVSg70k.m:30185:	30132	1	7.34	1.31	0	0	25	0.9988411	-57.591038	100	1	1.1	0.9	63.9500	0.0000	0.0000	0.0000;
./matpower/data/case_ACTIVSg70k.m:30194:	30141	1	13.44	1.1	0	0	25	1.0099886	-49.859419	100	1	1.1	0.9	63.9500	0.0000	0.0000	0.0000;
./matpower/data/case_ACTIVSg70k.m:30258:	30205	1	0	0	0	0	25	0.9985314	-48.55785	100	1	1.1	0.9	63.9500	0.0000	0.0000	0.0000;
./matpower/data/case_ACTIVSg70k.m:30259:	30206	1	12.28	6.29	0	0	25	0.9984314	-48.564645	100	1	1.1	0.9	63.9500	0.0000	0.0000	0.0000;
./matpower/data/case_ACTIVSg70k.m:30294:	30241	1	33.75	8.17	0	0	25	1.0296672	-55.622847	100	1	1.1	0.9	63.9500	0.0000	0.0000	0.0000;
./matpower/data/case_ACTIVSg70k.m:30300:	30247	1	14.17	7.81	0	0	25	1.0194955	-57.010831	100	1	1.1	0.9	63.9500	0.0000	0.0000	0.0000;
./matpower/data/case_ACTIVSg70k.m:30310:	30257	1	28.48	9.22	0	0	25	1.0029339	-42.270445	100	1	1.1	0.9	63.9500	0.0000	0.0000	0.0000;
./matpower/data/case_ACTIVSg70k.m:30351:	30298	1	0	0	0	0	25	0.998041	-35.906045	100	1	1.1	0.9	63.9500	0.0000	0.0000	0.0000;
./matpower/data/case_ACTIVSg70k.m:30449:	30396	1	29.85	11.56	0	0	25	1.0296698	-29.318402	100	1	1.1	0.9	63.9500	0.0000	0.0000	0.0000;
./matpower/data/case_ACTIVSg70k.m:30500:	30447	1	55.85	1.56	0	0	25	0.9987645	-47.604799	100	1	1.1	0.9	63.9500	0.0000	0.0000	0.0000;
./matpower/data/case_ACTIVSg70k.m:30501:	30448	1	34.92	14.7	0	0	25	0.9980388	-46.626702	100	1	1.1	0.9	63.9500	0.0000	0.0000	0.0000;
./matpower/data/case_ACTIVSg70k.m:30522:	30469	1	0	0	0	0	25	0.9984233	-44.419355	100	1	1.1	0.9	63.9500	0.0000	0.0000	0.0000;
./matpower/data/case_ACTIVSg70k.m:30523:	30470	1	16.69	3.81	0	0	25	0.9983322	-44.429051	100	1	1.1	0.9	63.9500	0.0000	0.0000	0.0000;
./matpower/data/case_ACTIVSg70k.m:30681:	30628	1	0	0	0	0	25	0.9980386	-55.347282	100	1	1.1	0.9	63.9500	0.0000	0.0000	0.0000;
./matpower/data/case_ACTIVSg70k.m:30731:	30678	1	0	0	0	0	25	0.9985286	-45.520151	100	1	1.1	0.9	63.9500	0.0000	0.0000	0.0000;
./matpower/data/case_ACTIVSg70k.m:30732:	30679	1	13.19	8.12	0	0	25	0.9983992	-45.527572	100	1	1.1	0.9	63.9500	0.0000	0.0000	0.0000;
./matpower/data/case_ACTIVSg70k.m:31014:	30961	1	0	0	0	0	25	1.0399873	-29.069767	100	1	1.1	0.9	63.9500	0.0000	0.0000	0.0000;
./matpower/data/case_ACTIVSg70k.m:31033:	30980	1	22.4	2.94	0	0	26	1.019496	-110.060465	138	1	1.1	0.9	63.9500	0.0000	0.0000	0.0000;
./matpower/data/case_ACTIVSg70k.m:31073:	31020	1	0	0	0	0	26	0.9989362	-85.508691	138	1	1.1	0.9	63.9500	0.0000	0.0000	0.0000;
./matpower/data/case_ACTIVSg70k.m:31074:	31021	1	0	0	0	0	26	0.9989362	-85.508691	22	1	1.1	0.9	63.9500	0.0000	0.0000	0.0000;
./matpower/data/case_ACTIVSg70k.m:31075:	31022	1	0	0	0	0	26	0.9989362	-85.508691	22	1	1.1	0.9	63.9500	0.0000	0.0000	0.0000;
./matpower/data/case_ACTIVSg70k.m:31076:	31023	1	0	0	0	0	26	0.9989362	-85.508691	1	1	1.1	0.9	63.9500	0.0000	0.0000	0.0000;
./matpower/data/case_ACTIVSg70k.m:31078:	31025	1	25.1	3.79	0	0	26	0.9988353	-85.522953	138	1	1.1	0.9	63.9500	0.0000	0.0000	0.0000;
./matpower/data/case_ACTIVSg70k.m:31302:	31249	1	20.49	8.8	0	0	26	1.0199804	-103.646421	138	1	1.1	0.9	63.9500	0.0000	0.0000	0.0000;
./matpower/data/case_ACTIVSg70k.m:31357:	31304	1	24.84	5.79	0	0	26	1.0294999	-93.471547	138	1	1.1	0.9	63.9500	0.0000	0.0000	0.0000;
./matpower/data/case_ACTIVSg70k.m:31389:	31336	1	56.12	7.39	0	0	26	1.0303949	-90.752139	138	1	1.1	0.9	63.9500	0.0000	0.0000	0.0000;
./matpower/data/case_ACTIVSg70k.m:31792:	31739	1	7.54	1.28	0	0	26	1.0194924	-82.109983	138	1	1.1	0.9	63.9500	0.0000	0.0000	0.0000;
./matpower/data/case_ACTIVSg70k.m:31839:	31786	1	9.77	1.28	0	0	26	1.0139932	-90.998049	100	1	1.1	0.9	63.9500	0.0000	0.0000	0.0000;
./matpower/data/case_ACTIVSg70k.m:31866:	31813	1	0	0	0	53.79	26	1.0300628	-93.009984	138	1	1.1	0.9	63.9500	0.0000	0.0000	0.0000;
./matpower/data/case_ACTIVSg70k.m:31917:	31864	1	15.73	3.21	0	0	26	1.0199892	-103.090057	138	1	1.1	0.9	63.9500	0.0000	0.0000	0.0000;
./matpower/data/case_ACTIVSg70k.m:32035:	31982	1	0	0	0	0	26	0.9989895	-59.755003	138	1	1.1	0.9	63.9500	0.0000	0.0000	0.0000;
./matpower/data/case_ACTIVSg70k.m:32109:	32056	1	42.9	9.32	0	0	26	1.001507	-65.059497	138	1	1.1	0.9	63.9500	0.0000	0.0000	0.0000;
./matpower/data/case_ACTIVSg70k.m:32405:	32352	2	0	0	0	0	26	1.0377402	-100.949734	22	1	1.1	0.9	63.9500	0.0000	0.0000	0.0000;
./matpower/data/case_ACTIVSg70k.m:32406:	32353	2	0	0	0	0	26	1.0377402	-100.949734	22	1	1.1	0.9	63.9500	0.0000	0.0000	0.0000;
./matpower/data/case_ACTIVSg70k.m:32413:	32360	2	0	0	0	0	26	0.998817	-89.855913	22	1	1.1	0.9	63.9500	0.0000	0.0000	0.0000;
./matpower/data/case_ACTIVSg70k.m:32945:	32892	1	0	0	0	0	27	0.9985799	-133.227373	138	1	1.1	0.9	63.9500	0.0000	0.0000	0.0000;
./matpower/data/case_ACTIVSg70k.m:33283:	33230	1	10.72	1.23	0	0	27	1.0296664	-75.946431	138	1	1.1	0.9	63.9500	0.0000	0.0000	0.0000;
./matpower/data/case_ACTIVSg70k.m:33348:	33295	1	15.49	2.67	0	0	27	1.03949	-115.259225	138	1	1.1	0.9	63.9500	0.0000	0.0000	0.0000;
./matpower/data/case_ACTIVSg70k.m:33487:	33434	1	36.8	17.07	0	0	27	1.029338	-118.133112	138	1	1.1	0.9	63.9500	0.0000	0.0000	0.0000;
./matpower/data/case_ACTIVSg70k.m:33519:	33466	1	0	0	0	0	27	1.0394919	-119.6596	138	1	1.1	0.9	63.9500	0.0000	0.0000	0.0000;
./matpower/data/case_ACTIVSg70k.m:33610:	33557	1	0	0	0	0	27	0.9989536	-141.544228	1	1	1.1	0.9	63.9500	0.0000	0.0000	0.0000;
./matpower/data/case_ACTIVSg70k.m:33694:	33641	1	21.69	3.28	0	0	27	1.039665	-125.32836	138	1	1.1	0.9	63.9500	0.0000	0.0000	0.0000;
./matpower/data/case_ACTIVSg70k.m:34282:	34229	1	0	0	0	0	28	1.031734	-160.309933	138	1	1.1	0.9	63.9500	0.0000	0.0000	0.0000;
./matpower/data/case_ACTIVSg70k.m:34588:	34535	1	3.93	1.11	0	0	28	1.0410838	-130.998334	138	1	1.1	0.9	63.9500	0.0000	0.0000	0.0000;
./matpower/data/case_ACTIVSg70k.m:34634:	34581	1	6.14	0.02	0	0	28	1.0394926	-141.924059	138	1	1.1	0.9	63.9500	0.0000	0.0000	0.0000;
./matpower/data/case_ACTIVSg70k.m:35271:	35218	1	1.67	0.49	0	1.27	28	1.0399848	-131.497747	138	1	1.1	0.9	63.9500	0.0000	0.0000	0.0000;
./matpower/data/case_ACTIVSg70k.m:35589:	35536	2	0	0	0	0	28	1.0369999	-120.933213	345	1	1.1	0.9	63.9500	0.0000	0.0000	0.0000;
./matpower/data/case_ACTIVSg70k.m:35606:	35553	1	23.37	4.06	0	0	29	0.9984802	-141.562387	100	1	1.1	0.9	63.9500	0.0000	0.0000	0.0000;
./matpower/data/case_ACTIVSg70k.m:35933:	35880	1	13.06	3.71	0	0	29	1.0393324	-139.895963	230	1	1.1	0.9	63.9500	0.0000	0.0000	0.0000;
./matpower/data/case_ACTIVSg70k.m:36000:	35947	1	0	0	0	0	29	0.9809966	-152.495985	100	1	1.1	0.9	63.9500	0.0000	0.0000	0.0000;
./matpower/data/case_ACTIVSg70k.m:36092:	36039	1	26.44	6.48	0	0	29	0.9668028	-155.271609	100	1	1.1	0.9	63.9500	0.0000	0.0000	0.0000;
./matpower/data/case_ACTIVSg70k.m:36217:	36164	1	25.04	8.95	0	0	29	0.9988354	-148.915599	100	1	1.1	0.9	63.9500	0.0000	0.0000	0.0000;
./matpower/data/case_ACTIVSg70k.m:36502:	36449	1	11.54	3.77	0	0	29	0.9989745	-142.943115	100	1	1.1	0.9	63.9500	0.0000	0.0000	0.0000;
./matpower/data/case_ACTIVSg70k.m:36636:	36583	1	11.64	1.28	0	0	29	0.9984663	-137.773039	100	1	1.1	0.9	63.9500	0.0000	0.0000	0.0000;
./matpower/data/case_ACTIVSg70k.m:36647:	36594	1	17.24	4.02	0	0	29	0.9986298	-136.615754	100	1	1.1	0.9	63.9500	0.0000	0.0000	0.0000;
./matpower/data/case_ACTIVSg70k.m:36793:	36740	1	10.75	0.76	0	0	29	1.0233878	-137.099336	100	1	1.1	0.9	63.9500	0.0000	0.0000	0.0000;
./matpower/data/case_ACTIVSg70k.m:37008:	36955	1	0	0	0	0	29	0.9985287	-138.671748	100	1	1.1	0.9	63.9500	0.0000	0.0000	0.0000;
./matpower/data/case_ACTIVSg70k.m:37009:	36956	2	0	0	0	0	29	0.9987128	-138.651298	18	1	1.1	0.9	63.9500	0.0000	0.0000	0.0000;
./matpower/data/case_ACTIVSg70k.m:37011:	36958	1	0	0	0	0	29	0.9985193	-138.672395	100	1	1.1	0.9	63.9500	0.0000	0.0000	0.0000;
./matpower/data/case_ACTIVSg70k.m:37012:	36959	1	0	0	0	0	29	0.9985287	-138.671748	100	1	1.1	0.9	63.9500	0.0000	0.0000	0.0000;
./matpower/data/case_ACTIVSg70k.m:37050:	36997	1	0	0	0	0	29	1.0393378	-138.385465	230	1	1.1	0.9	63.9500	0.0000	0.0000	0.0000;
./matpower/data/case_ACTIVSg70k.m:37151:	37098	2	0	0	0	0	29	1.0394941	-138.273679	13.8	1	1.1	0.9	63.9500	0.0000	0.0000	0.0000;
./matpower/data/case_ACTIVSg70k.m:37309:	37256	1	16.73	8.54	0	0	30	1.031319	-156.003966	100	1	1.1	0.9	63.9500	0.0000	0.0000	0.0000;
./matpower/data/case_ACTIVSg70k.m:37323:	37270	1	12.58	2.39	0	0	30	1.0204949	-154.021407	100	1	1.1	0.9	63.9500	0.0000	0.0000	0.0000;
./matpower/data/case_ACTIVSg70k.m:37324:	37271	1	0	0	0	39.31	30	1.0394923	-159.124958	100	1	1.1	0.9	63.9500	0.0000	0.0000	0.0000;
./matpower/data/case_ACTIVSg70k.m:37567:	37514	1	16.75	0.71	0	0	30	0.97559	-142.104966	100	1	1.1	0.9	63.9500	0.0000	0.0000	0.0000;
./matpower/data/case_ACTIVSg70k.m:37579:	37526	1	5.61	1.75	0	0	30	0.9983595	-136.808581	100	1	1.1	0.9	63.9500	0.0000	0.0000	0.0000;
./matpower/data/case_ACTIVSg70k.m:37660:	37607	1	0	0	0	0	30	1.0293313	-140.978116	100	1	1.1	0.9	63.9500	0.0000	0.0000	0.0000;
./matpower/data/case_ACTIVSg70k.m:37730:	37677	1	25.12	3.78	0	0	30	0.998541	-153.696408	100	1	1.1	0.9	63.9500	0.0000	0.0000	0.0000;
./matpower/data/case_ACTIVSg70k.m:38040:	37987	1	12.38	2.3	0	0	30	1.0341466	-160.506933	100	1	1.1	0.9	63.9500	0.0000	0.0000	0.0000;
./matpower/data/case_ACTIVSg70k.m:38094:	38041	1	0	0	0	0	30	1.0056396	-160.105966	100	1	1.1	0.9	63.9500	0.0000	0.0000	0.0000;
./matpower/data/case_ACTIVSg70k.m:38145:	38092	1	29.95	4.52	0	0	30	1.0315819	-152.059338	100	1	1.1	0.9	63.9500	0.0000	0.0000	0.0000;
./matpower/data/case_ACTIVSg70k.m:38198:	38145	1	0	0	0	0	30	1.0422005	-130.949535	230	1	1.1	0.9	63.9500	0.0000	0.0000	0.0000;
./matpower/data/case_ACTIVSg70k.m:38345:	38292	1	0	0	0	-62.36	30	1.0394989	-146.057605	500	1	1.1	0.9	63.9500	0.0000	0.0000	0.0000;
./matpower/data/case_ACTIVSg70k.m:38347:	38294	2	0	0	0	0	30	1.0394989	-146.057605	13.8	1	1.1	0.9	63.9500	0.0000	0.0000	0.0000;
./matpower/data/case_ACTIVSg70k.m:38349:	38296	1	0	0	0	0	30	1.0394989	-146.057605	500	1	1.1	0.9	63.9500	0.0000	0.0000	0.0000;
./matpower/data/case_ACTIVSg70k.m:38353:	38300	1	0	0	0	0	30	1.0394971	-150.150667	1	1	1.1	0.9	63.9500	0.0000	0.0000	0.0000;
./matpower/data/case_ACTIVSg70k.m:38717:	38664	1	0	0	0	0	31	1.0296603	-117.738297	100	1	1.1	0.9	63.9500	0.0000	0.0000	0.0000;
./matpower/data/case_ACTIVSg70k.m:38921:	38868	1	0	0	0	0	31	1.0394949	-118.44569	100	1	1.1	0.9	63.9500	0.0000	0.0000	0.0000;
./matpower/data/case_ACTIVSg70k.m:38960:	38907	1	3.57	0.64	0	0	31	1.0304732	-111.701949	100	1	1.1	0.9	63.9500	0.0000	0.0000	0.0000;
./matpower/data/case_ACTIVSg70k.m:39312:	39259	2	0	0	0	0	31	1.0493376	-93.354842	24	1	1.1	0.9	63.9500	0.0000	0.0000	0.0000;
./matpower/data/case_ACTIVSg70k.m:39564:	39511	2	0	0	0	0	31	1.0393389	-113.719088	18	1	1.1	0.9	63.9500	0.0000	0.0000	0.0000;
./matpower/data/case_ACTIVSg70k.m:39808:	39755	1	0	0	0	51.17	32	1.039335	-124.345225	230	1	1.1	0.9	63.9500	0.0000	0.0000	0.0000;
./matpower/data/case_ACTIVSg70k.m:39921:	39868	1	9.84	2.41	0	0	32	1.0199898	-130.528689	100	1	1.1	0.9	63.9500	0.0000	0.0000	0.0000;
./matpower/data/case_ACTIVSg70k.m:40111:	40058	1	45.32	9.11	0	0	32	1.0212399	-127.069497	100	1	1.1	0.9	63.9500	0.0000	0.0000	0.0000;
./matpower/data/case_ACTIVSg70k.m:40196:	40143	1	23.44	3.11	0	0	32	0.9986467	-145.35843	100	1	1.1	0.9	63.9500	0.0000	0.0000	0.0000;
./matpower/data/case_ACTIVSg70k.m:40200:	40147	1	5.48	1.36	0	0	32	1.0293339	-143.326637	100	1	1.1	0.9	63.9500	0.0000	0.0000	0.0000;
./matpower/data/case_ACTIVSg70k.m:40319:	40266	1	69.02	5.26	0	0	32	1.0400949	-126.592865	500	1	1.1	0.9	63.9500	0.0000	0.0000	0.0000;
./matpower/data/case_ACTIVSg70k.m:40359:	40306	1	16.73	5.06	0	0	32	0.9986565	-143.685218	100	1	1.1	0.9	63.9500	0.0000	0.0000	0.0000;
./matpower/data/case_ACTIVSg70k.m:40360:	40307	1	0	0	0	0	32	0.9987628	-143.674981	100	1	1.1	0.9	63.9500	0.0000	0.0000	0.0000;
./matpower/data/case_ACTIVSg70k.m:40477:	40424	1	0	0	0	168.49	32	1.0396638	-132.302798	230	1	1.1	0.9	63.9500	0.0000	0.0000	0.0000;
./matpower/data/case_ACTIVSg70k.m:40501:	40448	1	16.56	8	0	0	32	1.0299895	-121.282079	100	1	1.1	0.9	63.9500	0.0000	0.0000	0.0000;
./matpower/data/case_ACTIVSg70k.m:40549:	40496	1	27.4	6.41	0	0	32	0.9987136	-135.477067	100	1	1.1	0.9	63.9500	0.0000	0.0000	0.0000;
./matpower/data/case_ACTIVSg70k.m:40569:	40516	1	36.59	7.81	0	0	32	0.9988794	-141.041805	100	1	1.1	0.9	63.9500	0.0000	0.0000	0.0000;
./matpower/data/case_ACTIVSg70k.m:40606:	40553	1	21.67	6.25	0	0	32	0.9983244	-141.947736	100	1	1.1	0.9	63.9500	0.0000	0.0000	0.0000;
./matpower/data/case_ACTIVSg70k.m:40614:	40561	1	27.75	11.79	0	0	32	0.9989111	-141.013814	100	1	1.1	0.9	63.9500	0.0000	0.0000	0.0000;
./matpower/data/case_ACTIVSg70k.m:40770:	40717	2	0	0	0	0	32	1.0494926	-115.010828	20	1	1.1	0.9	63.9500	0.0000	0.0000	0.0000;
./matpower/data/case_ACTIVSg70k.m:40836:	40783	1	0	0	0	0	32	0.9945571	-143.069982	100	1	1.1	0.9	63.9500	0.0000	0.0000	0.0000;
./matpower/data/case_ACTIVSg70k.m:40837:	40784	2	0	0	0	0	32	0.9945571	-143.069982	13.8	1	1.1	0.9	63.9500	0.0000	0.0000	0.0000;
./matpower/data/case_ACTIVSg70k.m:40838:	40785	1	0	0	0	0	32	0.9945571	-143.069982	100	1	1.1	0.9	63.9500	0.0000	0.0000	0.0000;
./matpower/data/case_ACTIVSg70k.m:40839:	40786	1	0	0	0	0	32	0.9945571	-143.069982	100	1	1.1	0.9	63.9500	0.0000	0.0000	0.0000;
./matpower/data/case_ACTIVSg70k.m:40871:	40818	2	0	0	0	0	32	0.9980427	-141.048282	100	1	1.1	0.9	63.9500	0.0000	0.0000	0.0000;
./matpower/data/case_ACTIVSg70k.m:40872:	40819	1	0	0	0	0	32	0.9980346	-141.048876	100	1	1.1	0.9	63.9500	0.0000	0.0000	0.0000;
./matpower/data/case_ACTIVSg70k.m:40924:	40871	1	0	0	0	0	32	1.0196692	-134.792201	100	1	1.1	0.9	63.9500	0.0000	0.0000	0.0000;
./matpower/data/case_ACTIVSg70k.m:40925:	40872	2	0	0	0	0	32	1.0196692	-134.792201	13.8	1	1.1	0.9	63.9500	0.0000	0.0000	0.0000;
./matpower/data/case_ACTIVSg70k.m:40926:	40873	1	0	0	0	0	32	1.0196692	-134.792201	100	1	1.1	0.9	63.9500	0.0000	0.0000	0.0000;
./matpower/data/case_ACTIVSg70k.m:41267:	41214	1	0	0	0	0	33	0.9980183	-136.615595	100	1	1.1	0.9	63.9500	0.0000	0.0000	0.0000;
./matpower/data/case_ACTIVSg70k.m:41304:	41251	1	14.73	1.04	0	0	33	1.0079492	-127.956777	100	1	1.1	0.9	63.9500	0.0000	0.0000	0.0000;
./matpower/data/case_ACTIVSg70k.m:41308:	41255	1	23.23	7.33	0	0	33	0.998517	-124.513331	100	1	1.1	0.9	63.9500	0.0000	0.0000	0.0000;
./matpower/data/case_ACTIVSg70k.m:41318:	41265	1	10.58	0.51	0	0	33	0.9985037	-129.223637	100	1	1.1	0.9	63.9500	0.0000	0.0000	0.0000;
./matpower/data/case_ACTIVSg70k.m:41319:	41266	1	0	0	0	0	33	0.9985372	-129.217634	100	1	1.1	0.9	63.9500	0.0000	0.0000	0.0000;
./matpower/data/case_ACTIVSg70k.m:41369:	41316	1	19.03	2.4	0	0	33	0.9988609	-123.091098	100	1	1.1	0.9	63.9500	0.0000	0.0000	0.0000;
./matpower/data/case_ACTIVSg70k.m:41382:	41329	1	11.03	1.61	0	0	33	1.0294992	-118.585931	100	1	1.1	0.9	63.9500	0.0000	0.0000	0.0000;
./matpower/data/case_ACTIVSg70k.m:41383:	41330	1	22.4	5.02	0	0	33	0.9983393	-119.804848	100	1	1.1	0.9	63.9500	0.0000	0.0000	0.0000;
./matpower/data/case_ACTIVSg70k.m:41486:	41433	1	5.02	1.64	0	0	33	0.9980492	-110.932004	100	1	1.1	0.9	63.9500	0.0000	0.0000	0.0000;
./matpower/data/case_ACTIVSg70k.m:41487:	41434	1	5.02	1.92	0	0	33	0.9980158	-110.935146	100	1	1.1	0.9	63.9500	0.0000	0.0000	0.0000;
./matpower/data/case_ACTIVSg70k.m:41691:	41638	1	11.09	3.01	0	0	33	0.9983964	-124.806585	100	1	1.1	0.9	63.9500	0.0000	0.0000	0.0000;
./matpower/data/case_ACTIVSg70k.m:41923:	41870	1	11.2	3.44	0	0	33	0.9980606	-128.686266	100	1	1.1	0.9	63.9500	0.0000	0.0000	0.0000;
./matpower/data/case_ACTIVSg70k.m:41950:	41897	1	6.15	1.97	0	0	33	0.998793	-137.721344	100	1	1.1	0.9	63.9500	0.0000	0.0000	0.0000;
./matpower/data/case_ACTIVSg70k.m:41997:	41944	1	29.58	12.67	0	0	33	0.9984739	-122.18894	100	1	1.1	0.9	63.9500	0.0000	0.0000	0.0000;
./matpower/data/case_ACTIVSg70k.m:41998:	41945	1	0	0	0	0	33	0.9987091	-122.170972	100	1	1.1	0.9	63.9500	0.0000	0.0000	0.0000;
./matpower/data/case_ACTIVSg70k.m:42053:	42000	1	39.16	9.05	0	0	33	0.9986226	-111.119265	100	1	1.1	0.9	63.9500	0.0000	0.0000	0.0000;
./matpower/data/case_ACTIVSg70k.m:42092:	42039	1	25.66	13.07	0	0	33	1.0193325	-112.577808	100	1	1.1	0.9	63.9500	0.0000	0.0000	0.0000;
./matpower/data/case_ACTIVSg70k.m:42362:	42309	1	0	0	0	0	33	0.9984343	-106.672383	100	1	1.1	0.9	63.9500	0.0000	0.0000	0.0000;
./matpower/data/case_ACTIVSg70k.m:42363:	42310	1	9.58	2.59	0	0	33	0.998383	-106.678285	100	1	1.1	0.9	63.9500	0.0000	0.0000	0.0000;
./matpower/data/case_ACTIVSg70k.m:42381:	42328	1	0	0	0	0	33	0.9926339	-110.998195	100	1	1.1	0.9	63.9500	0.0000	0.0000	0.0000;
./matpower/data/case_ACTIVSg70k.m:42566:	42513	1	0	0	0	0	33	0.9989694	-99.912116	100	1	1.1	0.9	63.9500	0.0000	0.0000	0.0000;
./matpower/data/case_ACTIVSg70k.m:42567:	42514	1	14.06	2.51	0	0	33	0.9989112	-99.920528	100	1	1.1	0.9	63.9500	0.0000	0.0000	0.0000;
./matpower/data/case_ACTIVSg70k.m:42583:	42530	1	12.24	5.01	0	0	33	1.0196641	-102.724027	100	1	1.1	0.9	63.9500	0.0000	0.0000	0.0000;
./matpower/data/case_ACTIVSg70k.m:42983:	42930	2	0	0	0	0	33	1.0096616	-98.855899	13.8	1	1.1	0.9	63.9500	0.0000	0.0000	0.0000;
./matpower/data/case_ACTIVSg70k.m:43119:	43066	1	0	0	0	0	33	1.0394913	-111.792872	230	1	1.1	0.9	63.9500	0.0000	0.0000	0.0000;
./matpower/data/case_ACTIVSg70k.m:43402:	43349	1	0	0	0	0	34	1.0296667	-104.051249	230	1	1.1	0.9	63.9500	0.0000	0.0000	0.0000;
./matpower/data/case_ACTIVSg70k.m:43498:	43445	1	0	0	0	0	34	1.0293312	-110.266376	100	1	1.1	0.9	63.9500	0.0000	0.0000	0.0000;
./matpower/data/case_ACTIVSg70k.m:43681:	43628	1	29.54	9.12	0	0	34	1.0389303	-109.400933	100	1	1.1	0.9	63.9500	0.0000	0.0000	0.0000;
./matpower/data/case_ACTIVSg70k.m:43712:	43659	1	71.35	23.07	0	0	34	1.0205966	-111.050508	100	1	1.1	0.9	63.9500	0.0000	0.0000	0.0000;
./matpower/data/case_ACTIVSg70k.m:43966:	43913	1	16.93	4.79	0	0	34	0.9981229	-94.640904	100	1	1.1	0.9	63.9500	0.0000	0.0000	0.0000;
./matpower/data/case_ACTIVSg70k.m:44346:	44293	1	0	0	0	0	34	1.039333	-87.481316	230	1	1.1	0.9	63.9500	0.0000	0.0000	0.0000;
./matpower/data/case_ACTIVSg70k.m:44622:	44569	2	0	0	0	0	34	1.0559392	-90.933231	13.8	1	1.1	0.9	63.9500	0.0000	0.0000	0.0000;
./matpower/data/case_ACTIVSg70k.m:44660:	44607	1	23.38	12.11	0	0	35	0.9983989	-77.682636	100	1	1.1	0.9	63.9500	0.0000	0.0000	0.0000;
./matpower/data/case_ACTIVSg70k.m:44661:	44608	1	0	0	0	0	35	0.9985925	-77.668158	100	1	1.1	0.9	63.9500	0.0000	0.0000	0.0000;
./matpower/data/case_ACTIVSg70k.m:44673:	44620	1	6.11	2.22	0	0	35	1.0294985	-72.89354	100	1	1.1	0.9	63.9500	0.0000	0.0000	0.0000;
./matpower/data/case_ACTIVSg70k.m:44807:	44754	1	13.19	1.4	0	0	35	1.0396482	-95.089986	100	1	1.1	0.9	63.9500	0.0000	0.0000	0.0000;
./matpower/data/case_ACTIVSg70k.m:44924:	44871	1	17.67	2.34	0	0	35	1.0293592	-82.01966	100	1	1.1	0.9	63.9500	0.0000	0.0000	0.0000;
./matpower/data/case_ACTIVSg70k.m:45085:	45032	1	3.8	1.19	0	0	35	1.0293361	-100.344314	100	1	1.1	0.9	63.9500	0.0000	0.0000	0.0000;
./matpower/data/case_ACTIVSg70k.m:45116:	45063	1	0	0	0	0	35	1.0302601	-82.403998	100	1	1.1	0.9	63.9500	0.0000	0.0000	0.0000;
./matpower/data/case_ACTIVSg70k.m:45121:	45068	1	0	0	0	0	35	1.0302601	-82.403998	100	1	1.1	0.9	63.9500	0.0000	0.0000	0.0000;
./matpower/data/case_ACTIVSg70k.m:45247:	45194	1	0	0	0	0	35	1.0399839	-80.201635	100	1	1.1	0.9	63.9500	0.0000	0.0000	0.0000;
./matpower/data/case_ACTIVSg70k.m:45402:	45349	1	0	0	0	0	35	1.0296676	-78.415535	100	1	1.1	0.9	63.9500	0.0000	0.0000	0.0000;
./matpower/data/case_ACTIVSg70k.m:45454:	45401	1	3.61	0.89	0	0	35	1.0394949	-84.282792	100	1	1.1	0.9	63.9500	0.0000	0.0000	0.0000;
./matpower/data/case_ACTIVSg70k.m:45456:	45403	1	2.54	0.07	0	0	35	1.0393307	-83.184343	100	1	1.1	0.9	63.9500	0.0000	0.0000	0.0000;
./matpower/data/case_ACTIVSg70k.m:45559:	45506	1	27.61	10.93	0	0	35	1.0396673	-85.250875	100	1	1.1	0.9	63.9500	0.0000	0.0000	0.0000;
./matpower/data/case_ACTIVSg70k.m:45738:	45685	1	2.81	0.67	0	0	35	1.0402966	-79.520435	230	1	1.1	0.9	63.9500	0.0000	0.0000	0.0000;
./matpower/data/case_ACTIVSg70k.m:45972:	45919	1	10.77	0.76	0	0	35	1.0293349	-94.598536	100	1	1.1	0.9	63.9500	0.0000	0.0000	0.0000;
./matpower/data/case_ACTIVSg70k.m:46135:	46082	1	0	0	0	0	35	1.0356071	-79.069491	100	1	1.1	0.9	63.9500	0.0000	0.0000	0.0000;
./matpower/data/case_ACTIVSg70k.m:46318:	46265	1	0	0	0	0	35	1.0299856	-89.660956	100	1	1.1	0.9	63.9500	0.0000	0.0000	0.0000;
./matpower/data/case_ACTIVSg70k.m:46531:	46478	1	0	0	0	0	35	1.0415758	-83.904949	230	1	1.1	0.9	63.9500	0.0000	0.0000	0.0000;
./matpower/data/case_ACTIVSg70k.m:46537:	46484	1	0	0	0	0	35	1.0394915	-84.161505	230	1	1.1	0.9	63.9500	0.0000	0.0000	0.0000;
./matpower/data/case_ACTIVSg70k.m:47089:	47036	1	7.58	3.05	0	0	36	1.0011756	-93.408949	100	1	1.1	0.9	63.9500	0.0000	0.0000	0.0000;
./matpower/data/case_ACTIVSg70k.m:47205:	47152	1	0	0	0	69.49	36	1.0393399	-97.419745	100	1	1.1	0.9	63.9500	0.0000	0.0000	0.0000;
./matpower/data/case_ACTIVSg70k.m:47318:	47265	1	8.08	0.29	0	0	36	1.039334	-71.343945	100	1	1.1	0.9	63.9500	0.0000	0.0000	0.0000;
./matpower/data/case_ACTIVSg70k.m:47604:	47551	1	0	0	0	0	36	1.0394963	-75.496626	230	1	1.1	0.9	63.9500	0.0000	0.0000	0.0000;
./matpower/data/case_ACTIVSg70k.m:47831:	47778	1	0	0	0	0	36	1.0360058	-101.049669	100	1	1.1	0.9	63.9500	0.0000	0.0000	0.0000;
./matpower/data/case_ACTIVSg70k.m:48016:	47963	1	0	0	0	0	36	0.998198	-106.714363	100	1	1.1	0.9	63.9500	0.0000	0.0000	0.0000;
./matpower/data/case_ACTIVSg70k.m:48038:	47985	1	26.54	8.3	0	65.57	36	1.0357836	-100.998186	100	1	1.1	0.9	63.9500	0.0000	0.0000	0.0000;
./matpower/data/case_ACTIVSg70k.m:48068:	48015	1	13.28	1.23	0	0	36	1.0293329	-98.810749	100	1	1.1	0.9	63.9500	0.0000	0.0000	0.0000;
./matpower/data/case_ACTIVSg70k.m:48175:	48122	1	12.9	5.77	0	49.43	36	1.0399843	-103.163941	100	1	1.1	0.9	63.9500	0.0000	0.0000	0.0000;
./matpower/data/case_ACTIVSg70k.m:48485:	48432	2	0	0	0	0	36	1.0194995	-64.144118	13.8	1	1.1	0.9	63.9500	0.0000	0.0000	0.0000;
./matpower/data/case_ACTIVSg70k.m:48594:	48541	1	0	0	0	0	36	1.0394984	-71.259149	100	1	1.1	0.9	63.9500	0.0000	0.0000	0.0000;
./matpower/data/case_ACTIVSg70k.m:48951:	48898	2	0	0	0	0	36	1.0493329	-92.06622	20	1	1.1	0.9	63.9500	0.0000	0.0000	0.0000;
./matpower/data/case_ACTIVSg70k.m:48958:	48905	2	0	0	0	0	36	1.0249139	-80.96655	20	1	1.1	0.9	63.9500	0.0000	0.0000	0.0000;
./matpower/data/case_ACTIVSg70k.m:49200:	49147	1	0	0	0	0	37	1.043969	-50.603949	161	1	1.1	0.9	63.9500	0.0000	0.0000	0.0000;
./matpower/data/case_ACTIVSg70k.m:49307:	49254	1	0	0	0	0	37	1.0393301	-68.537328	69	1	1.1	0.9	63.9500	0.0000	0.0000	0.0000;
./matpower/data/case_ACTIVSg70k.m:49399:	49346	1	8.64	3.24	0	0	37	1.0493356	-65.52642	161	1	1.1	0.9	63.9500	0.0000	0.0000	0.0000;
./matpower/data/case_ACTIVSg70k.m:49688:	49635	1	4.15	1.02	0	0	37	1.0394913	-56.576141	69	1	1.1	0.9	63.9500	0.0000	0.0000	0.0000;
./matpower/data/case_ACTIVSg70k.m:49847:	49794	1	0	0	0	0	37	1.0504966	-61.829116	69	1	1.1	0.9	63.9500	0.0000	0.0000	0.0000;
./matpower/data/case_ACTIVSg70k.m:49965:	49912	1	0	0	0	0	37	1.0410511	-47.00998	161	1	1.1	0.9	63.9500	0.0000	0.0000	0.0000;
./matpower/data/case_ACTIVSg70k.m:50085:	50032	1	0	0	0	0	37	1.0396676	-69.185987	69	1	1.1	0.9	63.9500	0.0000	0.0000	0.0000;
./matpower/data/case_ACTIVSg70k.m:50090:	50037	1	0	0	0	0	37	1.0396676	-69.185987	69	1	1.1	0.9	63.9500	0.0000	0.0000	0.0000;
./matpower/data/case_ACTIVSg70k.m:50158:	50105	1	0	0	0	0	37	1.0396663	-67.958998	161	1	1.1	0.9	63.9500	0.0000	0.0000	0.0000;
./matpower/data/case_ACTIVSg70k.m:50161:	50108	1	0	0	0	0	37	1.0396663	-67.958998	161	1	1.1	0.9	63.9500	0.0000	0.0000	0.0000;
./matpower/data/case_ACTIVSg70k.m:50176:	50123	1	0	0	0	0	38	1.0194947	-68.577013	161	1	1.1	0.9	63.9500	0.0000	0.0000	0.0000;
./matpower/data/case_ACTIVSg70k.m:50202:	50149	1	12.89	4.67	0	0	38	1.0294935	-70.491328	69	1	1.1	0.9	63.9500	0.0000	0.0000	0.0000;
./matpower/data/case_ACTIVSg70k.m:50237:	50184	1	0	0	0	0	38	1.0392192	-70.966592	69	1	1.1	0.9	63.9500	0.0000	0.0000	0.0000;
./matpower/data/case_ACTIVSg70k.m:50472:	50419	1	21.47	5.54	0	0	38	0.9666639	-77.437411	13.8	1	1.1	0.9	63.9500	0.0000	0.0000	0.0000;
./matpower/data/case_ACTIVSg70k.m:50524:	50471	1	21.27	4.83	0	0	38	1.03998	-71.207418	69	1	1.1	0.9	63.9500	0.0000	0.0000	0.0000;
./matpower/data/case_ACTIVSg70k.m:50768:	50715	1	0	0	0	0	38	1.0199862	-68.863794	161	1	1.1	0.9	63.9500	0.0000	0.0000	0.0000;
./matpower/data/case_ACTIVSg70k.m:50869:	50816	1	7.62	2.5	0	0	38	1.0093381	-72.619439	69	1	1.1	0.9	63.9500	0.0000	0.0000	0.0000;
./matpower/data/case_ACTIVSg70k.m:50913:	50860	1	0	0	0	0	38	1.0393332	-61.114778	161	1	1.1	0.9	63.9500	0.0000	0.0000	0.0000;
./matpower/data/case_ACTIVSg70k.m:51415:	51362	1	0	0	0	0	38	1.0500949	-48.610333	69	1	1.1	0.9	63.9500	0.0000	0.0000	0.0000;
./matpower/data/case_ACTIVSg70k.m:51465:	51412	2	0	0	0	0	38	1.034413	-70.998369	13.8	1	1.1	0.9	63.9500	0.0000	0.0000	0.0000;
./matpower/data/case_ACTIVSg70k.m:51499:	51446	1	0	0	0	0	38	1.0325266	-68.039989	161	1	1.1	0.9	63.9500	0.0000	0.0000	0.0000;
./matpower/data/case_ACTIVSg70k.m:51670:	51617	1	0	0	0	0	38	1.0473179	-51.107933	161	1	1.1	0.9	63.9500	0.0000	0.0000	0.0000;
./matpower/data/case_ACTIVSg70k.m:51709:	51656	1	0	0	0	0	38	1.0396671	-63.726802	500	1	1.1	0.9	63.9500	0.0000	0.0000	0.0000;
./matpower/data/case_ACTIVSg70k.m:51713:	51660	1	0	0	0	0	38	1.0493341	-56.655178	161	1	1.1	0.9	63.9500	0.0000	0.0000	0.0000;
./matpower/data/case_ACTIVSg70k.m:51721:	51668	1	0	0	0	0	38	1.0493341	-56.655178	161	1	1.1	0.9	63.9500	0.0000	0.0000	0.0000;
./matpower/data/case_ACTIVSg70k.m:52493:	52440	1	4.42	0.65	0	0	39	1.0393375	-65.643182	69	1	1.1	0.9	63.9500	0.0000	0.0000	0.0000;
./matpower/data/case_ACTIVSg70k.m:52500:	52447	1	16.1	9.73	0	0	39	0.9666233	-68.531111	13.8	1	1.1	0.9	63.9500	0.0000	0.0000	0.0000;
./matpower/data/case_ACTIVSg70k.m:52794:	52741	1	0	0	0	0	39	1.0399896	-70.193524	69	1	1.1	0.9	63.9500	0.0000	0.0000	0.0000;
./matpower/data/case_ACTIVSg70k.m:52853:	52800	1	11.1	1.03	0	0	39	1.0396692	-52.992493	161	1	1.1	0.9	63.9500	0.0000	0.0000	0.0000;
./matpower/data/case_ACTIVSg70k.m:52989:	52936	1	3.83	0.84	0	0	39	1.0377847	-73.409966	69	1	1.1	0.9	63.9500	0.0000	0.0000	0.0000;
./matpower/data/case_ACTIVSg70k.m:53308:	53255	1	3.84	1.33	0	0	39	1.0394938	-53.611948	69	1	1.1	0.9	63.9500	0.0000	0.0000	0.0000;
./matpower/data/case_ACTIVSg70k.m:53359:	53306	1	0	0	0	0	39	1.0444144	-60.009661	161	1	1.1	0.9	63.9500	0.0000	0.0000	0.0000;
./matpower/data/case_ACTIVSg70k.m:53534:	53481	1	13.74	5.74	0	0	39	1.0409998	-72.10928	69	1	1.1	0.9	63.9500	0.0000	0.0000	0.0000;
./matpower/data/case_ACTIVSg70k.m:53681:	53628	1	6.8	1.46	0	0	39	1.0399886	-53.288396	161	1	1.1	0.9	63.9500	0.0000	0.0000	0.0000;
./matpower/data/case_ACTIVSg70k.m:53858:	53805	1	0	0	0	0	39	1.0394943	-51.970239	161	1	1.1	0.9	63.9500	0.0000	0.0000	0.0000;
./matpower/data/case_ACTIVSg70k.m:53916:	53863	1	0	0	0	0	39	1.0394991	-61.237341	69	1	1.1	0.9	63.9500	0.0000	0.0000	0.0000;
./matpower/data/case_ACTIVSg70k.m:54092:	54039	1	3.53	0.35	0	0	39	1.0403998	-64.622805	69	1	1.1	0.9	63.9500	0.0000	0.0000	0.0000;
./matpower/data/case_ACTIVSg70k.m:54824:	54771	1	0	0	0	0	39	1.0396627	-57.17446	69	1	1.1	0.9	63.9500	0.0000	0.0000	0.0000;
./matpower/data/case_ACTIVSg70k.m:55316:	55263	2	0	0	0	0	39	1.0506474	-55.00966	69	1	1.1	0.9	63.9500	0.0000	0.0000	0.0000;
./matpower/data/case_ACTIVSg70k.m:55317:	55264	1	0	0	0	0	39	1.0506474	-55.00966	69	1	1.1	0.9	63.9500	0.0000	0.0000	0.0000;
./matpower/data/case_ACTIVSg70k.m:55623:	55570	1	0	0	0	0	40	1.0408933	-64.601249	69	1	1.1	0.9	63.9500	0.0000	0.0000	0.0000;
./matpower/data/case_ACTIVSg70k.m:55786:	55733	1	0	0	0	0	40	1.0299831	-58.773438	161	1	1.1	0.9	63.9500	0.0000	0.0000	0.0000;
./matpower/data/case_ACTIVSg70k.m:55914:	55861	1	19.09	5.61	0	0	40	1.0399899	-69.314042	69	1	1.1	0.9	63.9500	0.0000	0.0000	0.0000;
./matpower/data/case_ACTIVSg70k.m:55979:	55926	1	9.76	1.93	0	0	40	1.0293334	-71.887926	69	1	1.1	0.9	63.9500	0.0000	0.0000	0.0000;
./matpower/data/case_ACTIVSg70k.m:56526:	56473	1	0	0	0	0	40	1.0329646	-75.805949	161	1	1.1	0.9	63.9500	0.0000	0.0000	0.0000;
./matpower/data/case_ACTIVSg70k.m:56531:	56478	1	0	0	0	0	40	1.0304933	-75.776785	161	1	1.1	0.9	63.9500	0.0000	0.0000	0.0000;
./matpower/data/case_ACTIVSg70k.m:56580:	56527	1	0	0	0	0	40	1.0296697	-78.248735	69	1	1.1	0.9	63.9500	0.0000	0.0000	0.0000;
./matpower/data/case_ACTIVSg70k.m:57053:	57000	2	0	0	0	0	40	1.0394935	-55.994455	161	1	1.1	0.9	63.9500	0.0000	0.0000	0.0000;
./matpower/data/case_ACTIVSg70k.m:57120:	57067	1	4.45	1.48	0	11.05	41	1.0293312	-46.582673	69	1	1.1	0.9	63.9500	0.0000	0.0000	0.0000;
./matpower/data/case_ACTIVSg70k.m:57271:	57218	1	0	0	0	0	41	1.0499814	-53.752415	69	1	1.1	0.9	63.9500	0.0000	0.0000	0.0000;
./matpower/data/case_ACTIVSg70k.m:57303:	57250	1	0	0	0	0	41	1.0399838	-54.564459	69	1	1.1	0.9	63.9500	0.0000	0.0000	0.0000;
./matpower/data/case_ACTIVSg70k.m:57330:	57277	1	23.67	12.79	0	0	41	1.0294925	-52.229218	161	1	1.1	0.9	63.9500	0.0000	0.0000	0.0000;
./matpower/data/case_ACTIVSg70k.m:57617:	57564	1	0	0	0	0	41	1.0499881	-54.152142	69	1	1.1	0.9	63.9500	0.0000	0.0000	0.0000;
./matpower/data/case_ACTIVSg70k.m:57618:	57565	1	0	0	0	0	41	1.0499881	-54.152142	13.8	1	1.1	0.9	63.9500	0.0000	0.0000	0.0000;
./matpower/data/case_ACTIVSg70k.m:57619:	57566	1	0	0	0	0	41	1.0499881	-54.152142	13.8	1	1.1	0.9	63.9500	0.0000	0.0000	0.0000;
./matpower/data/case_ACTIVSg70k.m:57620:	57567	1	0	0	0	0	41	1.0499881	-54.152142	1	1	1.1	0.9	63.9500	0.0000	0.0000	0.0000;
./matpower/data/case_ACTIVSg70k.m:57631:	57578	1	0	0	0	0	41	1.0196681	-49.362562	69	1	1.1	0.9	63.9500	0.0000	0.0000	0.0000;
./matpower/data/case_ACTIVSg70k.m:57716:	57663	1	3.21	0.38	0	0	41	1.0406942	-57.029984	69	1	1.1	0.9	63.9500	0.0000	0.0000	0.0000;
./matpower/data/case_ACTIVSg70k.m:57767:	57714	1	0	0	0	0	41	1.0394913	-51.928171	161	1	1.1	0.9	63.9500	0.0000	0.0000	0.0000;
./matpower/data/case_ACTIVSg70k.m:57814:	57761	1	0	0	0	0	41	1.0393385	-54.171475	69	1	1.1	0.9	63.9500	0.0000	0.0000	0.0000;
./matpower/data/case_ACTIVSg70k.m:57900:	57847	1	13.1	5.7	0	0	41	1.0299894	-54.211885	69	1	1.1	0.9	63.9500	0.0000	0.0000	0.0000;
./matpower/data/case_ACTIVSg70k.m:57974:	57921	1	3.88	2.27	0	8.53	41	1.0393377	-55.494056	69	1	1.1	0.9	63.9500	0.0000	0.0000	0.0000;
./matpower/data/case_ACTIVSg70k.m:58135:	58082	1	29.12	4.45	0	0	41	1.0394948	-52.10909	161	1	1.1	0.9	63.9500	0.0000	0.0000	0.0000;
./matpower/data/case_ACTIVSg70k.m:58141:	58088	1	20.23	1.87	0	0	41	1.039337	-53.886999	69	1	1.1	0.9	63.9500	0.0000	0.0000	0.0000;
./matpower/data/case_ACTIVSg70k.m:58204:	58151	1	0	0	0	0	41	1.0393346	-44.390412	69	1	1.1	0.9	63.9500	0.0000	0.0000	0.0000;
./matpower/data/case_ACTIVSg70k.m:58909:	58856	1	9.84	2.87	0	0	42	1.0394939	-33.932901	115	1	1.1	0.9	63.9500	0.0000	0.0000	0.0000;
./matpower/data/case_ACTIVSg70k.m:58959:	58906	1	4.25	0.53	0	0	42	1.0296685	-52.692018	115	1	1.1	0.9	63.9500	0.0000	0.0000	0.0000;
./matpower/data/case_ACTIVSg70k.m:59327:	59274	1	0	0	0	0	42	1.0393309	-52.649111	115	1	1.1	0.9	63.9500	0.0000	0.0000	0.0000;
./matpower/data/case_ACTIVSg70k.m:59384:	59331	1	0	0	0	0	42	1.0299843	-38.815843	115	1	1.1	0.9	63.9500	0.0000	0.0000	0.0000;
./matpower/data/case_ACTIVSg70k.m:59773:	59720	1	0	0	0	0	42	1.0393372	-19.456776	115	1	1.1	0.9	63.9500	0.0000	0.0000	0.0000;
./matpower/data/case_ACTIVSg70k.m:59877:	59824	2	0	0	0	0	42	1.0499843	-16.821947	13.8	1	1.1	0.9	63.9500	0.0000	0.0000	0.0000;
./matpower/data/case_ACTIVSg70k.m:60072:	60019	1	43.79	11.76	0	0	43	1.0393336	3.395512	115	1	1.1	0.9	63.9500	0.0000	0.0000	0.0000;
./matpower/data/case_ACTIVSg70k.m:60090:	60037	1	0	0	0	81.52	43	1.0393347	5.517962	115	1	1.1	0.9	63.9500	0.0000	0.0000	0.0000;
./matpower/data/case_ACTIVSg70k.m:60240:	60187	1	0	0	0	0	43	1.0294946	21.573727	115	1	1.1	0.9	63.9500	0.0000	0.0000	0.0000;
./matpower/data/case_ACTIVSg70k.m:60552:	60499	1	31.04	6.65	0	0	43	1.0410816	3.089498	115	1	1.1	0.9	63.9500	0.0000	0.0000	0.0000;
./matpower/data/case_ACTIVSg70k.m:60787:	60734	1	24.82	6.15	0	0	43	1.0393373	7.107568	115	1	1.1	0.9	63.9500	0.0000	0.0000	0.0000;
./matpower/data/case_ACTIVSg70k.m:60896:	60843	1	0	0	0	0	43	1.0393384	10.30416	345	1	1.1	0.9	63.9500	0.0000	0.0000	0.0000;
./matpower/data/case_ACTIVSg70k.m:60967:	60914	2	0	0	0	0	43	1.0501966	20.269162	13.8	1	1.1	0.9	63.9500	0.0000	0.0000	0.0000;
./matpower/data/case_ACTIVSg70k.m:60988:	60935	2	0	0	0	0	43	1.0605933	32.922304	18	1	1.1	0.9	63.9500	0.0000	0.0000	0.0000;
./matpower/data/case_ACTIVSg70k.m:61029:	60976	2	0	0	0	0	43	1.0499899	6.498231	18	1	1.1	0.9	63.9500	0.0000	0.0000	0.0000;
./matpower/data/case_ACTIVSg70k.m:61048:	60995	1	0	0	0	0	43	1.029983	0.87503	115	1	1.1	0.9	63.9500	0.0000	0.0000	0.0000;
./matpower/data/case_ACTIVSg70k.m:61198:	61145	1	0	0	0	0	43	1.0442595	10.93341	115	1	1.1	0.9	63.9500	0.0000	0.0000	0.0000;
./matpower/data/case_ACTIVSg70k.m:61345:	61292	1	20.3	6.61	0	0	44	0.9989518	-11.735475	115	1	1.1	0.9	63.9500	0.0000	0.0000	0.0000;
./matpower/data/case_ACTIVSg70k.m:61346:	61293	1	0	0	0	0	44	0.9984433	-5.392581	115	1	1.1	0.9	63.9500	0.0000	0.0000	0.0000;
./matpower/data/case_ACTIVSg70k.m:61347:	61294	1	23.27	8.64	0	0	44	0.9982925	-5.406178	115	1	1.1	0.9	63.9500	0.0000	0.0000	0.0000;
./matpower/data/case_ACTIVSg70k.m:61352:	61299	1	43.8	10.47	0	0	44	0.9983713	-2.556172	115	1	1.1	0.9	63.9500	0.0000	0.0000	0.0000;
./matpower/data/case_ACTIVSg70k.m:61752:	61699	1	0	0	0	0	45	1.0494924	7.504496	345	1	1.1	0.9	63.9500	0.0000	0.0000	0.0000;
./matpower/data/case_ACTIVSg70k.m:61843:	61790	1	16.79	2.38	0	0	45	1.039493	-11.651487	115	1	1.1	0.9	63.9500	0.0000	0.0000	0.0000;
./matpower/data/case_ACTIVSg70k.m:61902:	61849	1	0	0	0	0	45	1.0416865	7.009949	345	1	1.1	0.9	63.9500	0.0000	0.0000	0.0000;
./matpower/data/case_ACTIVSg70k.m:62211:	62158	1	0	0	0	0	47	1.0396616	-25.364331	115	1	1.1	0.9	63.9500	0.0000	0.0000	0.0000;
./matpower/data/case_ACTIVSg70k.m:62566:	62513	1	10.48	2.65	0	0	47	1.0399859	-30.395336	115	1	1.1	0.9	63.9500	0.0000	0.0000	0.0000;
./matpower/data/case_ACTIVSg70k.m:62570:	62517	1	9.32	2.17	0	0	47	1.0396638	-30.403917	115	1	1.1	0.9	63.9500	0.0000	0.0000	0.0000;
./matpower/data/case_ACTIVSg70k.m:62756:	62703	1	13.42	3.84	0	0	47	1.0352322	-20.966698	115	1	1.1	0.9	63.9500	0.0000	0.0000	0.0000;
./matpower/data/case_ACTIVSg70k.m:62802:	62749	1	27.25	5.75	0	0	47	1.0367696	-28.049986	115	1	1.1	0.9	63.9500	0.0000	0.0000	0.0000;
./matpower/data/case_ACTIVSg70k.m:63043:	62990	1	10.21	1.03	0	0	47	1.0496664	-26.192512	115	1	1.1	0.9	63.9500	0.0000	0.0000	0.0000;
./matpower/data/case_ACTIVSg70k.m:63568:	63515	1	0	0	0	0	47	1.0370534	-27.019982	115	1	1.1	0.9	63.9500	0.0000	0.0000	0.0000;
./matpower/data/case_ACTIVSg70k.m:63571:	63518	1	0	0	0	0	47	1.0370534	-27.019982	115	1	1.1	0.9	63.9500	0.0000	0.0000	0.0000;
./matpower/data/case_ACTIVSg70k.m:63803:	63750	1	0	0	0	0	48	1.0296687	-36.072542	69	1	1.1	0.9	63.9500	0.0000	0.0000	0.0000;
./matpower/data/case_ACTIVSg70k.m:64304:	64251	1	8.49	0.67	0	0	48	1.0305966	-36.258429	69	1	1.1	0.9	63.9500	0.0000	0.0000	0.0000;
./matpower/data/case_ACTIVSg70k.m:64466:	64413	1	0	0	0	11.78	48	1.032939	-55.705998	69	1	1.1	0.9	63.9500	0.0000	0.0000	0.0000;
./matpower/data/case_ACTIVSg70k.m:64467:	64414	1	0	0	0	0	48	1.032939	-55.705998	13.8	1	1.1	0.9	63.9500	0.0000	0.0000	0.0000;
./matpower/data/case_ACTIVSg70k.m:64468:	64415	1	0	0	0	0	48	1.032939	-55.705998	13.8	1	1.1	0.9	63.9500	0.0000	0.0000	0.0000;
./matpower/data/case_ACTIVSg70k.m:64469:	64416	1	0	0	0	0	48	1.032939	-55.705998	1	1	1.1	0.9	63.9500	0.0000	0.0000	0.0000;
./matpower/data/case_ACTIVSg70k.m:64546:	64493	1	0	0	0	-2.19	48	1.0399805	-35.440508	69	1	1.1	0.9	63.9500	0.0000	0.0000	0.0000;
./matpower/data/case_ACTIVSg70k.m:64627:	64574	1	3.02	0.74	0	0	48	1.0399839	-41.762798	69	1	1.1	0.9	63.9500	0.0000	0.0000	0.0000;
./matpower/data/case_ACTIVSg70k.m:64681:	64628	1	4.94	1.56	0	0	48	1.0394934	-47.278194	69	1	1.1	0.9	63.9500	0.0000	0.0000	0.0000;
./matpower/data/case_ACTIVSg70k.m:64687:	64634	1	0	0	0	0	48	1.0394974	-35.043809	161	1	1.1	0.9	63.9500	0.0000	0.0000	0.0000;
./matpower/data/case_ACTIVSg70k.m:64828:	64775	1	0	0	0	0	48	1.0393352	-45.140993	69	1	1.1	0.9	63.9500	0.0000	0.0000	0.0000;
./matpower/data/case_ACTIVSg70k.m:65406:	65353	1	0	0	0	0	48	1.0399834	-36.874352	161	1	1.1	0.9	63.9500	0.0000	0.0000	0.0000;
./matpower/data/case_ACTIVSg70k.m:65629:	65576	1	0	0	0	0	48	1.0277971	-50.966772	69	1	1.1	0.9	63.9500	0.0000	0.0000	0.0000;
./matpower/data/case_ACTIVSg70k.m:65678:	65625	2	0	0	0	0	48	1.0396627	-36.26933	69	1	1.1	0.9	63.9500	0.0000	0.0000	0.0000;
./matpower/data/case_ACTIVSg70k.m:65885:	65832	2	0	0	0	0	48	1.0494925	-42.95946	20	1	1.1	0.9	63.9500	0.0000	0.0000	0.0000;
./matpower/data/case_ACTIVSg70k.m:65933:	65880	2	0	0	0	0	48	1.0442905	-36.000949	24	1	1.1	0.9	63.9500	0.0000	0.0000	0.0000;
./matpower/data/case_ACTIVSg70k.m:66018:	65965	2	0	0	0	0	48	1.0493355	-51.928149	18	1	1.1	0.9	63.9500	0.0000	0.0000	0.0000;
./matpower/data/case_ACTIVSg70k.m:66434:	66381	1	7.29	3.57	0	0	49	1.0399894	-49.753347	161	1	1.1	0.9	63.9500	0.0000	0.0000	0.0000;
./matpower/data/case_ACTIVSg70k.m:66540:	66487	1	2.94	0.63	0	0	49	1.0253825	-48.099669	69	1	1.1	0.9	63.9500	0.0000	0.0000	0.0000;
./matpower/data/case_ACTIVSg70k.m:66635:	66582	1	11.71	4.26	0	0	49	1.0294989	-51.265911	161	1	1.1	0.9	63.9500	0.0000	0.0000	0.0000;
./matpower/data/case_ACTIVSg70k.m:66853:	66800	1	28.73	9.62	0	0	49	1.0399842	-48.405243	69	1	1.1	0.9	63.9500	0.0000	0.0000	0.0000;
./matpower/data/case_ACTIVSg70k.m:66892:	66839	1	3.05	0.51	0	0	49	1.0294919	-45.115463	69	1	1.1	0.9	63.9500	0.0000	0.0000	0.0000;
./matpower/data/case_ACTIVSg70k.m:66969:	66916	1	0.99	0.26	0	0	49	0.9917081	-52.301998	69	1	1.1	0.9	63.9500	0.0000	0.0000	0.0000;
./matpower/data/case_ACTIVSg70k.m:67072:	67019	1	0	0	0	0	49	1.0349306	-50.966602	69	1	1.1	0.9	63.9500	0.0000	0.0000	0.0000;
./matpower/data/case_ACTIVSg70k.m:67095:	67042	1	7.64	2.59	0	0	49	1.0399886	-50.258101	69	1	1.1	0.9	63.9500	0.0000	0.0000	0.0000;
./matpower/data/case_ACTIVSg70k.m:67180:	67127	1	3.86	1.12	0	0	49	0.9985365	-52.415021	69	1	1.1	0.9	63.9500	0.0000	0.0000	0.0000;
./matpower/data/case_ACTIVSg70k.m:67368:	67315	1	0	0	0	0	49	0.9982818	-50.607038	500	1	1.1	0.9	63.9500	0.0000	0.0000	0.0000;
./matpower/data/case_ACTIVSg70k.m:67479:	67426	1	0	0	0	0	49	1.0394996	-42.810956	500	1	1.1	0.9	63.9500	0.0000	0.0000	0.0000;
./matpower/data/case_ACTIVSg70k.m:67482:	67429	1	0	0	0	0	49	1.0396677	-42.967075	13.8	1	1.1	0.9	63.9500	0.0000	0.0000	0.0000;
./matpower/data/case_ACTIVSg70k.m:67483:	67430	1	0	0	0	0	49	1.0396677	-42.967075	1	1	1.1	0.9	63.9500	0.0000	0.0000	0.0000;
./matpower/data/case_ACTIVSg70k.m:67759:	67706	1	0	0	0	0	49	1.0396638	-50.16487	161	1	1.1	0.9	63.9500	0.0000	0.0000	0.0000;
./matpower/data/case_ACTIVSg70k.m:67764:	67711	1	0	0	0	0	49	1.0396638	-50.16487	161	1	1.1	0.9	63.9500	0.0000	0.0000	0.0000;
./matpower/data/case_ACTIVSg70k.m:67861:	67808	1	0	0	0	0	49	1.0394983	-48.080155	500	1	1.1	0.9	63.9500	0.0000	0.0000	0.0000;
./matpower/data/case_ACTIVSg70k.m:67881:	67828	1	0	0	0	0	49	1.0398402	-44.806998	500	1	1.1	0.9	63.9500	0.0000	0.0000	0.0000;
./matpower/data/case_ACTIVSg70k.m:68223:	68170	1	17.59	8.85	0	0	50	1.0396654	-44.957407	161	1	1.1	0.9	63.9500	0.0000	0.0000	0.0000;
./matpower/data/case_ACTIVSg70k.m:68300:	68247	1	0	0	0	0	50	1.0452043	-40.933384	161	1	1.1	0.9	63.9500	0.0000	0.0000	0.0000;
./matpower/data/case_ACTIVSg70k.m:68361:	68308	1	0	0	0	0	50	1.0508949	-21.254167	161	1	1.1	0.9	63.9500	0.0000	0.0000	0.0000;
./matpower/data/case_ACTIVSg70k.m:68553:	68500	1	33.01	7.06	0	48.56	50	1.0377335	-54.029984	69	1	1.1	0.9	63.9500	0.0000	0.0000	0.0000;
./matpower/data/case_ACTIVSg70k.m:69513:	69460	1	0	0	0	0	51	1.0493376	-25.180521	69	1	1.1	0.9	63.9500	0.0000	0.0000	0.0000;
./matpower/data/case_ACTIVSg70k.m:69834:	69781	1	0	0	0	0	52	1.0597505	-2.049989	161	1	1.1	0.9	63.9500	0.0000	0.0000	0.0000;
./matpower/data/case_ACTIVSg70k.m:69859:	69806	1	0	0	0	0	52	1.0396677	-5.488917	161	1	1.1	0.9	63.9500	0.0000	0.0000	0.0000;
./matpower/data/case_ACTIVSg70k.m:69861:	69808	1	1.26	0.23	0	0	52	1.0396629	-5.489566	161	1	1.1	0.9	63.9500	0.0000	0.0000	0.0000;
./matpower/data/case_ACTIVSg70k.m:69893:	69840	1	1.22	0.35	0	0	52	1.0501949	-4.937714	69	1	1.1	0.9	63.9500	0.0000	0.0000	0.0000;
./matpower/data/case_ACTIVSg70k.m:70041:	69988	1	0	0	0	0	52	1.0393383	-5.895588	1	1	1.1	0.9	63.9500	0.0000	0.0000	0.0000;
./matpower/data/case_ACTIVSg70k.m:71350:	7233	0	0	0.43	-0.11	1.04	1.12	0	0.93	0.35	0	0	0	0	0	0	0	0	0	0	0.9333	0.0000	0.0000	0.0000	0.0000;
./matpower/data/case_ACTIVSg70k.m:71351:	7233	0	0	0.43	-0.11	1.04	1.12	0	0.93	0.3	0	0	0	0	0	0	0	0	0	0	0.9333	0.0000	0.0000	0.0000	0.0000;
./matpower/data/case_ACTIVSg70k.m:71352:	7233	0	0	0.43	-0.11	1.04	1.12	0	0.93	0.29	0	0	0	0	0	0	0	0	0	0	0.9333	0.0000	0.0000	0.0000	0.0000;
./matpower/data/case_ACTIVSg70k.m:71353:	7233	0	0	0.43	-0.11	1.04	1.12	0	0.93	0.27	0	0	0	0	0	0	0	0	0	0	0.9333	0.0000	0.0000	0.0000	0.0000;
./matpower/data/case_ACTIVSg70k.m:71354:	7233	0	0	0.43	-0.11	1.04	1.12	0	0.93	0.31	0	0	0	0	0	0	0	0	0	0	0.9333	0.0000	0.0000	0.0000	0.0000;
./matpower/data/case_ACTIVSg70k.m:71355:	7233	0	0	0.43	-0.11	1.04	1.12	0	0.93	0.46	0	0	0	0	0	0	0	0	0	0	0.9333	0.0000	0.0000	0.0000	0.0000;
./matpower/data/case_ACTIVSg70k.m:72272:	13696	0.93	0	0	0	1.04	1.12	1	0.93	0.15	0	0	0	0	0	0	0	0	0	0	0.9333	0.0000	0.0000	0.0000	0.0000;
./matpower/data/case_ACTIVSg70k.m:72273:	13696	0	0	0	0	1.04	1.12	0	0.93	0.17	0	0	0	0	0	0	0	0	0	0	0.9333	0.0000	0.0000	0.0000	0.0000;
./matpower/data/case_ACTIVSg70k.m:72274:	13697	0	0	0	0	1.04	1.12	0	0.93	0.41	0	0	0	0	0	0	0	0	0	0	0.9333	0.0000	0.0000	0.0000	0.0000;
./matpower/data/case_ACTIVSg70k.m:73022:	19493	979.56	97.46	360.53	-80.34	0.9987	1175.64	1	979.7	300.48	0	0	0	0	0	0	0	0	0	0	979.7	0.0000	0.0000	0.0000	0.0000;
./matpower/data/case_ACTIVSg70k.m:73316:	21450	40.96	20.85	20.85	-4.55	1.04	49.16	1	40.97	20.34	0	0	0	0	0	0	0	0	0	0	40.9667	0.0000	0.0000	0.0000	0.0000;
./matpower/data/case_ACTIVSg70k.m:73317:	21450	40.96	20.85	20.85	-4.55	1.04	49.16	1	40.97	12.67	0	0	0	0	0	0	0	0	0	0	40.9667	0.0000	0.0000	0.0000	0.0000;
./matpower/data/case_ACTIVSg70k.m:73318:	21450	40.96	20.85	20.85	-4.55	1.04	49.16	1	40.97	17.35	0	0	0	0	0	0	0	0	0	0	40.9667	0.0000	0.0000	0.0000	0.0000;
./matpower/data/case_ACTIVSg70k.m:73319:	21450	40.96	20.85	20.85	-4.55	1.04	49.16	1	40.97	6.23	0	0	0	0	0	0	0	0	0	0	40.9667	0.0000	0.0000	0.0000	0.0000;
./matpower/data/case_ACTIVSg70k.m:73320:	21453	40.96	13.84	20.85	-4.55	1.04	49.16	1	40.97	14.36	0	0	0	0	0	0	0	0	0	0	40.9667	0.0000	0.0000	0.0000	0.0000;
./matpower/data/case_ACTIVSg70k.m:73321:	21454	40.96	13.84	20.85	-4.55	1.04	49.16	1	40.97	15.85	0	0	0	0	0	0	0	0	0	0	40.9667	0.0000	0.0000	0.0000	0.0000;
./matpower/data/case_ACTIVSg70k.m:75012:	32360	283.29	91.51	132.03	-34.57	0.9988	340	1	283.33	64	0	0	0	0	0	0	0	0	0	0	283.3333	0.0000	0.0000	0.0000	0.0000;
./matpower/data/case_ACTIVSg70k.m:75249:	35382	0.93	0.36	0.36	-0.05	1.004	1.12	1	0.93	0.12	0	0	0	0	0	0	0	0	0	0	0.9333	0.0000	0.0000	0.0000	0.0000;
./matpower/data/case_ACTIVSg70k.m:75250:	35383	0.93	0.36	0.36	-0.05	1.004	1.12	1	0.93	0.14	0	0	0	0	0	0	0	0	0	0	0.9333	0.0000	0.0000	0.0000	0.0000;
./matpower/data/case_ACTIVSg70k.m:75251:	35383	0	0	0.36	-0.05	1.004	1.12	0	0.93	0.13	0	0	0	0	0	0	0	0	0	0	0.9333	0.0000	0.0000	0.0000	0.0000;
./matpower/data/case_ACTIVSg70k.m:76021:	40791	20.93	9.75	9.75	-2.55	1.043	25.12	1	20.93	7.68	0	0	0	0	0	0	0	0	0	0	20.9333	0.0000	0.0000	0.0000	0.0000;
./matpower/data/case_ACTIVSg70k.m:76022:	40791	20.93	9.75	9.75	-2.55	1.043	25.12	1	20.93	3.57	0	0	0	0	0	0	0	0	0	0	20.9333	0.0000	0.0000	0.0000	0.0000;
./matpower/data/case_ACTIVSg70k.m:76023:	40791	20.93	9.75	9.75	-2.55	1.043	25.12	1	20.93	2.53	0	0	0	0	0	0	0	0	0	0	20.9333	0.0000	0.0000	0.0000	0.0000;
./matpower/data/case_ACTIVSg70k.m:76724:	44495	0.97	0.45	0.45	-0.12	1.04	1.16	1	0.97	0.14	0	0	0	0	0	0	0	0	0	0	0.9667	0.0000	0.0000	0.0000	0.0000;
./matpower/data/case_ACTIVSg70k.m:76725:	44496	0.97	0.45	0.45	-0.12	1.04	1.16	1	0.97	0.34	0	0	0	0	0	0	0	0	0	0	0.9667	0.0000	0.0000	0.0000	0.0000;
./matpower/data/case_ACTIVSg70k.m:76726:	44497	0.97	0.45	0.45	-0.12	1.04	1.16	1	0.97	0.12	0	0	0	0	0	0	0	0	0	0	0.9667	0.0000	0.0000	0.0000	0.0000;
./matpower/data/case_ACTIVSg70k.m:77163:	48475	0.93	0.19	0.36	-0.05	1.04	1.12	1	0.93	0.34	0	0	0	0	0	0	0	0	0	0	0.9333	0.0000	0.0000	0.0000	0.0000;
./matpower/data/case_ACTIVSg70k.m:77164:	48475	0.93	0.19	0.36	-0.05	1.04	1.12	1	0.93	0.35	0	0	0	0	0	0	0	0	0	0	0.9333	0.0000	0.0000	0.0000	0.0000;
./matpower/data/case_ACTIVSg70k.m:77165:	48475	0.93	0.19	0.36	-0.05	1.04	1.12	1	0.93	0.25	0	0	0	0	0	0	0	0	0	0	0.9333	0.0000	0.0000	0.0000	0.0000;
./matpower/data/case_ACTIVSg70k.m:77166:	48475	0.93	0.19	0.36	-0.05	1.04	1.12	1	0.93	0.29	0	0	0	0	0	0	0	0	0	0	0.9333	0.0000	0.0000	0.0000	0.0000;
./matpower/data/case_ACTIVSg70k.m:77167:	48475	0.93	0.19	0.36	-0.05	1.04	1.12	1	0.93	0.11	0	0	0	0	0	0	0	0	0	0	0.9333	0.0000	0.0000	0.0000	0.0000;
./matpower/data/case_ACTIVSg70k.m:77168:	48475	0	0	0.36	-0.05	1.04	1.12	0	0.93	0.35	0	0	0	0	0	0	0	0	0	0	0.9333	0.0000	0.0000	0.0000	0.0000;
./matpower/data/case_ACTIVSg70k.m:77765:	51632	0.93	0.2	0.2	-0.13	1.043	1.12	1	0.93	0.31	0	0	0	0	0	0	0	0	0	0	0.9333	0.0000	0.0000	0.0000	0.0000;
./matpower/data/case_ACTIVSg70k.m:77766:	51632	0.93	0.2	0.2	-0.13	1.043	1.12	1	0.93	0.14	0	0	0	0	0	0	0	0	0	0	0.9333	0.0000	0.0000	0.0000	0.0000;
./matpower/data/case_ACTIVSg70k.m:77767:	51632	0.93	0.2	0.2	-0.13	1.043	1.12	1	0.93	0.2	0	0	0	0	0	0	0	0	0	0	0.9333	0.0000	0.0000	0.0000	0.0000;
./matpower/data/case_ACTIVSg70k.m:77768:	51632	0.93	0.2	0.2	-0.13	1.043	1.12	1	0.93	0.32	0	0	0	0	0	0	0	0	0	0	0.9333	0.0000	0.0000	0.0000	0.0000;
./matpower/data/case_ACTIVSg70k.m:77769:	51632	0.93	0.2	0.2	-0.13	1.043	1.12	1	0.93	0.46	0	0	0	0	0	0	0	0	0	0	0.9333	0.0000	0.0000	0.0000	0.0000;
./matpower/data/case_ACTIVSg70k.m:77770:	51632	0	0	0.2	-0.13	1.043	1.12	0	0.93	0.19	0	0	0	0	0	0	0	0	0	0	0.9333	0.0000	0.0000	0.0000	0.0000;
./matpower/data/case_ACTIVSg70k.m:78057:	54347	0	0	0.43	-0.11	1.04	1.12	0	0.93	0.44	0	0	0	0	0	0	0	0	0	0	0.9333	0.0000	0.0000	0.0000	0.0000;
./matpower/data/case_ACTIVSg70k.m:78058:	54348	0	0	0.43	-0.11	1.04	1.12	0	0.93	0.37	0	0	0	0	0	0	0	0	0	0	0.9333	0.0000	0.0000	0.0000	0.0000;
./matpower/data/case_ACTIVSg70k.m:78059:	54350	0	0	0.43	-0.11	1.04	1.12	0	0.93	0.45	0	0	0	0	0	0	0	0	0	0	0.9333	0.0000	0.0000	0.0000	0.0000;
./matpower/data/case_ACTIVSg70k.m:78060:	54350	0	0	0.43	-0.11	1.04	1.12	0	0.93	0.23	0	0	0	0	0	0	0	0	0	0	0.9333	0.0000	0.0000	0.0000	0.0000;
./matpower/data/case_ACTIVSg70k.m:78061:	54351	0	0	0.43	-0.11	1.04	1.12	0	0.93	0.33	0	0	0	0	0	0	0	0	0	0	0.9333	0.0000	0.0000	0.0000	0.0000;
./matpower/data/case_ACTIVSg70k.m:78062:	54351	0	0	0.43	-0.11	1.04	1.12	0	0.93	0.22	0	0	0	0	0	0	0	0	0	0	0.9333	0.0000	0.0000	0.0000	0.0000;
./matpower/data/case_ACTIVSg70k.m:78118:	54464	0	0	0.45	-0.12	1.04	1.16	0	0.97	0.47	0	0	0	0	0	0	0	0	0	0	0.9667	0.0000	0.0000	0.0000	0.0000;
./matpower/data/case_ACTIVSg70k.m:78119:	54464	0	0	0.45	-0.12	1.04	1.16	0	0.97	0.31	0	0	0	0	0	0	0	0	0	0	0.9667	0.0000	0.0000	0.0000	0.0000;
./matpower/data/case_ACTIVSg70k.m:78120:	54465	0	0	0.45	-0.12	1.04	1.16	0	0.97	0.25	0	0	0	0	0	0	0	0	0	0	0.9667	0.0000	0.0000	0.0000	0.0000;
./matpower/data/case_ACTIVSg70k.m:78221:	54678	200.91	47.35	102.28	-22.3	1.0541	241.12	1	200.93	89.27	0	0	0	0	0	0	0	0	0	0	200.9333	0.0000	0.0000	0.0000	0.0000;
./matpower/data/case_ACTIVSg70k.m:78222:	54679	200.91	47.35	102.28	-22.3	1.0546	241.12	1	200.93	72.64	0	0	0	0	0	0	0	0	0	0	200.9333	0.0000	0.0000	0.0000	0.0000;
./matpower/data/case_ACTIVSg70k.m:78223:	54680	200.91	47.35	102.28	-22.3	1.0535	241.12	1	200.93	40.43	0	0	0	0	0	0	0	0	0	0	200.9333	0.0000	0.0000	0.0000	0.0000;
./matpower/data/case_ACTIVSg70k.m:78257:	54743	0	0	0.43	-0.11	1.04	1.12	0	0.93	0.37	0	0	0	0	0	0	0	0	0	0	0.9333	0.0000	0.0000	0.0000	0.0000;
./matpower/data/case_ACTIVSg70k.m:78258:	54743	0	0	0.43	-0.11	1.04	1.12	0	0.93	0.39	0	0	0	0	0	0	0	0	0	0	0.9333	0.0000	0.0000	0.0000	0.0000;
./matpower/data/case_ACTIVSg70k.m:78259:	54744	0	0	0.43	-0.11	1.04	1.12	0	0.93	0.45	0	0	0	0	0	0	0	0	0	0	0.9333	0.0000	0.0000	0.0000	0.0000;
./matpower/data/case_ACTIVSg70k.m:80520:	45	191	0.004324	0.024914	0.01933	198.25	0	0	0	0	1	0	0	31.4400	-2.2700	-31.4000	0.4000	0.0000	0.0000	0.0000	0.0000;
./matpower/data/case_ACTIVSg70k.m:80545:	62	1050	0.006949	0.026646	0.0082	166.63	0	0	0	0	1	0	0	-10.9100	5.5800	10.9200	-6.4400	0.0000	0.0000	0.0000	0.0000;
./matpower/data/case_ACTIVSg70k.m:80634:	136	626	0.003998	0.023638	0.00736	172.26	0	0	0	0	1	0	0	-12.1300	1.0400	12.1300	-1.8100	0.0000	0.0000	0.0000	0.0000;
./matpower/data/case_ACTIVSg70k.m:80716:	195	805	0.002933	0.013536	0.0029	122.23	0	0	0	0	1	0	0	-0.1300	-0.8000	0.1300	0.4900	0.0000	0.0000	0.0000	0.0000;
./matpower/data/case_ACTIVSg70k.m:80803:	254	258	0.011149	0.049339	0.0118	129.13	0	0	0	0	1	0	0	-1.8500	0.6500	1.8500	-1.9400	0.0000	0.0000	0.0000	0.0000;
./matpower/data/case_ACTIVSg70k.m:80824:	272	305	0.009335	0.045448	0.00995	174.1	0	0	0	0	1	0	0	4.9100	0.1400	-4.9100	-1.2200	0.0000	0.0000	0.0000	0.0000;
./matpower/data/case_ACTIVSg70k.m:80980:	387	1065	0.00712	0.039493	0.02532	150.35	0	0	0	0	1	0	0	-2.9400	1.8400	2.9400	-4.6200	0.0000	0.0000	0.0000	0.0000;
./matpower/data/case_ACTIVSg70k.m:80987:	393	396	0.002927	0.024659	0.02998	527.68	0	0	0	0	1	0	0	23.1800	13.0400	-23.1600	-16.1800	0.0000	0.0000	0.0000	0.0000;
./matpower/data/case_ACTIVSg70k.m:81024:	429	421	0.007916	0.026981	0.00966	169.62	0	0	0	0	1	0	0	-12.3600	-1.7900	12.3700	0.7700	0.0000	0.0000	0.0000	0.0000;
./matpower/data/case_ACTIVSg70k.m:81107:	485	484	0.000966	0.05197	0	226.02	0	0	1	0	1	0	0	-21.3200	2.1500	21.3200	-1.9400	0.0000	0.0000	0.0000	0.0000;
./matpower/data/case_ACTIVSg70k.m:81255:	597	598	0.001952	0.009662	0.02998	177.32	0	0	0	0	1	0	0	8.9900	0.8000	-8.9900	-4.0600	0.0000	0.0000	0.0000	0.0000;
./matpower/data/case_ACTIVSg70k.m:81363:	715	697	0.004112	0.030904	0.07998	499.31	0	0	0	0	1	0	0	2.3300	-26.5800	-2.3100	17.9000	0.0000	0.0000	0.0000	0.0000;
./matpower/data/case_ACTIVSg70k.m:81428:	748	766	0.007671	0.035156	0.00949	150.87	0	0	0	0	1	0	0	12.0400	-0.7800	-12.0300	-0.2000	0.0000	0.0000	0.0000	0.0000;
./matpower/data/case_ACTIVSg70k.m:81627:	914	917	-0.000933	-0.021915	0	94.83	0	0	1	0	1	0	0	-2.9300	0.1500	2.9300	-0.1600	0.0000	0.0000	0.0000	0.0000;
./matpower/data/case_ACTIVSg70k.m:81703:	990	998	0.000291	0.001074	0	0	0	0	0	0	1	0	0	-198.5200	127.6600	198.6700	-127.1100	0.0000	0.0000	0.0000	0.0000;
./matpower/data/case_ACTIVSg70k.m:81932:	1235	1566	0.001563	0.013514	0.06966	538.85	0	0	0	0	1	0	0	84.3700	-7.1800	-84.2600	0.5900	0.0000	0.0000	0.0000	0.0000;
./matpower/data/case_ACTIVSg70k.m:81935:	1354	1238	0.004007	0.019938	0.00949	126.71	0	0	0	0	1	0	0	1.8400	3.0000	-1.8400	-4.0200	0.0000	0.0000	0.0000	0.0000;
./matpower/data/case_ACTIVSg70k.m:82058:	1343	1329	0.036081	0.140823	0.01933	117.59	0	0	0	0	1	0	0	1.0700	-3.3700	-1.0700	1.3000	0.0000	0.0000	0.0000	0.0000;
./matpower/data/case_ACTIVSg70k.m:82233:	1447	1446	0.000998	0.048886	0	207.22	0	0	1.0125	0	1	0	0	-53.2500	-15.1900	53.2800	16.6000	0.0000	0.0000	0.0000	0.0000;
./matpower/data/case_ACTIVSg70k.m:82327:	1550	1525	0.00639	0.029668	0.0107	170.16	0	0	0	0	1	0	0	24.5700	0.3000	-24.5300	-1.3000	0.0000	0.0000	0.0000	0.0000;
./matpower/data/case_ACTIVSg70k.m:82329:	3763	1526	0.005193	0.019338	0.00807	148.59	0	0	0	0	1	0	0	-16.0900	12.1800	16.1100	-12.9800	0.0000	0.0000	0.0000	0.0000;
./matpower/data/case_ACTIVSg70k.m:82407:	1651	1596	0.004025	0.019499	0.02962	168.39	0	0	0	0	1	0	0	24.9800	-4.1400	-24.9600	1.0800	0.0000	0.0000	0.0000	0.0000;
./matpower/data/case_ACTIVSg70k.m:82463:	1634	1640	0.004998	0.025874	0.02438	195.35	0	0	0	0	1	0	0	51.4800	-18.8900	-51.3400	16.9800	0.0000	0.0000	0.0000	0.0000;
./matpower/data/case_ACTIVSg70k.m:82522:	1715	1687	0.004949	0.019578	0.00478	157.83	0	0	0	0	1	0	0	-8.5800	-15.4900	8.6000	15.0300	0.0000	0.0000	0.0000	0.0000;
./matpower/data/case_ACTIVSg70k.m:82787:	2621	1941	0.009339	0.038116	0.02232	159.83	0	0	0	0	1	0	0	-11.6100	7.7700	11.6300	-10.1000	0.0000	0.0000	0.0000	0.0000;
./matpower/data/case_ACTIVSg70k.m:82922:	2043	2554	0.000922	0.007351	0.01966	507.72	0	0	0	0	1	0	0	-46.8100	-30.0200	46.8400	28.1000	0.0000	0.0000	0.0000	0.0000;
./matpower/data/case_ACTIVSg70k.m:82994:	2098	2095	0.002003	0.009981	0.00268	162.53	0	0	0	0	1	0	0	8.3700	-2.4300	-8.3700	2.1500	0.0000	0.0000	0.0000	0.0000;
./matpower/data/case_ACTIVSg70k.m:83079:	2163	2160	0.009496	0.038453	0.01079	128.08	0	0	0	0	1	0	0	-0.8700	4.4300	0.8800	-5.5800	0.0000	0.0000	0.0000	0.0000;
./matpower/data/case_ACTIVSg70k.m:83095:	2176	2259	0.016806	0.076499	0.00933	140.79	0	0	0	0	1	0	0	1.8200	-0.9100	-1.8200	-0.1100	0.0000	0.0000	0.0000	0.0000;
./matpower/data/case_ACTIVSg70k.m:83337:	2378	2389	0.004933	0.020153	0.01175	161.54	0	0	0	0	1	0	0	14.7400	-2.4200	-14.7300	1.1900	0.0000	0.0000	0.0000	0.0000;
./matpower/data/case_ACTIVSg70k.m:83358:	2397	2427	0.00113	0.005998	0.01697	136.68	0	0	0	0	1	0	0	3.2700	-0.1800	-3.2700	-1.6800	0.0000	0.0000	0.0000	0.0000;
./matpower/data/case_ACTIVSg70k.m:83364:	2400	2402	0.00733	0.039669	0.00744	128.63	0	0	0	0	1	0	0	-2.1400	0.2900	2.1400	-1.1100	0.0000	0.0000	0.0000	0.0000;
./matpower/data/case_ACTIVSg70k.m:83371:	2407	2637	0.008013	0.07966	0.1437	474.61	0	0	0	0	1	0	0	-34.3300	-14.7400	34.4300	0.1100	0.0000	0.0000	0.0000	0.0000;
./matpower/data/case_ACTIVSg70k.m:83630:	2677	4262	0.000949	0.00827	0.08327	745.96	0	0	0	0	1	0	0	-376.3000	4.0400	377.5500	-2.2400	0.0000	0.0000	0.0000	0.0000;
./matpower/data/case_ACTIVSg70k.m:83651:	2692	3988	0.003256	0.019331	0.0062	142.72	0	0	0	0	1	0	0	-9.8600	-4.2200	9.8600	3.5800	0.0000	0.0000	0.0000	0.0000;
./matpower/data/case_ACTIVSg70k.m:83843:	2827	3526	0.003152	0.014518	0.01998	155.05	0	0	0	0	1	0	0	14.1400	-6.9500	-14.1400	4.8300	0.0000	0.0000	0.0000	0.0000;
./matpower/data/case_ACTIVSg70k.m:83899:	2862	4601	0.010218	0.049986	0.00889	132.26	0	0	0	0	1	0	0	4.8500	-0.3800	-4.8500	-0.5700	0.0000	0.0000	0.0000	0.0000;
./matpower/data/case_ACTIVSg70k.m:83912:	4592	2870	0.00215	0.009339	0.00107	163.26	0	0	0	0	1	0	0	-20.0000	5.4200	20.0000	-5.5000	0.0000	0.0000	0.0000	0.0000;
./matpower/data/case_ACTIVSg70k.m:83995:	2928	2925	0.009985	0.049152	0.00609	135.8	0	0	0	0	1	0	0	5.9600	-1.0800	-5.9500	0.4500	0.0000	0.0000	0.0000	0.0000;
./matpower/data/case_ACTIVSg70k.m:84074:	2982	4216	0.001787	0.009985	0.00194	182.23	0	0	0	0	1	0	0	33.9200	-6.5900	-33.9000	6.4900	0.0000	0.0000	0.0000	0.0000;
./matpower/data/case_ACTIVSg70k.m:84232:	3096	3129	0.001799	0.008966	0.00244	173.74	0	0	0	0	1	0	0	19.8100	0.6600	-19.8000	-0.8900	0.0000	0.0000	0.0000	0.0000;
./matpower/data/case_ACTIVSg70k.m:84325:	3158	3183	0.00185	0.009949	0.01022	165.46	0	0	0	0	1	0	0	15.2000	7.4400	-15.2000	-8.5200	0.0000	0.0000	0.0000	0.0000;
./matpower/data/case_ACTIVSg70k.m:84331:	3161	4292	0.004562	0.02313	0.06933	221.22	0	0	0	0	1	0	0	-77.9700	-10.7300	78.2200	4.4200	0.0000	0.0000	0.0000	0.0000;
./matpower/data/case_ACTIVSg70k.m:84356:	3187	3960	0.004639	0.019336	0.04824	201.49	0	0	0	0	1	0	0	-63.3600	2.2700	63.5300	-6.7900	0.0000	0.0000	0.0000	0.0000;
./matpower/data/case_ACTIVSg70k.m:84506:	3285	3279	0.002098	0.009331	0.00228	168.74	0	0	0	0	1	0	0	20.9300	-0.8500	-20.9200	0.6400	0.0000	0.0000	0.0000	0.0000;
./matpower/data/case_ACTIVSg70k.m:84522:	3294	3321	0.003646	0.018394	0.00998	176.29	0	0	0	0	1	0	0	29.2100	14.5000	-29.1700	-15.3800	0.0000	0.0000	0.0000	0.0000;
./matpower/data/case_ACTIVSg70k.m:84639:	4081	3380	0.001943	0.007998	0.01119	149.59	0	0	0	0	1	0	0	14.9700	13.5700	-14.9700	-14.7400	0.0000	0.0000	0.0000	0.0000;
./matpower/data/case_ACTIVSg70k.m:84666:	3400	3510	0.001786	0.009495	0.00405	178.84	0	0	0	0	1	0	0	-33.1300	14.7900	33.1500	-15.1100	0.0000	0.0000	0.0000	0.0000;
./matpower/data/case_ACTIVSg70k.m:84675:	3409	3419	0.002426	0.009577	0.00998	183.7	0	0	0	0	1	0	0	36.0700	13.9300	-36.0400	-14.8800	0.0000	0.0000	0.0000	0.0000;
./matpower/data/case_ACTIVSg70k.m:84713:	3442	3494	0.001726	0.008933	0.00409	153.06	0	0	0	0	1	0	0	-14.7500	1.0100	14.7500	-1.4300	0.0000	0.0000	0.0000	0.0000;
./matpower/data/case_ACTIVSg70k.m:84784:	3494	3701	0.001536	0.009493	0.0017	165.3	0	0	0	0	1	0	0	21.5500	13.5400	-21.5400	-13.6600	0.0000	0.0000	0.0000	0.0000;
./matpower/data/case_ACTIVSg70k.m:84850:	3547	3610	0.003966	0.020441	0.01821	181.53	0	0	0	0	1	0	0	36.5500	4.1200	-36.5000	-5.8500	0.0000	0.0000	0.0000	0.0000;
./matpower/data/case_ACTIVSg70k.m:84916:	4462	3599	0.004949	0.024751	0.00527	157.77	0	0	0	0	1	0	0	17.1500	1.7400	-17.1300	-2.2400	0.0000	0.0000	0.0000	0.0000;
./matpower/data/case_ACTIVSg70k.m:85218:	3854	3857	0.000503	0.009984	0	128.32	0	0	1	0	1	0	0	0.0000	0.0000	0.0000	0.0000	0.0000	0.0000	0.0000	0.0000;
./matpower/data/case_ACTIVSg70k.m:85252:	3884	4678	0.0012	0.009664	0.09723	663.78	0	0	0	0	1	0	0	-173.9800	-33.4700	174.3300	25.7000	0.0000	0.0000	0.0000	0.0000;
./matpower/data/case_ACTIVSg70k.m:85364:	4111	4004	0.000926	0.009669	0.03561	602.09	0	0	0	0	1	0	0	-121.8100	9.7400	121.9400	-12.2700	0.0000	0.0000	0.0000	0.0000;
./matpower/data/case_ACTIVSg70k.m:85546:	4190	4191	0.008949	0.391005	0	25	0	0	1	0	1	0	0	0.0000	0.0000	0.0000	0.0000	0.0000	0.0000	0.0000	0.0000;
./matpower/data/case_ACTIVSg70k.m:85693:	4362	4364	0.00998	0.248523	0	37.05	0	0	1.0125	0	1	0	0	-3.0000	0.3300	3.0000	-0.3100	0.0000	0.0000	0.0000	0.0000;
./matpower/data/case_ACTIVSg70k.m:85887:	4559	4618	0.001657	0.009337	0.02102	176.94	0	0	0	0	1	0	0	31.0500	2.1300	-31.0300	-4.3300	0.0000	0.0000	0.0000	0.0000;
./matpower/data/case_ACTIVSg70k.m:85959:	4628	4648	0.00966	0.040763	0.01037	116.25	0	0	0	0	1	0	0	1.6000	0.1400	-1.6000	-1.2800	0.0000	0.0000	0.0000	0.0000;
./matpower/data/case_ACTIVSg70k.m:85961:	4630	5273	0.006247	0.019499	0.00504	136.25	0	0	0	0	1	0	0	11.7100	-1.3500	-11.7000	0.8400	0.0000	0.0000	0.0000	0.0000;
./matpower/data/case_ACTIVSg70k.m:86114:	4754	4755	0.006998	0.026265	0.01558	162.07	0	0	0	0	1	0	0	-29.4000	-3.7800	29.4600	2.3400	0.0000	0.0000	0.0000	0.0000;
./matpower/data/case_ACTIVSg70k.m:86132:	5240	4765	0.000226	0.00405	0.44992	3190.89	0	0	0	0	1	0	0	966.5600	-55.5000	-964.6200	41.5700	0.0000	0.0000	0.0000	0.0000;
./matpower/data/case_ACTIVSg70k.m:86182:	5206	4797	0.004244	0.01949	0.0034	157.38	0	0	0	0	1	0	0	22.5500	8.5500	-22.5300	-8.8200	0.0000	0.0000	0.0000	0.0000;
./matpower/data/case_ACTIVSg70k.m:86248:	4839	4842	0.002013	0.009491	0.0031	181.22	0	0	0	0	1	0	0	-44.7500	0.8300	44.7900	-0.9700	0.0000	0.0000	0.0000	0.0000;
./matpower/data/case_ACTIVSg70k.m:86256:	4847	4846	0.003949	0.151136	0	51.93	0	0	1.05625	0	1	0	0	4.7600	-36.3600	-4.7100	38.4600	0.0000	0.0000	0.0000	0.0000;
./matpower/data/case_ACTIVSg70k.m:86575:	5096	5539	0.006949	0.031716	0.00343	192.65	0	0	0	0	1	0	0	-59.6000	8.2600	59.8300	-7.5600	0.0000	0.0000	0.0000	0.0000;
./matpower/data/case_ACTIVSg70k.m:86648:	5152	5230	0.003694	0.018351	0.00966	122.13	0	0	0	0	1	0	0	-1.8700	0.2100	1.8700	-1.2400	0.0000	0.0000	0.0000	0.0000;
./matpower/data/case_ACTIVSg70k.m:86661:	5583	5162	0.000749	0.006616	0.01933	531.12	0	0	0	0	1	0	0	-52.1900	-10.1900	52.2100	8.2800	0.0000	0.0000	0.0000	0.0000;
./matpower/data/case_ACTIVSg70k.m:86798:	5283	5292	0.001773	0.009335	0.00809	133.9	0	0	0	0	1	0	0	-6.4000	1.7100	6.4000	-2.5800	0.0000	0.0000	0.0000	0.0000;
./matpower/data/case_ACTIVSg70k.m:86804:	5286	5292	0.013781	0.059661	0.00912	158.31	0	0	0	0	1	0	0	-24.0600	3.6100	24.1400	-4.2600	0.0000	0.0000	0.0000	0.0000;
./matpower/data/case_ACTIVSg70k.m:86966:	5443	5446	0.000207	0.011635	0	949.88	0	0	1	0	1	0	0	0.0000	0.0000	0.0000	0.0000	0.0000	0.0000	0.0000	0.0000;
./matpower/data/case_ACTIVSg70k.m:86967:	5443	5447	0.000148	0.010138	0	949.5	0	0	1	0	1	0	0	-279.8500	-49.8700	279.9600	57.4200	0.0000	0.0000	0.0000	0.0000;
./matpower/data/case_ACTIVSg70k.m:87219:	5697	6139	0.000716	0.003949	0.00251	218.2	0	0	0	0	1	0	0	14.4800	-20.4900	-14.4800	20.2400	0.0000	0.0000	0.0000	0.0000;
./matpower/data/case_ACTIVSg70k.m:87465:	5851	5858	0.000499	0.002949	0.0018	253.05	0	0	0	0	1	0	0	53.1100	-17.5400	-53.1000	17.4300	0.0000	0.0000	0.0000	0.0000;
./matpower/data/case_ACTIVSg70k.m:88294:	6421	6447	0.001048	0.006998	0.00359	288.79	0	0	0	0	1	0	0	137.9400	-2.8100	-137.7600	3.6700	0.0000	0.0000	0.0000	0.0000;
./matpower/data/case_ACTIVSg70k.m:88672:	6750	13459	0.003061	0.019339	0.02259	218.62	0	0	0	0	1	0	0	-13.9300	0.7400	13.9400	-3.1600	0.0000	0.0000	0.0000	0.0000;
./matpower/data/case_ACTIVSg70k.m:88727:	6881	6793	0.001456	0.009331	0.00506	263	0	0	0	0	1	0	0	76.4800	-19.7100	-76.4000	19.7100	0.0000	0.0000	0.0000	0.0000;
./matpower/data/case_ACTIVSg70k.m:89095:	7184	7286	0.000166	0.002933	0.28504	2180.01	0	0	0	0	1	0	0	85.6400	-84.0600	-85.6200	53.3200	0.0000	0.0000	0.0000	0.0000;
./matpower/data/case_ACTIVSg70k.m:89191:	7300	9981	0.000349	0.006142	0.92887	3032.83	0	0	0	0	1	0	0	-780.1000	-72.0500	782.0700	5.8600	0.0000	0.0000	0.0000	0.0000;
./matpower/data/case_ACTIVSg70k.m:89280:	7363	7411	0.002933	0.01435	0.05041	253.95	0	0	0	0	1	0	0	24.2100	-9.4800	-24.1900	4.1300	0.0000	0.0000	0.0000	0.0000;
./matpower/data/case_ACTIVSg70k.m:89303:	7383	7904	0.010595	0.059335	0.02593	200.72	0	0	0	0	1	0	0	-0.1600	-9.8200	0.1700	7.0200	0.0000	0.0000	0.0000	0.0000;
./matpower/data/case_ACTIVSg70k.m:89385:	7562	7447	0.004933	0.030136	0.01169	268.41	0	0	0	0	1	0	0	15.5900	1.5300	-15.5800	-2.7300	0.0000	0.0000	0.0000	0.0000;
./matpower/data/case_ACTIVSg70k.m:89413:	7467	7466	0.003129	0.020784	0.00966	234.02	0	0	0	0	1	0	0	-23.2500	1.3100	23.2600	-2.2400	0.0000	0.0000	0.0000	0.0000;
./matpower/data/case_ACTIVSg70k.m:89482:	9194	7512	0.001482	0.009669	0.0111	263.24	0	0	0	0	1	0	0	-25.6400	0.5400	25.6500	-1.6800	0.0000	0.0000	0.0000	0.0000;
./matpower/data/case_ACTIVSg70k.m:89490:	7519	7540	0.003022	0.020619	0.01998	277.64	0	0	0	0	1	0	0	57.9700	-9.1200	-57.8700	7.5900	0.0000	0.0000	0.0000	0.0000;
./matpower/data/case_ACTIVSg70k.m:89681:	7662	7716	0.001966	0.012294	0.0067	250.27	0	0	0	0	1	0	0	22.4300	-10.5600	-22.4200	9.9000	0.0000	0.0000	0.0000	0.0000;
./matpower/data/case_ACTIVSg70k.m:89713:	7688	7695	0.000998	0.006346	0.00354	268.05	0	0	0	0	1	0	0	27.8000	-6.1100	-27.7900	5.7700	0.0000	0.0000	0.0000	0.0000;
./matpower/data/case_ACTIVSg70k.m:89743:	7714	7716	0.00174	0.009336	0.00897	244.32	0	0	0	0	1	0	0	-19.7200	9.2900	19.7300	-10.2300	0.0000	0.0000	0.0000	0.0000;
./matpower/data/case_ACTIVSg70k.m:89769:	7736	7738	0.003136	0.018738	0.00933	229.65	0	0	0	0	1	0	0	-14.5700	7.1300	14.5800	-8.1200	0.0000	0.0000	0.0000	0.0000;
./matpower/data/case_ACTIVSg70k.m:89917:	7854	7847	0.001521	0.009949	0.02624	262.97	0	0	0	0	1	0	0	-16.5400	-9.1100	16.5400	6.3000	0.0000	0.0000	0.0000	0.0000;
./matpower/data/case_ACTIVSg70k.m:90066:	7971	7974	0.000966	0.005683	0.01166	285.65	0	0	0	0	1	0	0	-41.2300	-14.8800	41.2500	13.7200	0.0000	0.0000	0.0000	0.0000;
./matpower/data/case_ACTIVSg70k.m:90088:	8010	7981	0.001361	0.009497	0.0079	288.61	0	0	0	0	1	0	0	62.5400	24.2700	-62.4800	-24.7200	0.0000	0.0000	0.0000	0.0000;
./matpower/data/case_ACTIVSg70k.m:90202:	9397	8068	0.000966	0.005775	0.01201	284.14	0	0	0	0	1	0	0	55.7900	7.0100	-55.7600	-8.1300	0.0000	0.0000	0.0000	0.0000;
./matpower/data/case_ACTIVSg70k.m:90224:	8091	9780	0.001209	0.008387	0.00949	281.38	0	0	0	0	1	0	0	46.5600	3.1700	-46.5400	-4.0400	0.0000	0.0000	0.0000	0.0000;
./matpower/data/case_ACTIVSg70k.m:90276:	8141	8150	0.002998	0.016056	0.04752	302.75	0	0	0	0	1	0	0	-68.4200	-1.8500	68.5500	-2.7300	0.0000	0.0000	0.0000	0.0000;
./matpower/data/case_ACTIVSg70k.m:90288:	8148	9760	0.003933	0.020728	0.07105	326.26	0	0	0	0	1	0	0	-83.7500	3.0300	84.0000	-9.6400	0.0000	0.0000	0.0000	0.0000;
./matpower/data/case_ACTIVSg70k.m:90358:	8200	8219	0.000933	0.006814	0.01441	265.05	0	0	0	0	1	0	0	30.6000	-20.8400	-30.5900	19.3500	0.0000	0.0000	0.0000	0.0000;
./matpower/data/case_ACTIVSg70k.m:90585:	8370	9984	0.00436	0.024405	0.01391	204.09	0	0	0	0	1	0	0	0.2700	-0.2600	-0.2700	-1.2600	0.0000	0.0000	0.0000	0.0000;
./matpower/data/case_ACTIVSg70k.m:90671:	8431	8429	0.000933	0.005822	0.00694	212.66	0	0	0	0	1	0	0	3.2000	-1.0600	-3.2000	0.3000	0.0000	0.0000	0.0000	0.0000;
./matpower/data/case_ACTIVSg70k.m:90675:	8433	8542	0.001966	0.010367	0.01647	262.72	0	0	0	0	1	0	0	-21.7800	5.7900	21.7900	-7.5200	0.0000	0.0000	0.0000	0.0000;
./matpower/data/case_ACTIVSg70k.m:90682:	8440	9334	0.001417	0.009102	0.00639	248.5	0	0	0	0	1	0	0	-33.7600	15.5700	33.7800	-16.1700	0.0000	0.0000	0.0000	0.0000;
./matpower/data/case_ACTIVSg70k.m:90684:	9329	8441	0.003059	0.016363	0.00998	261.88	0	0	0	0	1	0	0	44.5700	-9.7400	-44.5100	8.9400	0.0000	0.0000	0.0000	0.0000;
./matpower/data/case_ACTIVSg70k.m:90754:	8497	8541	0.001345	0.007933	0.01777	210.76	0	0	0	0	1	0	0	3.5100	11.4100	-3.5000	-13.3000	0.0000	0.0000	0.0000	0.0000;
./matpower/data/case_ACTIVSg70k.m:90763:	8504	8521	0.005341	0.031918	0.01966	256.04	0	0	0	0	1	0	0	-30.9800	-3.1200	31.0200	1.2700	0.0000	0.0000	0.0000	0.0000;
./matpower/data/case_ACTIVSg70k.m:90812:	8543	8624	0.001117	0.006966	0.00824	301.92	0	0	0	0	1	0	0	-55.5400	-16.1100	55.5800	15.4300	0.0000	0.0000	0.0000	0.0000;
./matpower/data/case_ACTIVSg70k.m:91003:	8731	8822	0.010518	0.059338	0.02878	242.56	0	0	0	0	1	0	0	22.8800	-6.9900	-22.8200	4.1600	0.0000	0.0000	0.0000	0.0000;
./matpower/data/case_ACTIVSg70k.m:91061:	8949	8785	0.001454	0.009492	0.03062	248.74	0	0	0	0	1	0	0	-22.7400	10.0700	22.7500	-13.3400	0.0000	0.0000	0.0000	0.0000;
./matpower/data/case_ACTIVSg70k.m:91097:	8814	8815	0.003246	0.019499	0.00989	213.92	0	0	0	0	1	0	0	2.4400	0.7200	-2.4400	-1.7900	0.0000	0.0000	0.0000	0.0000;
./matpower/data/case_ACTIVSg70k.m:91345:	9048	9843	0.001933	0.009976	0.00707	229.1	0	0	0	0	1	0	0	-1.6500	6.6000	1.6500	-7.3600	0.0000	0.0000	0.0000	0.0000;
./matpower/data/case_ACTIVSg70k.m:91366:	9070	9293	0.002257	0.009988	0.08141	222.49	0	0	0	0	1	0	0	3.0400	1.2500	-3.0400	-9.9900	0.0000	0.0000	0.0000	0.0000;
./matpower/data/case_ACTIVSg70k.m:91386:	9089	9090	0.002961	0.016091	0.00933	283.51	0	0	0	0	1	0	0	42.5600	-10.6800	-42.5100	9.9300	0.0000	0.0000	0.0000	0.0000;
./matpower/data/case_ACTIVSg70k.m:91405:	9109	9319	0.002797	0.016821	0.01998	259.16	0	0	0	0	1	0	0	21.7400	-3.5600	-21.7300	1.4700	0.0000	0.0000	0.0000	0.0000;
./matpower/data/case_ACTIVSg70k.m:91507:	9192	9979	0.000966	0.006262	0.00475	292.43	0	0	0	0	1	0	0	-113.9800	1.1100	114.0900	-0.8700	0.0000	0.0000	0.0000	0.0000;
./matpower/data/case_ACTIVSg70k.m:91579:	9262	9274	0.000436	0.002933	0.00321	223.44	0	0	0	0	1	0	0	0.7300	8.2100	-0.7300	-8.5600	0.0000	0.0000	0.0000	0.0000;
./matpower/data/case_ACTIVSg70k.m:91605:	9291	9313	0.003701	0.019497	0.02216	218.63	0	0	0	0	1	0	0	1.1000	5.2300	-1.1000	-7.6000	0.0000	0.0000	0.0000	0.0000;
./matpower/data/case_ACTIVSg70k.m:91766:	9465	9464	0.000119	0.009339	0	552.66	0	0	1	0	1	0	0	-52.4300	35.1300	52.4400	-34.7900	0.0000	0.0000	0.0000	0.0000;
./matpower/data/case_ACTIVSg70k.m:91967:	9763	9686	0.000424	0.002966	0.0013	245.34	0	0	0	0	1	0	0	-51.6700	8.5100	51.6800	-8.5700	0.0000	0.0000	0.0000	0.0000;
./matpower/data/case_ACTIVSg70k.m:92205:	9964	9956	0.000337	0.005966	0.73221	2278.16	0	0	0	0	1	0	0	-14.0000	-47.4900	14.0000	-32.9400	0.0000	0.0000	0.0000	0.0000;
./matpower/data/case_ACTIVSg70k.m:92293:	10060	10062	0.002831	0.099988	0	88.89	0	0	1	0	1	0	0	1.7000	0.6500	-1.7000	-0.6500	0.0000	0.0000	0.0000	0.0000;
./matpower/data/case_ACTIVSg70k.m:92294:	10061	10062	0.002831	0.099988	0	88.89	0	0	1	0	1	0	0	1.7000	0.6500	-1.7000	-0.6500	0.0000	0.0000	0.0000	0.0000;
./matpower/data/case_ACTIVSg70k.m:92369:	10178	10163	0.001933	0.01331	0.00464	169.73	0	0	0	0	1	0	0	-0.0600	0.8100	0.0600	-1.3100	0.0000	0.0000	0.0000	0.0000;
./matpower/data/case_ACTIVSg70k.m:92384:	10172	10213	0.001949	0.01286	0.01503	199.74	0	0	0	0	1	0	0	-9.0100	29.3600	9.0300	-30.8800	0.0000	0.0000	0.0000	0.0000;
./matpower/data/case_ACTIVSg70k.m:92465:	10245	10232	0.000998	0.006493	0.00269	229.31	0	0	0	0	1	0	0	56.6300	-36.1900	-56.5900	36.1700	0.0000	0.0000	0.0000	0.0000;
./matpower/data/case_ACTIVSg70k.m:92534:	10288	10271	0.000933	0.005935	0.00534	192	0	0	0	0	1	0	0	-4.9300	-12.2200	4.9300	11.6600	0.0000	0.0000	0.0000	0.0000;
./matpower/data/case_ACTIVSg70k.m:92662:	10461	10363	0.001486	0.009983	0.00246	254.81	0	0	0	0	1	0	0	152.4200	10.0900	-152.1000	-8.1700	0.0000	0.0000	0.0000	0.0000;
./matpower/data/case_ACTIVSg70k.m:93019:	10606	10609	0.003933	0.023141	0.00473	227.87	0	0	0	0	1	0	0	-71.7500	-11.4600	71.9400	12.0700	0.0000	0.0000	0.0000	0.0000;
./matpower/data/case_ACTIVSg70k.m:93174:	10722	11393	0.018628	0.090949	0.03933	228.46	0	0	0	0	1	0	0	-38.6200	0.4100	38.8800	-3.3400	0.0000	0.0000	0.0000	0.0000;
./matpower/data/case_ACTIVSg70k.m:93647:	11057	13753	0.000203	0.003966	0.38596	2752.74	0	0	0	0	1	0	0	-272.0500	-26.4200	272.1900	-12.8400	0.0000	0.0000	0.0000	0.0000;
./matpower/data/case_ACTIVSg70k.m:93678:	11078	11312	0.007579	0.039665	0.05009	242.25	0	0	0	0	1	0	0	-75.1400	1.1000	75.5400	-4.4000	0.0000	0.0000	0.0000	0.0000;
./matpower/data/case_ACTIVSg70k.m:93682:	11084	11083	0.000221	0.014232	0	949.72	0	0	1	0	1	0	0	-379.6300	-18.1100	379.9200	37.2400	0.0000	0.0000	0.0000	0.0000;
./matpower/data/case_ACTIVSg70k.m:94207:	11582	11585	0.000203	0.005966	0	50.13	0	0	1	0	1	0	0	-1.0000	0.0000	1.0000	-0.0000	0.0000	0.0000	0.0000	0.0000;
./matpower/data/case_ACTIVSg70k.m:94265:	11635	11639	0.009336	0.28017	0	25.82	0	0	1	0	1	0	0	-2.5000	0.0200	2.5000	0.0000	0.0000	0.0000	0.0000	0.0000;
./matpower/data/case_ACTIVSg70k.m:94464:	11839	11844	0.000216	0.019982	0	668.87	0	0	1	0	1	0	0	-112.7600	-22.2800	112.7800	24.7000	0.0000	0.0000	0.0000	0.0000;
./matpower/data/case_ACTIVSg70k.m:94469:	11842	11843	0.001998	0.144576	0	125	0	0	1	0	1	0	0	0.0000	0.0000	0.0000	0.0000	0.0000	0.0000	0.0000	0.0000;
./matpower/data/case_ACTIVSg70k.m:94527:	11908	11909	0.000966	0.03282	0	303.51	0	0	1	0	1	0	0	-232.9500	-15.3300	233.4300	31.7700	0.0000	0.0000	0.0000	0.0000;
./matpower/data/case_ACTIVSg70k.m:94557:	11941	11942	0.002949	0.062302	0	211.05	0	0	1.0125	0	1	0	0	-161.5600	34.2800	162.3300	-18.0200	0.0000	0.0000	0.0000	0.0000;
./matpower/data/case_ACTIVSg70k.m:94594:	11978	11996	0.009991	0.049663	0.01695	204.48	0	0	0	0	1	0	0	-17.6000	-1.8500	17.6300	0.1800	0.0000	0.0000	0.0000	0.0000;
./matpower/data/case_ACTIVSg70k.m:94659:	12023	13779	0.001676	0.009982	0.00736	165.96	0	0	0	0	1	0	0	-24.8500	2.3100	24.8600	-3.0400	0.0000	0.0000	0.0000	0.0000;
./matpower/data/case_ACTIVSg70k.m:94701:	12054	12106	0.001966	0.011086	0.00976	228.91	0	0	0	0	1	0	0	-34.9200	-9.7800	34.9500	8.8700	0.0000	0.0000	0.0000	0.0000;
./matpower/data/case_ACTIVSg70k.m:94794:	12140	12114	0.001436	0.007966	0.00161	225.4	0	0	0	0	1	0	0	35.2600	4.3200	-35.2500	-4.4000	0.0000	0.0000	0.0000	0.0000;
./matpower/data/case_ACTIVSg70k.m:94800:	12119	12140	0.001666	0.009498	0.00983	236.41	0	0	0	0	1	0	0	50.5300	22.6800	-50.4800	-23.4700	0.0000	0.0000	0.0000	0.0000;
./matpower/data/case_ACTIVSg70k.m:95011:	13162	12290	0.000243	0.004949	0.46958	2583.02	0	0	0	0	1	0	0	206.8300	-48.7600	-206.7400	-0.4900	0.0000	0.0000	0.0000	0.0000;
./matpower/data/case_ACTIVSg70k.m:95621:	12738	12753	0.009966	0.043872	0.0162	212.16	0	0	0	0	1	0	0	17.8100	-2.9700	-17.7800	1.3500	0.0000	0.0000	0.0000	0.0000;
./matpower/data/case_ACTIVSg70k.m:95663:	12767	13443	0.005048	0.03286	0.05949	259.87	0	0	0	0	1	0	0	48.0200	-11.4200	-47.9100	5.7100	0.0000	0.0000	0.0000	0.0000;
./matpower/data/case_ACTIVSg70k.m:95942:	13007	13026	0.001683	0.009663	0.00517	264.46	0	0	0	0	1	0	0	50.9300	4.9100	-50.8900	-5.2200	0.0000	0.0000	0.0000	0.0000;
./matpower/data/case_ACTIVSg70k.m:96461:	13520	13519	0.004837	0.027008	0.03949	235.05	0	0	0	0	1	0	0	-33.6800	6.9700	33.7300	-10.9500	0.0000	0.0000	0.0000	0.0000;
./matpower/data/case_ACTIVSg70k.m:96590:	13628	13650	0.002056	0.009966	0.00141	253.56	0	0	0	0	1	0	0	-81.0100	-22.5900	81.1400	23.0900	0.0000	0.0000	0.0000	0.0000;
./matpower/data/case_ACTIVSg70k.m:96756:	13772	13771	0.000297	0.019669	0	414.85	0	0	1.00625	0	1	0	0	-107.6800	-27.3900	107.7200	29.6300	0.0000	0.0000	0.0000	0.0000;
./matpower/data/case_ACTIVSg70k.m:96845:	13849	14030	0.000561	0.008768	0.94944	2334	0	0	0	0	1	0	0	88.0500	-49.4300	-88.0100	-52.8900	0.0000	0.0000	0.0000	0.0000;
./matpower/data/case_ACTIVSg70k.m:96919:	13922	16552	0.011302	0.079984	0.02882	253.31	0	0	0	0	1	0	0	88.6300	-5.8100	-87.8100	8.4800	0.0000	0.0000	0.0000	0.0000;
./matpower/data/case_ACTIVSg70k.m:96935:	15626	13938	0.001949	0.023815	0.36494	757.9	0	0	0	0	1	0	0	11.1100	5.9100	-11.0900	-46.4300	0.0000	0.0000	0.0000	0.0000;
./matpower/data/case_ACTIVSg70k.m:97150:	14153	14227	0.001862	0.009661	0.00259	223.19	0	0	0	0	1	0	0	32.2500	-6.6100	-32.2300	6.4300	0.0000	0.0000	0.0000	0.0000;
./matpower/data/case_ACTIVSg70k.m:97310:	14254	15944	0.001998	0.011845	0.01839	219.69	0	0	0	0	1	0	0	-29.9900	-5.2700	30.0000	3.4000	0.0000	0.0000	0.0000	0.0000;
./matpower/data/case_ACTIVSg70k.m:97319:	14259	14261	0.001144	0.007998	0.003	205.83	0	0	0	0	1	0	0	18.6400	1.3400	-18.6400	-1.6300	0.0000	0.0000	0.0000	0.0000;
./matpower/data/case_ACTIVSg70k.m:97538:	15447	14488	0.002933	0.015736	0.01525	184.4	0	0	0	0	1	0	0	-1.4900	-4.1600	1.4900	2.5100	0.0000	0.0000	0.0000	0.0000;
./matpower/data/case_ACTIVSg70k.m:97575:	14507	14914	0.015724	0.099493	0.03074	189.44	0	0	0	0	1	0	0	6.0500	-1.7700	-6.0400	-1.5700	0.0000	0.0000	0.0000	0.0000;
./matpower/data/case_ACTIVSg70k.m:97774:	14645	15406	0.009981	0.047119	0.01454	206.3	0	0	0	0	1	0	0	-19.1300	0.7300	19.1600	-2.1400	0.0000	0.0000	0.0000	0.0000;
./matpower/data/case_ACTIVSg70k.m:97829:	14689	14691	0.009333	0.048373	0.02831	205.96	0	0	0	0	1	0	0	6.8000	-9.1200	-6.7900	6.1200	0.0000	0.0000	0.0000	0.0000;
./matpower/data/case_ACTIVSg70k.m:97974:	14810	14808	0.001349	0.006664	0.00966	191.85	0	0	0	0	1	0	0	6.6800	-2.5100	-6.6800	1.4700	0.0000	0.0000	0.0000	0.0000;
./matpower/data/case_ACTIVSg70k.m:97980:	14817	14816	0.001669	0.009495	0.0126	228.31	0	0	0	0	1	0	0	-29.0800	11.6300	29.1000	-12.9000	0.0000	0.0000	0.0000	0.0000;
./matpower/data/case_ACTIVSg70k.m:98001:	14833	14837	0.001552	0.009984	0.02099	281.87	0	0	0	0	1	0	0	-47.5300	-21.4800	47.5700	19.4300	0.0000	0.0000	0.0000	0.0000;
./matpower/data/case_ACTIVSg70k.m:98008:	14843	14839	0.003527	0.021422	0.00933	225.03	0	0	0	0	1	0	0	11.4400	-2.9900	-11.4400	2.0000	0.0000	0.0000	0.0000	0.0000;
./matpower/data/case_ACTIVSg70k.m:98140:	14939	14955	0.004998	0.026009	0.02588	144.03	0	0	0	0	1	0	0	3.3600	-4.1100	-3.3600	1.3100	0.0000	0.0000	0.0000	0.0000;
./matpower/data/case_ACTIVSg70k.m:98184:	14978	15035	0.005933	0.03054	0.03407	200.85	0	0	0	0	1	0	0	8.9900	-9.7900	-8.9900	6.1300	0.0000	0.0000	0.0000	0.0000;
./matpower/data/case_ACTIVSg70k.m:98193:	15042	14985	0.000933	0.012701	0.25065	1136.74	0	0	0	0	1	0	0	109.3200	8.7200	-109.2100	-34.3200	0.0000	0.0000	0.0000	0.0000;
./matpower/data/case_ACTIVSg70k.m:98222:	15005	15004	0.001933	0.013098	0.00684	217.5	0	0	0	0	1	0	0	-13.4300	4.5800	13.4300	-5.3000	0.0000	0.0000	0.0000	0.0000;
./matpower/data/case_ACTIVSg70k.m:98366:	15121	15124	0.001428	0.009496	0.00416	254.6	0	0	0	0	1	0	0	36.8500	-8.1900	-36.8300	7.8700	0.0000	0.0000	0.0000	0.0000;
./matpower/data/case_ACTIVSg70k.m:98509:	15242	15239	0.006099	0.02335	0.00933	225.13	0	0	0	0	1	0	0	-34.6300	-4.8800	34.7000	4.1400	0.0000	0.0000	0.0000	0.0000;
./matpower/data/case_ACTIVSg70k.m:98563:	15786	15289	0.000794	0.009496	0.17506	1245.51	0	0	0	0	1	0	0	-287.5900	22.7900	288.2000	-34.5200	0.0000	0.0000	0.0000	0.0000;
./matpower/data/case_ACTIVSg70k.m:98797:	15493	15498	0.00211	0.012621	0.00949	230.46	0	0	0	0	1	0	0	19.3900	6.1600	-19.3900	-7.1300	0.0000	0.0000	0.0000	0.0000;
./matpower/data/case_ACTIVSg70k.m:98947:	15628	15625	0.005654	0.029665	0.01004	239.22	0	0	0	0	1	0	0	14.6900	2.0100	-14.6800	-3.0700	0.0000	0.0000	0.0000	0.0000;
./matpower/data/case_ACTIVSg70k.m:98983:	15658	15655	0.003379	0.017797	0.00998	221.28	0	0	0	0	1	0	0	-17.7700	0.1800	17.7800	-1.2000	0.0000	0.0000	0.0000	0.0000;
./matpower/data/case_ACTIVSg70k.m:99030:	15706	15730	0.001998	0.013104	0.01038	229.63	0	0	0	0	1	0	0	-38.8500	9.5400	38.8800	-10.4600	0.0000	0.0000	0.0000	0.0000;
./matpower/data/case_ACTIVSg70k.m:99072:	15755	15754	0.000998	0.005502	0.00252	217.63	0	0	0	0	1	0	0	-20.1800	-1.4800	20.1900	1.2300	0.0000	0.0000	0.0000	0.0000;
./matpower/data/case_ACTIVSg70k.m:99120:	15797	15824	0.000566	0.006933	0.2086	1078.65	0	0	0	0	1	0	0	-4.0700	3.9500	4.0700	-26.5600	0.0000	0.0000	0.0000	0.0000;
./matpower/data/case_ACTIVSg70k.m:99164:	15838	15839	0.000933	0.064087	0	75	0	0	1	0	1	0	0	0.0000	0.0000	0.0000	0.0000	0.0000	0.0000	0.0000	0.0000;
./matpower/data/case_ACTIVSg70k.m:99405:	16068	16071	0.001166	0.06949	0	363.09	0	0	1	0	1	0	0	1.9700	-3.7600	-1.9700	3.7700	0.0000	0.0000	0.0000	0.0000;
./matpower/data/case_ACTIVSg70k.m:99863:	16433	16928	0.001949	0.009526	0.00684	189.83	0	0	0	0	1	0	0	18.9900	-26.4500	-18.9700	25.8200	0.0000	0.0000	0.0000	0.0000;
./matpower/data/case_ACTIVSg70k.m:99944:	16512	16491	0.000233	0.003074	0.04933	1198.15	0	0	0	0	1	0	0	-213.1800	0.2900	213.2800	-4.3300	0.0000	0.0000	0.0000	0.0000;
./matpower/data/case_ACTIVSg70k.m:100123:	16646	16647	0.001998	0.012532	0.00277	209.28	0	0	0	0	1	0	0	50.7100	-23.5500	-50.6500	23.6300	0.0000	0.0000	0.0000	0.0000;
./matpower/data/case_ACTIVSg70k.m:100175:	16700	17159	0.003171	0.020132	0.04949	240.94	0	0	0	0	1	0	0	117.8800	-28.4800	-117.4400	25.9500	0.0000	0.0000	0.0000	0.0000;
./matpower/data/case_ACTIVSg70k.m:100197:	16714	16713	0.001352	0.009333	0.00498	195.61	0	0	0	0	1	0	0	21.6800	-5.3900	-21.6800	4.9000	0.0000	0.0000	0.0000	0.0000;
./matpower/data/case_ACTIVSg70k.m:100200:	16713	16736	0.013436	0.039982	0.01591	179.03	0	0	0	0	1	0	0	7.0400	-0.5400	-7.0400	-1.1400	0.0000	0.0000	0.0000	0.0000;
./matpower/data/case_ACTIVSg70k.m:100207:	16714	16733	0.006117	0.034093	0.01949	178.83	0	0	0	0	1	0	0	6.0400	0.4000	-6.0300	-2.4600	0.0000	0.0000	0.0000	0.0000;
./matpower/data/case_ACTIVSg70k.m:100210:	17369	16714	0.004949	0.028807	0.00944	197.91	0	0	0	0	1	0	0	-33.7300	8.6500	33.7900	-9.3300	0.0000	0.0000	0.0000	0.0000;
./matpower/data/case_ACTIVSg70k.m:100544:	16941	16921	0.001551	0.009331	0.00317	196.59	0	0	0	0	1	0	0	-29.1600	36.4900	29.1900	-36.6400	0.0000	0.0000	0.0000	0.0000;
./matpower/data/case_ACTIVSg70k.m:100943:	17232	17230	0.002107	0.012521	0.00966	202.86	0	0	0	0	1	0	0	-32.7600	15.2300	32.7800	-16.1000	0.0000	0.0000	0.0000	0.0000;
./matpower/data/case_ACTIVSg70k.m:100966:	17255	17289	0.002	0.009491	0.00747	284.83	0	0	0	0	1	0	0	-165.2900	4.0100	165.8000	-2.4200	0.0000	0.0000	0.0000	0.0000;
./matpower/data/case_ACTIVSg70k.m:101127:	17418	17421	-0.000933	-0.028697	0	61.35	0	0	1	0	1	0	0	-0.8000	0.0000	0.8000	-0.0000	0.0000	0.0000	0.0000	0.0000;
./matpower/data/case_ACTIVSg70k.m:101492:	17711	17726	0.001591	0.009998	0.00264	221	0	0	0	0	1	0	0	32.2700	-4.8100	-32.2500	4.6300	0.0000	0.0000	0.0000	0.0000;
./matpower/data/case_ACTIVSg70k.m:101549:	17746	17860	0.007008	0.048986	0.01933	206.47	0	0	0	0	1	0	0	11.5900	2.2600	-11.5800	-4.2800	0.0000	0.0000	0.0000	0.0000;
./matpower/data/case_ACTIVSg70k.m:101608:	17790	17800	0.009933	0.042796	0.016	237.02	0	0	0	0	1	0	0	44.2100	-23.1000	-43.9800	22.3700	0.0000	0.0000	0.0000	0.0000;
./matpower/data/case_ACTIVSg70k.m:101681:	17837	17876	0.006377	0.036968	0.00966	240.3	0	0	0	0	1	0	0	-73.2000	6.0500	73.5200	-5.2200	0.0000	0.0000	0.0000	0.0000;
./matpower/data/case_ACTIVSg70k.m:101730:	17869	17871	0.001601	0.009338	0.00988	215.63	0	0	0	0	1	0	0	46.8200	5.3900	-46.7900	-6.2700	0.0000	0.0000	0.0000	0.0000;
./matpower/data/case_ACTIVSg70k.m:101934:	32619	18024	0.00282	0.016288	0.00933	239.2	0	0	0	0	1	0	0	84.3100	-18.6700	-84.1100	18.8100	0.0000	0.0000	0.0000	0.0000;
./matpower/data/case_ACTIVSg70k.m:102198:	32117	18262	0.011758	0.058104	0.00966	232.91	0	0	0	0	1	0	0	72.3400	4.7400	-71.7700	-2.9800	0.0000	0.0000	0.0000	0.0000;
./matpower/data/case_ACTIVSg70k.m:102599:	19141	18619	0.002708	0.019667	0.02116	224.45	0	0	0	0	1	0	0	-61.3800	13.1100	61.4800	-14.6300	0.0000	0.0000	0.0000	0.0000;
./matpower/data/case_ACTIVSg70k.m:102612:	19316	18625	0.001378	0.008966	0.00284	227.39	0	0	0	0	1	0	0	-72.3900	1.4700	72.4600	-1.3300	0.0000	0.0000	0.0000	0.0000;
./matpower/data/case_ACTIVSg70k.m:102673:	19423	18657	0.000437	0.005949	0.1437	1236.41	0	0	0	0	1	0	0	247.5300	83.5400	-247.2500	-95.2900	0.0000	0.0000	0.0000	0.0000;
./matpower/data/case_ACTIVSg70k.m:102674:	18660	18658	0.001933	0.009666	0.00255	246.45	0	0	0	0	1	0	0	-111.1700	-22.2900	111.4000	23.1700	0.0000	0.0000	0.0000	0.0000;
./matpower/data/case_ACTIVSg70k.m:102688:	18689	18668	0.001558	0.006998	0.00329	173.24	0	0	0	0	1	0	0	39.6900	-19.8800	-39.6700	19.6500	0.0000	0.0000	0.0000	0.0000;
./matpower/data/case_ACTIVSg70k.m:102721:	18696	18982	0.001908	0.009336	0.00816	208.32	0	0	0	0	1	0	0	-18.6000	30.1100	18.6200	-30.8800	0.0000	0.0000	0.0000	0.0000;
./matpower/data/case_ACTIVSg70k.m:103234:	19079	19081	-0.00064	-0.039498	0	473.06	0	0	1	0	1	0	0	-174.6900	-5.6900	174.5100	-5.5300	0.0000	0.0000	0.0000	0.0000;
./matpower/data/case_ACTIVSg70k.m:103421:	19243	19297	0.002949	0.021538	0.01316	257.87	0	0	0	0	1	0	0	-127.6600	-32.4200	128.1300	34.4600	0.0000	0.0000	0.0000	0.0000;
./matpower/data/case_ACTIVSg70k.m:103422:	19243	19297	0.002949	0.021538	0.01316	257.87	0	0	0	0	1	0	0	-127.6600	-32.4200	128.1300	34.4600	0.0000	0.0000	0.0000	0.0000;
./matpower/data/case_ACTIVSg70k.m:103486:	19306	19308	-0.000966	-0.056163	0	483.65	0	0	1	0	1	0	0	-163.6200	13.3200	163.3800	-27.5000	0.0000	0.0000	0.0000	0.0000;
./matpower/data/case_ACTIVSg70k.m:103573:	19400	19402	0.008966	0.239278	0	51.18	0	0	1	0	1	0	0	2.0000	-0.2400	-2.0000	0.2500	0.0000	0.0000	0.0000	0.0000;
./matpower/data/case_ACTIVSg70k.m:103574:	19401	19402	0.008966	0.239278	0	51.18	0	0	1	0	1	0	0	2.0000	-0.2400	-2.0000	0.2500	0.0000	0.0000	0.0000	0.0000;
./matpower/data/case_ACTIVSg70k.m:103600:	19430	19431	0.00184	0.059337	0	145.14	0	0	1.00625	0	1	0	0	-111.4200	-5.9900	111.6300	12.9200	0.0000	0.0000	0.0000	0.0000;
./matpower/data/case_ACTIVSg70k.m:103730:	19568	19570	0.008998	0.301979	0	48.01	0	0	1	0	1	0	0	0.0000	0.0000	0.0000	0.0000	0.0000	0.0000	0.0000	0.0000;
./matpower/data/case_ACTIVSg70k.m:103731:	19569	19570	0.008998	0.301979	0	48.01	0	0	1	0	1	0	0	0.0000	0.0000	0.0000	0.0000	0.0000	0.0000	0.0000	0.0000;
./matpower/data/case_ACTIVSg70k.m:103915:	19715	19719	0.059336	0.14934	0.00474	52.13	0	0	0	0	1	0	0	4.9600	-4.6600	-4.9300	4.2700	0.0000	0.0000	0.0000	0.0000;
./matpower/data/case_ACTIVSg70k.m:104599:	20052	20055	0.006966	0.197964	0	213.3	0	0	1	0	1	0	0	74.2000	3.0100	-73.8400	7.3200	0.0000	0.0000	0.0000	0.0000;
./matpower/data/case_ACTIVSg70k.m:104908:	20199	21711	0.006966	0.019218	0.00078	73.14	0	0	0	0	1	0	0	33.0400	-5.7100	-32.9600	5.8300	0.0000	0.0000	0.0000	0.0000;
./matpower/data/case_ACTIVSg70k.m:105137:	20348	20350	-0.001816	-0.059983	0	62.93	0	0	1	0	1	0	0	-24.9700	-7.0900	24.9600	6.7000	0.0000	0.0000	0.0000	0.0000;
./matpower/data/case_ACTIVSg70k.m:105237:	20420	20434	0.013621	0.039493	0.001	51.45	0	0	0	0	1	0	0	6.4800	4.7700	-6.4800	-4.8500	0.0000	0.0000	0.0000	0.0000;
./matpower/data/case_ACTIVSg70k.m:105358:	20500	20563	0.009988	0.061799	0.04149	226.93	0	0	0	0	1	0	0	80.0500	-29.3800	-79.3400	29.5900	0.0000	0.0000	0.0000	0.0000;
./matpower/data/case_ACTIVSg70k.m:105460:	20559	21845	0.038487	0.082352	0.00933	76	0	0	0	0	1	0	0	-36.7000	26.8400	37.4500	-26.2400	0.0000	0.0000	0.0000	0.0000;
./matpower/data/case_ACTIVSg70k.m:105461:	20559	21845	0.038487	0.082352	0.00933	76	0	0	0	0	1	0	0	-36.7000	26.8400	37.4500	-26.2400	0.0000	0.0000	0.0000	0.0000;
./matpower/data/case_ACTIVSg70k.m:105462:	20559	21845	0.038487	0.082352	0.00933	76	0	0	0	0	1	0	0	-36.7000	26.8400	37.4500	-26.2400	0.0000	0.0000	0.0000	0.0000;
./matpower/data/case_ACTIVSg70k.m:105673:	20673	20668	0.019498	0.042175	0.00149	58.93	0	0	0	0	1	0	0	27.1100	2.4700	-26.9700	-2.3300	0.0000	0.0000	0.0000	0.0000;
./matpower/data/case_ACTIVSg70k.m:105948:	20815	20820	0.018416	0.039666	0.00089	63.07	0	0	0	0	1	0	0	-25.9600	-8.7600	26.0900	8.9400	0.0000	0.0000	0.0000	0.0000;
./matpower/data/case_ACTIVSg70k.m:106062:	20914	20905	0.019982	0.056541	0.00156	55.16	0	0	0	0	1	0	0	17.5100	7.6600	-17.4400	-7.6300	0.0000	0.0000	0.0000	0.0000;
./matpower/data/case_ACTIVSg70k.m:106604:	21353	21684	0.086003	0.207933	0.0092	54.09	0	0	0	0	1	0	0	-10.2800	-5.6000	10.3800	4.8500	0.0000	0.0000	0.0000	0.0000;
./matpower/data/case_ACTIVSg70k.m:106608:	21354	21359	0.000437	0.029981	0	292.37	0	0	1	0	1	0	0	-57.2800	-26.9100	57.2900	28.0100	0.0000	0.0000	0.0000	0.0000;
./matpower/data/case_ACTIVSg70k.m:106823:	21569	21570	0.009668	0.233822	0	41.95	0	0	1	0	1	0	0	-5.0000	0.0500	5.0000	0.0000	0.0000	0.0000	0.0000	0.0000;
./matpower/data/case_ACTIVSg70k.m:107265:	21870	21862	0.007966	0.040046	0.02021	218.23	0	0	0	0	1	0	0	-77.3000	16.6900	77.7700	-16.4700	0.0000	0.0000	0.0000	0.0000;
./matpower/data/case_ACTIVSg70k.m:107487:	21984	21983	0.005949	0.199238	0	85.2	0	0	1.03125	0	1	0	0	-32.3000	-3.8100	32.3600	5.8600	0.0000	0.0000	0.0000	0.0000;
./matpower/data/case_ACTIVSg70k.m:107488:	21984	21983	0.005949	0.199238	0	85.2	0	0	1.03125	0	1	0	0	-32.3000	-3.8100	32.3600	5.8600	0.0000	0.0000	0.0000	0.0000;
./matpower/data/case_ACTIVSg70k.m:107489:	21984	21983	0.005949	0.199238	0	85.2	0	0	1.03125	0	1	0	0	-32.3000	-3.8100	32.3600	5.8600	0.0000	0.0000	0.0000	0.0000;
./matpower/data/case_ACTIVSg70k.m:107552:	22024	22029	0.005998	0.032226	0.01902	214.39	0	0	0	0	1	0	0	-57.9400	28.7000	58.1800	-29.4100	0.0000	0.0000	0.0000	0.0000;
./matpower/data/case_ACTIVSg70k.m:107680:	22113	31087	0.005247	0.029332	0.03027	241.44	0	0	0	0	1	0	0	120.6200	13.8300	-119.8900	-13.0300	0.0000	0.0000	0.0000	0.0000;
./matpower/data/case_ACTIVSg70k.m:107706:	22143	22144	0.049498	0.893042	0	15.82	0	0	1	0	1	0	0	-1.6000	-0.5900	1.6000	0.6100	0.0000	0.0000	0.0000	0.0000;
./matpower/data/case_ACTIVSg70k.m:108706:	22709	23044	0.014645	0.101998	0.03707	202.02	0	0	0	0	1	0	0	56.4200	26.5700	-55.8500	-26.2900	0.0000	0.0000	0.0000	0.0000;
./matpower/data/case_ACTIVSg70k.m:108765:	22746	22745	0.039105	0.079334	0.00312	63.02	0	0	0	0	1	0	0	-33.8100	17.5500	34.3600	-16.7600	0.0000	0.0000	0.0000	0.0000;
./matpower/data/case_ACTIVSg70k.m:108802:	22780	22771	0.009988	0.056127	0.02003	237.74	0	0	0	0	1	0	0	-139.1900	29.9400	141.1100	-21.2400	0.0000	0.0000	0.0000	0.0000;
./matpower/data/case_ACTIVSg70k.m:109021:	22883	22885	-0.001998	-0.065804	0	78.67	0	0	1	0	1	0	0	-50.7500	-4.3300	50.7000	2.6300	0.0000	0.0000	0.0000	0.0000;
./matpower/data/case_ACTIVSg70k.m:109098:	22939	22956	0.037964	0.089666	0.00248	65.21	0	0	0	0	1	0	0	33.8400	-25.3800	-33.2000	26.6200	0.0000	0.0000	0.0000	0.0000;
./matpower/data/case_ACTIVSg70k.m:109302:	23061	23620	0.009949	0.028302	0.00057	68.26	0	0	0	0	1	0	0	-34.6300	5.0800	34.7500	-4.8100	0.0000	0.0000	0.0000	0.0000;
./matpower/data/case_ACTIVSg70k.m:109303:	23061	23620	0.009949	0.028302	0.00057	68.26	0	0	0	0	1	0	0	-34.6300	5.0800	34.7500	-4.8100	0.0000	0.0000	0.0000	0.0000;
./matpower/data/case_ACTIVSg70k.m:109762:	23377	23376	0.004933	0.165963	0	95.44	0	0	1.0125	0	1	0	0	-41.5300	-1.1300	41.6100	3.7900	0.0000	0.0000	0.0000	0.0000;
./matpower/data/case_ACTIVSg70k.m:109763:	23377	23376	0.004933	0.165963	0	95.44	0	0	1.0125	0	1	0	0	-41.5300	-1.1300	41.6100	3.7900	0.0000	0.0000	0.0000	0.0000;
./matpower/data/case_ACTIVSg70k.m:109764:	23377	23376	0.004933	0.165963	0	95.44	0	0	1.0125	0	1	0	0	-41.5300	-1.1300	41.6100	3.7900	0.0000	0.0000	0.0000	0.0000;
./matpower/data/case_ACTIVSg70k.m:109972:	23544	23650	0.001738	0.009998	0.00469	185.31	0	0	0	0	1	0	0	28.5400	4.0900	-28.5300	-4.5300	0.0000	0.0000	0.0000	0.0000;
./matpower/data/case_ACTIVSg70k.m:110335:	23828	24235	0.009983	0.044416	0.00373	135.83	0	0	0	0	1	0	0	-53.2200	-13.4900	53.5200	14.4400	0.0000	0.0000	0.0000	0.0000;
./matpower/data/case_ACTIVSg70k.m:110585:	24293	23967	0.00998	0.041097	0.00493	123.46	0	0	0	0	1	0	0	30.7900	2.7900	-30.6900	-2.8900	0.0000	0.0000	0.0000	0.0000;
./matpower/data/case_ACTIVSg70k.m:110896:	24129	24120	0.006596	0.029665	0.00292	148.81	0	0	0	0	1	0	0	-86.7400	60.2400	87.4200	-57.5000	0.0000	0.0000	0.0000	0.0000;
./matpower/data/case_ACTIVSg70k.m:110897:	24129	24120	0.006596	0.029665	0.00292	148.81	0	0	0	0	1	0	0	-86.7400	60.2400	87.4200	-57.5000	0.0000	0.0000	0.0000	0.0000;
./matpower/data/case_ACTIVSg70k.m:111070:	24219	24294	0.009987	0.035973	0.00263	143.95	0	0	0	0	1	0	0	-63.8900	-5.5000	64.2900	6.7000	0.0000	0.0000	0.0000	0.0000;
./matpower/data/case_ACTIVSg70k.m:111071:	24219	24294	0.009987	0.035973	0.00263	143.95	0	0	0	0	1	0	0	-63.8900	-5.5000	64.2900	6.7000	0.0000	0.0000	0.0000	0.0000;
./matpower/data/case_ACTIVSg70k.m:111308:	24374	24357	0.007602	0.039331	0.00354	156.72	0	0	0	0	1	0	0	-94.9800	-2.3300	95.6500	5.4300	0.0000	0.0000	0.0000	0.0000;
./matpower/data/case_ACTIVSg70k.m:111309:	24374	24357	0.007602	0.039331	0.00354	156.72	0	0	0	0	1	0	0	-94.9800	-2.3300	95.6500	5.4300	0.0000	0.0000	0.0000	0.0000;
./matpower/data/case_ACTIVSg70k.m:111310:	24374	24357	0.007602	0.039331	0.00354	156.72	0	0	0	0	1	0	0	-94.9800	-2.3300	95.6500	5.4300	0.0000	0.0000	0.0000	0.0000;
./matpower/data/case_ACTIVSg70k.m:111361:	24403	28844	0.019662	0.087848	0.01203	127.96	0	0	0	0	1	0	0	-39.8700	6.9700	40.1900	-6.7700	0.0000	0.0000	0.0000	0.0000;
./matpower/data/case_ACTIVSg70k.m:111402:	24439	24466	0.023422	0.092343	0.00933	126.31	0	0	0	0	1	0	0	-32.9300	10.0300	33.2000	-9.9600	0.0000	0.0000	0.0000	0.0000;
./matpower/data/case_ACTIVSg70k.m:111505:	24786	24523	0.006518	0.029668	0.00344	124.34	0	0	0	0	1	0	0	30.1100	8.5300	-30.0500	-8.6200	0.0000	0.0000	0.0000	0.0000;
./matpower/data/case_ACTIVSg70k.m:111703:	24868	24692	0.009986	0.051756	0.00579	124.86	0	0	0	0	1	0	0	-37.2800	-8.5400	37.4200	8.6900	0.0000	0.0000	0.0000	0.0000;
./matpower/data/case_ACTIVSg70k.m:111790:	24773	24775	0.000998	0.027555	0	273.81	0	0	1	0	1	0	0	0.0000	0.0000	0.0000	0.0000	0.0000	0.0000	0.0000	0.0000;
./matpower/data/case_ACTIVSg70k.m:111791:	24774	24775	0.000998	0.027555	0	273.81	0	0	1	0	1	0	0	0.0000	0.0000	0.0000	0.0000	0.0000	0.0000	0.0000	0.0000;
./matpower/data/case_ACTIVSg70k.m:111870:	24841	25106	0.022004	0.086882	0.00933	115.83	0	0	0	0	1	0	0	10.2800	1.3700	-10.2600	-2.2200	0.0000	0.0000	0.0000	0.0000;
./matpower/data/case_ACTIVSg70k.m:111871:	25108	24841	0.014213	0.049331	0.00774	102.95	0	0	0	0	1	0	0	-4.8700	-0.3200	4.8700	-0.4600	0.0000	0.0000	0.0000	0.0000;
./matpower/data/case_ACTIVSg70k.m:111911:	24871	24870	0.009665	0.035563	0.00274	109.86	0	0	0	0	1	0	0	11.7700	-3.7900	-11.7600	3.5700	0.0000	0.0000	0.0000	0.0000;
./matpower/data/case_ACTIVSg70k.m:111977:	24911	24927	0.006065	0.029667	0.00242	142.51	0	0	0	0	1	0	0	64.5000	2.8900	-64.2600	-1.9900	0.0000	0.0000	0.0000	0.0000;
./matpower/data/case_ACTIVSg70k.m:111978:	24911	24927	0.006065	0.029667	0.00242	142.51	0	0	0	0	1	0	0	64.5000	2.8900	-64.2600	-1.9900	0.0000	0.0000	0.0000	0.0000;
./matpower/data/case_ACTIVSg70k.m:112435:	25232	25239	0.017697	0.063107	0.00949	103.61	0	0	0	0	1	0	0	12.2500	-1.0200	-12.2200	0.1300	0.0000	0.0000	0.0000	0.0000;
./matpower/data/case_ACTIVSg70k.m:112530:	25400	25298	0.028456	0.115011	0.00949	123.97	0	0	0	0	1	0	0	26.1100	-3.7600	-25.9200	3.5600	0.0000	0.0000	0.0000	0.0000;
./matpower/data/case_ACTIVSg70k.m:112606:	25364	25369	0.009987	0.038891	0.0035	145.76	0	0	0	0	1	0	0	-103.1400	-3.7500	104.1700	7.3900	0.0000	0.0000	0.0000	0.0000;
./matpower/data/case_ACTIVSg70k.m:113044:	25747	26254	0.001745	0.019663	0.65265	1200.15	0	0	0	0	1	0	0	-243.9500	20.1900	244.9500	-79.7700	0.0000	0.0000	0.0000	0.0000;
./matpower/data/case_ACTIVSg70k.m:113262:	25905	26008	0.023883	0.089493	0.01974	114.59	0	0	0	0	1	0	0	4.3100	-10.7300	-4.2800	8.7000	0.0000	0.0000	0.0000	0.0000;
./matpower/data/case_ACTIVSg70k.m:113672:	26237	26223	0.019661	0.088961	0.02137	132.43	0	0	0	0	1	0	0	63.9100	9.8400	-63.1400	-8.6100	0.0000	0.0000	0.0000	0.0000;
./matpower/data/case_ACTIVSg70k.m:113815:	26304	26301	0.009493	0.039828	0.00273	127.89	0	0	0	0	1	0	0	-44.4800	-9.2800	44.6800	9.8400	0.0000	0.0000	0.0000	0.0000;
./matpower/data/case_ACTIVSg70k.m:113944:	26411	26387	0.009966	0.045354	0.00273	134.86	0	0	0	0	1	0	0	-69.6600	-21.3000	70.1600	23.2900	0.0000	0.0000	0.0000	0.0000;
./matpower/data/case_ACTIVSg70k.m:114040:	26459	26468	0.007195	0.029663	0.00399	138.3	0	0	0	0	1	0	0	-86.0800	-26.6100	86.6500	28.5300	0.0000	0.0000	0.0000	0.0000;
./matpower/data/case_ACTIVSg70k.m:114168:	26711	26549	0.006913	0.029986	0.00549	113.65	0	0	0	0	1	0	0	16.8200	0.9900	-16.8000	-1.4900	0.0000	0.0000	0.0000	0.0000;
./matpower/data/case_ACTIVSg70k.m:114553:	27036	26837	0.000219	0.00566	2.24535	4168.13	0	0	0	0	1	0	0	966.5900	-211.0400	-964.7000	14.8400	0.0000	0.0000	0.0000	0.0000;
./matpower/data/case_ACTIVSg70k.m:114558:	26924	26840	0.002248	0.009998	0.00142	126.54	0	0	0	0	1	0	0	-45.3900	16.2600	45.4300	-16.2000	0.0000	0.0000	0.0000	0.0000;
./matpower/data/case_ACTIVSg70k.m:114627:	26894	26893	9.8e-05	0.006949	0	1313.11	0	0	1	0	1	0	0	-248.3300	-62.0600	248.3900	66.2300	0.0000	0.0000	0.0000	0.0000;
./matpower/data/case_ACTIVSg70k.m:114633:	26893	26901	0.000104	0.009499	0	1210.98	0	0	1	0	1	0	0	-134.1300	-12.0000	134.1500	13.5600	0.0000	0.0000	0.0000	0.0000;
./matpower/data/case_ACTIVSg70k.m:114850:	27102	27109	0.002949	0.015639	0.00304	181.34	0	0	0	0	1	0	0	-25.6500	43.7300	25.7200	-43.6800	0.0000	0.0000	0.0000	0.0000;
./matpower/data/case_ACTIVSg70k.m:115119:	27244	27245	0.006933	0.046106	0.02135	237.79	0	0	0	0	1	0	0	95.9600	-1.6100	-95.3600	3.3200	0.0000	0.0000	0.0000	0.0000;
./matpower/data/case_ACTIVSg70k.m:115209:	27309	27311	0.003889	0.02234	0.00949	200.69	0	0	0	0	1	0	0	23.3900	7.1200	-23.3700	-8.0000	0.0000	0.0000	0.0000	0.0000;
./matpower/data/case_ACTIVSg70k.m:115226:	27322	27321	0.004933	0.026999	0.00504	231.5	0	0	0	0	1	0	0	78.6800	-3.9700	-78.3900	5.0000	0.0000	0.0000	0.0000	0.0000;
./matpower/data/case_ACTIVSg70k.m:115243:	27334	27333	0.006126	0.02966	0.00979	137	0	0	0	0	1	0	0	10.8200	5.5900	-10.8100	-6.5800	0.0000	0.0000	0.0000	0.0000;
./matpower/data/case_ACTIVSg70k.m:115287:	27362	27381	0.001496	0.009336	0.00585	238.49	0	0	0	0	1	0	0	-103.1400	-9.7100	103.3000	10.0600	0.0000	0.0000	0.0000	0.0000;
./matpower/data/case_ACTIVSg70k.m:115291:	27366	27462	0.002234	0.013884	0.00966	245.7	0	0	0	0	1	0	0	142.4900	19.1100	-142.0400	-17.3600	0.0000	0.0000	0.0000	0.0000;
./matpower/data/case_ACTIVSg70k.m:115381:	27429	27437	0.003591	0.019661	0.01638	247.44	0	0	0	0	1	0	0	-148.7300	-15.9500	149.5200	18.5500	0.0000	0.0000	0.0000	0.0000;
./matpower/data/case_ACTIVSg70k.m:115848:	27738	27747	0.004966	0.023244	0.01081	222.24	0	0	0	0	1	0	0	83.4700	-46.1600	-83.0500	46.9900	0.0000	0.0000	0.0000	0.0000;
./matpower/data/case_ACTIVSg70k.m:116106:	27918	27992	0.002689	0.019334	0.01511	188.06	0	0	0	0	1	0	0	-6.5200	-1.6900	6.5200	0.2100	0.0000	0.0000	0.0000	0.0000;
./matpower/data/case_ACTIVSg70k.m:116174:	27965	28332	0.001248	0.006933	0.0046	202.86	0	0	0	0	1	0	0	-7.1400	1.3600	7.1400	-1.8500	0.0000	0.0000	0.0000	0.0000;
./matpower/data/case_ACTIVSg70k.m:116199:	27972	27979	0.004858	0.029986	0.01629	193.35	0	0	0	0	1	0	0	-15.7800	-5.4400	15.7900	3.8400	0.0000	0.0000	0.0000	0.0000;
./matpower/data/case_ACTIVSg70k.m:116380:	28444	28140	0.000872	0.009333	0.14843	1067.55	0	0	0	0	1	0	0	95.2000	-22.2700	-95.1200	7.1200	0.0000	0.0000	0.0000	0.0000;
./matpower/data/case_ACTIVSg70k.m:116458:	28209	28211	0.004998	0.152622	0	62.23	0	0	1	0	1	0	0	0.0000	0.0000	0.0000	0.0000	0.0000	0.0000	0.0000	0.0000;
./matpower/data/case_ACTIVSg70k.m:116459:	28210	28211	0.004998	0.152622	0	62.23	0	0	1	0	1	0	0	0.0000	0.0000	0.0000	0.0000	0.0000	0.0000	0.0000	0.0000;
./matpower/data/case_ACTIVSg70k.m:116979:	28682	28651	0.020958	0.098944	0.00933	115.04	0	0	0	0	1	0	0	-10.0400	-7.3100	10.0700	6.5900	0.0000	0.0000	0.0000	0.0000;
./matpower/data/case_ACTIVSg70k.m:116983:	28670	28654	0.009946	0.044828	0.00949	111.36	0	0	0	0	1	0	0	-16.0700	-28.9400	16.1800	28.4000	0.0000	0.0000	0.0000	0.0000;
./matpower/data/case_ACTIVSg70k.m:117046:	28689	28697	0.009983	0.042998	0.0049	128.2	0	0	0	0	1	0	0	-38.4500	-4.8900	38.6100	5.1200	0.0000	0.0000	0.0000	0.0000;
./matpower/data/case_ACTIVSg70k.m:117122:	28828	28740	0.014812	0.064648	0.00966	126.79	0	0	0	0	1	0	0	30.1500	-16.6100	-29.9900	16.3100	0.0000	0.0000	0.0000	0.0000;
./matpower/data/case_ACTIVSg70k.m:117123:	28743	28742	0.007933	0.03742	0.00332	123.07	0	0	0	0	1	0	0	34.2200	-0.5100	-34.1200	0.6400	0.0000	0.0000	0.0000	0.0000;
./matpower/data/case_ACTIVSg70k.m:117463:	28979	28981	0.007707	0.039662	0.00783	111.15	0	0	0	0	1	0	0	-12.4100	-13.4900	12.4400	12.8700	0.0000	0.0000	0.0000	0.0000;
./matpower/data/case_ACTIVSg70k.m:117529:	29030	29032	0.013341	0.049336	0.00244	138.5	0	0	0	0	1	0	0	89.3600	-1.3800	-88.3200	4.9700	0.0000	0.0000	0.0000	0.0000;
./matpower/data/case_ACTIVSg70k.m:117548:	29049	29043	0.022591	0.079666	0.00737	126.79	0	0	0	0	1	0	0	-15.8100	-3.4400	15.8700	2.9000	0.0000	0.0000	0.0000	0.0000;
./matpower/data/case_ACTIVSg70k.m:117552:	29048	29044	0.016351	0.068345	0.00949	108.18	0	0	0	0	1	0	0	22.9500	0.4200	-22.8600	-0.9900	0.0000	0.0000	0.0000	0.0000;
./matpower/data/case_ACTIVSg70k.m:117557:	29047	30797	0.001741	0.019499	0.89403	1350.48	0	0	0	0	1	0	0	-622.2500	38.0600	628.6800	-61.5900	0.0000	0.0000	0.0000	0.0000;
./matpower/data/case_ACTIVSg70k.m:117558:	29047	30797	0.001741	0.019499	0.89403	1350.48	0	0	0	0	1	0	0	-622.2500	38.0600	628.6800	-61.5900	0.0000	0.0000	0.0000	0.0000;
./matpower/data/case_ACTIVSg70k.m:117578:	29064	29065	0.009986	0.040649	0.0041	127.28	0	0	0	0	1	0	0	-36.9200	22.2800	37.0900	-22.0100	0.0000	0.0000	0.0000	0.0000;
./matpower/data/case_ACTIVSg70k.m:117590:	29075	29517	0.019663	0.089525	0.00681	128.28	0	0	0	0	1	0	0	25.9400	-1.1600	-25.8100	1.0900	0.0000	0.0000	0.0000	0.0000;
./matpower/data/case_ACTIVSg70k.m:117656:	29116	29111	0.006554	0.02933	0.00459	109.7	0	0	0	0	1	0	0	-8.4500	-56.1800	8.6600	56.6000	0.0000	0.0000	0.0000	0.0000;
./matpower/data/case_ACTIVSg70k.m:117920:	29251	30006	0.029989	0.134826	0.01846	127.23	0	0	0	0	1	0	0	-35.6100	-7.8900	36.0000	7.7500	0.0000	0.0000	0.0000	0.0000;
./matpower/data/case_ACTIVSg70k.m:118242:	29459	29457	0.0181	0.059666	0.00914	127.26	0	0	0	0	1	0	0	-44.6500	14.1100	45.0500	-13.7400	0.0000	0.0000	0.0000	0.0000;
./matpower/data/case_ACTIVSg70k.m:118398:	29596	29585	0.004949	0.019945	0.00351	111.37	0	0	0	0	1	0	0	-14.1400	11.9500	14.1600	-12.2300	0.0000	0.0000	0.0000	0.0000;
./matpower/data/case_ACTIVSg70k.m:118573:	29845	29728	0.001966	0.00813	0.001	156.34	0	0	0	0	1	0	0	-100.7500	60.0400	101.0000	-59.1200	0.0000	0.0000	0.0000	0.0000;
./matpower/data/case_ACTIVSg70k.m:118574:	29845	29728	0.001966	0.00813	0.001	156.34	0	0	0	0	1	0	0	-100.7500	60.0400	101.0000	-59.1200	0.0000	0.0000	0.0000	0.0000;
./matpower/data/case_ACTIVSg70k.m:118613:	29892	29768	0.00081	0.009668	0.19147	1209.61	0	0	0	0	1	0	0	-322.0200	57.6500	322.8300	-68.5700	0.0000	0.0000	0.0000	0.0000;
./matpower/data/case_ACTIVSg70k.m:118641:	29787	29790	0.000949	0.059352	0	328.39	0	0	1	0	1	0	0	-90.4100	-29.6100	90.4900	34.7500	0.0000	0.0000	0.0000	0.0000;
./matpower/data/case_ACTIVSg70k.m:118675:	29828	29925	0.004183	0.019984	0.00208	154.4	0	0	0	0	1	0	0	-89.8700	10.6700	90.1900	-9.3900	0.0000	0.0000	0.0000	0.0000;
./matpower/data/case_ACTIVSg70k.m:118676:	29828	29925	0.004183	0.019984	0.00208	154.4	0	0	0	0	1	0	0	-89.8700	10.6700	90.1900	-9.3900	0.0000	0.0000	0.0000	0.0000;
./matpower/data/case_ACTIVSg70k.m:118677:	29828	29925	0.004183	0.019984	0.00208	154.4	0	0	0	0	1	0	0	-89.8700	10.6700	90.1900	-9.3900	0.0000	0.0000	0.0000	0.0000;
./matpower/data/case_ACTIVSg70k.m:119096:	30160	30163	-0.00013	-0.003933	0	539.93	0	0	1	0	1	0	0	0.0000	0.0000	0.0000	0.0000	0.0000	0.0000	0.0000	0.0000;
./matpower/data/case_ACTIVSg70k.m:119583:	30456	30939	0.000949	0.010677	0.19009	1238.1	0	0	0	0	1	0	0	-402.6800	-2.4100	404.1100	-1.8900	0.0000	0.0000	0.0000	0.0000;
./matpower/data/case_ACTIVSg70k.m:119610:	30477	30476	0.009982	0.035022	0.00404	125.08	0	0	0	0	1	0	0	26.2500	-18.0700	-26.1600	17.9800	0.0000	0.0000	0.0000	0.0000;
./matpower/data/case_ACTIVSg70k.m:119619:	30622	30483	0.019499	0.089014	0.00812	129.94	0	0	0	0	1	0	0	-49.3300	1.7100	49.7900	-0.4600	0.0000	0.0000	0.0000	0.0000;
./matpower/data/case_ACTIVSg70k.m:119648:	30516	30502	0.019331	0.073925	0.00859	126.88	0	0	0	0	1	0	0	38.5000	-16.8400	-38.1800	17.1700	0.0000	0.0000	0.0000	0.0000;
./matpower/data/case_ACTIVSg70k.m:119692:	30531	30623	0.019913	0.089987	0.01012	140.62	0	0	0	0	1	0	0	-78.5500	19.8400	79.8200	-15.1300	0.0000	0.0000	0.0000	0.0000;
./matpower/data/case_ACTIVSg70k.m:119852:	30677	30692	0.017763	0.080123	0.00966	137.69	0	0	0	0	1	0	0	80.5800	3.8500	-79.5000	-0.0000	0.0000	0.0000	0.0000	0.0000;
./matpower/data/case_ACTIVSg70k.m:120341:	31092	31549	0.007949	0.037909	0.02611	227.56	0	0	0	0	1	0	0	-78.4600	7.5600	78.9500	-7.9500	0.0000	0.0000	0.0000	0.0000;
./matpower/data/case_ACTIVSg70k.m:120469:	31185	31177	0.003966	0.027686	0.00694	228.3	0	0	0	0	1	0	0	-88.1500	-12.0700	88.4600	13.4700	0.0000	0.0000	0.0000	0.0000;
./matpower/data/case_ACTIVSg70k.m:120488:	31191	31192	0.00741	0.039664	0.01415	208.09	0	0	0	0	1	0	0	32.9300	-5.1300	-32.8500	4.0400	0.0000	0.0000	0.0000	0.0000;
./matpower/data/case_ACTIVSg70k.m:120649:	31330	31285	0.002966	0.01666	0.00353	254.49	0	0	0	0	1	0	0	159.9600	24.2200	-159.2400	-20.5900	0.0000	0.0000	0.0000	0.0000;
./matpower/data/case_ACTIVSg70k.m:120666:	32458	31294	0.001763	0.008998	0.05067	245.11	0	0	0	0	1	0	0	171.9200	25.8100	-171.4200	-28.5500	0.0000	0.0000	0.0000	0.0000;
./matpower/data/case_ACTIVSg70k.m:120673:	31298	32102	0.001617	0.009331	0.0494	172.86	0	0	0	0	1	0	0	24.8100	-21.8200	-24.8000	16.7200	0.0000	0.0000	0.0000	0.0000;
./matpower/data/case_ACTIVSg70k.m:121125:	31621	31619	0.005966	0.040592	0.01507	181.06	0	0	0	0	1	0	0	17.0800	-10.1400	-17.0600	8.7100	0.0000	0.0000	0.0000	0.0000;
./matpower/data/case_ACTIVSg70k.m:121275:	31729	31732	0.008998	0.254538	0	165.19	0	0	1	0	1	0	0	-50.5800	14.2600	50.8200	-7.2300	0.0000	0.0000	0.0000	0.0000;
./matpower/data/case_ACTIVSg70k.m:121307:	31752	32341	0.00966	0.055512	0.01219	281.7	0	0	0	0	1	0	0	-162.0500	7.3700	164.4600	5.1500	0.0000	0.0000	0.0000	0.0000;
./matpower/data/case_ACTIVSg70k.m:121308:	31752	32341	0.00966	0.055512	0.01219	281.7	0	0	0	0	1	0	0	-162.0500	7.3700	164.4600	5.1500	0.0000	0.0000	0.0000	0.0000;
./matpower/data/case_ACTIVSg70k.m:121309:	31752	32341	0.00966	0.055512	0.01219	281.7	0	0	0	0	1	0	0	-162.0500	7.3700	164.4600	5.1500	0.0000	0.0000	0.0000	0.0000;
./matpower/data/case_ACTIVSg70k.m:121449:	31873	31874	0.003949	0.021422	0.02689	248.05	0	0	0	0	1	0	0	128.6500	-41.6600	-127.9600	42.5900	0.0000	0.0000	0.0000	0.0000;
./matpower/data/case_ACTIVSg70k.m:121456:	31880	31881	0.006161	0.034168	0.00966	198.34	0	0	0	0	1	0	0	22.7400	22.8600	-22.6800	-23.5600	0.0000	0.0000	0.0000	0.0000;
./matpower/data/case_ACTIVSg70k.m:121474:	31901	31903	0.00169	0.009335	0.01497	193.56	0	0	0	0	1	0	0	31.6400	-21.3400	-31.6200	19.8900	0.0000	0.0000	0.0000	0.0000;
./matpower/data/case_ACTIVSg70k.m:121513:	31929	31927	0.005966	0.026152	0.01371	179.74	0	0	0	0	1	0	0	19.6500	5.6400	-19.6300	-6.9500	0.0000	0.0000	0.0000	0.0000;
./matpower/data/case_ACTIVSg70k.m:121841:	32180	32255	0.007357	0.029982	0.02338	234.94	0	0	0	0	1	0	0	-101.7600	5.1700	102.5100	-4.5100	0.0000	0.0000	0.0000	0.0000;
./matpower/data/case_ACTIVSg70k.m:121934:	32270	32272	0.009662	0.286223	0	54.28	0	0	1	0	1	0	0	2.6500	1.0200	-2.6500	-1.0000	0.0000	0.0000	0.0000	0.0000;
./matpower/data/case_ACTIVSg70k.m:121935:	32271	32272	0.009662	0.286223	0	54.28	0	0	1	0	1	0	0	2.6500	1.0200	-2.6500	-1.0000	0.0000	0.0000	0.0000	0.0000;
./matpower/data/case_ACTIVSg70k.m:122278:	32585	32586	0.010154	0.059056	0.04949	194.49	0	0	0	0	1	0	0	16.5800	-12.3900	-16.5500	7.3800	0.0000	0.0000	0.0000	0.0000;
./matpower/data/case_ACTIVSg70k.m:122329:	32616	33600	0.009983	0.049189	0.0268	236.22	0	0	0	0	1	0	0	79.5500	-10.5500	-78.9600	10.6300	0.0000	0.0000	0.0000	0.0000;
./matpower/data/case_ACTIVSg70k.m:122627:	33464	32793	0.000949	0.006167	0.00204	250.35	0	0	0	0	1	0	0	-129.7000	16.0000	129.8500	-15.2400	0.0000	0.0000	0.0000	0.0000;
./matpower/data/case_ACTIVSg70k.m:122748:	32888	32890	0.002998	0.016794	0.01391	225.57	0	0	0	0	1	0	0	-43.3800	12.5000	43.4400	-13.6500	0.0000	0.0000	0.0000	0.0000;
./matpower/data/case_ACTIVSg70k.m:122888:	32988	33965	0.001998	0.010325	0.00764	278.26	0	0	0	0	1	0	0	-211.7100	9.0100	212.5500	-5.5100	0.0000	0.0000	0.0000	0.0000;
./matpower/data/case_ACTIVSg70k.m:122942:	33937	33027	0.005196	0.035958	0.00998	223.28	0	0	0	0	1	0	0	-75.8600	10.4400	76.1500	-9.5300	0.0000	0.0000	0.0000	0.0000;
./matpower/data/case_ACTIVSg70k.m:123014:	33081	33084	0.001609	0.008966	0.00463	221.45	0	0	0	0	1	0	0	43.2000	11.5900	-43.1600	-11.9000	0.0000	0.0000	0.0000	0.0000;
./matpower/data/case_ACTIVSg70k.m:123126:	33175	56129	0.069497	0.145437	0.00289	55.21	0	0	0	0	1	0	0	6.1000	-2.9100	-6.0700	2.6500	0.0000	0.0000	0.0000	0.0000;
./matpower/data/case_ACTIVSg70k.m:123205:	33288	33249	0.011381	0.039982	0.02284	227.76	0	0	0	0	1	0	0	-65.6000	25.6300	66.1400	-26.1400	0.0000	0.0000	0.0000	0.0000;
./matpower/data/case_ACTIVSg70k.m:123217:	33605	33262	0.004125	0.02221	0.02966	242.83	0	0	0	0	1	0	0	-83.3600	22.4800	83.6700	-23.8300	0.0000	0.0000	0.0000	0.0000;
./matpower/data/case_ACTIVSg70k.m:123220:	33267	34023	0.009981	0.068312	0.03289	249.24	0	0	0	0	1	0	0	-59.5000	-5.6800	59.8300	4.3700	0.0000	0.0000	0.0000	0.0000;
./matpower/data/case_ACTIVSg70k.m:123237:	33280	33278	0.004659	0.029495	0.00861	204.46	0	0	0	0	1	0	0	17.9200	-2.7800	-17.9100	1.9400	0.0000	0.0000	0.0000	0.0000;
./matpower/data/case_ACTIVSg70k.m:123273:	33319	33331	0.003112	0.023404	0.00998	222.47	0	0	0	0	1	0	0	-49.5300	28.9500	49.6300	-29.3100	0.0000	0.0000	0.0000	0.0000;
./matpower/data/case_ACTIVSg70k.m:123399:	33405	41379	0.001822	0.007998	0.00055	145.2	0	0	0	0	1	0	0	63.0800	21.9400	-63.0100	-21.6700	0.0000	0.0000	0.0000	0.0000;
./matpower/data/case_ACTIVSg70k.m:123400:	33405	41379	0.001822	0.007998	0.00055	145.2	0	0	0	0	1	0	0	63.0800	21.9400	-63.0100	-21.6700	0.0000	0.0000	0.0000	0.0000;
./matpower/data/case_ACTIVSg70k.m:123755:	33719	33726	0.006463	0.026509	0.00933	211.47	0	0	0	0	1	0	0	-31.2700	-15.7000	31.3400	15.0400	0.0000	0.0000	0.0000	0.0000;
./matpower/data/case_ACTIVSg70k.m:123817:	33787	33785	0.001555	0.009984	0.00176	199.04	0	0	0	0	1	0	0	33.6800	47.3000	-33.6300	-47.1700	0.0000	0.0000	0.0000	0.0000;
./matpower/data/case_ACTIVSg70k.m:123856:	33829	33828	0.004497	0.034441	0.00966	201.99	0	0	0	0	1	0	0	-32.0700	9.9100	32.1100	-10.5800	0.0000	0.0000	0.0000	0.0000;
./matpower/data/case_ACTIVSg70k.m:124030:	33999	34134	0.000451	0.004966	0.15492	1116.83	0	0	0	0	1	0	0	-204.3000	127.5700	204.5500	-141.6200	0.0000	0.0000	0.0000	0.0000;
./matpower/data/case_ACTIVSg70k.m:124273:	34205	34821	0.007949	0.031822	0.02151	224.91	0	0	0	0	1	0	0	16.0900	-3.6800	-16.0700	1.4600	0.0000	0.0000	0.0000	0.0000;
./matpower/data/case_ACTIVSg70k.m:124343:	34266	34802	0.003933	0.02566	0.01098	245.45	0	0	0	0	1	0	0	-27.8600	-3.6300	27.8900	2.6400	0.0000	0.0000	0.0000	0.0000;
./matpower/data/case_ACTIVSg70k.m:124426:	35055	34328	0.003998	0.022835	0.02411	265.8	0	0	0	0	1	0	0	90.4000	-25.1200	-90.0700	24.3600	0.0000	0.0000	0.0000	0.0000;
./matpower/data/case_ACTIVSg70k.m:124525:	34401	34414	0.008716	0.04949	0.01216	219.75	0	0	0	0	1	0	0	21.2500	-3.6800	-21.2200	2.5700	0.0000	0.0000	0.0000	0.0000;
./matpower/data/case_ACTIVSg70k.m:124642:	34484	34486	0.003051	0.018876	0.01966	245.43	0	0	0	0	1	0	0	-38.3900	7.5600	38.4400	-9.4000	0.0000	0.0000	0.0000	0.0000;
./matpower/data/case_ACTIVSg70k.m:124713:	34562	34543	0.003821	0.026145	0.00949	231.42	0	0	0	0	1	0	0	57.0300	-11.0500	-56.9100	10.8600	0.0000	0.0000	0.0000	0.0000;
./matpower/data/case_ACTIVSg70k.m:124900:	34734	34711	0.001904	0.009986	0.00278	196.21	0	0	0	0	1	0	0	-28.7300	12.3400	28.7500	-12.5400	0.0000	0.0000	0.0000	0.0000;
./matpower/data/case_ACTIVSg70k.m:125141:	35147	34928	0.0042	0.019336	0.02119	218.9	0	0	0	0	1	0	0	-4.0200	4.2700	4.0200	-6.5500	0.0000	0.0000	0.0000	0.0000;
./matpower/data/case_ACTIVSg70k.m:125144:	34930	35148	0.009016	0.03933	0.01585	194.3	0	0	0	0	1	0	0	22.2800	-2.1000	-22.2400	0.5700	0.0000	0.0000	0.0000	0.0000;
./matpower/data/case_ACTIVSg70k.m:125252:	35053	35052	0.003521	0.019986	0.01216	225.9	0	0	0	0	1	0	0	26.7300	4.8700	-26.7100	-6.0500	0.0000	0.0000	0.0000	0.0000;
./matpower/data/case_ACTIVSg70k.m:125396:	35193	35198	0.004733	0.029497	0.01855	265.33	0	0	0	0	1	0	0	-57.5300	9.1400	57.6800	-10.2200	0.0000	0.0000	0.0000	0.0000;
./matpower/data/case_ACTIVSg70k.m:125421:	35224	35459	0.001039	0.0079	0.00949	228.55	0	0	0	0	1	0	0	-47.6300	1.0400	47.6600	-1.9000	0.0000	0.0000	0.0000	0.0000;
./matpower/data/case_ACTIVSg70k.m:125741:	36811	35557	0.021811	0.08125	0.00966	145.37	0	0	0	0	1	0	0	-65.7600	11.2800	66.7300	-8.6400	0.0000	0.0000	0.0000	0.0000;
./matpower/data/case_ACTIVSg70k.m:125776:	35583	36549	0.023447	0.08966	0.00802	138.47	0	0	0	0	1	0	0	68.8900	-1.1300	-67.8200	4.4000	0.0000	0.0000	0.0000	0.0000;
./matpower/data/case_ACTIVSg70k.m:126202:	36265	35864	0.008442	0.029667	0.00334	128.53	0	0	0	0	1	0	0	41.8100	3.7400	-41.6700	-3.6100	0.0000	0.0000	0.0000	0.0000;
./matpower/data/case_ACTIVSg70k.m:126331:	35945	35949	0.019338	0.081706	0.00721	112.29	0	0	0	0	1	0	0	6.8600	20.1900	-6.7700	-20.5400	0.0000	0.0000	0.0000	0.0000;
./matpower/data/case_ACTIVSg70k.m:126445:	36022	36757	0.009498	0.090038	0.28631	534.75	0	0	0	0	1	0	0	-133.0100	4.7900	134.6000	-20.7400	0.0000	0.0000	0.0000	0.0000;
./matpower/data/case_ACTIVSg70k.m:126722:	36209	36217	0.000974	0.009981	0.04111	558.86	0	0	0	0	1	0	0	174.5000	-2.2500	-174.2300	0.6200	0.0000	0.0000	0.0000	0.0000;
./matpower/data/case_ACTIVSg70k.m:126733:	36224	36226	0.008201	0.039494	0.0033	121.85	0	0	0	0	1	0	0	-21.7900	0.8400	21.8300	-1.0000	0.0000	0.0000	0.0000	0.0000;
./matpower/data/case_ACTIVSg70k.m:126779:	36266	36255	0.006933	0.025133	0.00177	121.88	0	0	0	0	1	0	0	25.8300	7.9400	-25.7800	-7.9600	0.0000	0.0000	0.0000	0.0000;
./matpower/data/case_ACTIVSg70k.m:126888:	36326	36328	-0.001567	-0.039491	0	96.45	0	0	1	0	1	0	0	-78.0600	-13.0900	77.9700	10.6800	0.0000	0.0000	0.0000	0.0000;
./matpower/data/case_ACTIVSg70k.m:127224:	36621	36624	0.002362	0.104933	0	261.64	0	0	1	0	1	0	0	135.0300	12.1000	-134.6300	5.9100	0.0000	0.0000	0.0000	0.0000;
./matpower/data/case_ACTIVSg70k.m:127427:	36806	36814	0.002124	0.01966	0.07678	437.49	0	0	0	0	1	0	0	32.2400	-10.9700	-32.2100	2.8200	0.0000	0.0000	0.0000	0.0000;
./matpower/data/case_ACTIVSg70k.m:127454:	36827	36836	0.000163	0.010828	0	998.03	0	0	1	0	1	0	0	-221.4300	-82.8700	221.5100	88.4600	0.0000	0.0000	0.0000	0.0000;
./matpower/data/case_ACTIVSg70k.m:127625:	36987	36988	0.001041	0.029981	0	281.2	0	0	1	0	1	0	0	0.0000	0.0000	0.0000	0.0000	0.0000	0.0000	0.0000	0.0000;
./matpower/data/case_ACTIVSg70k.m:127775:	37136	37137	0.00095	0.02966	0	289.21	0	0	1.025	0	1	0	0	-31.9900	3.8500	32.0000	-3.5500	0.0000	0.0000	0.0000	0.0000;
./matpower/data/case_ACTIVSg70k.m:127956:	37271	37992	0.014777	0.059663	0.01002	127.88	0	0	0	0	1	0	0	40.9300	13.5900	-40.6800	-13.6200	0.0000	0.0000	0.0000	0.0000;
./matpower/data/case_ACTIVSg70k.m:127957:	37276	37274	0.016183	0.069663	0.00652	142.39	0	0	0	0	1	0	0	-72.2700	19.9000	73.1300	-16.9200	0.0000	0.0000	0.0000	0.0000;
./matpower/data/case_ACTIVSg70k.m:128017:	37331	37322	0.019664	0.087368	0.00887	133.49	0	0	0	0	1	0	0	52.5800	-12.9300	-51.9800	14.7600	0.0000	0.0000	0.0000	0.0000;
./matpower/data/case_ACTIVSg70k.m:128043:	37341	37350	0.005966	0.031026	0.00457	127.57	0	0	0	0	1	0	0	-39.1500	19.0100	39.2500	-18.9500	0.0000	0.0000	0.0000	0.0000;
./matpower/data/case_ACTIVSg70k.m:128212:	37441	37432	0.004243	0.019491	0.00173	153.53	0	0	0	0	1	0	0	-85.6700	-8.9100	85.9600	10.0700	0.0000	0.0000	0.0000	0.0000;
./matpower/data/case_ACTIVSg70k.m:128213:	37441	37432	0.004243	0.019491	0.00173	153.53	0	0	0	0	1	0	0	-85.6700	-8.9100	85.9600	10.0700	0.0000	0.0000	0.0000	0.0000;
./matpower/data/case_ACTIVSg70k.m:128761:	37836	37824	0.007998	0.024497	0.00222	132.14	0	0	0	0	1	0	0	48.2000	6.0800	-48.0200	-5.7400	0.0000	0.0000	0.0000	0.0000;
./matpower/data/case_ACTIVSg70k.m:128826:	38057	37879	0.008995	0.039985	0.00442	108.01	0	0	0	0	1	0	0	7.8200	-38.5400	-7.6900	38.6500	0.0000	0.0000	0.0000	0.0000;
./matpower/data/case_ACTIVSg70k.m:129073:	38097	38087	0.008949	0.035636	0.00749	147.78	0	0	0	0	1	0	0	83.1300	-6.3100	-82.5500	7.8200	0.0000	0.0000	0.0000	0.0000;
./matpower/data/case_ACTIVSg70k.m:129116:	39947	38132	0.004949	0.022834	0.00262	114.98	0	0	0	0	1	0	0	8.2600	4.0200	-8.2600	-4.2700	0.0000	0.0000	0.0000	0.0000;
./matpower/data/case_ACTIVSg70k.m:129223:	38239	38402	0.002356	0.009665	0.00127	119.91	0	0	0	0	1	0	0	19.9900	-4.9600	-19.9800	4.8900	0.0000	0.0000	0.0000	0.0000;
./matpower/data/case_ACTIVSg70k.m:129477:	38481	38490	0.013624	0.059989	0.00871	131.97	0	0	0	0	1	0	0	13.7800	6.2500	-13.7500	-7.0700	0.0000	0.0000	0.0000	0.0000;
./matpower/data/case_ACTIVSg70k.m:129536:	38529	39426	0.004964	0.03933	0.32002	555.03	0	0	0	0	1	0	0	-129.4700	8.9600	130.2700	-37.2300	0.0000	0.0000	0.0000	0.0000;
./matpower/data/case_ACTIVSg70k.m:129615:	38577	38884	0.022188	0.10442	0.02933	108.34	0	0	0	0	1	0	0	-2.3300	-4.3300	2.3300	1.1700	0.0000	0.0000	0.0000	0.0000;
./matpower/data/case_ACTIVSg70k.m:129714:	38652	38646	0.003142	0.029669	0.08898	469.37	0	0	0	0	1	0	0	56.0100	-31.8800	-55.8900	23.3000	0.0000	0.0000	0.0000	0.0000;
./matpower/data/case_ACTIVSg70k.m:129777:	47267	38690	0.001933	0.020779	0.0703	535.93	0	0	0	0	1	0	0	-119.4700	22.9900	119.7400	-27.6600	0.0000	0.0000	0.0000	0.0000;
./matpower/data/case_ACTIVSg70k.m:129863:	39414	38748	0.002106	0.009333	0.00079	139.79	0	0	0	0	1	0	0	73.4900	0.4000	-73.3800	-0.0300	0.0000	0.0000	0.0000	0.0000;
./matpower/data/case_ACTIVSg70k.m:129898:	38775	39626	0.022223	0.098208	0.00933	126.1	0	0	0	0	1	0	0	24.9900	-8.6300	-24.8400	8.2700	0.0000	0.0000	0.0000	0.0000;
./matpower/data/case_ACTIVSg70k.m:129964:	38827	38829	0.005799	0.029337	0.00228	130.15	0	0	0	0	1	0	0	-27.4300	-4.7800	27.4700	4.7600	0.0000	0.0000	0.0000	0.0000;
./matpower/data/case_ACTIVSg70k.m:130256:	39077	39230	0.006497	0.029662	0.00243	136.15	0	0	0	0	1	0	0	-51.6200	8.8200	51.7900	-8.3100	0.0000	0.0000	0.0000	0.0000;
./matpower/data/case_ACTIVSg70k.m:130348:	39158	39169	0.010673	0.03933	0.00538	123.19	0	0	0	0	1	0	0	33.0100	-1.9500	-32.9000	1.7900	0.0000	0.0000	0.0000	0.0000;
./matpower/data/case_ACTIVSg70k.m:130406:	39208	39210	0.000966	0.042591	0	206.44	0	0	1.00625	0	1	0	0	-68.9400	-32.8100	68.9900	35.1200	0.0000	0.0000	0.0000	0.0000;
./matpower/data/case_ACTIVSg70k.m:130472:	39270	39274	0.001857	0.049989	0	244.03	0	0	1	0	1	0	0	-18.8700	2.4700	18.8800	-2.3000	0.0000	0.0000	0.0000	0.0000;
./matpower/data/case_ACTIVSg70k.m:130496:	39302	39303	0.001966	0.061825	0	218.87	0	0	1	0	1	0	0	-3.0000	0.1500	3.0000	-0.1500	0.0000	0.0000	0.0000	0.0000;
./matpower/data/case_ACTIVSg70k.m:130605:	39405	40776	0.00286	0.025473	0.04998	560.81	0	0	0	0	1	0	0	162.0100	13.9900	-161.3200	-13.2100	0.0000	0.0000	0.0000	0.0000;
./matpower/data/case_ACTIVSg70k.m:130765:	39589	39594	0.002966	0.079049	0	177.51	0	0	1	0	1	0	0	-3.1300	-1.4500	3.1300	1.4600	0.0000	0.0000	0.0000	0.0000;
./matpower/data/case_ACTIVSg70k.m:130795:	39622	39624	0.002983	0.079668	0	192.25	0	0	1.03125	0	1	0	0	-3.6300	-1.6800	3.6300	1.6900	0.0000	0.0000	0.0000	0.0000;
./matpower/data/case_ACTIVSg70k.m:130865:	40506	39669	0.019337	0.075283	0.00687	122.56	0	0	0	0	1	0	0	19.8800	-13.6100	-19.7700	13.2900	0.0000	0.0000	0.0000	0.0000;
./matpower/data/case_ACTIVSg70k.m:130954:	39790	39726	0.022504	0.080079	0.00966	125.11	0	0	0	0	1	0	0	-36.7100	0.2900	37.0000	-0.2500	0.0000	0.0000	0.0000	0.0000;
./matpower/data/case_ACTIVSg70k.m:130988:	41578	39735	0.001487	0.014375	0.04933	587.16	0	0	0	0	1	0	0	-337.4900	29.8800	339.0900	-19.6400	0.0000	0.0000	0.0000	0.0000;
./matpower/data/case_ACTIVSg70k.m:131011:	39756	39755	0.000966	0.045733	0	209.25	0	0	1.00625	0	1	0	0	-91.8500	-6.1200	91.9200	9.7400	0.0000	0.0000	0.0000	0.0000;
./matpower/data/case_ACTIVSg70k.m:131012:	39756	39755	0.000966	0.045733	0	209.25	0	0	1.00625	0	1	0	0	-91.8500	-6.1200	91.9200	9.7400	0.0000	0.0000	0.0000	0.0000;
./matpower/data/case_ACTIVSg70k.m:131013:	39756	39755	0.000966	0.045733	0	209.25	0	0	1.00625	0	1	0	0	-91.8500	-6.1200	91.9200	9.7400	0.0000	0.0000	0.0000	0.0000;
./matpower/data/case_ACTIVSg70k.m:131091:	39801	39803	0.00966	0.042537	0.00288	147.09	0	0	0	0	1	0	0	-65.2100	-3.4700	65.5900	4.8600	0.0000	0.0000	0.0000	0.0000;
./matpower/data/case_ACTIVSg70k.m:131092:	39801	39803	0.00966	0.042537	0.00288	147.09	0	0	0	0	1	0	0	-65.2100	-3.4700	65.5900	4.8600	0.0000	0.0000	0.0000	0.0000;
./matpower/data/case_ACTIVSg70k.m:131204:	40467	39879	0.009494	0.035574	0.00567	126.36	0	0	0	0	1	0	0	-32.0800	4.7200	32.1700	-4.9400	0.0000	0.0000	0.0000	0.0000;
./matpower/data/case_ACTIVSg70k.m:131379:	40020	40022	0.00998	0.052377	0.01355	116.71	0	0	0	0	1	0	0	-9.7400	4.0800	9.7600	-5.3600	0.0000	0.0000	0.0000	0.0000;
./matpower/data/case_ACTIVSg70k.m:131453:	40071	40082	0.003933	0.012797	0.00223	134.72	0	0	0	0	1	0	0	41.8900	13.9300	-41.8200	-13.9200	0.0000	0.0000	0.0000	0.0000;
./matpower/data/case_ACTIVSg70k.m:131515:	40117	40465	0.01108	0.037444	0.00966	130.61	0	0	0	0	1	0	0	-50.2600	8.9800	50.5500	-8.9800	0.0000	0.0000	0.0000	0.0000;
./matpower/data/case_ACTIVSg70k.m:131516:	40118	40119	0.007644	0.039495	0.0033	119.51	0	0	0	0	1	0	0	-21.7200	13.5000	21.7700	-13.5700	0.0000	0.0000	0.0000	0.0000;
./matpower/data/case_ACTIVSg70k.m:131542:	40142	40136	0.008282	0.039498	0.00355	151.02	0	0	0	0	1	0	0	-100.9000	8.1600	101.7000	-4.7300	0.0000	0.0000	0.0000	0.0000;
./matpower/data/case_ACTIVSg70k.m:131543:	40142	40136	0.008282	0.039498	0.00355	151.02	0	0	0	0	1	0	0	-100.9000	8.1600	101.7000	-4.7300	0.0000	0.0000	0.0000	0.0000;
./matpower/data/case_ACTIVSg70k.m:131750:	40269	40977	0.009666	0.04895	0.0041	114.01	0	0	0	0	1	0	0	8.1100	-0.0900	-8.1000	-0.2700	0.0000	0.0000	0.0000	0.0000;
./matpower/data/case_ACTIVSg70k.m:131780:	40288	40756	0.009966	0.044112	0.00415	123.18	0	0	0	0	1	0	0	24.7100	-4.8700	-24.6500	4.7600	0.0000	0.0000	0.0000	0.0000;
./matpower/data/case_ACTIVSg70k.m:131794:	40687	40296	0.003933	0.016502	0.00204	138.53	0	0	0	0	1	0	0	-85.3700	-3.3000	85.6400	4.2300	0.0000	0.0000	0.0000	0.0000;
./matpower/data/case_ACTIVSg70k.m:131820:	40954	40316	0.009669	0.039814	0.00487	124.25	0	0	0	0	1	0	0	31.2900	6.2300	-31.2000	-6.3700	0.0000	0.0000	0.0000	0.0000;
./matpower/data/case_ACTIVSg70k.m:132065:	40490	40488	0.01462	0.059496	0.00368	127.94	0	0	0	0	1	0	0	43.4800	1.2800	-43.2000	-0.5400	0.0000	0.0000	0.0000	0.0000;
./matpower/data/case_ACTIVSg70k.m:132146:	40552	41044	0.001245	0.005998	0.00075	115.35	0	0	0	0	1	0	0	-11.5300	2.2900	11.5300	-2.3600	0.0000	0.0000	0.0000	0.0000;
./matpower/data/case_ACTIVSg70k.m:132612:	40895	40898	0.000949	0.043475	0	200.49	0	0	1	0	1	0	0	-66.1500	-10.4000	66.1900	12.2000	0.0000	0.0000	0.0000	0.0000;
./matpower/data/case_ACTIVSg70k.m:132882:	41166	41165	0.006966	0.024898	0.00318	116.68	0	0	0	0	1	0	0	-15.0900	5.0000	15.1000	-5.2600	0.0000	0.0000	0.0000	0.0000;
./matpower/data/case_ACTIVSg70k.m:133179:	42549	41349	0.019668	0.085487	0.01196	136.39	0	0	0	0	1	0	0	58.1800	6.9100	-57.5200	-5.2500	0.0000	0.0000	0.0000	0.0000;
./matpower/data/case_ACTIVSg70k.m:133493:	41566	42404	0.007933	0.034113	0.00254	126.36	0	0	0	0	1	0	0	-41.6500	19.1700	41.8100	-18.7600	0.0000	0.0000	0.0000	0.0000;
./matpower/data/case_ACTIVSg70k.m:133508:	41576	42406	0.003701	0.019496	0.00284	100.33	0	0	0	0	1	0	0	1.5400	-17.7300	-1.5200	17.4900	0.0000	0.0000	0.0000	0.0000;
./matpower/data/case_ACTIVSg70k.m:133617:	41654	41663	0.019498	0.084405	0.00826	108.31	0	0	0	0	1	0	0	5.0900	-14.3200	-5.0500	13.7000	0.0000	0.0000	0.0000	0.0000;
./matpower/data/case_ACTIVSg70k.m:133731:	42661	41718	0.001269	0.009667	0.08598	374.47	0	0	0	0	1	0	0	23.5700	-13.6800	-23.5600	4.2900	0.0000	0.0000	0.0000	0.0000;
./matpower/data/case_ACTIVSg70k.m:133833:	41772	41779	0.003775	0.019989	0.00251	137.17	0	0	0	0	1	0	0	72.1500	26.2000	-71.9300	-25.3300	0.0000	0.0000	0.0000	0.0000;
./matpower/data/case_ACTIVSg70k.m:134022:	41918	41919	0.009493	0.046779	0.00522	131.6	0	0	0	0	1	0	0	-48.4000	-9.9100	48.6300	10.4700	0.0000	0.0000	0.0000	0.0000;
./matpower/data/case_ACTIVSg70k.m:134046:	41932	41937	0.007981	0.039984	0.00511	107.64	0	0	0	0	1	0	0	4.9600	28.2400	-4.9000	-28.4600	0.0000	0.0000	0.0000	0.0000;
./matpower/data/case_ACTIVSg70k.m:134572:	42321	42319	0.014753	0.059664	0.00681	124.58	0	0	0	0	1	0	0	39.3700	-1.2600	-39.1500	1.4800	0.0000	0.0000	0.0000	0.0000;
./matpower/data/case_ACTIVSg70k.m:134686:	43012	42421	0.004365	0.019989	0.00162	128.52	0	0	0	0	1	0	0	-49.3600	53.0300	49.5700	-52.2200	0.0000	0.0000	0.0000	0.0000;
./matpower/data/case_ACTIVSg70k.m:134711:	42452	42448	0.016719	0.069492	0.00577	124.04	0	0	0	0	1	0	0	-23.6800	-12.2800	23.7900	12.1500	0.0000	0.0000	0.0000	0.0000;
./matpower/data/case_ACTIVSg70k.m:134736:	42466	46436	0.000509	0.009751	0.94956	2834.45	0	0	0	0	1	0	0	-1056.1700	23.4700	1061.4300	-25.5200	0.0000	0.0000	0.0000	0.0000;
./matpower/data/case_ACTIVSg70k.m:134752:	42486	42487	0.015346	0.049497	0.00516	150.65	0	0	0	0	1	0	0	64.5600	-11.1200	-63.9300	12.5800	0.0000	0.0000	0.0000	0.0000;
./matpower/data/case_ACTIVSg70k.m:134753:	42486	42487	0.015346	0.049497	0.00516	150.65	0	0	0	0	1	0	0	64.5600	-11.1200	-63.9300	12.5800	0.0000	0.0000	0.0000	0.0000;
./matpower/data/case_ACTIVSg70k.m:135212:	42902	43029	0.008562	0.033313	0.00949	119.46	0	0	0	0	1	0	0	16.6600	9.1700	-16.6300	-10.0500	0.0000	0.0000	0.0000	0.0000;
./matpower/data/case_ACTIVSg70k.m:135236:	45255	42923	0.007789	0.029331	0.00269	114.03	0	0	0	0	1	0	0	-4.6500	-5.4700	4.6500	5.1900	0.0000	0.0000	0.0000	0.0000;
./matpower/data/case_ACTIVSg70k.m:135331:	43020	43024	0.000208	0.015417	0	933.74	0	0	1.00625	0	1	0	0	-265.0300	-39.3800	265.1600	49.6100	0.0000	0.0000	0.0000	0.0000;
./matpower/data/case_ACTIVSg70k.m:135332:	43020	43025	0.00019	0.012953	0	933.15	0	0	1.00625	0	1	0	0	-265.0400	-41.0000	265.1600	49.6100	0.0000	0.0000	0.0000	0.0000;
./matpower/data/case_ACTIVSg70k.m:135811:	43253	44556	0.001949	0.006784	0.00064	154.83	0	0	0	0	1	0	0	-98.2600	-5.7100	98.4400	6.2700	0.0000	0.0000	0.0000	0.0000;
./matpower/data/case_ACTIVSg70k.m:135812:	43253	44556	0.001949	0.006784	0.00064	154.83	0	0	0	0	1	0	0	-98.2600	-5.7100	98.4400	6.2700	0.0000	0.0000	0.0000	0.0000;
./matpower/data/case_ACTIVSg70k.m:135813:	43253	44556	0.001949	0.006784	0.00064	154.83	0	0	0	0	1	0	0	-98.2600	-5.7100	98.4400	6.2700	0.0000	0.0000	0.0000	0.0000;
./matpower/data/case_ACTIVSg70k.m:136571:	43672	43674	0.002998	0.015633	0.00143	135.98	0	0	0	0	1	0	0	-73.1700	24.6400	73.3400	-23.8600	0.0000	0.0000	0.0000	0.0000;
./matpower/data/case_ACTIVSg70k.m:136720:	44125	43769	0.000966	0.007879	0.03387	546.49	0	0	0	0	1	0	0	-227.3000	-43.1700	227.7800	43.4700	0.0000	0.0000	0.0000	0.0000;
./matpower/data/case_ACTIVSg70k.m:136818:	43833	43863	0.002949	0.01069	0.00197	138.87	0	0	0	0	1	0	0	91.7100	0.4600	-91.4800	0.1700	0.0000	0.0000	0.0000	0.0000;
./matpower/data/case_ACTIVSg70k.m:136915:	43890	43889	0.000949	0.046993	0	273.7	0	0	1.01875	0	1	0	0	-164.9300	-23.0100	165.1800	35.4800	0.0000	0.0000	0.0000	0.0000;
./matpower/data/case_ACTIVSg70k.m:136916:	43890	43889	0.000949	0.046993	0	273.7	0	0	1.01875	0	1	0	0	-164.9300	-23.0100	165.1800	35.4800	0.0000	0.0000	0.0000	0.0000;
./matpower/data/case_ACTIVSg70k.m:136917:	43890	43889	0.000949	0.046993	0	273.7	0	0	1.01875	0	1	0	0	-164.9300	-23.0100	165.1800	35.4800	0.0000	0.0000	0.0000	0.0000;
./matpower/data/case_ACTIVSg70k.m:136918:	43890	43889	0.000949	0.046993	0	273.7	0	0	1.01875	0	1	0	0	-164.9300	-23.0100	165.1800	35.4800	0.0000	0.0000	0.0000	0.0000;
./matpower/data/case_ACTIVSg70k.m:137048:	43973	54086	0.008966	0.035936	0.00566	139.19	0	0	0	0	1	0	0	-44.3700	-13.2600	44.5600	13.3800	0.0000	0.0000	0.0000	0.0000;
./matpower/data/case_ACTIVSg70k.m:137052:	43976	45215	0.028657	0.119008	0.00998	128.1	0	0	0	0	1	0	0	18.9000	3.3800	-18.8000	-4.0500	0.0000	0.0000	0.0000	0.0000;
./matpower/data/case_ACTIVSg70k.m:137291:	54144	44171	0.000966	0.006106	0.0064	248.17	0	0	0	0	1	0	0	28.7700	-20.3000	-28.7600	19.6700	0.0000	0.0000	0.0000	0.0000;
./matpower/data/case_ACTIVSg70k.m:137471:	44326	44370	0.023798	0.094919	0.00933	109.72	0	0	0	0	1	0	0	-6.8600	17.1200	6.9400	-17.8000	0.0000	0.0000	0.0000	0.0000;
./matpower/data/case_ACTIVSg70k.m:137502:	44493	44349	0.004966	0.018084	0.0017	128.74	0	0	0	0	1	0	0	-12.8300	-5.0800	12.8400	4.9300	0.0000	0.0000	0.0000	0.0000;
./matpower/data/case_ACTIVSg70k.m:137804:	44635	44888	0.019495	0.104403	0.01934	127.31	0	0	0	0	1	0	0	20.7000	-7.9400	-20.6100	6.3800	0.0000	0.0000	0.0000	0.0000;
./matpower/data/case_ACTIVSg70k.m:137825:	44649	44684	0.003866	0.039663	0.08702	455.32	0	0	0	0	1	0	0	62.2700	-12.7700	-62.1300	4.7400	0.0000	0.0000	0.0000	0.0000;
./matpower/data/case_ACTIVSg70k.m:138461:	45128	45127	0.008966	0.030108	0.00326	105.55	0	0	0	0	1	0	0	-5.1500	4.9900	5.1600	-5.3200	0.0000	0.0000	0.0000	0.0000;
./matpower/data/case_ACTIVSg70k.m:138505:	45165	45164	0.020777	0.084217	0.00998	141.69	0	0	0	0	1	0	0	-44.3300	2.7600	44.7300	-2.1800	0.0000	0.0000	0.0000	0.0000;
./matpower/data/case_ACTIVSg70k.m:138532:	45184	45183	0.014688	0.059984	0.00614	136.95	0	0	0	0	1	0	0	31.9100	-9.6500	-31.7300	9.7700	0.0000	0.0000	0.0000	0.0000;
./matpower/data/case_ACTIVSg70k.m:138598:	45248	45236	0.019335	0.079765	0.01127	121.74	0	0	0	0	1	0	0	21.5200	-4.4100	-21.4400	3.5500	0.0000	0.0000	0.0000	0.0000;
./matpower/data/case_ACTIVSg70k.m:138774:	45390	45384	0.009663	0.032808	0.00452	125.4	0	0	0	0	1	0	0	-36.4100	8.0000	36.5400	-8.0500	0.0000	0.0000	0.0000	0.0000;
./matpower/data/case_ACTIVSg70k.m:138786:	45399	45398	0.009667	0.027602	0.00278	131.22	0	0	0	0	1	0	0	-24.6100	9.5200	24.6700	-9.6500	0.0000	0.0000	0.0000	0.0000;
./matpower/data/case_ACTIVSg70k.m:138822:	45437	45431	0.008162	0.02998	0.00524	106.4	0	0	0	0	1	0	0	5.4300	-0.6100	-5.4300	0.0600	0.0000	0.0000	0.0000	0.0000;
./matpower/data/case_ACTIVSg70k.m:138861:	45740	45462	0.012088	0.049491	0.00357	137.37	0	0	0	0	1	0	0	41.1700	-5.3500	-40.9800	5.7600	0.0000	0.0000	0.0000	0.0000;
./matpower/data/case_ACTIVSg70k.m:138902:	45513	45490	0.009666	0.048447	0.00543	111.92	0	0	0	0	1	0	0	-13.8500	0.1800	13.8700	-0.6600	0.0000	0.0000	0.0000	0.0000;
./matpower/data/case_ACTIVSg70k.m:139213:	45754	46464	0.009665	0.041553	0.00574	128.83	0	0	0	0	1	0	0	-34.4500	-2.2500	34.5600	2.0900	0.0000	0.0000	0.0000	0.0000;
./matpower/data/case_ACTIVSg70k.m:139214:	45757	45755	0.009666	0.04589	0.00708	137.35	0	0	0	0	1	0	0	32.8100	-5.1800	-32.7100	4.8900	0.0000	0.0000	0.0000	0.0000;
./matpower/data/case_ACTIVSg70k.m:139238:	54416	45773	0.009957	0.059495	0.03383	291.07	0	0	0	0	1	0	0	76.4000	-1.9500	-75.8700	1.5100	0.0000	0.0000	0.0000	0.0000;
./matpower/data/case_ACTIVSg70k.m:139267:	45801	45803	0.009981	0.048743	0.00729	115.78	0	0	0	0	1	0	0	9.7900	-5.4700	-9.7800	4.7400	0.0000	0.0000	0.0000	0.0000;
./matpower/data/case_ACTIVSg70k.m:139472:	46278	45991	0.019331	0.069102	0.01005	146.68	0	0	0	0	1	0	0	44.8300	-5.2100	-44.4600	5.4700	0.0000	0.0000	0.0000	0.0000;
./matpower/data/case_ACTIVSg70k.m:139559:	46059	46064	0.009145	0.029665	0.0029	141.14	0	0	0	0	1	0	0	31.0900	1.2300	-31.0000	-1.2700	0.0000	0.0000	0.0000	0.0000;
./matpower/data/case_ACTIVSg70k.m:139608:	46109	46110	0.009664	0.044393	0.00481	144.29	0	0	0	0	1	0	0	-38.3500	2.6300	38.4900	-2.5100	0.0000	0.0000	0.0000	0.0000;
./matpower/data/case_ACTIVSg70k.m:139747:	46274	46273	0.00122	0.049491	0	172.06	0	0	1	0	1	0	0	-61.6400	-16.0300	61.6900	17.9200	0.0000	0.0000	0.0000	0.0000;
./matpower/data/case_ACTIVSg70k.m:139770:	46294	46293	0.000138	0.009669	0	818.87	0	0	1.00625	0	1	0	0	-251.1600	-69.7300	251.2500	75.8900	0.0000	0.0000	0.0000	0.0000;
./matpower/data/case_ACTIVSg70k.m:139925:	46423	46428	0.002949	0.079637	0	161.55	0	0	1	0	1	0	0	-2.5000	0.3100	2.5000	-0.3000	0.0000	0.0000	0.0000	0.0000;
./matpower/data/case_ACTIVSg70k.m:140252:	46758	46761	0.015165	0.069492	0.00692	140.92	0	0	0	0	1	0	0	-61.9200	-1.0400	62.4800	2.8400	0.0000	0.0000	0.0000	0.0000;
./matpower/data/case_ACTIVSg70k.m:140392:	46871	46852	0.002487	0.009987	0.00111	131.9	0	0	0	0	1	0	0	-34.6700	-17.7700	34.7100	17.7900	0.0000	0.0000	0.0000	0.0000;
./matpower/data/case_ACTIVSg70k.m:140738:	47101	47081	0.005684	0.019331	0.0019	105.45	0	0	0	0	1	0	0	6.9400	27.3700	-6.8900	-27.4200	0.0000	0.0000	0.0000	0.0000;
./matpower/data/case_ACTIVSg70k.m:140898:	47205	47207	0.039334	0.188665	0.01322	111.04	0	0	0	0	1	0	0	-4.5600	4.2700	4.5800	-5.6000	0.0000	0.0000	0.0000	0.0000;
./matpower/data/case_ACTIVSg70k.m:141131:	47389	47387	0.012125	0.039333	0.00365	137.45	0	0	0	0	1	0	0	60.5300	-18.9700	-60.0600	20.1300	0.0000	0.0000	0.0000	0.0000;
./matpower/data/case_ACTIVSg70k.m:141209:	47450	48920	0.017833	0.059493	0.00562	152.4	0	0	0	0	1	0	0	-89.3000	7.3500	90.7000	-3.2800	0.0000	0.0000	0.0000	0.0000;
./matpower/data/case_ACTIVSg70k.m:141210:	47450	48920	0.017833	0.059493	0.00562	152.4	0	0	0	0	1	0	0	-89.3000	7.3500	90.7000	-3.2800	0.0000	0.0000	0.0000	0.0000;
./matpower/data/case_ACTIVSg70k.m:141408:	47607	48771	0.003933	0.019724	0.00303	156.33	0	0	0	0	1	0	0	-84.5500	-5.0100	84.8100	5.9800	0.0000	0.0000	0.0000	0.0000;
./matpower/data/case_ACTIVSg70k.m:141502:	47674	47738	0.001966	0.010064	0.00144	146.67	0	0	0	0	1	0	0	-94.4800	-36.2100	94.6700	37.0400	0.0000	0.0000	0.0000	0.0000;
./matpower/data/case_ACTIVSg70k.m:141570:	47690	48659	0.000949	0.004365	0.00056	127.82	0	0	0	0	1	0	0	26.4700	-2.1200	-26.4600	2.0900	0.0000	0.0000	0.0000	0.0000;
./matpower/data/case_ACTIVSg70k.m:141698:	47795	48375	0.009564	0.03998	0.00595	132.15	0	0	0	0	1	0	0	30.3500	-11.6200	-30.2500	11.4300	0.0000	0.0000	0.0000	0.0000;
./matpower/data/case_ACTIVSg70k.m:141749:	47845	47849	9.6e-05	0.006165	0	966.39	0	0	1	0	1	0	0	316.9600	42.9700	-316.8700	-37.2100	0.0000	0.0000	0.0000	0.0000;
./matpower/data/case_ACTIVSg70k.m:141859:	47926	47925	0.00966	0.045187	0.00529	135.82	0	0	0	0	1	0	0	-46.0100	15.2100	46.2300	-14.7300	0.0000	0.0000	0.0000	0.0000;
./matpower/data/case_ACTIVSg70k.m:141983:	48019	48318	0.014122	0.072588	0.00998	110.74	0	0	0	0	1	0	0	-2.5700	-0.8400	2.5700	-0.2300	0.0000	0.0000	0.0000	0.0000;
./matpower/data/case_ACTIVSg70k.m:142014:	48056	48052	0.012121	0.059336	0.00333	134.08	0	0	0	0	1	0	0	37.0500	-9.6500	-36.8800	10.1400	0.0000	0.0000	0.0000	0.0000;
./matpower/data/case_ACTIVSg70k.m:142121:	48140	48192	0.005998	0.02265	0.00277	116.89	0	0	0	0	1	0	0	-14.0900	33.3500	14.1700	-33.3700	0.0000	0.0000	0.0000	0.0000;
./matpower/data/case_ACTIVSg70k.m:142182:	48198	48200	0.001933	0.057886	0	246.31	0	0	1	0	1	0	0	0.0000	0.0000	0.0000	0.0000	0.0000	0.0000	0.0000	0.0000;
./matpower/data/case_ACTIVSg70k.m:142183:	48199	48200	0.001933	0.057886	0	246.31	0	0	1	0	1	0	0	0.0000	0.0000	0.0000	0.0000	0.0000	0.0000	0.0000	0.0000;
./matpower/data/case_ACTIVSg70k.m:142368:	48401	48403	0.000187	0.012248	0	949.29	0	0	1	0	1	0	0	-192.3100	-54.4000	192.3800	58.9300	0.0000	0.0000	0.0000	0.0000;
./matpower/data/case_ACTIVSg70k.m:142742:	48771	48962	0.003933	0.017281	0.00195	178.24	0	0	0	0	1	0	0	89.3000	10.9500	-89.0100	-9.8900	0.0000	0.0000	0.0000	0.0000;
./matpower/data/case_ACTIVSg70k.m:142743:	48771	48962	0.003933	0.017281	0.00195	178.24	0	0	0	0	1	0	0	89.3000	10.9500	-89.0100	-9.8900	0.0000	0.0000	0.0000	0.0000;
./matpower/data/case_ACTIVSg70k.m:142810:	48871	48870	0.000127	0.009719	0	966.19	0	0	1	0	1	0	0	-407.7200	-5.2900	407.9200	20.0900	0.0000	0.0000	0.0000	0.0000;
./matpower/data/case_ACTIVSg70k.m:142930:	49478	48995	0.069496	0.184957	0.01947	53.1	0	0	0	0	1	0	0	-2.2500	-1.2000	2.2500	-0.9100	0.0000	0.0000	0.0000	0.0000;
./matpower/data/case_ACTIVSg70k.m:143454:	49371	49368	0.033686	0.079402	0.00966	59.33	0	0	0	0	1	0	0	-7.9900	-5.8500	8.0200	4.8700	0.0000	0.0000	0.0000	0.0000;
./matpower/data/case_ACTIVSg70k.m:143682:	49542	49777	0.009669	0.06346	0.04897	285.38	0	0	0	0	1	0	0	-66.7500	4.9200	67.1500	-7.6900	0.0000	0.0000	0.0000	0.0000;
./matpower/data/case_ACTIVSg70k.m:143827:	49668	49667	0.036007	0.089988	0.00592	64.23	0	0	0	0	1	0	0	16.5800	-5.6100	-16.4800	5.2200	0.0000	0.0000	0.0000	0.0000;
./matpower/data/case_ACTIVSg70k.m:143889:	49718	49716	0.026206	0.069498	0.00184	57.78	0	0	0	0	1	0	0	3.6300	0.5000	-3.6200	-0.6900	0.0000	0.0000	0.0000	0.0000;
./matpower/data/case_ACTIVSg70k.m:144120:	49920	49921	0.029983	0.673512	0	15.48	0	0	1.025	0	1	0	0	-0.8000	-0.3000	0.8000	0.3100	0.0000	0.0000	0.0000	0.0000;
./matpower/data/case_ACTIVSg70k.m:144153:	49960	49963	0.002404	0.049498	0	30.6	0	0	1	0	1	0	0	-0.8000	-0.0800	0.8000	0.0800	0.0000	0.0000	0.0000	0.0000;
./matpower/data/case_ACTIVSg70k.m:144262:	50067	50070	-3.3e-05	-0.002666	0	966.97	0	0	1	0	1	0	0	-152.8000	27.9300	152.8000	-28.5100	0.0000	0.0000	0.0000	0.0000;
./matpower/data/case_ACTIVSg70k.m:144362:	50155	50184	0.006966	0.01539	0.00085	61.97	0	0	0	0	1	0	0	16.3300	9.3400	-16.3100	-9.3800	0.0000	0.0000	0.0000	0.0000;
./matpower/data/case_ACTIVSg70k.m:144409:	50195	50206	0.009981	0.026778	0.00089	51.39	0	0	0	0	1	0	0	-6.6400	6.8400	6.6500	-6.9100	0.0000	0.0000	0.0000	0.0000;
./matpower/data/case_ACTIVSg70k.m:144456:	50219	50672	0.005998	0.014957	0.00053	58.06	0	0	0	0	1	0	0	-12.4000	20.2900	12.4300	-20.2700	0.0000	0.0000	0.0000	0.0000;
./matpower/data/case_ACTIVSg70k.m:144498:	50252	50268	0.019499	0.047918	0.02082	60.53	0	0	0	0	1	0	0	10.7700	-0.7000	-10.7500	-1.4600	0.0000	0.0000	0.0000	0.0000;
./matpower/data/case_ACTIVSg70k.m:144592:	50334	50313	0.008966	0.020586	0.00421	72.93	0	0	0	0	1	0	0	-33.1100	-11.2000	33.2100	10.9700	0.0000	0.0000	0.0000	0.0000;
./matpower/data/case_ACTIVSg70k.m:144614:	50328	50343	0.011907	0.029334	0.00274	64.92	0	0	0	0	1	0	0	18.8500	-10.0900	-18.8000	9.9100	0.0000	0.0000	0.0000	0.0000;
./matpower/data/case_ACTIVSg70k.m:144633:	50350	50340	0.033471	0.074992	0.00933	73.04	0	0	0	0	1	0	0	34.0100	-16.4200	-33.5800	16.3800	0.0000	0.0000	0.0000	0.0000;
./matpower/data/case_ACTIVSg70k.m:145099:	50646	50639	0.00998	0.023125	0.00187	68.31	0	0	0	0	1	0	0	27.3400	13.0300	-27.2500	-13.0400	0.0000	0.0000	0.0000	0.0000;
./matpower/data/case_ACTIVSg70k.m:145202:	50712	51081	0.009984	0.022495	0.00302	71.69	0	0	0	0	1	0	0	34.7200	21.2800	-34.5700	-21.2500	0.0000	0.0000	0.0000	0.0000;
./matpower/data/case_ACTIVSg70k.m:145619:	51028	52053	0.003933	0.011004	0.00702	84.23	0	0	0	0	1	0	0	-38.7700	0.5500	38.8200	-1.1600	0.0000	0.0000	0.0000	0.0000;
./matpower/data/case_ACTIVSg70k.m:145620:	51028	52053	0.003933	0.011004	0.00702	84.23	0	0	0	0	1	0	0	-38.7700	0.5500	38.8200	-1.1600	0.0000	0.0000	0.0000	0.0000;
./matpower/data/case_ACTIVSg70k.m:145717:	51102	51120	0.000998	0.00646	0.00996	249.88	0	0	0	0	1	0	0	-30.3100	-19.3800	30.3200	18.4100	0.0000	0.0000	0.0000	0.0000;
./matpower/data/case_ACTIVSg70k.m:145751:	51803	51131	0.019494	0.055467	0.00142	62.41	0	0	0	0	1	0	0	6.0500	0.0200	-6.0400	-0.1600	0.0000	0.0000	0.0000	0.0000;
./matpower/data/case_ACTIVSg70k.m:145769:	51153	51145	0.00505	0.025591	0.02949	295.3	0	0	0	0	1	0	0	-74.1600	-5.4200	74.4200	3.6100	0.0000	0.0000	0.0000	0.0000;
./matpower/data/case_ACTIVSg70k.m:145902:	51269	51285	0.00439	0.010342	0.00998	75.92	0	0	0	0	1	0	0	42.9700	8.0800	-42.8900	-9.0000	0.0000	0.0000	0.0000	0.0000;
./matpower/data/case_ACTIVSg70k.m:146213:	51547	51548	0.019493	0.561791	0	100	0	0	1	0	1	0	0	0.0000	0.0000	0.0000	0.0000	0.0000	0.0000	0.0000	0.0000;
./matpower/data/case_ACTIVSg70k.m:146334:	51667	55243	0.00944	0.059986	0.07585	232.32	0	0	0	0	1	0	0	-6.1000	-3.5800	6.1000	-4.7600	0.0000	0.0000	0.0000	0.0000;
./matpower/data/case_ACTIVSg70k.m:146506:	54469	51831	0.007488	0.049499	0.03884	240.22	0	0	0	0	1	0	0	20.4500	-0.4100	-20.4200	-3.6400	0.0000	0.0000	0.0000	0.0000;
./matpower/data/case_ACTIVSg70k.m:146514:	51839	51843	0.000257	0.019496	0	653.42	0	0	1	0	1	0	0	-103.4600	-20.0500	103.4900	22.0500	0.0000	0.0000	0.0000	0.0000;
./matpower/data/case_ACTIVSg70k.m:146558:	51883	51886	0.000205	0.014248	0	933.03	0	0	1	0	1	0	0	0.0000	0.0000	0.0000	0.0000	0.0000	0.0000	0.0000	0.0000;
./matpower/data/case_ACTIVSg70k.m:146634:	51954	51957	-0.000949	-0.018382	0	109.26	0	0	1	0	1	0	0	-5.7600	-2.1600	5.7600	2.1500	0.0000	0.0000	0.0000	0.0000;
./matpower/data/case_ACTIVSg70k.m:146700:	52028	52031	0.000171	0.004966	0	138.78	0	0	1	0	1	0	0	-1.7000	0.2100	1.7000	-0.2100	0.0000	0.0000	0.0000	0.0000;
./matpower/data/case_ACTIVSg70k.m:146735:	52068	52067	0.00027	0.019778	0	949.93	0	0	1.025	0	1	0	0	-161.3300	-136.8200	161.4500	145.4400	0.0000	0.0000	0.0000	0.0000;
./matpower/data/case_ACTIVSg70k.m:146982:	52273	52299	0.01998	0.067703	0.02331	62.34	0	0	0	0	1	0	0	12.1000	-9.6300	-12.0600	7.2400	0.0000	0.0000	0.0000	0.0000;
./matpower/data/case_ACTIVSg70k.m:147143:	52381	52378	0.001315	0.007933	0.00944	225.37	0	0	0	0	1	0	0	-0.1800	-8.1900	0.1800	7.1900	0.0000	0.0000	0.0000	0.0000;
./matpower/data/case_ACTIVSg70k.m:147159:	52391	52392	0.025358	0.05949	0.00168	59.24	0	0	0	0	1	0	0	6.3900	-0.2300	-6.3800	0.0700	0.0000	0.0000	0.0000	0.0000;
./matpower/data/case_ACTIVSg70k.m:147295:	52490	52499	0.069555	0.153829	0.00949	63.25	0	0	0	0	1	0	0	-11.3400	2.1200	11.4300	-2.9600	0.0000	0.0000	0.0000	0.0000;
./matpower/data/case_ACTIVSg70k.m:147316:	52503	52502	0.001342	0.009497	0.01896	267.24	0	0	0	0	1	0	0	-12.5000	2.2600	12.5100	-4.3000	0.0000	0.0000	0.0000	0.0000;
./matpower/data/case_ACTIVSg70k.m:147388:	52556	52555	0.002949	0.072394	0	82.56	0	0	1	0	1	0	0	-6.7800	2.9500	6.7800	-2.9200	0.0000	0.0000	0.0000	0.0000;
./matpower/data/case_ACTIVSg70k.m:147456:	52601	53396	0.029338	0.069332	0.00744	53.71	0	0	0	0	1	0	0	-4.4600	4.6300	4.4700	-5.4100	0.0000	0.0000	0.0000	0.0000;
./matpower/data/case_ACTIVSg70k.m:147558:	52668	53062	0.02998	0.06887	0.01631	70.57	0	0	0	0	1	0	0	-18.2300	-1.9500	18.3200	0.3800	0.0000	0.0000	0.0000	0.0000;
./matpower/data/case_ACTIVSg70k.m:147651:	52735	52734	0.019497	0.051118	0.00145	68.9	0	0	0	0	1	0	0	-24.2300	6.9100	24.3500	-6.7700	0.0000	0.0000	0.0000	0.0000;
./matpower/data/case_ACTIVSg70k.m:147703:	54076	52773	0.001544	0.009498	0.02099	253.15	0	0	0	0	1	0	0	-60.2000	10.0700	60.2500	-11.9700	0.0000	0.0000	0.0000	0.0000;
./matpower/data/case_ACTIVSg70k.m:147933:	52944	53210	0.039497	0.09255	0.00431	63.66	0	0	0	0	1	0	0	9.7000	-4.6100	-9.6600	4.2400	0.0000	0.0000	0.0000	0.0000;
./matpower/data/case_ACTIVSg70k.m:148112:	53087	55281	0.011975	0.029334	0.0028	70.05	0	0	0	0	1	0	0	-30.3300	-0.3400	30.4300	0.2800	0.0000	0.0000	0.0000	0.0000;
./matpower/data/case_ACTIVSg70k.m:148123:	53094	54455	0.017838	0.098524	0.06949	234.94	0	0	0	0	1	0	0	-45.6600	2.7800	46.0100	-8.4400	0.0000	0.0000	0.0000	0.0000;
./matpower/data/case_ACTIVSg70k.m:148216:	53171	66192	0.039335	0.090286	0.01872	51.49	0	0	0	0	1	0	0	1.5100	-2.1400	-1.5000	0.1000	0.0000	0.0000	0.0000	0.0000;
./matpower/data/case_ACTIVSg70k.m:148703:	53559	53555	0.059335	0.131878	0.0035	66.41	0	0	0	0	1	0	0	-19.8300	1.9600	20.0500	-1.8600	0.0000	0.0000	0.0000	0.0000;
./matpower/data/case_ACTIVSg70k.m:148783:	53616	53619	-0.000203	-0.015312	0	933.66	0	0	1	0	1	0	0	-130.1400	1.2100	130.1100	-3.6000	0.0000	0.0000	0.0000	0.0000;
./matpower/data/case_ACTIVSg70k.m:148867:	55178	53678	0.004721	0.028647	0.01966	249.76	0	0	0	0	1	0	0	20.7700	3.1700	-20.7500	-5.1800	0.0000	0.0000	0.0000	0.0000;
./matpower/data/case_ACTIVSg70k.m:149269:	53979	53974	0.002107	0.012344	0.00933	267.09	0	0	0	0	1	0	0	21.2300	32.2500	-21.2000	-33.0800	0.0000	0.0000	0.0000	0.0000;
./matpower/data/case_ACTIVSg70k.m:149443:	54132	54104	0.002933	0.01864	0.00835	232.9	0	0	0	0	1	0	0	13.7400	9.8800	-13.7400	-10.7100	0.0000	0.0000	0.0000	0.0000;
./matpower/data/case_ACTIVSg70k.m:149586:	54479	54238	0.003944	0.019338	0.04178	282.37	0	0	0	0	1	0	0	53.3600	-2.1900	-53.2600	-1.8600	0.0000	0.0000	0.0000	0.0000;
./matpower/data/case_ACTIVSg70k.m:149699:	54330	54333	0.000228	0.019337	0	460.65	0	0	1	0	1	0	0	-49.9900	-10.1900	49.9900	10.6500	0.0000	0.0000	0.0000	0.0000;
./matpower/data/case_ACTIVSg70k.m:149922:	54545	54547	0.000293	0.019334	0	735.7	0	0	1.0375	0	1	0	0	-149.9100	-27.5300	149.9800	31.9500	0.0000	0.0000	0.0000	0.0000;
./matpower/data/case_ACTIVSg70k.m:149957:	54577	54578	0.019497	0.573266	0	127.04	0	0	1	0	1	0	0	-1.5700	-0.5900	1.5700	0.6100	0.0000	0.0000	0.0000	0.0000;
./matpower/data/case_ACTIVSg70k.m:150066:	54682	55081	0.000557	0.009667	0.77399	2622.06	0	0	0	0	1	0	0	319.9500	-63.8100	-319.4300	-12.0100	0.0000	0.0000	0.0000	0.0000;
./matpower/data/case_ACTIVSg70k.m:150189:	54809	54901	0.008632	0.019338	0.00116	63.39	0	0	0	0	1	0	0	-12.5800	2.6100	12.5900	-2.7100	0.0000	0.0000	0.0000	0.0000;
./matpower/data/case_ACTIVSg70k.m:150385:	54999	67689	0.164363	0.385229	0.00949	52.24	0	0	0	0	1	0	0	0.4500	-1.7900	-0.4500	0.7600	0.0000	0.0000	0.0000	0.0000;
./matpower/data/case_ACTIVSg70k.m:150405:	55019	55020	0.019336	0.295859	0	31.28	0	0	1	0	1	0	0	-3.0600	0.3700	3.0700	-0.3400	0.0000	0.0000	0.0000	0.0000;
./matpower/data/case_ACTIVSg70k.m:150646:	55290	55292	0.002999	0.099662	0	119.36	0	0	1	0	1	0	0	0.0000	0.0000	0.0000	0.0000	0.0000	0.0000	0.0000	0.0000;
./matpower/data/case_ACTIVSg70k.m:150755:	55403	55405	0.004561	0.029665	0.04576	291.86	0	0	0	0	1	0	0	-85.6500	6.0500	85.9600	-9.0600	0.0000	0.0000	0.0000	0.0000;
./matpower/data/case_ACTIVSg70k.m:150927:	55528	55534	0.073142	0.183069	0.00933	56.47	0	0	0	0	1	0	0	10.6700	-7.2600	-10.5600	6.5400	0.0000	0.0000	0.0000	0.0000;
./matpower/data/case_ACTIVSg70k.m:151052:	55610	56712	0.002213	0.012877	0.00933	247.62	0	0	0	0	1	0	0	-44.0400	-11.4400	44.0800	10.6800	0.0000	0.0000	0.0000	0.0000;
./matpower/data/case_ACTIVSg70k.m:151927:	56257	56339	0.009661	0.027141	0.00326	69.41	0	0	0	0	1	0	0	-30.6900	0.3200	30.7700	-0.4400	0.0000	0.0000	0.0000	0.0000;
./matpower/data/case_ACTIVSg70k.m:152161:	56424	56425	0.026256	0.998484	0	75	0	0	1	0	1	0	0	0.0000	0.0000	0.0000	0.0000	0.0000	0.0000	0.0000	0.0000;
./matpower/data/case_ACTIVSg70k.m:152178:	56440	56439	0.000233	0.017773	0	966.63	0	0	1.025	0	1	0	0	-413.9000	-124.4400	414.3300	156.6100	0.0000	0.0000	0.0000	0.0000;
./matpower/data/case_ACTIVSg70k.m:152241:	56599	56484	0.001663	0.009666	0.00925	264.46	0	0	0	0	1	0	0	48.4100	28.9300	-48.3600	-29.6200	0.0000	0.0000	0.0000	0.0000;
./matpower/data/case_ACTIVSg70k.m:152330:	56542	56571	0.013974	0.03998	0.00244	61.72	0	0	0	0	1	0	0	-19.1500	-9.5100	19.2000	9.4200	0.0000	0.0000	0.0000	0.0000;
./matpower/data/case_ACTIVSg70k.m:152405:	56610	56697	0.004357	0.009981	0.00247	49.12	0	0	0	0	1	0	0	-2.0100	3.7400	2.0100	-4.0100	0.0000	0.0000	0.0000	0.0000;
./matpower/data/case_ACTIVSg70k.m:152410:	56618	56617	0.004966	0.114234	0	105.61	0	0	1.03125	0	1	0	0	-37.6800	-17.3600	37.7600	19.2600	0.0000	0.0000	0.0000	0.0000;
./matpower/data/case_ACTIVSg70k.m:152413:	56618	56948	0.006966	0.015481	0.00041	56.18	0	0	0	0	1	0	0	9.8700	11.7200	-9.8600	-11.7300	0.0000	0.0000	0.0000	0.0000;
./matpower/data/case_ACTIVSg70k.m:152728:	56931	57011	0.007201	0.019337	0.00146	64.96	0	0	0	0	1	0	0	-26.1200	0.9800	26.1600	-1.0200	0.0000	0.0000	0.0000	0.0000;
./matpower/data/case_ACTIVSg70k.m:152788:	59839	56998	0.000333	0.006018	0.84963	2872.81	0	0	0	0	1	0	0	949.5900	-86.0300	-946.8000	45.1500	0.0000	0.0000	0.0000	0.0000;
./matpower/data/case_ACTIVSg70k.m:152945:	57113	57315	0.079662	0.175301	0.01263	58.39	0	0	0	0	1	0	0	8.5700	-5.5400	-8.4900	4.3500	0.0000	0.0000	0.0000	0.0000;
./matpower/data/case_ACTIVSg70k.m:153456:	57465	57459	0.004011	0.009666	0.0025	63.3	0	0	0	0	1	0	0	-17.6900	3.8800	17.7000	-4.1200	0.0000	0.0000	0.0000	0.0000;
./matpower/data/case_ACTIVSg70k.m:153467:	57482	57467	0.0273	0.059661	0.00207	41.35	0	0	0	0	1	0	0	0.3700	7.8100	-0.3600	-8.0000	0.0000	0.0000	0.0000	0.0000;
./matpower/data/case_ACTIVSg70k.m:153609:	57613	57593	0.009981	0.024779	0.0025	73.99	0	0	0	0	1	0	0	27.7900	4.4600	-27.7100	-4.5400	0.0000	0.0000	0.0000	0.0000;
./matpower/data/case_ACTIVSg70k.m:153763:	57869	57714	0.002949	0.01725	0.01318	246.63	0	0	0	0	1	0	0	-39.1700	3.6900	39.2200	-4.8700	0.0000	0.0000	0.0000	0.0000;
./matpower/data/case_ACTIVSg70k.m:153800:	57736	57782	0.009667	0.023641	0.00445	59.87	0	0	0	0	1	0	0	12.2200	8.6900	-12.2000	-9.1200	0.0000	0.0000	0.0000	0.0000;
./matpower/data/case_ACTIVSg70k.m:153950:	57837	65783	0.001506	0.007654	0.06933	247.13	0	0	0	0	1	0	0	-43.8100	-51.5700	43.8700	44.5200	0.0000	0.0000	0.0000	0.0000;
./matpower/data/case_ACTIVSg70k.m:154021:	57889	57917	0.00966	0.030003	0.00608	50.71	0	0	0	0	1	0	0	-5.6200	-1.2400	5.6200	0.6100	0.0000	0.0000	0.0000	0.0000;
./matpower/data/case_ACTIVSg70k.m:154327:	58158	58147	0.019493	0.04723	0.0016	56.63	0	0	0	0	1	0	0	-7.6000	1.2000	7.6100	-1.3500	0.0000	0.0000	0.0000	0.0000;
./matpower/data/case_ACTIVSg70k.m:155142:	58854	58853	0.008998	0.029511	0.00672	157.34	0	0	0	0	1	0	0	-23.9200	2.5700	23.9700	-3.1300	0.0000	0.0000	0.0000	0.0000;
./matpower/data/case_ACTIVSg70k.m:155966:	59528	59522	0.003949	0.01881	0.00384	182.19	0	0	0	0	1	0	0	-70.0200	-11.8400	70.2100	12.3200	0.0000	0.0000	0.0000	0.0000;
./matpower/data/case_ACTIVSg70k.m:156075:	59637	59639	0.004933	0.023966	0.01783	162.96	0	0	0	0	1	0	0	-47.4500	-4.4000	47.5500	2.9600	0.0000	0.0000	0.0000	0.0000;
./matpower/data/case_ACTIVSg70k.m:156111:	59665	59684	0.005666	0.029664	0.00577	168.09	0	0	0	0	1	0	0	-38.9400	-13.3900	39.0300	13.2600	0.0000	0.0000	0.0000	0.0000;
./matpower/data/case_ACTIVSg70k.m:156201:	59757	59774	0.000343	0.009331	4.69469	4437.75	0	0	0	0	1	0	0	2979.0800	121.1300	-2951.0300	129.4800	0.0000	0.0000	0.0000	0.0000;
./matpower/data/case_ACTIVSg70k.m:156415:	59956	60464	0.009495	0.033457	0.02217	162.17	0	0	0	0	1	0	0	58.9800	9.9200	-58.6500	-11.0700	0.0000	0.0000	0.0000	0.0000;
./matpower/data/case_ACTIVSg70k.m:156711:	60143	60149	0.004966	0.020883	0.05915	164.87	0	0	0	0	1	0	0	66.3700	-20.6100	-66.1500	15.1600	0.0000	0.0000	0.0000	0.0000;
./matpower/data/case_ACTIVSg70k.m:156729:	60160	60159	0.001998	0.009252	0.01929	189.71	0	0	0	0	1	0	0	-101.1700	18.0900	101.3800	-19.1600	0.0000	0.0000	0.0000	0.0000;
./matpower/data/case_ACTIVSg70k.m:156758:	60176	61187	0.003846	0.019335	0.00479	141.08	0	0	0	0	1	0	0	25.4500	14.0500	-25.4200	-14.4100	0.0000	0.0000	0.0000	0.0000;
./matpower/data/case_ACTIVSg70k.m:156798:	61614	60210	0.009666	0.046205	0.01451	175.29	0	0	0	0	1	0	0	97.7100	-0.4500	-96.8500	3.0200	0.0000	0.0000	0.0000	0.0000;
./matpower/data/case_ACTIVSg70k.m:157272:	60516	60519	0.004908	0.029498	0.02856	118.55	0	0	0	0	1	0	0	-2.9000	1.9400	2.9000	-4.9400	0.0000	0.0000	0.0000	0.0000;
./matpower/data/case_ACTIVSg70k.m:157444:	61193	60623	0.000471	0.001998	0.00072	151.84	0	0	0	0	1	0	0	-48.2200	29.6600	48.2300	-29.6800	0.0000	0.0000	0.0000	0.0000;
./matpower/data/case_ACTIVSg70k.m:157475:	61026	60646	0.002074	0.009497	0.00319	180.62	0	0	0	0	1	0	0	117.5500	13.0200	-117.2800	-12.1500	0.0000	0.0000	0.0000	0.0000;
./matpower/data/case_ACTIVSg70k.m:157651:	60769	60781	0.004642	0.019985	0.00423	162.29	0	0	0	0	1	0	0	-68.5200	-11.6800	68.7400	12.1800	0.0000	0.0000	0.0000	0.0000;
./matpower/data/case_ACTIVSg70k.m:157710:	60808	60809	0.009496	0.062445	0.01811	170.62	0	0	0	0	1	0	0	-72.8100	-1.6900	73.3000	3.0700	0.0000	0.0000	0.0000	0.0000;
./matpower/data/case_ACTIVSg70k.m:157904:	61007	61010	0.000803	0.039667	0	310.35	0	0	1	0	1	0	0	-69.9500	-8.7500	69.9900	10.5800	0.0000	0.0000	0.0000	0.0000;
./matpower/data/case_ACTIVSg70k.m:157957:	61054	61057	0.000269	0.001119	0	0	0	0	0	0	1	0	0	933.2400	-79.3200	-931.0800	88.3100	0.0000	0.0000	0.0000	0.0000;
./matpower/data/case_ACTIVSg70k.m:158197:	61321	61299	0.009663	0.036547	0.00448	186.29	0	0	0	0	1	0	0	97.9800	-4.0200	-97.0600	7.0400	0.0000	0.0000	0.0000	0.0000;
./matpower/data/case_ACTIVSg70k.m:158200:	61314	61301	0.009662	0.057551	0.00713	184.86	0	0	0	0	1	0	0	-99.3700	1.9100	100.3100	2.9600	0.0000	0.0000	0.0000	0.0000;
./matpower/data/case_ACTIVSg70k.m:158767:	61775	61834	0.01145	0.069495	0.01946	164.69	0	0	0	0	1	0	0	-37.3900	-2.1900	37.5400	1.0100	0.0000	0.0000	0.0000	0.0000;
./matpower/data/case_ACTIVSg70k.m:158816:	61914	61818	0.004933	0.015111	0.00685	176.67	0	0	0	0	1	0	0	-51.0300	16.2500	51.1600	-16.6300	0.0000	0.0000	0.0000	0.0000;
./matpower/data/case_ACTIVSg70k.m:158908:	61904	61903	0.000459	0.029338	0	429.87	0	0	1	0	1	0	0	104.1500	6.3500	-104.1000	-3.4800	0.0000	0.0000	0.0000	0.0000;
./matpower/data/case_ACTIVSg70k.m:158925:	61921	61918	0.005949	0.02588	0.00325	147.2	0	0	0	0	1	0	0	10.0200	-7.0200	-10.0100	6.7100	0.0000	0.0000	0.0000	0.0000;
./matpower/data/case_ACTIVSg70k.m:159103:	63550	62072	0.00198	0.009338	0.00164	189.68	0	0	0	0	1	0	0	90.0800	-9.3700	-89.9300	9.9000	0.0000	0.0000	0.0000	0.0000;
./matpower/data/case_ACTIVSg70k.m:159243:	62169	63114	0.004884	0.020747	0.02966	160.08	0	0	0	0	1	0	0	-32.9000	0.7300	32.9500	-3.7300	0.0000	0.0000	0.0000	0.0000;
./matpower/data/case_ACTIVSg70k.m:159253:	63116	62174	0.00261	0.013845	0.04949	163.47	0	0	0	0	1	0	0	31.6000	-9.9500	-31.5800	4.7400	0.0000	0.0000	0.0000	0.0000;
./matpower/data/case_ACTIVSg70k.m:159280:	62192	62198	0.007378	0.03745	0.04933	132.58	0	0	0	0	1	0	0	-15.0600	-3.4700	15.0700	-1.7600	0.0000	0.0000	0.0000	0.0000;
./matpower/data/case_ACTIVSg70k.m:159304:	62850	62208	0.003966	0.017039	0.008	167.87	0	0	0	0	1	0	0	-45.7800	6.0000	45.8600	-6.5000	0.0000	0.0000	0.0000	0.0000;
./matpower/data/case_ACTIVSg70k.m:159335:	62258	62230	0.003998	0.017515	0.00307	189.12	0	0	0	0	1	0	0	81.6700	30.5900	-81.3900	-29.6700	0.0000	0.0000	0.0000	0.0000;
./matpower/data/case_ACTIVSg70k.m:159379:	62255	62832	0.004252	0.019665	0.00317	171.35	0	0	0	0	1	0	0	-57.9000	-14.9900	58.0400	15.3300	0.0000	0.0000	0.0000	0.0000;
./matpower/data/case_ACTIVSg70k.m:159493:	62341	64522	0.001657	0.019334	0.37052	1128.94	0	0	0	0	1	0	0	93.5600	-34.3800	-93.4200	-4.2900	0.0000	0.0000	0.0000	0.0000;
./matpower/data/case_ACTIVSg70k.m:159606:	62432	62445	0.009949	0.04364	0.05287	135.72	0	0	0	0	1	0	0	-2.9300	-8.7000	2.9300	3.0500	0.0000	0.0000	0.0000	0.0000;
./matpower/data/case_ACTIVSg70k.m:159657:	62548	62472	0.015045	0.096388	0.00966	139.29	0	0	0	0	1	0	0	-5.1200	-5.5600	5.1300	4.5800	0.0000	0.0000	0.0000	0.0000;
./matpower/data/case_ACTIVSg70k.m:159691:	62498	62535	0.016564	0.079498	0.01735	139.57	0	0	0	0	1	0	0	-8.0000	1.4000	8.0100	-3.2200	0.0000	0.0000	0.0000	0.0000;
./matpower/data/case_ACTIVSg70k.m:159716:	62517	63007	0.023202	0.099496	0.03672	122.13	0	0	0	0	1	0	0	0.1800	-2.5400	-0.1800	-1.4300	0.0000	0.0000	0.0000	0.0000;
./matpower/data/case_ACTIVSg70k.m:159721:	62522	62529	0.013089	0.04913	0.02949	151.41	0	0	0	0	1	0	0	-19.0500	-8.0300	19.1000	5.1800	0.0000	0.0000	0.0000	0.0000;
./matpower/data/case_ACTIVSg70k.m:159724:	62525	62767	0.009499	0.0354	0.01272	166.04	0	0	0	0	1	0	0	25.0800	1.4400	-25.0200	-2.5600	0.0000	0.0000	0.0000	0.0000;
./matpower/data/case_ACTIVSg70k.m:159750:	62551	62553	0.005772	0.028556	0.00933	130.28	0	0	0	0	1	0	0	6.1700	-5.7400	-6.1700	4.7600	0.0000	0.0000	0.0000	0.0000;
./matpower/data/case_ACTIVSg70k.m:159762:	62559	63514	0.009661	0.051608	0.02704	181.1	0	0	0	0	1	0	0	-64.4300	1.0100	64.8100	-1.9200	0.0000	0.0000	0.0000	0.0000;
./matpower/data/case_ACTIVSg70k.m:159846:	62639	62633	0.003353	0.019139	0.00933	145.61	0	0	0	0	1	0	0	13.4700	-13.3600	-13.4600	12.4300	0.0000	0.0000	0.0000	0.0000;
./matpower/data/case_ACTIVSg70k.m:160278:	63009	63010	0.011978	0.049664	0.00602	126.3	0	0	0	0	1	0	0	-4.9500	7.9400	4.9600	-8.5300	0.0000	0.0000	0.0000	0.0000;
./matpower/data/case_ACTIVSg70k.m:160333:	63096	63048	0.007451	0.041163	0.00966	165.32	0	0	0	0	1	0	0	38.1700	11.3900	-38.0600	-11.8200	0.0000	0.0000	0.0000	0.0000;
./matpower/data/case_ACTIVSg70k.m:160483:	63178	63186	0.000249	0.001124	0	0	0	0	0	0	1	0	0	966.8200	-274.9300	-964.4900	285.4500	0.0000	0.0000	0.0000	0.0000;
./matpower/data/case_ACTIVSg70k.m:160835:	63530	63534	0.000122	0.009662	0	1267.33	0	0	1.0125	0	1	0	0	-150.6000	-44.2800	150.6300	46.5100	0.0000	0.0000	0.0000	0.0000;
./matpower/data/case_ACTIVSg70k.m:161045:	63704	65587	0.005966	0.037398	0.03654	225.52	0	0	0	0	1	0	0	-15.1200	-2.3000	15.1300	-1.5700	0.0000	0.0000	0.0000	0.0000;
./matpower/data/case_ACTIVSg70k.m:161061:	63715	63718	0.003949	0.121781	0	223.15	0	0	1	0	1	0	0	47.0200	10.3100	-46.9400	-7.7200	0.0000	0.0000	0.0000	0.0000;
./matpower/data/case_ACTIVSg70k.m:161099:	63733	65251	0.004551	0.029337	0.07271	297.73	0	0	0	0	1	0	0	-55.9100	0.7900	56.0400	-7.8600	0.0000	0.0000	0.0000	0.0000;
./matpower/data/case_ACTIVSg70k.m:161220:	64497	63823	0.008275	0.049983	0.01715	244.33	0	0	0	0	1	0	0	33.3000	3.4900	-33.2100	-4.8500	0.0000	0.0000	0.0000	0.0000;
./matpower/data/case_ACTIVSg70k.m:161330:	63894	65641	0.029251	0.069666	0.0033	72.72	0	0	0	0	1	0	0	-26.0400	6.2200	26.2300	-6.1300	0.0000	0.0000	0.0000	0.0000;
./matpower/data/case_ACTIVSg70k.m:161673:	64131	64666	0.023676	0.059666	0.01173	74.3	0	0	0	0	1	0	0	22.8500	-1.8000	-22.7300	0.8500	0.0000	0.0000	0.0000	0.0000;
./matpower/data/case_ACTIVSg70k.m:161766:	64195	64197	0.029663	0.069689	0.0107	58.19	0	0	0	0	1	0	0	-4.7500	2.9400	4.7600	-4.1000	0.0000	0.0000	0.0000	0.0000;
./matpower/data/case_ACTIVSg70k.m:161873:	64280	65082	0.026548	0.059981	0.00259	61.64	0	0	0	0	1	0	0	-14.0600	1.0300	14.1100	-1.1900	0.0000	0.0000	0.0000	0.0000;
./matpower/data/case_ACTIVSg70k.m:161999:	64370	64369	0.001258	0.008461	0.00933	240.39	0	0	0	0	1	0	0	31.7700	2.7900	-31.7500	-3.7000	0.0000	0.0000	0.0000	0.0000;
./matpower/data/case_ACTIVSg70k.m:162011:	64375	64382	0.013051	0.02998	0.00093	73.18	0	0	0	0	1	0	0	-25.5400	0.0200	25.6300	0.0600	0.0000	0.0000	0.0000	0.0000;
./matpower/data/case_ACTIVSg70k.m:162731:	64961	65031	0.015351	0.048805	0.00998	61.84	0	0	0	0	1	0	0	10.8900	-0.5500	-10.8700	-0.4500	0.0000	0.0000	0.0000	0.0000;
./matpower/data/case_ACTIVSg70k.m:162738:	65032	64964	0.006998	0.020281	0.00047	70.88	0	0	0	0	1	0	0	24.8700	0.2900	-24.8300	-0.2200	0.0000	0.0000	0.0000	0.0000;
./matpower/data/case_ACTIVSg70k.m:162756:	64974	66004	0.003933	0.021922	0.024	296.68	0	0	0	0	1	0	0	-82.6600	-4.0400	82.9100	2.8400	0.0000	0.0000	0.0000	0.0000;
./matpower/data/case_ACTIVSg70k.m:162788:	65000	64999	0.000287	0.0204	0	949.35	0	0	1.025	0	1	0	0	-158.6300	-128.1500	158.7400	136.3400	0.0000	0.0000	0.0000	0.0000;
./matpower/data/case_ACTIVSg70k.m:162870:	65086	65066	0.010134	0.029335	0.00255	70.62	0	0	0	0	1	0	0	-20.7700	19.9500	20.8500	-19.9900	0.0000	0.0000	0.0000	0.0000;
./matpower/data/case_ACTIVSg70k.m:163179:	65354	65353	0.003342	0.108998	0	115.07	0	0	1.00625	0	1	0	0	-36.8500	-2.0500	36.8900	3.4300	0.0000	0.0000	0.0000	0.0000;
./matpower/data/case_ACTIVSg70k.m:163412:	65923	65582	0.004329	0.02949	0.05528	230.13	0	0	0	0	1	0	0	3.0400	-1.5000	-3.0400	-4.5600	0.0000	0.0000	0.0000	0.0000;
./matpower/data/case_ACTIVSg70k.m:163823:	66022	66031	0.00535	0.032192	0.01998	267.9	0	0	0	0	1	0	0	16.7300	-7.4400	-16.7200	5.3700	0.0000	0.0000	0.0000	0.0000;
./matpower/data/case_ACTIVSg70k.m:163832:	66032	66031	0.003447	0.099666	0	89.58	0	0	1.00625	0	1	0	0	-5.9000	-3.5100	5.9100	3.5500	0.0000	0.0000	0.0000	0.0000;
./matpower/data/case_ACTIVSg70k.m:163923:	66090	67310	0.13701	0.362389	0.00966	57.08	0	0	0	0	1	0	0	2.2300	0.3600	-2.2200	-1.3100	0.0000	0.0000	0.0000	0.0000;
./matpower/data/case_ACTIVSg70k.m:164102:	67408	66224	0.069497	0.157839	0.00381	58.8	0	0	0	0	1	0	0	8.0400	1.3300	-8.0000	-1.6500	0.0000	0.0000	0.0000	0.0000;
./matpower/data/case_ACTIVSg70k.m:164241:	67186	66322	0.009966	0.062629	0.05454	234.03	0	0	0	0	1	0	0	-9.4700	0.0700	9.4800	-5.7600	0.0000	0.0000	0.0000	0.0000;
./matpower/data/case_ACTIVSg70k.m:164356:	66398	66400	0.036213	0.069984	0.00265	54.11	0	0	0	0	1	0	0	-6.3900	0.1600	6.4100	-0.4200	0.0000	0.0000	0.0000	0.0000;
./matpower/data/case_ACTIVSg70k.m:164398:	67757	66428	0.123578	0.263109	0.00966	57.72	0	0	0	0	1	0	0	3.3600	-2.1500	-3.3500	1.1500	0.0000	0.0000	0.0000	0.0000;
./matpower/data/case_ACTIVSg70k.m:164403:	66434	66490	0.0362	0.089985	0.00987	70.45	0	0	0	0	1	0	0	-11.8100	3.0000	11.8600	-3.9400	0.0000	0.0000	0.0000	0.0000;
./matpower/data/case_ACTIVSg70k.m:164540:	66585	66535	0.011355	0.029337	0.00153	59.39	0	0	0	0	1	0	0	6.8700	-5.4700	-6.8700	5.3300	0.0000	0.0000	0.0000	0.0000;
./matpower/data/case_ACTIVSg70k.m:164569:	66547	67590	0.001766	0.009499	0.00448	269.58	0	0	0	0	1	0	0	-32.9800	3.9600	33.0000	-4.3500	0.0000	0.0000	0.0000	0.0000;
./matpower/data/case_ACTIVSg70k.m:164829:	66742	66731	0.049492	0.143595	0.00474	48.06	0	0	0	0	1	0	0	-0.1700	1.6300	0.1700	-2.1300	0.0000	0.0000	0.0000	0.0000;
./matpower/data/case_ACTIVSg70k.m:164916:	67120	66791	0.037291	0.089664	0.00795	71.68	0	0	0	0	1	0	0	-6.5300	0.4200	6.5500	-1.2500	0.0000	0.0000	0.0000	0.0000;
./matpower/data/case_ACTIVSg70k.m:164957:	66823	67200	0.022588	0.04966	0.05155	78.16	0	0	0	0	1	0	0	8.2900	-6.6300	-8.2700	1.0400	0.0000	0.0000	0.0000	0.0000;
./matpower/data/case_ACTIVSg70k.m:165467:	67240	67243	-0.000199	-0.012224	0	966.58	0	0	1	0	1	0	0	-142.4700	-40.9300	142.4300	38.4300	0.0000	0.0000	0.0000	0.0000;
./matpower/data/case_ACTIVSg70k.m:165496:	67264	67276	0.007588	0.019491	0.00631	71.74	0	0	0	0	1	0	0	24.3000	-15.7100	-24.2400	15.1800	0.0000	0.0000	0.0000	0.0000;
./matpower/data/case_ACTIVSg70k.m:165975:	67762	67763	0.002241	0.069335	0	125.69	0	0	1.00625	0	1	0	0	-56.6200	8.4100	56.6900	-6.2900	0.0000	0.0000	0.0000	0.0000;
./matpower/data/case_ACTIVSg70k.m:165984:	67773	67776	0.003729	0.099987	0	131.77	0	0	1	0	1	0	0	15.0100	-2.3600	-15.0000	2.5700	0.0000	0.0000	0.0000	0.0000;
./matpower/data/case_ACTIVSg70k.m:166090:	68708	67893	0.008838	0.048019	0.04933	298.73	0	0	0	0	1	0	0	68.4300	-10.8500	-68.0500	7.5500	0.0000	0.0000	0.0000	0.0000;
./matpower/data/case_ACTIVSg70k.m:166619:	68337	68292	0.039987	0.125154	0.01129	64.6	0	0	0	0	1	0	0	6.7500	-3.7000	-6.7200	2.5300	0.0000	0.0000	0.0000	0.0000;
./matpower/data/case_ACTIVSg70k.m:166796:	68416	68522	0.001129	0.007483	0.00966	263.92	0	0	0	0	1	0	0	-30.7700	-4.9000	30.7800	3.9300	0.0000	0.0000	0.0000	0.0000;
./matpower/data/case_ACTIVSg70k.m:166900:	68508	68529	0.002893	0.01933	0.01734	315.91	0	0	0	0	1	0	0	-76.4600	-29.8800	76.6300	29.1900	0.0000	0.0000	0.0000	0.0000;
./matpower/data/case_ACTIVSg70k.m:166981:	68602	68605	0.001915	0.010775	0.04949	265.58	0	0	0	0	1	0	0	-26.4700	1.3100	26.4800	-6.5900	0.0000	0.0000	0.0000	0.0000;
./matpower/data/case_ACTIVSg70k.m:167309:	68882	68879	0.011773	0.065018	0.02949	258.66	0	0	0	0	1	0	0	21.2000	-10.0500	-21.1400	7.1800	0.0000	0.0000	0.0000	0.0000;
./matpower/data/case_ACTIVSg70k.m:167385:	69486	68926	0.009669	0.054747	0.07992	340.94	0	0	0	0	1	0	0	-252.8400	47.6800	258.9600	-21.4600	0.0000	0.0000	0.0000	0.0000;
./matpower/data/case_ACTIVSg70k.m:167532:	69034	69033	0.003933	0.13107	0	147.35	0	0	1	0	1	0	0	-40.8400	12.6100	40.9000	-10.5100	0.0000	0.0000	0.0000	0.0000;
./matpower/data/case_ACTIVSg70k.m:167620:	69099	69093	0.049989	0.10879	0.00484	47.55	0	0	0	0	1	0	0	0.0400	-0.3500	-0.0400	-0.1800	0.0000	0.0000	0.0000	0.0000;
./matpower/data/case_ACTIVSg70k.m:167795:	69717	69228	0.010938	0.05949	0.04099	290.4	0	0	0	0	1	0	0	102.2700	-14.1800	-101.2000	15.5400	0.0000	0.0000	0.0000	0.0000;
./matpower/data/case_ACTIVSg70k.m:167915:	69333	69329	0.047336	0.105741	0.00949	48.07	0	0	0	0	1	0	0	-1.4300	0.0700	1.4400	-1.1000	0.0000	0.0000	0.0000	0.0000;
./matpower/data/case_ACTIVSg70k.m:169791:	2	0	0	3	0.062	30.933	846.21;
./matpower/data/case_ACTIVSg70k.m:174026:	2	0	0	3	0.02	30.998	236.03;
./matpower/data/case3375wp.m:165:	10131	1	0	0	0	0	0	1.00966	-4.04069	400	0	1.05	0.95;
./matpower/data/case3375wp.m:372:	10341	1	44	0	0	0	0	1.08635	-5.03949	110	0	1.12	0.95;
./matpower/data/case3375wp.m:441:	45	1	0	0	0	0	1	1.04998	-1.59196	400	1	1.05	0.95;
./matpower/data/case3375wp.m:450:	54	1	3.2	1	0	0	1	1.09978	-9.00933	220	2	1.11	0.95;
./matpower/data/case3375wp.m:477:	81	1	0	0	0	0	1	1.04998	-9.03312	400	2	1.05	0.95;
./matpower/data/case3375wp.m:571:	175	2	24.1	60.3	0	0	1	1.03109	-20.94948	400	4	1.05	0.95;
./matpower/data/case3375wp.m:572:	176	1	0	0	0	0	1	0.99815	-22.08104	220	4	1.11	0.95;
./matpower/data/case3375wp.m:573:	177	1	0	0	0	0	1	0.99827	-22.08834	220	4	1.11	0.95;
./matpower/data/case3375wp.m:746:	350	1	3.9	0.6	0	0	1	1.07933	-10.12768	110	1	1.12	0.95;
./matpower/data/case3375wp.m:1377:	981	1	7.9	0.3	0	0	1	1.09998	-13.10878	110	2	1.12	0.95;
./matpower/data/case3375wp.m:1621:	1225	1	0	0	0	0	1	1.06933	-11.8225	110	3	1.12	0.95;
./matpower/data/case3375wp.m:1900:	1504	1	2.6	0.8	0	0	1	1.08949	-9.15883	110	3	1.12	0.95;
./matpower/data/case3375wp.m:1998:	1602	2	12.4	18.1	0	0	1	1.07966	-7.2597	110	3	1.12	0.95;
./matpower/data/case3375wp.m:2311:	1915	1	0	0	0	0	1	1.08998	-9.40272	110	3	1.12	0.95;
./matpower/data/case3375wp.m:2521:	2125	1	2.9	-0.3	0	0	1	1.08966	-7.21276	110	3	1.12	0.95;
./matpower/data/case3375wp.m:2730:	2334	1	0	0	0	0	1	1.09933	-10.68003	110	4	1.12	0.95;
./matpower/data/case3375wp.m:3126:	2730	2	4.2	1.1	0	0	1	1.0769	-28.07998	110	5	1.12	0.95;
./matpower/data/case3375wp.m:3304:	2908	2	13.4	5.5	0	0	1	1.09933	-29.79474	110	5	1.12	0.95;
./matpower/data/case3375wp.m:3769:	1602	117	1.2	80	-25	1.07966	150	1	117	80	0	0	0	0	0	0	0	0	0	0	0;
./matpower/data/case3375wp.m:3974:	2908	1.3	0	0	0	1.09933	1.5	1	1.3	0	0	0	0	0	0	0	0	0	0	0	0;
./matpower/data/case3375wp.m:4093:	10301	10319	0.01298	0.09959	0.01949	0	229	229	0	0	1	-360	360;
./matpower/data/case3375wp.m:4094:	10301	10319	0.01298	0.09959	0.01949	0	229	229	0	0	1	-360	360;
./matpower/data/case3375wp.m:4301:	10035	10074	0.00231	0.00998	0.02614	0	343	343	0	0	1	-360	360;
./matpower/data/case3375wp.m:4391:	10016	10250	0.00117	0.0543	0	0	300	300	0.99875	0	1	-360	360;
./matpower/data/case3375wp.m:4392:	10016	10250	0.00117	0.0543	0	0	300	300	0.99875	0	1	-360	360;
./matpower/data/case3375wp.m:4393:	10017	10251	0.00117	0.0543	0	0	300	300	0.99875	0	1	-360	360;
./matpower/data/case3375wp.m:4394:	10017	10251	0.00117	0.0543	0	0	300	300	0.99875	0	1	-360	360;
./matpower/data/case3375wp.m:4395:	10018	10252	0.00117	0.0543	0	0	300	300	0.99875	0	1	-360	360;
./matpower/data/case3375wp.m:4396:	10018	10252	0.00117	0.0543	0	0	300	300	0.99875	0	1	-360	360;
./matpower/data/case3375wp.m:4424:	10031	10263	0.00306	0.10051	0	0	125	125	0.99857	0	1	-360	360;
./matpower/data/case3375wp.m:4449:	10092	10298	0.00163	0.06966	-0.01078	0	250	250	0.99999	0	1	-360	360;
./matpower/data/case3375wp.m:4460:	10092	10298	0.00163	0.06966	-0.01078	0	250	250	0.99999	0	1	-360	360;
./matpower/data/case3375wp.m:4471:	10093	10298	0.00163	0.06966	-0.01078	0	250	250	0.99999	0	1	-360	360;
./matpower/data/case3375wp.m:4776:	156	160	0.00514	0.03826	0.05933	305	305	305	0	0	1	-360	360;
./matpower/data/case3375wp.m:5676:	1046	1009	0.02868	0.09281	0.00949	109	109	109	0	0	1	-360	360;
./matpower/data/case3375wp.m:5703:	1050	966	0.0519	0.1314	0.01312	117	117	117	0	0	1	-360	360;
./matpower/data/case3375wp.m:5718:	1000	966	0.05331	0.13339	0.01064	117	117	117	0	0	1	-360	360;
./matpower/data/case3375wp.m:5739:	906	849	0.05736	0.10083	0.00949	90	90	90	0	0	1	-360	360;
./matpower/data/case3375wp.m:5866:	1336	1659	0.02826	0.0924	0.00933	114	114	114	0	0	1	-360	360;
./matpower/data/case3375wp.m:6386:	2052	1681	0.05	0.0781	0.00933	57	57	57	0	0	1	-360	360;
./matpower/data/case3375wp.m:6870:	2419	2493	0.01475	0.04998	0.00495	90	90	90	0	0	1	-360	360;
./matpower/data/case3375wp.m:6918:	2158	2365	0.01395	0.03998	0.00401	111	111	111	0	0	1	-360	360;
./matpower/data/case3375wp.m:6959:	2643	2240	0.03224	0.06998	0.00678	90	90	90	0	0	1	-360	360;
./matpower/data/case3375wp.m:7040:	2549	2286	0.05124	0.08182	0.00949	90	90	90	0	0	1	-360	360;
./matpower/data/case3375wp.m:7253:	2911	2840	0.02901	0.09438	0.00966	137	137	137	0	0	1	-360	360;
./matpower/data/case3375wp.m:7337:	2819	2972	0.03678	0.09347	0.00949	120	120	120	0	0	1	-360	360;
./experiments/advanced/run_ablation.py:6:    ["full_system", 0.998, 0.758, 0.862],
./experiments/advanced/run_consensus_sensitivity.py:6:    [1, 0.998, 0.992],
./experiments/advanced/run_consensus_sensitivity.py:7:    [2, 0.998, 0.758],
./experiments/advanced/run_mc_stats.py:11:    0.998,
./plotting_data/archive_old/full_experiment_table.csv:20:case9,baseline,0.011800994929331704,11.965750375765666,2.183332520988605,False,0.001393436209679206,False,False,0,0.5878749441794143
./plotting_data/archive_old/full_experiment_table.csv:53:case9,baseline,0.02187167690505287,11.535939528785597,1.2352923307147141,False,0.6547156651577556,False,False,0,0.11950059663876408
./plotting_data/archive_old/full_experiment_table.csv:61:case9,baseline,0.019986821271312915,11.307260506227285,1.672348247395123,False,0.9389101349026188,False,False,0,0.28948650119906066
./plotting_data/archive_old/full_experiment_table.csv:138:case9,branch2_out,0.0351446753420875,14.621924702119713,13.083395907412141,True,1.804134216832736,False,True,1,5.446807966650046
./plotting_data/archive_old/full_experiment_table.csv:281:case14,baseline,0.01966745195604967,11.269929632490335,1.577980588308951,False,0.6049295768568252,False,False,0,0.19438009186405036
./plotting_data/archive_old/full_experiment_table.csv:299:case14,baseline,0.02636194365579887,10.686736411463531,0.40883930685127545,False,0.9179901966748079,False,False,0,0.08359803933496157
./plotting_data/archive_old/full_experiment_table.csv:354:case14,branch1_out,0.026284234565720238,22.51099986573334,7.805286902998027,True,1.7300023126862518,False,True,1,7.793086466303328
./plotting_data/archive_old/full_experiment_table.csv:447:case14,branch3_out,0.041741833949464235,37.13530096672354,23.282531231250772,True,6.011958972335458,True,True,1,20.604801647204095
./plotting_data/archive_old/full_experiment_table.csv:461:case14,branch3_out,0.04273475879732435,40.94461625192328,23.641284978564897,True,8.070894979255542,True,True,1,23.028872615382216
./plotting_data/archive_old/full_experiment_table.csv:474:case14,branch3_out,0.027175069666629942,14.930726292806511,2.5675731904025167,False,0.904214499261566,False,True,0,2.266478003376324
./plotting_data/archive_old/full_experiment_table.csv:705:case30,branch3_out,0.044599333676449866,22.307144359701155,5.914493210012223,True,2.957850890228271,True,True,1,7.3694903208998985
./plotting_data/archive_old/full_experiment_table.csv:720:case30,branch3_out,0.05098025489919013,49.35207730494927,23.808225672374654,True,2.914080850570997,False,True,1,26.25132252430123
./plotting_data/archive_old/full_experiment_table.csv:724:case118,baseline,0.026799409605719693,10.966485515621436,1.5241240103976943,False,1.1315770331958084,False,False,0,0.28355260975846996
./plotting_data/archive_old/full_experiment_table.csv:735:case118,baseline,0.01993713269646081,11.39928236969446,0.1330465529483377,False,0.5630696691934663,False,False,0,0.01261393383869327
./plotting_data/archive_old/full_experiment_table.csv:779:case118,baseline,0.024893668559848318,11.873050060199713,0.4846924535230551,False,0.0648015968976208,False,False,0,0.18652503009985644
./plotting_data/archive_old/full_experiment_table.csv:790:case118,branch1_out,0.050153658353087105,38.79875823838659,35.48673119688105,True,7.185822758621414,True,True,1,25.332563029981895
./plotting_data/archive_old/full_experiment_table.csv:877:case118,branch2_out,0.0231739749944241,15.96244485270511,14.068038698759837,True,2.4535712570693313,False,True,1,6.542348287394372
./plotting_data/archive_old/full_experiment_table.csv:885:case118,branch2_out,0.03949277189852735,49.307898954748744,35.55950896857915,True,2.9087828188897857,False,True,1,29.753558731726073
./plotting_data/archive_old/full_experiment_table.csv:892:case118,branch2_out,0.03074592414200753,12.687805008747874,2.0020517455820137,False,1.0185585842059894,False,False,0,0.9982297448897393
./plotting_data/archive_old/full_experiment_table.csv:904:case118,branch3_out,0.03672528510076824,47.43274681490703,21.635884004857107,True,5.837157954713211,True,True,1,25.22457019985329
./plotting_data/archive_old/full_experiment_table.csv:908:case118,branch3_out,0.029662723006784082,15.378087450512503,2.5786648976789714,False,1.7164545479434559,False,True,0,2.655934104148634
./plotting_data/archive_old/final_dataset.csv:7:case9,baseline,0.024438742297966786,11.850221422840068,-0.025383817209185984,False,0.6912000099840899,False,False,0,0.21335071341685208
./plotting_data/archive_old/final_dataset.csv:63:case9,branch1_out,0.029980205918109123,14.986047229575854,5.994612466702917,True,2.138353844937046,False,True,1,3.5690781237862117
./plotting_data/archive_old/final_dataset.csv:82:case9,branch1_out,0.06080696639107776,39.5601927203202,48.66788933968213,True,3.1905079658881728,False,True,1,28.868564755242375
./plotting_data/archive_old/final_dataset.csv:83:case9,branch1_out,0.02367970340787897,15.018449383742071,4.308966598903982,False,1.302887111925217,False,True,0,2.912492093927274
./plotting_data/archive_old/final_dataset.csv:124:case9,branch2_out,0.02710340027968438,22.867308426329057,13.793579606933102,True,2.2343306558994875,False,True,1,9.868594226424356
./plotting_data/archive_old/final_dataset.csv:164:case9,branch2_out,0.033633340096650186,16.29755138559649,11.637624754501033,True,1.730290779076433,False,True,1,5.8361212749638405
./plotting_data/archive_old/final_dataset.csv:173:case9,branch2_out,0.05728888264421604,45.24911442959312,36.28638647304966,True,4.9352740108476905,True,True,1,28.347527958880995
./plotting_data/archive_old/final_dataset.csv:313:case14,branch1_out,0.028176303933559292,18.960054215443837,12.334810248657185,True,1.7286700970874742,False,True,1,7.376204201736568
./plotting_data/archive_old/final_dataset.csv:359:case14,branch1_out,0.02687529976055451,14.524681991092596,1.6490969640289281,False,0.9338392784739136,False,True,0,1.7938379404497589
./plotting_data/archive_old/final_dataset.csv:503:case30,baseline,0.017501933381892612,11.266266371718007,0.5602549239181281,False,0.5860341495565116,False,False,0,0.017206829911302315
./plotting_data/archive_old/final_dataset.csv:541:case30,baseline,0.02418260078019491,11.209788150318722,0.6023627990842313,False,0.13012160390495872,False,False,0,0.0
./plotting_data/archive_old/final_dataset.csv:543:case30,branch1_out,0.039997561594237535,47.794722394010705,39.262799662006486,True,4.7150142682251595,True,True,1,30.469203949252332
./plotting_data/archive_old/final_dataset.csv:555:case30,branch1_out,0.026335310286637784,12.788365594997051,2.495590664123024,False,1.0299800605628193,False,True,0,1.1988560088479967
./plotting_data/archive_old/final_dataset.csv:578:case30,branch1_out,0.029143245555771233,14.099410357403213,2.6483834797590413,False,1.2962540699875305,False,False,0,1.9534710366268253
./plotting_data/archive_old/final_dataset.csv:631:case30,branch2_out,0.03178325076183733,38.022831068009985,34.317646550941056,True,7.9602085829582965,True,True,1,24.74875121587897
./plotting_data/archive_old/final_dataset.csv:646:case30,branch2_out,0.045589587725100966,20.15784857701701,8.491184588419461,True,2.6913291225269544,False,True,1,7.014545489539734
./plotting_data/archive_old/final_dataset.csv:872:case118,branch2_out,0.027889049334735863,14.931228555276348,6.774199022195053,True,1.4184911110979017,False,True,1,3.63157220651627
./plotting_data/archive_old/final_dataset.csv:879:case118,branch2_out,0.03674610377592638,34.71942210793345,36.23855587526094,True,3.1508886915914114,False,True,1,22.71145555486329
./plotting_data/archive_old/final_dataset.csv:907:case118,branch3_out,0.031073169899069247,12.602800727214365,2.0711067302958717,False,0.8854952896790672,False,True,0,0.9498314406317576
./plotting_data/archive_old/multi_run_results.csv:2:0.9655667144906743,0.9347222222222222,0.9498941425546931
./plotting_data/archive_old/multi_run_results.csv:7:0.9672619047619048,0.9027777777777778,0.9339080459770115
./plotting_data/archive_old/multi_run_results.csv:8:0.9753265602322206,0.9333333333333333,0.9538679914833215
./plotting_data/archive_old/multi_run_results.csv:9:0.9781659388646288,0.9333333333333333,0.9552238805970149
./plotting_data/archive_old/roc_curve_data.csv:32:0.0875,0.9986111111111111,0.6540282780791208
./plotting_data/archive_old/roc_curve_data.csv:33:0.12916666666666668,0.9986111111111111,0.5725174376253633
./data/full_experiment_table.csv:23:case9,baseline,0.014699166795050761,11.581761438290776,3.4359541607869057,False,0.10104218179009988,False,False,0,0.7716669673814599
./data/full_experiment_table.csv:72:case9,branch1_out,0.039981546310895594,23.019487551066206,11.862759473668392,True,2.7904598476742355,False,True,1,9.476663587168467
./data/full_experiment_table.csv:100:case9,branch1_out,0.04168352019983575,23.534955403689608,11.199204597179577,True,3.583524574544708,False,True,1,9.693943995907619
./data/full_experiment_table.csv:120:case9,branch1_out,0.04529368479356677,21.595927019983534,13.621025969789585,True,5.346464612213069,True,True,1,9.803564223371257
./data/full_experiment_table.csv:148:case9,branch2_out,0.0399881384449593,22.27908115688157,5.656060609573108,True,2.511309190594492,False,True,1,7.188620599431616
./data/full_experiment_table.csv:149:case9,branch2_out,0.02348742019644759,14.230343283424478,1.9782559943556883,False,0.9490658554638425,False,True,0,1.7484616111117142
./data/full_experiment_table.csv:168:case9,branch2_out,0.04533046208417259,20.079665202073897,12.222312885179983,True,5.846419851119337,True,True,1,8.725810436814811
./data/full_experiment_table.csv:174:case9,branch2_out,0.052314201681826884,46.00116231168404,22.13564992858402,True,5.662280394979539,True,True,1,24.623732213413135
./data/full_experiment_table.csv:198:case9,branch3_out,0.026613279721066474,35.87083286208228,21.6365243732069,True,3.003966900394731,False,True,1,18.877167123082156
./data/full_experiment_table.csv:239:case9,branch3_out,0.043869332532115224,38.103383198287936,13.282509966320617,True,7.972916081992383,True,True,1,18.481027805438632
./data/full_experiment_table.csv:285:case14,baseline,0.026741781737934962,12.443179690593333,0.6691021835223512,False,0.8311186298955602,False,False,0,0.5378135712757783
./data/full_experiment_table.csv:294:case14,baseline,0.022730625943328253,10.447267345029497,0.3806774524363967,False,0.7048895103595996,False,False,0,0.04097790207191992
./data/full_experiment_table.csv:357:case14,branch1_out,0.0303720293929691,21.30639104799879,10.807480994924221,True,3.27518242645693,False,True,1,8.400476307768047
./data/full_experiment_table.csv:360:case14,branch1_out,0.03280840826446834,21.73714908445844,11.922490986007078,True,2.099089334471182,False,True,1,8.71513970492558
./data/full_experiment_table.csv:376:case14,branch2_out,0.030493390006995538,22.806994596485055,7.993757282391286,True,2.2870311591100565,False,True,1,8.109030714781925
./data/full_experiment_table.csv:401:case14,branch2_out,0.04158551673272082,20.05836130275683,20.93382315753705,True,5.283060232128204,True,True,1,11.21593964506517
./data/full_experiment_table.csv:415:case14,branch2_out,0.03286488804998615,23.554260128012306,8.322910878687379,True,2.6351234726365442,False,True,1,8.651028022139677
./data/full_experiment_table.csv:566:case30,branch1_out,0.04647646826236727,30.397663728239795,20.375670507373567,True,3.7685042870893306,True,True,1,15.915233873749834
./data/full_experiment_table.csv:668:case30,branch3_out,0.03309987978002949,15.890359295485814,4.731767211704547,False,2.9035518695840836,False,True,0,3.7954201851710874
./data/full_experiment_table.csv:737:case118,baseline,0.029980901681482604,10.662721135523253,0.14322448755883932,False,0.7780010171219719,False,False,0,0.05560020342439438
./data/full_experiment_table.csv:742:case118,baseline,0.0181748427995531,11.00396658151206,0.6210512386492675,False,1.1640634218366572,False,True,0,0.13281268436733146
./data/full_experiment_table.csv:806:case118,branch1_out,0.03551663561382144,21.67057377359843,9.934618415384312,True,3.2423649081773913,False,True,1,8.314145393049987
./paper/tables/main_results.csv:2:"['Precision', 'Recall', 'F1-Score']","[np.float64(0.9981718464351006), np.float64(0.7583333333333333), np.float64(0.861878453038674)]"
./paper/tables/advanced/confidence_intervals.csv:2:0.9980822360769163,0.9943074003795066,1.0,0.7578664814651752,0.7281324156924216,0.7889064375576811,0.8614554056226338,0.8417755785550602,0.8813335263183287
./paper/data/advanced/consensus_sensitivity.csv:2:1,0.9696969696969697,0.9333333333333333
./paper/data/advanced/consensus_sensitivity.csv:3:2,0.9981718464351006,0.7583333333333333
./paper/data/advanced/threshold_sweep.csv:3:0.05,0.8062709966405375,1.0,0.8927464352138872
./paper/data/advanced/threshold_sweep.csv:14:0.6000000000000001,0.9625167336010709,0.9986111111111111,0.9802317655078391
./paper/data/advanced/threshold_sweep.csv:15:0.65,0.970310391363023,0.9986111111111111,0.9842573579739904
./paper/data/advanced/baseline_comparison.csv:5:consensus,0.9981718464351006,0.7583333333333333,0.861878453038674
./paper/data/advanced/baseline_comparison.csv:6:fusion_final,0.9981718464351006,0.7583333333333333,0.861878453038674
./paper/data/advanced/ablation_study.csv:2:full_system,0.9981718464351006,0.7583333333333333,0.861878453038674
./paper/data/advanced/ablation_study.csv:4:no_communication,0.9696969696969697,0.9333333333333333,0.9511677282377919
./paper/data/advanced/ablation_study.csv:6:consensus_only,0.9981718464351006,0.7583333333333333,0.861878453038674
./paper/data/final_dataset.csv:7:case9,baseline,0.024438742297966786,11.850221422840068,-0.025383817209185984,False,0.6912000099840899,False,False,0,0.21335071341685208
./paper/data/final_dataset.csv:63:case9,branch1_out,0.029980205918109123,14.986047229575854,5.994612466702917,True,2.138353844937046,False,True,1,3.5690781237862117
./paper/data/final_dataset.csv:82:case9,branch1_out,0.06080696639107776,39.5601927203202,48.66788933968213,True,3.1905079658881728,False,True,1,28.868564755242375
./paper/data/final_dataset.csv:83:case9,branch1_out,0.02367970340787897,15.018449383742071,4.308966598903982,False,1.302887111925217,False,True,0,2.912492093927274
./paper/data/final_dataset.csv:124:case9,branch2_out,0.02710340027968438,22.867308426329057,13.793579606933102,True,2.2343306558994875,False,True,1,9.868594226424356
./paper/data/final_dataset.csv:164:case9,branch2_out,0.033633340096650186,16.29755138559649,11.637624754501033,True,1.730290779076433,False,True,1,5.8361212749638405
./paper/data/final_dataset.csv:173:case9,branch2_out,0.05728888264421604,45.24911442959312,36.28638647304966,True,4.9352740108476905,True,True,1,28.347527958880995
./paper/data/final_dataset.csv:313:case14,branch1_out,0.028176303933559292,18.960054215443837,12.334810248657185,True,1.7286700970874742,False,True,1,7.376204201736568
./paper/data/final_dataset.csv:359:case14,branch1_out,0.02687529976055451,14.524681991092596,1.6490969640289281,False,0.9338392784739136,False,True,0,1.7938379404497589
./paper/data/final_dataset.csv:503:case30,baseline,0.017501933381892612,11.266266371718007,0.5602549239181281,False,0.5860341495565116,False,False,0,0.017206829911302315
./paper/data/final_dataset.csv:541:case30,baseline,0.02418260078019491,11.209788150318722,0.6023627990842313,False,0.13012160390495872,False,False,0,0.0
./paper/data/final_dataset.csv:543:case30,branch1_out,0.039997561594237535,47.794722394010705,39.262799662006486,True,4.7150142682251595,True,True,1,30.469203949252332
./paper/data/final_dataset.csv:555:case30,branch1_out,0.026335310286637784,12.788365594997051,2.495590664123024,False,1.0299800605628193,False,True,0,1.1988560088479967
./paper/data/final_dataset.csv:578:case30,branch1_out,0.029143245555771233,14.099410357403213,2.6483834797590413,False,1.2962540699875305,False,False,0,1.9534710366268253
./paper/data/final_dataset.csv:631:case30,branch2_out,0.03178325076183733,38.022831068009985,34.317646550941056,True,7.9602085829582965,True,True,1,24.74875121587897
./paper/data/final_dataset.csv:646:case30,branch2_out,0.045589587725100966,20.15784857701701,8.491184588419461,True,2.6913291225269544,False,True,1,7.014545489539734
./paper/data/final_dataset.csv:872:case118,branch2_out,0.027889049334735863,14.931228555276348,6.774199022195053,True,1.4184911110979017,False,True,1,3.63157220651627
./paper/data/final_dataset.csv:879:case118,branch2_out,0.03674610377592638,34.71942210793345,36.23855587526094,True,3.1508886915914114,False,True,1,22.71145555486329
./paper/data/final_dataset.csv:907:case118,branch3_out,0.031073169899069247,12.602800727214365,2.0711067302958717,False,0.8854952896790672,False,True,0,0.9498314406317576
./paper/data/sequential_physics_plot.csv:70:207.90196676516123,1
./paper/data/sequential_physics_plot.csv:99:270.96672419462567,1
./paper/data/sequential_physics_plot.csv:423:274.23002966815227,1
./paper/data/sequential_physics_plot.csv:741:128.824029664586,1
./paper/data/sequential_physics_plot.csv:893:260.9981064489758,1
./paper/data/sequential_physics_plot.csv:896:276.96070101933475,1
./paper/data/final_dataset_labeled.csv:7:case9,baseline,0.0244387422979667,11.850221422840068,-0.0253838172091859,False,0.6912000099840899,False,False,0,0.213350713416852,0,0
./paper/data/final_dataset_labeled.csv:63:case9,branch1_out,0.0299802059181091,14.986047229575854,5.994612466702917,True,2.138353844937046,False,True,1,3.569078123786212,1,1
./paper/data/final_dataset_labeled.csv:82:case9,branch1_out,0.0608069663910777,39.5601927203202,48.66788933968213,True,3.1905079658881728,False,True,1,28.86856475524237,1,1
./paper/data/final_dataset_labeled.csv:83:case9,branch1_out,0.0236797034078789,15.018449383742071,4.308966598903982,False,1.302887111925217,False,True,0,2.912492093927274,1,0
./paper/data/final_dataset_labeled.csv:124:case9,branch2_out,0.0271034002796843,22.867308426329057,13.793579606933102,True,2.2343306558994875,False,True,1,9.868594226424356,1,1
./paper/data/final_dataset_labeled.csv:164:case9,branch2_out,0.0336333400966501,16.29755138559649,11.637624754501031,True,1.730290779076433,False,True,1,5.8361212749638405,1,1
./paper/data/final_dataset_labeled.csv:173:case9,branch2_out,0.057288882644216,45.24911442959312,36.28638647304966,True,4.9352740108476905,True,True,1,28.347527958880995,1,1
./paper/data/final_dataset_labeled.csv:313:case14,branch1_out,0.0281763039335592,18.96005421544384,12.334810248657185,True,1.7286700970874742,False,True,1,7.376204201736568,1,1
./paper/data/final_dataset_labeled.csv:359:case14,branch1_out,0.0268752997605545,14.524681991092596,1.649096964028928,False,0.9338392784739136,False,True,0,1.7938379404497589,1,0
./paper/data/final_dataset_labeled.csv:503:case30,baseline,0.0175019333818926,11.266266371718007,0.5602549239181281,False,0.5860341495565116,False,False,0,0.0172068299113023,0,0
./paper/data/final_dataset_labeled.csv:541:case30,baseline,0.0241826007801949,11.209788150318722,0.6023627990842313,False,0.1301216039049587,False,False,0,0.0,0,0
./paper/data/final_dataset_labeled.csv:543:case30,branch1_out,0.0399975615942375,47.79472239401071,39.262799662006486,True,4.71501426822516,True,True,1,30.46920394925233,1,1
./paper/data/final_dataset_labeled.csv:555:case30,branch1_out,0.0263353102866377,12.788365594997051,2.495590664123024,False,1.029980060562819,False,True,0,1.1988560088479967,1,0
./paper/data/final_dataset_labeled.csv:578:case30,branch1_out,0.0291432455557712,14.099410357403212,2.6483834797590413,False,1.2962540699875305,False,False,0,1.9534710366268253,1,0
./paper/data/final_dataset_labeled.csv:872:case118,branch2_out,0.0278890493347358,14.931228555276348,6.774199022195053,True,1.4184911110979015,False,True,1,3.63157220651627,1,1
./paper/data/final_dataset_labeled.csv:879:case118,branch2_out,0.0367461037759263,34.71942210793345,36.23855587526094,True,3.1508886915914114,False,True,1,22.71145555486329,1,1
./paper/data/final_dataset_labeled.csv:907:case118,branch3_out,0.0310731698990692,12.602800727214364,2.071106730295872,False,0.8854952896790672,False,True,0,0.9498314406317576,1,0
./paper/data/sequential_physics.csv:7:case9,baseline,0.0244387422979667,11.850221422840068,-0.0253838172091859,False,0.6912000099840899,False,False,0,0.213350713416852,53.6568471343804,0
./paper/data/sequential_physics.csv:63:case9,branch1_out,0.0299802059181091,14.986047229575854,5.994612466702917,True,2.138353844937046,False,True,1,3.569078123786212,125.39411434085554,0
./paper/data/sequential_physics.csv:70:case9,branch1_out,0.02859502531549,16.337222007772407,6.587934906129328,True,2.1378968784350416,False,True,1,4.422570851412011,207.90196676516123,0
./paper/data/sequential_physics.csv:82:case9,branch1_out,0.0608069663910777,39.5601927203202,48.66788933968213,True,3.1905079658881728,False,True,1,28.86856475524237,249.44353458901375,1
./paper/data/sequential_physics.csv:83:case9,branch1_out,0.0236797034078789,15.018449383742071,4.308966598903982,False,1.302887111925217,False,True,0,2.912492093927274,239.5176305138545,0
./paper/data/sequential_physics.csv:99:case9,branch1_out,0.0457206445350504,30.692342797806493,26.145960489881407,True,4.881238049907847,True,True,1,18.01620715584924,270.96672419462567,1
./paper/data/sequential_physics.csv:124:case9,branch2_out,0.0271034002796843,22.867308426329057,13.793579606933102,True,2.2343306558994875,False,True,1,9.868594226424356,227.8743847066172,0
./paper/data/sequential_physics.csv:164:case9,branch2_out,0.0336333400966501,16.29755138559649,11.637624754501031,True,1.730290779076433,False,True,1,5.8361212749638405,223.6053453940931,0
./paper/data/sequential_physics.csv:173:case9,branch2_out,0.057288882644216,45.24911442959312,36.28638647304966,True,4.9352740108476905,True,True,1,28.347527958880995,266.6185112541687,1
./paper/data/sequential_physics.csv:313:case14,branch1_out,0.0281763039335592,18.96005421544384,12.334810248657185,True,1.7286700970874742,False,True,1,7.376204201736568,243.79225634418256,1
./paper/data/sequential_physics.csv:359:case14,branch1_out,0.0268752997605545,14.524681991092596,1.649096964028928,False,0.9338392784739136,False,True,0,1.7938379404497589,223.5565410390376,0
./paper/data/sequential_physics.csv:423:case14,branch3_out,0.0353643766877858,39.80216356728628,29.90107255908936,True,7.999509243558997,True,True,1,24.321305400081748,274.23002966815227,1
./paper/data/sequential_physics.csv:503:case30,baseline,0.0175019333818926,11.266266371718007,0.5602549239181281,False,0.5860341495565116,False,False,0,0.0172068299113023,124.92933831248963,0
./paper/data/sequential_physics.csv:541:case30,baseline,0.0241826007801949,11.209788150318722,0.6023627990842313,False,0.1301216039049587,False,False,0,0.0,115.59116020445364,0
./paper/data/sequential_physics.csv:543:case30,branch1_out,0.0399975615942375,47.79472239401071,39.262799662006486,True,4.71501426822516,True,True,1,30.46920394925233,154.4182394427695,0
./paper/data/sequential_physics.csv:555:case30,branch1_out,0.0263353102866377,12.788365594997051,2.495590664123024,False,1.029980060562819,False,True,0,1.1988560088479967,201.3986951606616,0
./paper/data/sequential_physics.csv:578:case30,branch1_out,0.0291432455557712,14.099410357403212,2.6483834797590413,False,1.2962540699875305,False,False,0,1.9534710366268253,234.86685610780904,0
./paper/data/sequential_physics.csv:741:case118,baseline,0.0218569092080171,12.66570344774029,0.991312217073196,False,0.0222267230997005,False,False,0,0.5828517238701449,128.824029664586,0
./paper/data/sequential_physics.csv:872:case118,branch2_out,0.0278890493347358,14.931228555276348,6.774199022195053,True,1.4184911110979015,False,True,1,3.63157220651627,233.83188030011308,0
./paper/data/sequential_physics.csv:879:case118,branch2_out,0.0367461037759263,34.71942210793345,36.23855587526094,True,3.1508886915914114,False,True,1,22.71145555486329,259.8502951529321,1
./paper/data/sequential_physics.csv:893:case118,branch2_out,0.0476937586208264,16.63867884343057,4.7310187472779,False,3.58472477132982,True,True,1,4.305590000164618,260.9981064489758,1
./paper/data/sequential_physics.csv:896:case118,branch2_out,0.0321796015774598,14.425464879514816,2.9119066826425364,False,1.045836921230963,False,True,0,2.145471828796361,276.96070101933475,1
./paper/data/sequential_physics.csv:907:case118,branch3_out,0.0310731698990692,12.602800727214364,2.071106730295872,False,0.8854952896790672,False,True,0,0.9498314406317576,240.87634490856388,0
./results/final_dataset.csv:7:case9,baseline,0.024438742297966786,11.850221422840068,-0.025383817209185984,False,0.6912000099840899,False,False,0,0.21335071341685208
./results/final_dataset.csv:63:case9,branch1_out,0.029980205918109123,14.986047229575854,5.994612466702917,True,2.138353844937046,False,True,1,3.5690781237862117
./results/final_dataset.csv:82:case9,branch1_out,0.06080696639107776,39.5601927203202,48.66788933968213,True,3.1905079658881728,False,True,1,28.868564755242375
./results/final_dataset.csv:83:case9,branch1_out,0.02367970340787897,15.018449383742071,4.308966598903982,False,1.302887111925217,False,True,0,2.912492093927274
./results/final_dataset.csv:124:case9,branch2_out,0.02710340027968438,22.867308426329057,13.793579606933102,True,2.2343306558994875,False,True,1,9.868594226424356
./results/final_dataset.csv:164:case9,branch2_out,0.033633340096650186,16.29755138559649,11.637624754501033,True,1.730290779076433,False,True,1,5.8361212749638405
./results/final_dataset.csv:173:case9,branch2_out,0.05728888264421604,45.24911442959312,36.28638647304966,True,4.9352740108476905,True,True,1,28.347527958880995
./results/final_dataset.csv:313:case14,branch1_out,0.028176303933559292,18.960054215443837,12.334810248657185,True,1.7286700970874742,False,True,1,7.376204201736568
./results/final_dataset.csv:359:case14,branch1_out,0.02687529976055451,14.524681991092596,1.6490969640289281,False,0.9338392784739136,False,True,0,1.7938379404497589
./results/final_dataset.csv:503:case30,baseline,0.017501933381892612,11.266266371718007,0.5602549239181281,False,0.5860341495565116,False,False,0,0.017206829911302315
./results/final_dataset.csv:541:case30,baseline,0.02418260078019491,11.209788150318722,0.6023627990842313,False,0.13012160390495872,False,False,0,0.0
./results/final_dataset.csv:543:case30,branch1_out,0.039997561594237535,47.794722394010705,39.262799662006486,True,4.7150142682251595,True,True,1,30.469203949252332
./results/final_dataset.csv:555:case30,branch1_out,0.026335310286637784,12.788365594997051,2.495590664123024,False,1.0299800605628193,False,True,0,1.1988560088479967
./results/final_dataset.csv:578:case30,branch1_out,0.029143245555771233,14.099410357403213,2.6483834797590413,False,1.2962540699875305,False,False,0,1.9534710366268253
./results/final_dataset.csv:631:case30,branch2_out,0.03178325076183733,38.022831068009985,34.317646550941056,True,7.9602085829582965,True,True,1,24.74875121587897
./results/final_dataset.csv:646:case30,branch2_out,0.045589587725100966,20.15784857701701,8.491184588419461,True,2.6913291225269544,False,True,1,7.014545489539734
./results/final_dataset.csv:872:case118,branch2_out,0.027889049334735863,14.931228555276348,6.774199022195053,True,1.4184911110979017,False,True,1,3.63157220651627
./results/final_dataset.csv:879:case118,branch2_out,0.03674610377592638,34.71942210793345,36.23855587526094,True,3.1508886915914114,False,True,1,22.71145555486329
./results/final_dataset.csv:907:case118,branch3_out,0.031073169899069247,12.602800727214365,2.0711067302958717,False,0.8854952896790672,False,True,0,0.9498314406317576
./results/multi_run_results.csv:2:0.9655667144906743,0.9347222222222222,0.9498941425546931
./results/multi_run_results.csv:7:0.9672619047619048,0.9027777777777778,0.9339080459770115
./results/multi_run_results.csv:8:0.9753265602322206,0.9333333333333333,0.9538679914833215
./results/multi_run_results.csv:9:0.9781659388646288,0.9333333333333333,0.9552238805970149
./results/README.txt:14:- Recall: 0.933
./results/README.txt:16:- AUC: 0.998
./results/final_metrics.txt:7:Recall    : 0.933
./results/final_metrics.txt:9:AUC       : 0.998
