sample_id,case,scenario,severity_tier,attack_magnitude,snr_estimate,sample_idx,split,y_true,nis,nis_threshold,a_nis,cusum_g,cusum_threshold,a_cusum,jitter_z,jitter_bar,a_jitter,s_comp,theta_seq,theta_threshold,a_seq,votes,d_k2,d_k1,S_cond
case9_baseline_000,case9,baseline,Tier 0 (Benign),0.0,0.0,0,test,0,29.2346,46.9629,0,0.0,5.0,0,0.1303,0.1303,0,0.16214,0.16214,4.30567,0,0,0,0,3048.11
case9_baseline_001,case9,baseline,Tier 0 (Benign),0.0,0.0,1,test,0,34.6489,46.9629,0,0.0,5.0,0,0.2836,0.2069,0,0.194795,0.340721,4.30567,0,0,0,0,3044.81
case9_baseline_002,case9,baseline,Tier 0 (Benign),0.0,0.0,2,test,0,54.4898,46.9629,1,0.7847,5.0,0,0.9611,0.4583,0,0.336524,0.643173,4.30567,0,1,0,1,3035.33
case9_baseline_003,case9,baseline,Tier 0 (Benign),0.0,0.0,3,test,0,50.0867,46.9629,1,1.1691,5.0,0,0.4623,0.4593,0,0.324668,0.903524,4.30567,0,1,0,1,3070.24
case9_baseline_004,case9,baseline,Tier 0 (Benign),0.0,0.0,4,test,0,77.1537,46.9629,1,4.0138,5.0,0,0.4452,0.4565,0,0.553956,1.367127,4.30567,0,1,0,1,3061.03
case9_baseline_005,case9,baseline,Tier 0 (Benign),0.0,0.0,5,test,0,66.1886,46.9629,1,5.8619,5.0,1,1.775,0.6762,0,0.562014,1.792429,4.30567,0,2,1,1,3048.44
case9_baseline_006,case9,baseline,Tier 0 (Benign),0.0,0.0,6,test,0,52.4611,46.9629,1,6.4622,5.0,1,0.252,0.6156,0,0.503915,2.117101,4.30567,0,2,1,1,3049.28
case9_baseline_007,case9,baseline,Tier 0 (Benign),0.0,0.0,7,test,0,23.3967,46.9629,0,4.4206,5.0,0,0.8497,0.6449,0,0.28941,2.194801,4.30567,0,0,0,0,3046.49
case9_baseline_008,case9,baseline,Tier 0 (Benign),0.0,0.0,8,test,0,35.0288,46.9629,0,3.4363,5.0,0,1.7178,0.7641,0,0.327764,2.303085,4.30567,0,0,0,0,3054.0
case9_baseline_009,case9,baseline,Tier 0 (Benign),0.0,0.0,9,test,0,40.8527,46.9629,0,2.9814,5.0,0,0.4376,0.7314,0,0.343487,2.416264,4.30567,0,0,0,0,3062.64
case9_baseline_010,case9,baseline,Tier 0 (Benign),0.0,0.0,10,test,0,31.0836,46.9629,0,1.6385,5.0,0,0.8345,0.7408,0,0.251665,2.426303,4.30567,0,0,0,0,3048.11
case9_baseline_011,case9,baseline,Tier 0 (Benign),0.0,0.0,11,test,0,57.1804,46.9629,1,2.6678,5.0,0,0.8213,0.7475,0,0.4218,2.605473,4.30567,0,1,0,1,3057.02
case9_baseline_012,case9,baseline,Tier 0 (Benign),0.0,0.0,12,test,0,19.9905,46.9629,0,0.3165,5.0,0,0.2653,0.7104,0,0.151434,2.49636,4.30567,0,0,0,0,3038.46
case9_baseline_013,case9,baseline,Tier 0 (Benign),0.0,0.0,13,test,0,28.8929,46.9629,0,0.0,5.0,0,0.5324,0.6977,0,0.188693,2.435416,4.30567,0,0,0,0,3058.96
case9_baseline_014,case9,baseline,Tier 0 (Benign),0.0,0.0,14,test,0,38.7804,46.9629,0,0.0,5.0,0,0.5187,0.6858,0,0.240731,2.432605,4.30567,0,0,0,0,3070.43
case9_baseline_015,case9,baseline,Tier 0 (Benign),0.0,0.0,15,test,0,47.7384,46.9629,1,0.171,5.0,0,1.1096,0.7123,0,0.294871,2.484216,4.30567,0,1,0,1,3069.7
case9_baseline_016,case9,baseline,Tier 0 (Benign),0.0,0.0,16,test,0,79.768,46.9629,1,3.2534,5.0,0,1.8037,0.7765,0,0.561058,2.796852,4.30567,0,1,0,1,3062.94
case9_baseline_017,case9,baseline,Tier 0 (Benign),0.0,0.0,17,test,0,40.4148,46.9629,0,2.7587,5.0,0,0.2427,0.7468,0,0.335243,2.85241,4.30567,0,0,0,0,3048.72
case9_baseline_018,case9,baseline,Tier 0 (Benign),0.0,0.0,18,test,0,45.3574,46.9629,0,2.7132,5.0,0,0.9705,0.7586,0,0.36078,2.927949,4.30567,0,0,0,0,3051.1
case9_baseline_019,case9,baseline,Tier 0 (Benign),0.0,0.0,19,test,0,65.2242,46.9629,1,4.4736,5.0,0,0.0676,0.724,0,0.517621,3.152775,4.30567,0,1,0,1,3052.77
case9_baseline_020,case9,baseline,Tier 0 (Benign),0.0,0.0,20,test,0,44.4667,46.9629,0,4.3472,5.0,0,0.3936,0.7372,0,0.403989,3.241486,4.30567,0,0,0,0,3054.98
case9_baseline_021,case9,baseline,Tier 0 (Benign),0.0,0.0,21,test,0,52.6029,46.9629,1,4.9604,5.0,0,0.8803,0.767,0,0.467187,3.384524,4.30567,0,1,0,1,3052.21
case9_baseline_022,case9,baseline,Tier 0 (Benign),0.0,0.0,22,test,0,46.6998,46.9629,0,5.037,5.0,1,0.2637,0.7322,0,0.436316,3.482388,4.30567,0,1,0,1,3033.35
case9_baseline_023,case9,baseline,Tier 0 (Benign),0.0,0.0,23,test,0,36.1314,46.9629,0,4.1529,5.0,0,0.7348,0.7458,0,0.354217,3.488366,4.30567,0,0,0,0,3070.39
case9_baseline_024,case9,baseline,Tier 0 (Benign),0.0,0.0,24,test,0,28.3198,46.9629,0,2.5588,5.0,0,0.9617,0.7716,0,0.266102,3.405631,4.30567,0,0,0,0,3043.67
case9_baseline_025,case9,baseline,Tier 0 (Benign),0.0,0.0,25,test,0,44.4849,46.9629,0,2.4341,5.0,0,1.4166,0.7537,0,0.347516,3.412584,4.30567,0,0,0,0,3060.46
case9_baseline_026,case9,baseline,Tier 0 (Benign),0.0,0.0,26,test,0,26.7641,46.9629,0,0.6985,5.0,0,0.8232,0.7823,0,0.202544,3.27387,4.30567,0,0,0,0,3053.63
case9_baseline_027,case9,baseline,Tier 0 (Benign),0.0,0.0,27,test,0,31.5811,46.9629,0,0.0,5.0,0,0.0408,0.7418,0,0.205209,3.151691,4.30567,0,0,0,0,3042.56
case9_baseline_028,case9,baseline,Tier 0 (Benign),0.0,0.0,28,test,0,33.0004,46.9629,0,0.0,5.0,0,0.3943,0.6757,0,0.209455,3.045977,4.30567,0,0,0,0,3054.2
case9_baseline_029,case9,baseline,Tier 0 (Benign),0.0,0.0,29,test,0,39.1689,46.9629,0,0.0,5.0,0,0.0465,0.6561,0,0.241315,2.982694,4.30567,0,0,0,0,3071.43
case9_baseline_030,case9,baseline,Tier 0 (Benign),0.0,0.0,30,test,0,44.4569,46.9629,0,0.0,5.0,0,1.173,0.673,0,0.27031,2.954735,4.30567,0,0,0,0,3069.75
case9_baseline_031,case9,baseline,Tier 0 (Benign),0.0,0.0,31,test,0,38.0708,46.9629,0,0.0,5.0,0,0.2906,0.6465,0,0.234988,2.89425,4.30567,0,0,0,0,3051.99
case9_baseline_032,case9,baseline,Tier 0 (Benign),0.0,0.0,32,test,0,39.2971,46.9629,0,0.0,5.0,0,0.6741,0.6669,0,0.242538,2.847363,4.30567,0,0,0,0,3067.25
case9_baseline_033,case9,baseline,Tier 0 (Benign),0.0,0.0,33,test,0,36.5379,46.9629,0,0.0,5.0,0,0.7024,0.6754,0,0.228275,2.790902,4.30567,0,0,0,0,3072.5
case9_baseline_034,case9,baseline,Tier 0 (Benign),0.0,0.0,34,test,0,41.6017,46.9629,0,0.0,5.0,0,1.2922,0.7141,0,0.257165,2.768977,4.30567,0,0,0,0,3050.2
case9_baseline_035,case9,baseline,Tier 0 (Benign),0.0,0.0,35,test,0,45.8749,46.9629,0,0.0016,5.0,0,1.414,0.7293,0,0.280722,2.772801,4.30567,0,0,0,0,3065.14
case9_baseline_036,case9,baseline,Tier 0 (Benign),0.0,0.0,36,test,0,39.6126,46.9629,0,0.0,5.0,0,1.6033,0.7193,0,0.246836,2.742357,4.30567,0,0,0,0,3039.89
case9_baseline_037,case9,baseline,Tier 0 (Benign),0.0,0.0,37,test,0,52.7218,46.9629,1,0.624,5.0,0,0.2317,0.7187,0,0.335312,2.803434,4.30567,0,1,0,1,3047.79
case9_baseline_038,case9,baseline,Tier 0 (Benign),0.0,0.0,38,test,0,24.1721,46.9629,0,0.0,5.0,0,0.9588,0.7182,0,0.164584,2.687675,4.30567,0,0,0,0,3064.21
case9_baseline_039,case9,baseline,Tier 0 (Benign),0.0,0.0,39,test,0,49.4716,46.9629,1,0.3285,5.0,0,0.5718,0.7434,0,0.310379,2.729286,4.30567,0,1,0,1,3075.2
case9_baseline_040,case9,baseline,Tier 0 (Benign),0.0,0.0,40,test,0,27.4367,46.9629,0,0.0,5.0,0,0.0809,0.7277,0,0.182442,2.638799,4.30567,0,0,0,0,3045.01
case9_baseline_041,case9,baseline,Tier 0 (Benign),0.0,0.0,41,test,0,31.3592,46.9629,0,0.0,5.0,0,0.9947,0.7335,0,0.203608,2.578528,4.30567,0,0,0,0,3067.44
case9_baseline_042,case9,baseline,Tier 0 (Benign),0.0,0.0,42,test,0,37.0754,46.9629,0,0.0,5.0,0,1.5669,0.7986,0,0.237296,2.557971,4.30567,0,0,0,0,3057.83
case9_baseline_043,case9,baseline,Tier 0 (Benign),0.0,0.0,43,test,0,18.1882,46.9629,0,0.0,5.0,0,0.433,0.7835,0,0.135998,2.438171,4.30567,0,0,0,0,3064.01
case9_baseline_044,case9,baseline,Tier 0 (Benign),0.0,0.0,44,test,0,42.6578,46.9629,0,0.0,5.0,0,0.5766,0.7643,0,0.265295,2.459649,4.30567,0,0,0,0,3054.18
case9_baseline_045,case9,baseline,Tier 0 (Benign),0.0,0.0,45,test,0,38.0496,46.9629,0,0.0,5.0,0,0.1903,0.7029,0,0.237699,2.451383,4.30567,0,0,0,0,3055.06
case9_baseline_046,case9,baseline,Tier 0 (Benign),0.0,0.0,46,test,0,27.8344,46.9629,0,0.0,5.0,0,1.4141,0.7325,0,0.184797,2.391041,4.30567,0,0,0,0,3039.64
case9_baseline_047,case9,baseline,Tier 0 (Benign),0.0,0.0,47,test,0,35.5923,46.9629,0,0.0,5.0,0,0.6084,0.7609,0,0.227514,2.379451,4.30567,0,0,0,0,3063.28
case9_baseline_048,case9,baseline,Tier 0 (Benign),0.0,0.0,48,test,0,31.593,46.9629,0,0.0,5.0,0,0.2077,0.7515,0,0.205758,2.347263,4.30567,0,0,0,0,3042.85
case9_baseline_049,case9,baseline,Tier 0 (Benign),0.0,0.0,49,test,0,27.8805,46.9629,0,0.0,5.0,0,1.2345,0.8109,0,0.188964,2.301502,4.30567,0,0,0,0,3057.07
case9_baseline_050,case9,baseline,Tier 0 (Benign),0.0,0.0,50,test,0,30.7244,46.9629,0,0.0,5.0,0,0.3619,0.7704,0,0.202076,2.273427,4.30567,0,0,0,0,3062.48
case9_baseline_051,case9,baseline,Tier 0 (Benign),0.0,0.0,51,test,0,24.4136,46.9629,0,0.0,5.0,0,1.4618,0.8289,0,0.171409,2.217494,4.30567,0,0,0,0,3059.61
case9_baseline_052,case9,baseline,Tier 0 (Benign),0.0,0.0,52,test,0,46.2197,46.9629,0,0.0329,5.0,0,1.1556,0.853,0,0.289683,2.285427,4.30567,0,0,0,0,3057.22
case9_baseline_053,case9,baseline,Tier 0 (Benign),0.0,0.0,53,test,0,51.012,46.9629,1,0.5015,5.0,0,0.0251,0.8192,0,0.327557,2.384442,4.30567,0,1,0,1,3068.35
case9_baseline_054,case9,baseline,Tier 0 (Benign),0.0,0.0,54,test,0,40.9093,46.9629,0,0.0517,5.0,0,1.1131,0.8102,0,0.259837,2.405835,4.30567,0,0,0,0,3045.1
case9_baseline_055,case9,baseline,Tier 0 (Benign),0.0,0.0,55,test,0,46.1494,46.9629,0,0.0783,5.0,0,0.4322,0.7611,0,0.286073,2.451325,4.30567,0,0,0,0,3061.27
case9_baseline_056,case9,baseline,Tier 0 (Benign),0.0,0.0,56,test,0,31.1128,46.9629,0,0.0,5.0,0,0.0132,0.6816,0,0.199705,2.405897,4.30567,0,0,0,0,3044.24
case9_baseline_057,case9,baseline,Tier 0 (Benign),0.0,0.0,57,test,0,37.838,46.9629,0,0.0,5.0,0,0.4469,0.6924,0,0.236043,2.401351,4.30567,0,0,0,0,3043.48
case9_baseline_058,case9,baseline,Tier 0 (Benign),0.0,0.0,58,test,0,63.963,46.9629,1,1.6458,5.0,0,1.2768,0.7083,0,0.425284,2.586499,4.30567,0,1,0,1,3039.91
case9_baseline_059,case9,baseline,Tier 0 (Benign),0.0,0.0,59,test,0,44.5181,46.9629,0,1.524,5.0,0,1.3106,0.7452,0,0.319967,2.647816,4.30567,0,0,0,0,3052.04
case9_branch_outage_000,case9,branch_outage,Tier 1 (Subtle),0.0025,1.25,0,test,1,10340080.4377,46.9629,1,939877.9681,5.0,1,0.5771,0.77,0,0.838501,3.221536,4.30567,0,2,1,1,3036.14
case9_branch_outage_001,case9,branch_outage,Tier 2 (Moderate),0.005,2.5,1,test,1,2557843.5449,46.9629,1,1172373.6891,5.0,1,0.3552,0.738,0,0.836902,3.736285,4.30567,0,2,1,1,14480.72
case9_branch_outage_002,case9,branch_outage,Tier 3 (Strong),0.008,4.0,2,test,1,2239363.4891,46.9629,1,1375920.5803,5.0,1,1.0878,0.7141,0,0.835705,4.198361,4.30567,0,2,1,1,12609.44
case9_branch_outage_003,case9,branch_outage,Tier 4 (Severe),0.012,6.0,3,test,1,2065713.5284,46.9629,1,1563683.2391,5.0,1,0.2911,0.707,0,0.83535,4.613875,4.30567,1,2,1,1,13704.66
case9_branch_outage_004,case9,branch_outage,Tier 1 (Subtle),0.0025,1.25,4,test,1,2022624.764,46.9629,1,1747529.2655,5.0,1,0.7953,0.7179,0,0.835897,4.988384,4.30567,1,2,1,1,13920.14
case9_branch_outage_005,case9,branch_outage,Tier 2 (Moderate),0.005,2.5,5,test,1,1899280.2706,46.9629,1,1920163.6676,5.0,1,0.8347,0.7502,0,0.837508,5.327054,4.30567,1,2,1,1,14387.28
case9_branch_outage_006,case9,branch_outage,Tier 3 (Strong),0.008,4.0,6,test,1,1820930.7259,46.9629,1,2085676.3438,5.0,1,0.6134,0.7101,0,0.835506,5.629855,4.30567,1,2,1,1,14690.41
case9_branch_outage_007,case9,branch_outage,Tier 4 (Severe),0.012,6.0,7,test,1,1877407.207,46.9629,1,2256322.5535,5.0,1,0.4927,0.7043,0,0.835217,5.902086,4.30567,1,2,1,1,14521.69
case9_branch_outage_008,case9,branch_outage,Tier 1 (Subtle),0.0025,1.25,8,test,1,1794719.3742,46.9629,1,2419452.7007,5.0,1,0.7193,0.7299,0,0.836496,6.148374,4.30567,1,2,1,1,14807.41
case9_branch_outage_009,case9,branch_outage,Tier 2 (Moderate),0.005,2.5,9,test,1,1797022.1176,46.9629,1,2582792.16,5.0,1,1.1198,0.7242,0,0.836209,6.369745,4.30567,1,2,1,1,14396.36
case9_branch_outage_010,case9,branch_outage,Tier 3 (Strong),0.008,4.0,10,test,1,1764477.9648,46.9629,1,2743173.4588,5.0,1,0.38,0.7251,0,0.836254,6.569025,4.30567,1,2,1,1,14199.26
case9_branch_outage_011,case9,branch_outage,Tier 4 (Severe),0.012,6.0,11,test,1,1779804.7113,46.9629,1,2904947.9103,5.0,1,0.0211,0.6531,0,0.832653,6.744776,4.30567,1,2,1,1,14059.68
case9_branch_outage_012,case9,branch_outage,Tier 1 (Subtle),0.0025,1.25,12,test,1,1735936.2362,46.9629,1,3062734.8561,5.0,1,0.027,0.5966,0,0.829831,6.900129,4.30567,1,2,1,1,13942.77
case9_branch_outage_013,case9,branch_outage,Tier 2 (Moderate),0.005,2.5,13,test,1,1737005.8594,46.9629,1,3220619.0274,5.0,1,0.4615,0.6184,0,0.830922,7.041038,4.30567,1,2,1,1,13719.28
case9_branch_outage_014,case9,branch_outage,Tier 3 (Strong),0.008,4.0,14,test,1,1653854.4086,46.9629,1,3370944.9947,5.0,1,1.6152,0.6435,0,0.832177,7.169112,4.30567,1,2,1,1,13610.54
case9_branch_outage_015,case9,branch_outage,Tier 4 (Severe),0.012,6.0,15,test,1,1586716.334,46.9629,1,3515168.3234,5.0,1,0.7454,0.6592,0,0.83296,7.285161,4.30567,1,2,1,1,13336.58
case9_branch_outage_016,case9,branch_outage,Tier 1 (Subtle),0.0025,1.25,16,test,1,1543370.868,46.9629,1,3655451.6862,5.0,1,0.5749,0.6873,0,0.834364,7.391009,4.30567,1,2,1,1,13451.92
case9_branch_outage_017,case9,branch_outage,Tier 2 (Moderate),0.005,2.5,17,test,1,1511652.9301,46.9629,1,3792851.9888,5.0,1,0.5741,0.6936,0,0.834682,7.486591,4.30567,1,2,1,1,12863.92
case9_branch_outage_018,case9,branch_outage,Tier 3 (Strong),0.008,4.0,18,test,1,1515148.1417,46.9629,1,3930569.9951,5.0,1,0.1354,0.6366,0,0.831829,7.56976,4.30567,1,2,1,1,12493.23
case9_branch_outage_019,case9,branch_outage,Tier 4 (Severe),0.012,6.0,19,test,1,1513681.4688,46.9629,1,4068154.6855,5.0,1,0.5276,0.5974,0,0.829872,7.642656,4.30567,1,2,1,1,12335.99
case9_branch_outage_020,case9,branch_outage,Tier 1 (Subtle),0.0025,1.25,20,test,1,1482225.3088,46.9629,1,4202880.1104,5.0,1,0.1184,0.5745,0,0.828725,7.707115,4.30567,1,2,1,1,12167.22
case9_branch_outage_021,case9,branch_outage,Tier 2 (Moderate),0.005,2.5,21,test,1,1473731.1579,46.9629,1,4336833.4439,5.0,1,0.2291,0.5682,0,0.82841,7.764813,4.30567,1,2,1,1,11929.62
case9_branch_outage_022,case9,branch_outage,Tier 3 (Strong),0.008,4.0,22,test,1,1438837.4079,46.9629,1,4467615.0458,5.0,1,0.6876,0.5482,0,0.827409,7.815741,4.30567,1,2,1,1,11861.32
case9_branch_outage_023,case9,branch_outage,Tier 4 (Severe),0.012,6.0,23,test,1,1487651.3465,46.9629,1,4602833.6804,5.0,1,0.1507,0.5412,0,0.827058,7.861225,4.30567,1,2,1,1,11583.51
case9_branch_outage_024,case9,branch_outage,Tier 1 (Subtle),0.0025,1.25,24,test,1,1451258.8714,46.9629,1,4734744.354,5.0,1,0.6965,0.5362,0,0.826811,7.901913,4.30567,1,2,1,1,11471.96
case9_branch_outage_025,case9,branch_outage,Tier 2 (Moderate),0.005,2.5,25,test,1,1416154.1641,46.9629,1,4863464.1208,5.0,1,1.3053,0.5597,0,0.827987,7.939709,4.30567,1,2,1,1,11445.95
case9_branch_outage_026,case9,branch_outage,Tier 3 (Strong),0.008,4.0,26,test,1,1464867.5569,46.9629,1,4996611.781,5.0,1,0.8046,0.5693,0,0.828465,7.974204,4.30567,1,2,1,1,11266.5
case9_branch_outage_027,case9,branch_outage,Tier 4 (Severe),0.012,6.0,27,test,1,1530786.1204,46.9629,1,5135751.2301,5.0,1,1.6215,0.6257,0,0.831287,8.008071,4.30567,1,2,1,1,11375.41
case9_branch_outage_028,case9,branch_outage,Tier 1 (Subtle),0.0025,1.25,28,test,1,1430515.8433,46.9629,1,5265776.4281,5.0,1,1.3523,0.6574,0,0.83287,8.040134,4.30567,1,2,1,1,11439.48
case9_branch_outage_029,case9,branch_outage,Tier 2 (Moderate),0.005,2.5,29,test,1,1417672.7126,46.9629,1,5394634.2262,5.0,1,0.1409,0.6085,0,0.830423,8.066543,4.30567,1,2,1,1,11261.14
case9_branch_outage_030,case9,branch_outage,Tier 3 (Strong),0.008,4.0,30,test,1,1402503.9654,46.9629,1,5522113.2331,5.0,1,0.6617,0.6225,0,0.831127,8.091016,4.30567,1,2,1,1,11035.39
case9_branch_outage_031,case9,branch_outage,Tier 4 (Severe),0.012,6.0,31,test,1,1395590.7181,46.9629,1,5648963.8477,5.0,1,0.4351,0.6432,0,0.832162,8.114076,4.30567,1,2,1,1,10795.09
case9_branch_outage_032,case9,branch_outage,Tier 1 (Subtle),0.0025,1.25,32,test,1,1416340.5174,46.9629,1,5777700.5534,5.0,1,0.9561,0.6897,0,0.834485,8.137154,4.30567,1,2,1,1,10877.2
case9_branch_outage_033,case9,branch_outage,Tier 2 (Moderate),0.005,2.5,33,test,1,1428654.9291,46.9629,1,5907556.6002,5.0,1,1.5408,0.7437,0,0.837183,8.160622,4.30567,1,2,1,1,10858.07
case9_branch_outage_034,case9,branch_outage,Tier 3 (Strong),0.008,4.0,34,test,1,1378123.9604,46.9629,1,6032819.5417,5.0,1,0.14,0.6699,0,0.833496,8.178055,4.30567,1,2,1,1,10695.71
case9_branch_outage_035,case9,branch_outage,Tier 4 (Severe),0.012,6.0,35,test,1,1477525.7383,46.9629,1,6167117.7905,5.0,1,0.3134,0.6483,0,0.832416,8.192665,4.30567,1,2,1,1,10681.84
case9_branch_outage_036,case9,branch_outage,Tier 1 (Subtle),0.0025,1.25,36,test,1,1438992.396,46.9629,1,6297913.4804,5.0,1,0.3778,0.6385,0,0.831923,8.205322,4.30567,1,2,1,1,11175.1
case9_branch_outage_037,case9,branch_outage,Tier 2 (Moderate),0.005,2.5,37,test,1,1442146.4349,46.9629,1,6428995.8624,5.0,1,1.201,0.6698,0,0.83349,8.21828,4.30567,1,2,1,1,10816.63
case9_branch_outage_038,case9,branch_outage,Tier 3 (Strong),0.008,4.0,38,test,1,1409400.5076,46.9629,1,6557101.7432,5.0,1,1.0788,0.717,0,0.835849,8.2323,4.30567,1,2,1,1,10916.62
case9_branch_outage_039,case9,branch_outage,Tier 4 (Severe),0.012,6.0,39,test,1,1380464.9146,46.9629,1,6682577.47,5.0,1,0.3607,0.7086,0,0.835431,8.244502,4.30567,1,2,1,1,10880.86
case9_branch_outage_040,case9,branch_outage,Tier 1 (Subtle),0.0025,1.25,40,test,1,1408713.5774,46.9629,1,6810620.911,5.0,1,0.9396,0.7497,0,0.837484,8.257536,4.30567,1,2,1,1,10583.37
case9_branch_outage_041,case9,branch_outage,Tier 2 (Moderate),0.005,2.5,41,test,1,1411007.7077,46.9629,1,6938872.8812,5.0,1,0.1636,0.7464,0,0.837321,8.269103,4.30567,1,2,1,1,10599.98
case9_branch_outage_042,case9,branch_outage,Tier 3 (Strong),0.008,4.0,42,test,1,1443278.0927,46.9629,1,7070058.1273,5.0,1,0.6532,0.7447,0,0.837235,8.279428,4.30567,1,2,1,1,10592.79
case9_branch_outage_043,case9,branch_outage,Tier 4 (Severe),0.012,6.0,43,test,1,1500237.8832,46.9629,1,7206420.8383,5.0,1,1.0157,0.7879,0,0.839397,8.290882,4.30567,1,2,1,1,10776.07
case9_branch_outage_044,case9,branch_outage,Tier 1 (Subtle),0.0025,1.25,44,test,1,1426577.338,46.9629,1,7336088.0386,5.0,1,0.2115,0.7637,0,0.838185,8.299978,4.30567,1,2,1,1,10770.23
case9_branch_outage_045,case9,branch_outage,Tier 2 (Moderate),0.005,2.5,45,test,1,1431697.4336,46.9629,1,7466220.6395,5.0,1,0.4018,0.7185,0,0.835926,8.305906,4.30567,1,2,1,1,10864.72
case9_branch_outage_046,case9,branch_outage,Tier 3 (Strong),0.008,4.0,46,test,1,1419941.2218,46.9629,1,7595284.6378,5.0,1,0.4506,0.7008,0,0.835041,8.310356,4.30567,1,2,1,1,10861.66
case9_branch_outage_047,case9,branch_outage,Tier 4 (Severe),0.012,6.0,47,test,1,1468391.0373,46.9629,1,7728752.5712,5.0,1,1.3265,0.6861,0,0.834303,8.313624,4.30567,1,2,1,1,10847.14
case9_branch_outage_048,case9,branch_outage,Tier 1 (Subtle),0.0025,1.25,48,test,1,1432663.7416,46.9629,1,7858973.0064,5.0,1,0.7157,0.6542,0,0.832712,8.314973,4.30567,1,2,1,1,11021.39
case9_branch_outage_049,case9,branch_outage,Tier 2 (Moderate),0.005,2.5,49,test,1,1426084.2367,46.9629,1,7988595.3854,5.0,1,1.9794,0.7462,0,0.837308,8.320784,4.30567,1,2,1,1,10823.71
case9_branch_outage_050,case9,branch_outage,Tier 3 (Strong),0.008,4.0,50,test,1,1397769.9568,46.9629,1,8115644.0859,5.0,1,0.5028,0.7382,0,0.83691,8.325616,4.30567,1,2,1,1,10769.42
case9_branch_outage_051,case9,branch_outage,Tier 4 (Severe),0.012,6.0,51,test,1,1457393.9801,46.9629,1,8248112.4215,5.0,1,0.7492,0.7539,0,0.837696,8.33075,4.30567,1,2,1,1,10672.69
case9_branch_outage_052,case9,branch_outage,Tier 1 (Subtle),0.0025,1.25,52,test,1,1423455.601,46.9629,1,8377495.8658,5.0,1,0.4576,0.729,0,0.836449,8.334124,4.30567,1,2,1,1,10998.91
case9_branch_outage_053,case9,branch_outage,Tier 2 (Moderate),0.005,2.5,53,test,1,1433192.4467,46.9629,1,8507764.3586,5.0,1,0.8364,0.6938,0,0.834688,8.3354,4.30567,1,2,1,1,10840.62
case9_branch_outage_054,case9,branch_outage,Tier 3 (Strong),0.008,4.0,54,test,1,1475517.5591,46.9629,1,8641880.0703,5.0,1,0.4896,0.7112,0,0.835562,8.337422,4.30567,1,2,1,1,10885.41
case9_branch_outage_055,case9,branch_outage,Tier 4 (Severe),0.012,6.0,55,test,1,1408395.0892,46.9629,1,8769894.5617,5.0,1,0.774,0.7343,0,0.836714,8.340394,4.30567,1,2,1,1,10953.88
case9_branch_outage_056,case9,branch_outage,Tier 1 (Subtle),0.0025,1.25,56,test,1,1441981.1885,46.9629,1,8900961.9234,5.0,1,0.1749,0.7241,0,0.836206,8.342561,4.30567,1,2,1,1,10738.41
case9_branch_outage_057,case9,branch_outage,Tier 2 (Moderate),0.005,2.5,57,test,1,1443601.8687,46.9629,1,9032176.5997,5.0,1,0.0602,0.6671,0,0.833354,8.341659,4.30567,1,2,1,1,10911.59
case9_branch_outage_058,case9,branch_outage,Tier 3 (Strong),0.008,4.0,58,test,1,1430015.1968,46.9629,1,9162156.2905,5.0,1,0.8699,0.6566,0,0.832832,8.340325,4.30567,1,2,1,1,10881.16
case9_branch_outage_059,case9,branch_outage,Tier 4 (Severe),0.012,6.0,59,test,1,1402766.1691,46.9629,1,9289659.1309,5.0,1,0.6844,0.6728,0,0.833641,8.339934,4.30567,1,2,1,1,10937.61
case9_fdia_000,case9,fdia,Tier 1 (Subtle),0.002664,1.33,0,test,1,1284424.1928,46.9629,1,9406405.0599,5.0,1,0.25,0.6383,0,0.831917,8.337858,4.30567,1,2,1,1,10750.74
case9_fdia_001,case9,fdia,Tier 2 (Moderate),0.009716,4.86,1,test,1,1020035.4526,46.9629,1,9499118.8885,5.0,1,0.1475,0.6375,0,0.831877,8.335949,4.30567,1,2,1,1,3025.7
case9_fdia_002,case9,fdia,Tier 3 (Strong),0.01296,6.48,2,test,1,978102.4636,46.9629,1,9588021.141,5.0,1,0.6366,0.6367,0,0.831836,8.33419,4.30567,1,2,1,1,1284.28
case9_fdia_003,case9,fdia,Tier 4 (Severe),0.03,15.0,3,test,1,985095.061,46.9629,1,9677558.9985,5.0,1,0.5219,0.612,0,0.830601,8.331372,4.30567,1,2,1,1,879.11
case9_fdia_004,case9,fdia,Tier 1 (Subtle),0.003581,1.79,4,test,1,889956.4862,46.9629,1,9758449.0604,5.0,1,0.7267,0.6378,0,0.831889,8.330124,4.30567,1,2,1,1,833.37
case9_fdia_005,case9,fdia,Tier 2 (Moderate),0.006261,3.13,5,test,1,844925.045,46.9629,1,9835245.9068,5.0,1,0.5785,0.6466,0,0.832331,8.329443,4.30567,1,2,1,1,816.7
case9_fdia_006,case9,fdia,Tier 3 (Strong),0.014861,7.43,6,test,1,793488.7516,46.9629,1,9907367.3567,5.0,1,0.1324,0.6307,0,0.831536,8.328034,4.30567,1,2,1,1,897.89
case9_fdia_007,case9,fdia,Tier 4 (Severe),0.03,15.0,7,test,1,728057.4808,46.9629,1,9973541.311,5.0,1,1.6757,0.6482,0,0.832409,8.32764,4.30567,1,2,1,1,1030.51
case9_fdia_008,case9,fdia,Tier 1 (Subtle),0.003036,1.52,8,test,1,564219.8988,46.9629,1,10024822.9472,5.0,1,1.1448,0.6696,0,0.833481,8.328357,4.30567,1,2,1,1,1237.29
case9_fdia_009,case9,fdia,Tier 2 (Moderate),0.009243,4.62,9,test,1,457256.8407,46.9629,1,10066381.9797,5.0,1,2.0632,0.6738,0,0.833691,8.329212,4.30567,1,2,1,1,1449.13
case9_fdia_010,case9,fdia,Tier 3 (Strong),0.013717,6.86,10,test,1,341402.3311,46.9629,1,10097410.2037,5.0,1,1.0206,0.6997,0,0.834986,8.331276,4.30567,1,2,1,1,1728.57
case9_fdia_011,case9,fdia,Tier 4 (Severe),0.03,15.0,11,test,1,231158.9926,46.9629,1,10118417.6568,5.0,1,0.0458,0.6645,0,0.833227,8.331376,4.30567,1,2,1,1,1980.29
case9_fdia_012,case9,fdia,Tier 1 (Subtle),0.003133,1.57,12,test,1,97002.653,46.9629,1,10127230.7229,5.0,1,0.7124,0.6773,0,0.833864,8.332102,4.30567,1,2,1,1,2259.56
case9_fdia_013,case9,fdia,Tier 2 (Moderate),0.007548,3.77,13,test,1,35905.3221,46.9629,1,10130490.2349,5.0,1,0.4065,0.6558,0,0.832789,8.331682,4.30567,1,2,1,1,2499.9
case9_fdia_014,case9,fdia,Tier 3 (Strong),0.015752,7.88,14,test,1,12575.8841,46.9629,1,10131629.1747,5.0,1,0.3097,0.6468,0,0.83234,8.330853,4.30567,1,2,1,1,2787.66
case9_fdia_015,case9,fdia,Tier 4 (Severe),0.03,15.0,15,test,1,5811.1705,46.9629,1,10132153.2234,5.0,1,0.3376,0.625,0,0.831249,8.329016,4.30567,1,2,1,1,2984.12
case9_fdia_016,case9,fdia,Tier 1 (Subtle),0.002526,1.26,16,test,1,1554.7829,46.9629,1,10132290.38,5.0,1,0.1635,0.6244,0,0.83122,8.327335,4.30567,1,2,1,1,3131.97
case9_fdia_017,case9,fdia,Tier 2 (Moderate),0.006546,3.27,17,test,1,787.6138,46.9629,1,10132357.8033,5.0,1,0.3923,0.641,0,0.83205,8.326652,4.30567,1,2,1,1,3091.56
case9_fdia_018,case9,fdia,Tier 3 (Strong),0.012235,6.12,18,test,1,649.4069,46.9629,1,10132412.6641,5.0,1,0.1176,0.6034,0,0.83017,8.324156,4.30567,1,2,1,1,3090.13
case9_fdia_019,case9,fdia,Tier 4 (Severe),0.03,15.0,19,test,1,1256.6846,46.9629,1,10132522.7245,5.0,1,0.8997,0.6142,0,0.830708,8.322449,4.30567,1,2,1,1,3115.98
case9_fdia_020,case9,fdia,Tier 1 (Subtle),0.003637,1.82,20,test,1,344.0556,46.9629,1,10132549.8297,5.0,1,0.7925,0.6413,0,0.832064,8.322268,4.30567,1,2,1,1,3186.58
case9_fdia_021,case9,fdia,Tier 2 (Moderate),0.007543,3.77,21,test,1,156.4023,46.9629,1,10132559.8779,5.0,1,0.5579,0.6618,0,0.83309,8.323132,4.30567,1,2,1,1,3115.92
case9_fdia_022,case9,fdia,Tier 3 (Strong),0.012984,6.49,22,test,1,705.6696,46.9629,1,10132619.8528,5.0,1,0.8326,0.6716,0,0.83358,8.324399,4.30567,1,2,1,1,3099.83
case9_fdia_023,case9,fdia,Tier 4 (Severe),0.03,15.0,23,test,1,1311.3094,46.9629,1,10132734.8784,5.0,1,0.6458,0.6778,0,0.83389,8.325849,4.30567,1,2,1,1,3118.15
case9_fdia_024,case9,fdia,Tier 1 (Subtle),0.002486,1.24,24,test,1,397.1443,46.9629,1,10132766.8093,5.0,1,0.8958,0.6863,0,0.834313,8.327577,4.30567,1,2,1,1,3192.02
case9_fdia_025,case9,fdia,Tier 2 (Moderate),0.008125,4.06,25,test,1,129.5157,46.9629,1,10132774.4136,5.0,1,0.7595,0.6953,0,0.834765,8.329584,4.30567,1,2,1,1,3112.35
case9_fdia_026,case9,fdia,Tier 3 (Strong),0.017771,8.89,26,test,1,840.6351,46.9629,1,10132846.6564,5.0,1,1.2193,0.7497,0,0.837483,8.334109,4.30567,1,2,1,1,3106.98
case9_fdia_027,case9,fdia,Tier 4 (Severe),0.03,15.0,27,test,1,1089.4068,46.9629,1,10132941.5117,5.0,1,0.2981,0.6808,0,0.834039,8.334736,4.30567,1,2,1,1,3139.54
case9_fdia_028,case9,fdia,Tier 1 (Subtle),0.002955,1.48,28,test,1,358.4223,46.9629,1,10132969.9229,5.0,1,1.6592,0.7065,0,0.835325,8.336587,4.30567,1,2,1,1,3196.57
case9_fdia_029,case9,fdia,Tier 2 (Moderate),0.006783,3.39,29,test,1,209.2635,46.9629,1,10132984.776,5.0,1,1.0787,0.6573,0,0.832864,8.335792,4.30567,1,2,1,1,3119.37
case9_fdia_030,case9,fdia,Tier 3 (Strong),0.012241,6.12,30,test,1,467.8195,46.9629,1,10133023.131,5.0,1,1.1802,0.6652,0,0.833262,8.335475,4.30567,1,2,1,1,3107.38
case9_fdia_031,case9,fdia,Tier 4 (Severe),0.03,15.0,31,test,1,1267.1906,46.9629,1,10133134.1464,5.0,1,0.3315,0.6795,0,0.833977,8.335905,4.30567,1,2,1,1,3121.26
case9_fdia_032,case9,fdia,Tier 1 (Subtle),0.00318,1.59,32,test,1,376.0202,46.9629,1,10133164.1571,5.0,1,0.9023,0.689,0,0.834451,8.336766,4.30567,1,2,1,1,3191.84
case9_fdia_033,case9,fdia,Tier 2 (Moderate),0.009256,4.63,33,test,1,152.1228,46.9629,1,10133173.8163,5.0,1,0.4465,0.691,0,0.834551,8.337641,4.30567,1,2,1,1,3113.3
case9_fdia_034,case9,fdia,Tier 3 (Strong),0.013297,6.65,34,test,1,520.2115,46.9629,1,10133216.9336,5.0,1,1.5796,0.7545,0,0.837726,8.341603,4.30567,1,2,1,1,3109.53
case9_fdia_035,case9,fdia,Tier 4 (Severe),0.03,15.0,35,test,1,1180.2394,46.9629,1,10133320.0454,5.0,1,0.5973,0.7675,0,0.838375,8.345818,4.30567,1,2,1,1,3126.16
case9_fdia_036,case9,fdia,Tier 1 (Subtle),0.003467,1.73,36,test,1,378.7823,46.9629,1,10133350.3072,5.0,1,0.5482,0.7867,0,0.839337,8.350573,4.30567,1,2,1,1,3190.57
case9_fdia_037,case9,fdia,Tier 2 (Moderate),0.009707,4.85,37,test,1,145.7079,46.9629,1,10133359.3833,5.0,1,0.146,0.7744,0,0.838721,8.354237,4.30567,1,2,1,1,3119.34
case9_fdia_038,case9,fdia,Tier 3 (Strong),0.014615,7.31,38,test,1,521.3547,46.9629,1,10133402.6045,5.0,1,0.6057,0.7988,0,0.839941,8.358755,4.30567,1,2,1,1,3110.72
case9_fdia_039,case9,fdia,Tier 4 (Severe),0.03,15.0,39,test,1,1233.9087,46.9629,1,10133510.5946,5.0,1,0.5079,0.7792,0,0.838962,8.361841,4.30567,1,2,1,1,3124.47
case9_fdia_040,case9,fdia,Tier 1 (Subtle),0.002087,1.04,40,test,1,437.2374,46.9629,1,10133546.1698,5.0,1,1.291,0.8042,0,0.840208,8.365865,4.30567,1,2,1,1,3196.01
case9_fdia_041,case9,fdia,Tier 2 (Moderate),0.009482,4.74,41,test,1,111.1941,46.9629,1,10133552.1087,5.0,1,0.6515,0.8088,0,0.840442,8.36972,4.30567,1,2,1,1,3115.32
case9_fdia_042,case9,fdia,Tier 3 (Strong),0.017608,8.8,42,test,1,636.0771,46.9629,1,10133605.7579,5.0,1,1.0949,0.8219,0,0.841097,8.373846,4.30567,1,2,1,1,3113.89
case9_fdia_043,case9,fdia,Tier 4 (Severe),0.03,15.0,43,test,1,1126.8714,46.9629,1,10133704.0186,5.0,1,0.8849,0.8339,0,0.841695,8.378156,4.30567,1,2,1,1,3140.69
case9_fdia_044,case9,fdia,Tier 1 (Subtle),0.002743,1.37,44,test,1,438.5488,46.9629,1,10133739.713,5.0,1,0.1472,0.7965,0,0.839824,8.380164,4.30567,1,2,1,1,3199.79
case9_fdia_045,case9,fdia,Tier 2 (Moderate),0.009517,4.76,45,test,1,179.8892,46.9629,1,10133751.8961,5.0,1,0.126,0.7648,0,0.83824,8.380388,4.30567,1,2,1,1,3118.17
case9_fdia_046,case9,fdia,Tier 3 (Strong),0.016329,8.16,46,test,1,437.0289,46.9629,1,10133787.4524,5.0,1,0.3071,0.7192,0,0.835959,8.378308,4.30567,1,2,1,1,3113.82
case9_fdia_047,case9,fdia,Tier 4 (Severe),0.03,15.0,47,test,1,1079.7781,46.9629,1,10133881.4325,5.0,1,0.6277,0.7357,0,0.836783,8.37726,4.30567,1,2,1,1,3132.97
case9_fdia_048,case9,fdia,Tier 1 (Subtle),0.002035,1.02,48,test,1,420.1458,46.9629,1,10133915.4542,5.0,1,2.3332,0.7694,0,0.838468,8.378002,4.30567,1,2,1,1,3198.01
case9_fdia_049,case9,fdia,Tier 2 (Moderate),0.008149,4.07,49,test,1,164.2125,46.9629,1,10133926.2123,5.0,1,0.2765,0.7293,0,0.836463,8.376665,4.30567,1,2,1,1,3114.11
case9_fdia_050,case9,fdia,Tier 3 (Strong),0.01259,6.29,50,test,1,555.6577,46.9629,1,10133972.5515,5.0,1,0.6653,0.7035,0,0.835175,8.374174,4.30567,1,2,1,1,3102.06
case9_fdia_051,case9,fdia,Tier 4 (Severe),0.03,15.0,51,test,1,1309.5273,46.9629,1,10134087.4151,5.0,1,0.5963,0.7167,0,0.835837,8.372593,4.30567,1,2,1,1,3118.68
case9_fdia_052,case9,fdia,Tier 1 (Subtle),0.002439,1.22,52,test,1,419.9364,46.9629,1,10134121.4177,5.0,1,0.8595,0.7146,0,0.83573,8.371064,4.30567,1,2,1,1,3195.17
case9_fdia_053,case9,fdia,Tier 2 (Moderate),0.008003,4.0,53,test,1,196.0801,46.9629,1,10134135.0725,5.0,1,0.1135,0.698,0,0.834898,8.368855,4.30567,1,2,1,1,3113.48
case9_fdia_054,case9,fdia,Tier 3 (Strong),0.015739,7.87,54,test,1,477.2778,46.9629,1,10134174.2873,5.0,1,0.2156,0.6298,0,0.831488,8.363457,4.30567,1,2,1,1,3099.01
case9_fdia_055,case9,fdia,Tier 4 (Severe),0.03,15.0,55,test,1,1181.3822,46.9629,1,10134277.5029,5.0,1,1.8695,0.6934,0,0.834668,8.36178,4.30567,1,2,1,1,3134.2
case9_fdia_056,case9,fdia,Tier 1 (Subtle),0.003492,1.75,56,test,1,334.4824,46.9629,1,10134303.738,5.0,1,0.0955,0.6707,0,0.833536,8.359138,4.30567,1,2,1,1,3196.64
case9_fdia_057,case9,fdia,Tier 2 (Moderate),0.00921,4.61,57,test,1,221.4819,46.9629,1,10134319.7017,5.0,1,1.5234,0.7396,0,0.83698,8.360204,4.30567,1,2,1,1,3122.52
case9_fdia_058,case9,fdia,Tier 3 (Strong),0.017367,8.68,58,test,1,569.1948,46.9629,1,10134367.2715,5.0,1,0.1094,0.7148,0,0.835739,8.359923,4.30567,1,2,1,1,3113.26
case9_fdia_059,case9,fdia,Tier 4 (Severe),0.03,15.0,59,test,1,1121.2227,46.9629,1,10134465.0188,5.0,1,0.7026,0.7245,0,0.836226,8.360157,4.30567,1,2,1,1,3142.22
case9_load_shift_000,case9,load_shift,Tier 1 (Subtle),0.009022,2.26,0,test,1,962.9144,46.9629,1,10134548.3764,5.0,1,1.7565,0.7478,0,0.83739,8.361531,4.30567,1,2,1,1,3197.05
case9_load_shift_001,case9,load_shift,Tier 2 (Moderate),0.024582,6.15,1,test,1,689.7916,46.9629,1,10134606.908,5.0,1,0.5153,0.741,0,0.837049,8.362427,4.30567,1,2,1,1,3068.05
case9_load_shift_002,case9,load_shift,Tier 3 (Strong),0.035529,8.88,2,test,1,421.518,46.9629,1,10134641.0543,5.0,1,0.1847,0.6955,0,0.834774,8.360958,4.30567,1,2,1,1,2965.23
case9_load_shift_003,case9,load_shift,Tier 4 (Severe),0.05,12.5,3,test,1,414.9646,46.9629,1,10134674.605,5.0,1,0.7043,0.6864,0,0.834322,8.359185,4.30567,1,2,1,1,2883.53
case9_load_shift_004,case9,load_shift,Tier 1 (Subtle),0.00554,1.39,4,test,1,1128.7159,46.9629,1,10134773.0335,5.0,1,1.8437,0.7713,0,0.838564,8.36183,4.30567,1,2,1,1,2805.29
case9_load_shift_005,case9,load_shift,Tier 2 (Moderate),0.023825,5.96,5,test,1,28.8493,46.9629,0,10134771.4875,5.0,1,0.0834,0.7691,0,0.492032,8.017679,4.30567,1,1,0,1,2939.27
case9_load_shift_006,case9,load_shift,Tier 3 (Strong),0.038556,9.64,6,test,1,250.5291,46.9629,1,10134790.0915,5.0,1,0.5031,0.7789,0,0.838947,8.054858,4.30567,1,2,1,1,2920.14
case9_load_shift_007,case9,load_shift,Tier 4 (Severe),0.05,12.5,7,test,1,303.836,46.9629,1,10134813.541,5.0,1,0.1143,0.7533,0,0.837664,8.087036,4.30567,1,2,1,1,2862.45
case9_load_shift_008,case9,load_shift,Tier 1 (Subtle),0.006695,1.67,8,test,1,1115.9396,46.9629,1,10134910.8081,5.0,1,0.2205,0.6476,0,0.832382,8.110715,4.30567,1,2,1,1,2797.75
case9_load_shift_009,case9,load_shift,Tier 2 (Moderate),0.020267,5.07,9,test,1,11.6235,46.9629,0,10134907.6963,5.0,1,1.3661,0.7021,0,0.396982,7.696625,4.30567,1,1,0,1,2925.22
case9_load_shift_010,case9,load_shift,Tier 3 (Strong),0.03067,7.67,10,test,1,98.8836,46.9629,1,10134912.5162,5.0,1,1.024,0.7201,0,0.836003,7.762965,4.30567,1,2,1,1,2930.67
case9_load_shift_011,case9,load_shift,Tier 4 (Severe),0.05,12.5,11,test,1,440.4894,46.9629,1,10134948.387,5.0,1,0.5817,0.7193,0,0.835966,7.822635,4.30567,1,2,1,1,2894.22
case9_load_shift_012,case9,load_shift,Tier 1 (Subtle),0.00595,1.49,12,test,1,1009.9652,46.9629,1,10135036.0214,5.0,1,0.385,0.6956,0,0.83478,7.875152,4.30567,1,2,1,1,2813.55
case9_load_shift_013,case9,load_shift,Tier 2 (Moderate),0.023888,5.97,13,test,1,34.6733,46.9629,0,10135035.0048,5.0,1,0.6678,0.7233,0,0.520744,7.60838,4.30567,1,1,0,1,2938.94
case9_load_shift_014,case9,load_shift,Tier 3 (Strong),0.03436,8.59,14,test,1,159.0672,46.9629,1,10135045.2952,5.0,1,0.5921,0.7421,0,0.837107,7.68465,4.30567,1,2,1,1,2918.1
case9_load_shift_015,case9,load_shift,Tier 4 (Severe),0.05,12.5,15,test,1,372.9067,46.9629,1,10135075.023,5.0,1,0.064,0.6519,0,0.832594,7.748778,4.30567,1,2,1,1,2870.33
case9_load_shift_016,case9,load_shift,Tier 1 (Subtle),0.00591,1.48,16,test,1,1183.7367,46.9629,1,10135178.4526,5.0,1,1.7095,0.7326,0,0.836628,7.810529,4.30567,1,2,1,1,2797.4
case9_load_shift_017,case9,load_shift,Tier 2 (Moderate),0.020254,5.06,17,test,1,10.0855,46.9629,0,10135175.2011,5.0,1,0.7017,0.6915,0,0.388263,7.417739,4.30567,1,1,0,1,2932.06
case9_load_shift_018,case9,load_shift,Tier 3 (Strong),0.03074,7.69,18,test,1,116.8012,46.9629,1,10135181.6497,5.0,1,0.3157,0.7018,0,0.83509,7.511055,4.30567,1,2,1,1,2933.15
case9_load_shift_019,case9,load_shift,Tier 4 (Severe),0.05,12.5,19,test,1,506.379,46.9629,1,10135223.5096,5.0,1,0.4764,0.6905,0,0.834524,7.594474,4.30567,1,2,1,1,2889.87
case9_load_shift_020,case9,load_shift,Tier 1 (Subtle),0.008215,2.05,20,test,1,995.1127,46.9629,1,10135309.794,5.0,1,1.2082,0.6631,0,0.833154,7.66818,4.30567,1,2,1,1,2806.02
case9_load_shift_021,case9,load_shift,Tier 2 (Moderate),0.018926,4.73,21,test,1,10.0676,46.9629,0,10135306.5408,5.0,1,0.7209,0.6734,0,0.387261,7.288623,4.30567,1,1,0,1,2929.32
case9_load_shift_022,case9,load_shift,Tier 3 (Strong),0.03549,8.87,22,test,1,274.5725,46.9629,1,10135327.3303,5.0,1,1.2359,0.7259,0,0.836296,7.396057,4.30567,1,2,1,1,2934.89
case9_load_shift_023,case9,load_shift,Tier 4 (Severe),0.05,12.5,23,test,1,391.9272,46.9629,1,10135358.7869,5.0,1,0.5867,0.72,0,0.836002,7.492453,4.30567,1,2,1,1,2870.15
case9_load_shift_024,case9,load_shift,Tier 1 (Subtle),0.009083,2.27,24,test,1,1006.396,46.9629,1,10135446.0969,5.0,1,0.665,0.6611,0,0.833055,7.576263,4.30567,1,2,1,1,2796.74
case9_load_shift_025,case9,load_shift,Tier 2 (Moderate),0.019484,4.87,25,test,1,19.0816,46.9629,0,10135443.663,5.0,1,0.5615,0.685,0,0.435828,7.254465,4.30567,1,1,0,1,2918.07
case9_load_shift_026,case9,load_shift,Tier 3 (Strong),0.03643,9.11,26,test,1,243.8163,46.9629,1,10135461.6569,5.0,1,1.5146,0.7356,0,0.836779,7.365797,4.30567,1,2,1,1,2924.44
case9_load_shift_027,case9,load_shift,Tier 4 (Severe),0.05,12.5,27,test,1,346.1946,46.9629,1,10135488.9566,5.0,1,0.9769,0.7787,0,0.838935,7.468153,4.30567,1,2,1,1,2866.18
case9_load_shift_028,case9,load_shift,Tier 1 (Subtle),0.009856,2.46,28,test,1,912.4869,46.9629,1,10135567.7305,5.0,1,0.0336,0.7694,0,0.838468,7.559805,4.30567,1,2,1,1,2794.75
case9_load_shift_029,case9,load_shift,Tier 2 (Moderate),0.020938,5.23,29,test,1,10.0897,46.9629,0,10135564.4793,5.0,1,0.0533,0.7037,0,0.388897,7.192722,4.30567,1,1,0,1,2912.12
case9_load_shift_030,case9,load_shift,Tier 3 (Strong),0.039122,9.78,30,test,1,281.7841,46.9629,1,10135585.9243,5.0,1,0.8754,0.6963,0,0.834815,7.308264,4.30567,1,2,1,1,2922.1
case9_load_shift_031,case9,load_shift,Tier 4 (Severe),0.05,12.5,31,test,1,270.4495,46.9629,1,10135606.3391,5.0,1,0.7424,0.7043,0,0.835216,7.412654,4.30567,1,2,1,1,2857.33
case9_load_shift_032,case9,load_shift,Tier 1 (Subtle),0.007503,1.88,32,test,1,1130.5749,46.9629,1,10135704.9365,5.0,1,0.1121,0.6907,0,0.834534,7.505923,4.30567,1,2,1,1,2793.58
case9_load_shift_033,case9,load_shift,Tier 2 (Moderate),0.021779,5.44,33,test,1,9.438,46.9629,0,10135701.6261,5.0,1,0.1765,0.6661,0,0.383548,7.138878,4.30567,1,1,0,1,2925.93
case9_load_shift_034,case9,load_shift,Tier 3 (Strong),0.032261,8.07,34,test,1,142.3582,46.9629,1,10135710.3977,5.0,1,0.8305,0.678,0,0.833902,7.258892,4.30567,1,2,1,1,2922.86
case9_load_shift_035,case9,load_shift,Tier 4 (Severe),0.05,12.5,35,test,1,358.5034,46.9629,1,10135738.8162,5.0,1,0.1773,0.6837,0,0.834185,7.367188,4.30567,1,2,1,1,2878.01
case9_load_shift_036,case9,load_shift,Tier 1 (Subtle),0.005838,1.46,36,test,1,1094.5939,46.9629,1,10135834.1431,5.0,1,0.2641,0.6114,0,0.830572,7.461041,4.30567,1,2,1,1,2805.73
case9_load_shift_037,case9,load_shift,Tier 2 (Moderate),0.017523,4.38,37,test,1,9.9916,46.9629,0,10135830.883,5.0,1,0.2311,0.5879,0,0.382584,7.09752,4.30567,1,1,0,1,2939.31
case9_load_shift_038,case9,load_shift,Tier 3 (Strong),0.039206,9.8,38,test,1,409.359,46.9629,1,10135863.9242,5.0,1,0.5213,0.5982,0,0.829909,7.217677,4.30567,1,2,1,1,2943.5
case9_load_shift_039,case9,load_shift,Tier 4 (Severe),0.05,12.5,39,test,1,294.3203,46.9629,1,10135886.5087,5.0,1,1.102,0.6295,0,0.831473,7.327383,4.30567,1,2,1,1,2863.91
case9_load_shift_040,case9,load_shift,Tier 1 (Subtle),0.008231,2.06,40,test,1,1060.3058,46.9629,1,10135978.7188,5.0,1,1.04,0.621,0,0.831052,7.425697,4.30567,1,2,1,1,2793.94
case9_load_shift_041,case9,load_shift,Tier 2 (Moderate),0.017287,4.32,41,test,1,25.6793,46.9629,0,10135976.8847,5.0,1,0.3767,0.6038,0,0.466892,7.150019,4.30567,1,1,0,1,2924.4
case9_load_shift_042,case9,load_shift,Tier 3 (Strong),0.036512,9.13,42,test,1,280.3818,46.9629,1,10135998.2022,5.0,1,0.0523,0.5447,0,0.827233,7.26225,4.30567,1,2,1,1,2940.14
case9_load_shift_043,case9,load_shift,Tier 4 (Severe),0.05,12.5,43,test,1,390.6927,46.9629,1,10136029.5467,5.0,1,0.6554,0.5481,0,0.827404,7.363429,4.30567,1,2,1,1,2872.3
case9_load_shift_044,case9,load_shift,Tier 1 (Subtle),0.007317,1.83,44,test,1,1123.9751,46.9629,1,10136127.5442,5.0,1,0.9264,0.5612,0,0.828058,7.455144,4.30567,1,2,1,1,2798.22
case9_load_shift_045,case9,load_shift,Tier 2 (Moderate),0.02444,6.11,45,test,1,27.5668,46.9629,0,10136125.8816,5.0,1,0.5536,0.5608,0,0.474786,7.184415,4.30567,1,1,0,1,2929.45
case9_load_shift_046,case9,load_shift,Tier 3 (Strong),0.035654,8.91,46,test,1,132.66,46.9629,1,10136133.7717,5.0,1,1.5478,0.5624,0,0.828121,7.294095,4.30567,1,2,1,1,2912.86
case9_load_shift_047,case9,load_shift,Tier 4 (Severe),0.05,12.5,47,test,1,381.1756,46.9629,1,10136164.2511,5.0,1,1.3677,0.582,0,0.829098,7.393784,4.30567,1,2,1,1,2868.5
case9_load_shift_048,case9,load_shift,Tier 1 (Subtle),0.006007,1.5,48,test,1,1224.491,46.9629,1,10136271.3852,5.0,1,0.1438,0.5875,0,0.829374,7.483779,4.30567,1,2,1,1,2795.21
case9_load_shift_049,case9,load_shift,Tier 2 (Moderate),0.015257,3.81,49,test,1,23.3625,46.9629,0,10136269.3405,5.0,1,0.6754,0.6186,0,0.455295,7.190696,4.30567,1,1,0,1,2929.52
case9_load_shift_050,case9,load_shift,Tier 3 (Strong),0.030806,7.7,50,test,1,138.6092,46.9629,1,10136277.7713,5.0,1,0.1719,0.5834,0,0.82917,7.300797,4.30567,1,2,1,1,2942.09
case9_load_shift_051,case9,load_shift,Tier 4 (Severe),0.05,12.5,51,test,1,540.1899,46.9629,1,10136322.7046,5.0,1,0.0074,0.5467,0,0.827333,7.39805,4.30567,1,2,1,1,2899.8
case9_load_shift_052,case9,load_shift,Tier 1 (Subtle),0.008096,2.02,52,test,1,938.8291,46.9629,1,10136403.8729,5.0,1,0.0351,0.5428,0,0.82714,7.485385,4.30567,1,2,1,1,2809.16
case9_load_shift_053,case9,load_shift,Tier 2 (Moderate),0.020266,5.07,53,test,1,10.451,46.9629,0,10136400.6546,5.0,1,0.196,0.5438,0,0.382823,7.11967,4.30567,1,1,0,1,2929.43
case9_load_shift_054,case9,load_shift,Tier 3 (Strong),0.031367,7.84,54,test,1,89.9331,46.9629,1,10136404.661,5.0,1,1.3084,0.5677,0,0.807129,7.214832,4.30567,1,2,1,1,2926.75
case9_load_shift_055,case9,load_shift,Tier 4 (Severe),0.05,12.5,55,test,1,451.5728,46.9629,1,10136441.5392,5.0,1,0.5713,0.5874,0,0.829369,7.322717,4.30567,1,2,1,1,2889.66
case9_load_shift_056,case9,load_shift,Tier 1 (Subtle),0.009097,2.27,56,test,1,851.6112,46.9629,1,10136514.7797,5.0,1,0.3805,0.5932,0,0.82966,7.420105,4.30567,1,2,1,1,2808.79
case9_load_shift_057,case9,load_shift,Tier 2 (Moderate),0.017127,4.28,57,test,1,27.4696,46.9629,0,10136513.1083,5.0,1,0.7923,0.6213,0,0.477293,7.155388,4.30567,1,1,0,1,2922.24
case9_load_shift_058,case9,load_shift,Tier 3 (Strong),0.032588,8.15,58,test,1,181.9086,46.9629,1,10136525.4749,5.0,1,1.0216,0.6463,0,0.832314,7.272163,4.30567,1,2,1,1,2936.99
case9_load_shift_059,case9,load_shift,Tier 4 (Severe),0.05,12.5,59,test,1,458.3378,46.9629,1,10136562.9681,5.0,1,0.4809,0.6152,0,0.830761,7.375707,4.30567,1,2,1,1,2889.33
case9_stealth_drift_000,case9,stealth_drift,Tier 1 (Subtle),0.002351,1.18,0,test,1,1640.9739,46.9629,1,10136707.9592,5.0,1,4.5911,0.7928,0,0.839639,7.477775,4.30567,1,2,1,1,2804.61
case9_stealth_drift_001,case9,stealth_drift,Tier 2 (Moderate),0.010235,5.12,1,test,1,488.6142,46.9629,1,10136748.2044,5.0,1,0.3067,0.7893,0,0.839464,7.569462,4.30567,1,2,1,1,2962.83
case9_stealth_drift_002,case9,stealth_drift,Tier 3 (Strong),0.020687,10.34,2,test,1,365.918,46.9629,1,10136777.2969,5.0,1,3.6592,0.9696,0,0.848481,7.660997,4.30567,1,2,1,1,3050.83
case9_stealth_drift_003,case9,stealth_drift,Tier 4 (Severe),0.03328,16.64,3,test,1,383.6606,46.9629,1,10136808.0021,5.0,1,0.0373,0.9387,0,0.846936,7.741833,4.30567,1,2,1,1,3127.93
case9_stealth_drift_004,case9,stealth_drift,Tier 1 (Subtle),0.002594,1.3,4,test,1,452.5305,46.9629,1,10136844.9675,5.0,1,0.0953,0.8972,0,0.844858,7.812508,4.30567,1,2,1,1,3208.16
case9_stealth_drift_005,case9,stealth_drift,Tier 2 (Moderate),0.008941,4.47,5,test,1,19.5926,46.9629,0,10136842.5801,5.0,1,0.5373,0.8963,0,0.449116,7.480373,4.30567,1,1,0,1,3121.79
case9_stealth_drift_006,case9,stealth_drift,Tier 3 (Strong),0.019511,9.76,6,test,1,72.6233,46.9629,1,10136845.013,5.0,1,0.4952,0.8437,0,0.728785,7.46112,4.30567,1,2,1,1,3110.81
case9_stealth_drift_007,case9,stealth_drift,Tier 4 (Severe),0.026526,13.26,7,test,1,134.3713,46.9629,1,10136853.0587,5.0,1,0.4218,0.7964,0,0.839821,7.554829,4.30567,1,2,1,1,3143.7
case9_stealth_drift_008,case9,stealth_drift,Tier 1 (Subtle),0.004734,2.37,8,test,1,264.7464,46.9629,1,10136872.955,5.0,1,2.5176,0.9151,0,0.845756,7.645102,4.30567,1,2,1,1,3188.16
case9_stealth_drift_009,case9,stealth_drift,Tier 2 (Moderate),0.011927,5.96,9,test,1,8.843,46.9629,0,10136869.5905,5.0,1,1.6971,0.9662,0,0.395385,7.275976,4.30567,1,1,0,1,3122.3
case9_stealth_drift_010,case9,stealth_drift,Tier 3 (Strong),0.018761,9.38,10,test,1,54.9573,46.9629,1,10136870.4177,5.0,1,1.2736,1.0213,0,0.643621,7.192,4.30567,1,2,1,1,3127.73
case9_stealth_drift_011,case9,stealth_drift,Tier 4 (Severe),0.025231,12.62,11,test,1,90.0878,46.9629,1,10136874.4381,5.0,1,0.6608,1.054,0,0.832266,7.305066,4.30567,1,2,1,1,3149.79
case9_stealth_drift_012,case9,stealth_drift,Tier 1 (Subtle),0.002262,1.13,12,test,1,361.9666,46.9629,1,10136903.1714,5.0,1,0.2071,1.0626,0,0.853128,7.427687,4.30567,1,2,1,1,3188.51
case9_stealth_drift_013,case9,stealth_drift,Tier 2 (Moderate),0.00961,4.8,13,test,1,16.9903,46.9629,0,10136900.5475,5.0,1,1.9741,1.1515,0,0.448018,7.132937,4.30567,1,1,0,1,3109.23
case9_stealth_drift_014,case9,stealth_drift,Tier 3 (Strong),0.018274,9.14,14,test,1,63.134,46.9629,1,10136902.1179,5.0,1,0.4818,1.1101,0,0.691591,7.111234,4.30567,1,2,1,1,3111.16
case9_stealth_drift_015,case9,stealth_drift,Tier 4 (Severe),0.034921,17.46,15,test,1,371.0898,46.9629,1,10136931.6805,5.0,1,0.0575,1.0844,0,0.854222,7.254332,4.30567,1,2,1,1,3141.45
case9_stealth_drift_016,case9,stealth_drift,Tier 1 (Subtle),0.002477,1.24,16,test,1,555.6193,46.9629,1,10136978.0163,5.0,1,3.4661,1.2387,0,0.861936,7.390835,4.30567,1,2,1,1,3222.27
case9_stealth_drift_017,case9,stealth_drift,Tier 2 (Moderate),0.012541,6.27,17,test,1,12.6632,46.9629,0,10136974.999,5.0,1,0.1817,1.2082,0,0.427821,7.079572,4.30567,1,1,0,1,3126.38
case9_stealth_drift_018,case9,stealth_drift,Tier 3 (Strong),0.01803,9.01,18,test,1,39.1849,46.9629,0,10136974.3925,5.0,1,1.676,1.2409,0,0.570641,6.942256,4.30567,1,1,0,1,3125.14
case9_stealth_drift_019,case9,stealth_drift,Tier 4 (Severe),0.030013,15.01,19,test,1,197.9499,46.9629,1,10136988.2173,5.0,1,0.1276,1.2232,0,0.861162,7.109193,4.30567,1,2,1,1,3146.71
case9_stealth_drift_020,case9,stealth_drift,Tier 1 (Subtle),0.002018,1.01,20,test,1,485.8345,46.9629,1,10137028.2098,5.0,1,0.1215,0.9998,0,0.849989,7.248262,4.30567,1,2,1,1,3203.56
case9_stealth_drift_021,case9,stealth_drift,Tier 2 (Moderate),0.009766,4.88,21,test,1,14.8707,46.9629,0,10137025.3932,5.0,1,0.8949,1.0292,0,0.430621,6.954056,4.30567,1,1,0,1,3113.2
case9_stealth_drift_022,case9,stealth_drift,Tier 3 (Strong),0.016826,8.41,22,test,1,67.1414,46.9629,1,10137027.3279,5.0,1,0.9195,0.8922,0,0.702027,6.960677,4.30567,1,2,1,1,3110.69
case9_stealth_drift_023,case9,stealth_drift,Tier 4 (Severe),0.031984,15.99,23,test,1,296.2316,46.9629,1,10137050.0861,5.0,1,4.0178,1.0912,0,0.854561,7.119171,4.30567,1,2,1,1,3137.63
case9_stealth_drift_024,case9,stealth_drift,Tier 1 (Subtle),0.002272,1.14,24,test,1,504.9887,46.9629,1,10137091.8197,5.0,1,0.5067,1.1118,0,0.855589,7.262843,4.30567,1,2,1,1,3208.05
case9_stealth_drift_025,case9,stealth_drift,Tier 2 (Moderate),0.013677,6.84,25,test,1,16.7776,46.9629,0,10137089.1765,5.0,1,1.3618,1.153,0,0.446963,6.983522,4.30567,1,1,0,1,3116.88
case9_stealth_drift_026,case9,stealth_drift,Tier 3 (Strong),0.018185,9.09,26,test,1,44.0805,46.9629,0,10137089.015,5.0,1,7.9388,1.5252,0,0.610915,6.896085,4.30567,1,1,0,1,3129.04
case9_stealth_drift_027,case9,stealth_drift,Tier 4 (Severe),0.027761,13.88,27,test,1,145.3404,46.9629,1,10137098.0577,5.0,1,0.1809,1.5131,0,0.875657,7.082134,4.30567,1,2,1,1,3151.36
case9_stealth_drift_028,case9,stealth_drift,Tier 1 (Subtle),0.004295,2.15,28,test,1,321.4298,46.9629,1,10137123.1063,5.0,1,7.4638,1.7605,0,0.888023,7.261943,4.30567,1,2,1,1,3199.15
case9_stealth_drift_029,case9,stealth_drift,Tier 2 (Moderate),0.01066,5.33,29,test,1,17.1371,46.9629,0,10137120.4958,5.0,1,1.4341,1.7473,0,0.478592,7.014341,4.30567,1,1,0,1,3126.53
case9_stealth_drift_030,case9,stealth_drift,Tier 3 (Strong),0.018826,9.41,30,test,1,83.174,46.9629,1,10137123.8877,5.0,1,0.8638,1.7268,0,0.829105,7.142012,4.30567,1,2,1,1,3118.37
case9_stealth_drift_031,case9,stealth_drift,Tier 4 (Severe),0.034043,17.02,31,test,1,274.9239,46.9629,1,10137144.7091,5.0,1,0.611,1.7243,0,0.886216,7.314027,4.30567,1,2,1,1,3148.92
case9_stealth_drift_032,case9,stealth_drift,Tier 1 (Subtle),0.003935,1.97,32,test,1,492.5087,46.9629,1,10137185.3083,5.0,1,1.3056,1.7793,0,0.888963,7.471587,4.30567,1,2,1,1,3218.33
case9_stealth_drift_033,case9,stealth_drift,Tier 2 (Moderate),0.011913,5.96,33,test,1,14.2872,46.9629,0,10137182.4387,5.0,1,0.0046,1.6808,0,0.460094,7.184523,4.30567,1,1,0,1,3123.71
case9_stealth_drift_034,case9,stealth_drift,Tier 3 (Strong),0.022619,11.31,34,test,1,130.684,46.9629,1,10137190.1492,5.0,1,0.5647,1.6849,0,0.884246,7.350317,4.30567,1,2,1,1,3125.97
case9_stealth_drift_035,case9,stealth_drift,Tier 4 (Severe),0.029011,14.51,35,test,1,82.3061,46.9629,1,10137193.4623,5.0,1,3.1358,1.8388,0,0.830086,7.445371,4.30567,1,2,1,1,3171.3
case9_stealth_drift_036,case9,stealth_drift,Tier 1 (Subtle),0.003842,1.92,36,test,1,390.545,46.9629,1,10137224.7933,5.0,1,1.1161,1.7213,0,0.886067,7.586901,4.30567,1,2,1,1,3204.81
case9_stealth_drift_037,case9,stealth_drift,Tier 2 (Moderate),0.009874,4.94,37,test,1,11.0604,46.9629,0,10137221.6304,5.0,1,1.0142,1.763,0,0.447026,7.275237,4.30567,1,1,0,1,3124.69
case9_stealth_drift_038,case9,stealth_drift,Tier 3 (Strong),0.017666,8.83,38,test,1,43.801,46.9629,0,10137221.4435,5.0,1,0.085,1.6834,0,0.617338,7.165051,4.30567,1,1,0,1,3122.62
case9_stealth_drift_039,case9,stealth_drift,Tier 4 (Severe),0.031833,15.92,39,test,1,239.3397,46.9629,1,10137239.0304,5.0,1,0.5525,1.7047,0,0.885233,7.333779,4.30567,1,2,1,1,3143.84
case9_stealth_drift_040,case9,stealth_drift,Tier 1 (Subtle),0.004697,2.35,40,test,1,388.1034,46.9629,1,10137270.1395,5.0,1,0.4359,1.7204,0,0.886019,7.486419,4.30567,1,2,1,1,3208.35
case9_stealth_drift_041,case9,stealth_drift,Tier 2 (Moderate),0.009645,4.82,41,test,1,19.5427,46.9629,0,10137267.7476,5.0,1,0.5846,1.7049,0,0.489276,7.227053,4.30567,1,1,0,1,3127.62
case9_stealth_drift_042,case9,stealth_drift,Tier 3 (Strong),0.018246,9.12,42,test,1,78.8067,46.9629,1,10137270.7426,5.0,1,3.0377,1.8108,0,0.810054,7.314402,4.30567,1,2,1,1,3117.67
case9_stealth_drift_043,case9,stealth_drift,Tier 4 (Severe),0.02794,13.97,43,test,1,142.2745,46.9629,1,10137279.5066,5.0,1,5.5134,1.8856,0,0.894278,7.477239,4.30567,1,2,1,1,3147.67
case9_stealth_drift_044,case9,stealth_drift,Tier 1 (Subtle),0.003438,1.72,44,test,1,346.8057,46.9629,1,10137306.8619,5.0,1,2.4131,1.9809,0,0.899044,7.628559,4.30567,1,2,1,1,3192.64
case9_stealth_drift_045,case9,stealth_drift,Tier 2 (Moderate),0.011877,5.94,45,test,1,14.9079,46.9629,0,10137304.0487,5.0,1,0.8129,1.9534,0,0.477032,7.342735,4.30567,1,1,0,1,3119.61
case9_stealth_drift_046,case9,stealth_drift,Tier 3 (Strong),0.021138,10.57,46,test,1,97.0881,46.9629,1,10137308.7054,5.0,1,1.9473,1.6539,0,0.882693,7.491154,4.30567,1,2,1,1,3119.56
case9_stealth_drift_047,case9,stealth_drift,Tier 4 (Severe),0.027072,13.54,47,test,1,94.4888,46.9629,1,10137313.1259,5.0,1,1.0517,1.6974,0,0.88487,7.626908,4.30567,1,2,1,1,3161.25
case9_stealth_drift_048,case9,stealth_drift,Tier 1 (Subtle),0.003615,1.81,48,test,1,432.7899,46.9629,1,10137348.2968,5.0,1,1.2084,1.3846,0,0.869231,7.733449,4.30567,1,2,1,1,3198.55
case9_stealth_drift_049,case9,stealth_drift,Tier 2 (Moderate),0.008303,4.15,49,test,1,17.0183,46.9629,0,10137345.6754,5.0,1,0.1739,1.3216,0,0.456675,7.416779,4.30567,1,1,0,1,3110.66
case9_stealth_drift_050,case9,stealth_drift,Tier 3 (Strong),0.016331,8.17,50,test,1,64.064,46.9629,1,10137347.3304,5.0,1,2.3052,1.3937,0,0.710719,7.38582,4.30567,1,2,1,1,3101.84
case9_stealth_drift_051,case9,stealth_drift,Tier 4 (Severe),0.02981,14.9,51,test,1,265.2189,46.9629,1,10137367.2696,5.0,1,0.3861,1.3824,0,0.869122,7.51636,4.30567,1,2,1,1,3134.17
case9_stealth_drift_052,case9,stealth_drift,Tier 1 (Subtle),0.004281,2.14,52,test,1,370.0077,46.9629,1,10137396.7339,5.0,1,1.3284,1.3836,0,0.869179,7.633903,4.30567,1,2,1,1,3196.48
case9_stealth_drift_053,case9,stealth_drift,Tier 2 (Moderate),0.008734,4.37,53,test,1,15.1147,46.9629,0,10137393.9395,5.0,1,1.4019,1.4534,0,0.453133,7.323645,4.30567,1,1,0,1,3118.18
case9_stealth_drift_054,case9,stealth_drift,Tier 3 (Strong),0.022854,11.43,54,test,1,204.4589,46.9629,1,10137408.3559,5.0,1,0.6128,1.4558,0,0.872792,7.464073,4.30567,1,2,1,1,3107.87
case9_stealth_drift_055,case9,stealth_drift,Tier 4 (Severe),0.027875,13.94,55,test,1,74.8768,46.9629,1,10137410.9936,5.0,1,0.7526,1.3367,0,0.765429,7.483095,4.30567,1,2,1,1,3167.67
case9_stealth_drift_056,case9,stealth_drift,Tier 1 (Subtle),0.004339,2.17,56,test,1,355.9498,46.9629,1,10137439.1801,5.0,1,0.2226,1.292,0,0.8646,7.599386,4.30567,1,2,1,1,3202.26
case9_stealth_drift_057,case9,stealth_drift,Tier 2 (Moderate),0.010539,5.27,57,test,1,10.8178,46.9629,0,10137435.9951,5.0,1,0.2372,1.2532,0,0.420245,7.259692,4.30567,1,1,0,1,3125.42
case9_stealth_drift_058,case9,stealth_drift,Tier 3 (Strong),0.021337,10.67,58,test,1,110.2904,46.9629,1,10137441.8519,5.0,1,0.083,1.2531,0,0.862653,7.396376,4.30567,1,2,1,1,3121.76
case9_stealth_drift_059,case9,stealth_drift,Tier 4 (Severe),0.030314,15.16,59,test,1,130.801,46.9629,1,10137449.573,5.0,1,0.1457,1.2327,0,0.861636,7.518375,4.30567,1,2,1,1,3161.87
case14_baseline_000,case14,baseline,Tier 0 (Benign),0.0,0.0,0,test,0,59.3587,66.2062,0,0.0,5.0,0,0.6032,0.6032,0,0.254304,0.254304,4.381372,0,0,0,0,3804.29
case14_baseline_001,case14,baseline,Tier 0 (Benign),0.0,0.0,1,test,0,33.3654,66.2062,0,0.0,5.0,0,1.0317,0.8175,0,0.166863,0.395736,4.381372,0,0,0,0,3807.72
case14_baseline_002,case14,baseline,Tier 0 (Benign),0.0,0.0,2,test,0,78.2788,66.2062,1,1.054,5.0,0,1.4427,1.0259,0,0.3785,0.734663,4.381372,0,1,0,1,3798.43
case14_baseline_003,case14,baseline,Tier 0 (Benign),0.0,0.0,3,test,0,76.5541,66.2062,1,1.9685,5.0,0,0.7065,0.946,0,0.395431,1.056627,4.381372,0,1,0,1,3827.25
case14_baseline_004,case14,baseline,Tier 0 (Benign),0.0,0.0,4,test,0,70.4245,66.2062,1,2.3874,5.0,0,0.4556,0.848,0,0.379947,1.330911,4.381372,0,1,0,1,3785.47
case14_baseline_005,case14,baseline,Tier 0 (Benign),0.0,0.0,5,test,0,65.9538,66.2062,0,2.4448,5.0,0,0.1854,0.7375,0,0.359267,1.557087,4.381372,0,0,0,0,3797.91
case14_baseline_006,case14,baseline,Tier 0 (Benign),0.0,0.0,6,test,0,45.3922,66.2062,0,0.8397,5.0,0,0.0901,0.645,0,0.228846,1.630225,4.381372,0,0,0,0,3823.49
case14_baseline_007,case14,baseline,Tier 0 (Benign),0.0,0.0,7,test,0,56.5237,66.2062,0,0.1346,5.0,0,0.3161,0.6039,0,0.247672,1.714874,4.381372,0,0,0,0,3790.71
case14_baseline_008,case14,baseline,Tier 0 (Benign),0.0,0.0,8,test,0,53.368,66.2062,0,0.0,5.0,0,0.5388,0.5967,0,0.231356,1.774742,4.381372,0,0,0,0,3829.72
case14_baseline_009,case14,baseline,Tier 0 (Benign),0.0,0.0,9,test,0,85.141,66.2062,1,1.6088,5.0,0,0.5808,0.5951,0,0.399518,1.996786,4.381372,0,1,0,1,3834.23
case14_baseline_010,case14,baseline,Tier 0 (Benign),0.0,0.0,10,test,0,57.3377,66.2062,0,0.9695,5.0,0,1.5163,0.6788,0,0.27954,2.076647,4.381372,0,0,0,0,3804.28
case14_baseline_011,case14,baseline,Tier 0 (Benign),0.0,0.0,11,test,0,46.6464,66.2062,0,0.0,5.0,0,0.4609,0.6607,0,0.209174,2.078157,4.381372,0,0,0,0,3805.67
case14_baseline_012,case14,baseline,Tier 0 (Benign),0.0,0.0,12,test,0,46.818,66.2062,0,0.0,5.0,0,0.0293,0.6121,0,0.207394,2.077736,4.381372,0,0,0,0,3805.87
case14_baseline_013,case14,baseline,Tier 0 (Benign),0.0,0.0,13,test,0,47.8215,66.2062,0,0.0,5.0,0,0.4634,0.6015,0,0.210652,2.080614,4.381372,0,0,0,0,3820.42
case14_baseline_014,case14,baseline,Tier 0 (Benign),0.0,0.0,14,test,0,69.1153,66.2062,1,0.313,5.0,0,0.2833,0.5803,0,0.29939,2.171942,4.381372,0,1,0,1,3819.51
case14_baseline_015,case14,baseline,Tier 0 (Benign),0.0,0.0,15,test,0,67.5492,66.2062,1,0.4994,5.0,0,1.8662,0.6606,0,0.303087,2.257835,4.381372,0,1,0,1,3825.43
case14_baseline_016,case14,baseline,Tier 0 (Benign),0.0,0.0,16,test,0,61.8074,66.2062,0,0.2216,5.0,0,1.6628,0.7196,0,0.276017,2.308068,4.381372,0,0,0,0,3800.33
case14_baseline_017,case14,baseline,Tier 0 (Benign),0.0,0.0,17,test,0,61.7964,66.2062,0,0.0,5.0,0,1.2118,0.7469,0,0.270695,2.347957,4.381372,0,0,0,0,3837.24
case14_baseline_018,case14,baseline,Tier 0 (Benign),0.0,0.0,18,test,0,57.2757,66.2062,0,0.0,5.0,0,1.0707,0.764,0,0.254477,2.367638,4.381372,0,0,0,0,3808.07
case14_baseline_019,case14,baseline,Tier 0 (Benign),0.0,0.0,19,test,0,93.2437,66.2062,1,2.2639,5.0,0,0.1296,0.7323,0,0.456627,2.587501,4.381372,0,1,0,1,3796.18
case14_baseline_020,case14,baseline,Tier 0 (Benign),0.0,0.0,20,test,0,61.8434,66.2062,0,1.989,5.0,0,0.392,0.7217,0,0.329281,2.658032,4.381372,0,0,0,0,3824.4
case14_baseline_021,case14,baseline,Tier 0 (Benign),0.0,0.0,21,test,0,60.5001,66.2062,0,1.6055,5.0,0,0.1146,0.6758,0,0.310409,2.702638,4.381372,0,0,0,0,3819.43
case14_baseline_022,case14,baseline,Tier 0 (Benign),0.0,0.0,22,test,0,56.6935,66.2062,0,0.9141,5.0,0,2.6403,0.7357,0,0.278289,2.710663,4.381372,0,0,0,0,3821.75
case14_baseline_023,case14,baseline,Tier 0 (Benign),0.0,0.0,23,test,0,50.9309,66.2062,0,0.0,5.0,0,0.0045,0.7006,0,0.22735,2.666947,4.381372,0,0,0,0,3818.94
case14_baseline_024,case14,baseline,Tier 0 (Benign),0.0,0.0,24,test,0,54.6929,66.2062,0,0.0,5.0,0,0.9286,0.7243,0,0.242738,2.642991,4.381372,0,0,0,0,3828.89
case14_baseline_025,case14,baseline,Tier 0 (Benign),0.0,0.0,25,test,0,58.3945,66.2062,0,0.0,5.0,0,1.5271,0.7914,0,0.26007,2.638762,4.381372,0,0,0,0,3802.66
case14_baseline_026,case14,baseline,Tier 0 (Benign),0.0,0.0,26,test,0,47.4736,66.2062,0,0.0,5.0,0,0.0781,0.7908,0,0.218802,2.593687,4.381372,0,0,0,0,3832.51
case14_baseline_027,case14,baseline,Tier 0 (Benign),0.0,0.0,27,test,0,60.0632,66.2062,0,0.0,5.0,0,0.6093,0.8054,0,0.267074,2.601393,4.381372,0,0,0,0,3797.48
case14_baseline_028,case14,baseline,Tier 0 (Benign),0.0,0.0,28,test,0,58.9328,66.2062,0,0.0,5.0,0,0.167,0.7868,0,0.261876,2.60313,4.381372,0,0,0,0,3814.15
case14_baseline_029,case14,baseline,Tier 0 (Benign),0.0,0.0,29,test,0,64.4342,66.2062,0,0.0,5.0,0,0.875,0.8015,0,0.283385,2.626202,4.381372,0,0,0,0,3812.92
case14_baseline_030,case14,baseline,Tier 0 (Benign),0.0,0.0,30,test,0,66.0066,66.2062,0,0.0617,5.0,0,1.6868,0.8101,0,0.2916,2.655182,4.381372,0,0,0,0,3799.67
case14_baseline_031,case14,baseline,Tier 0 (Benign),0.0,0.0,31,test,0,68.4193,66.2062,1,0.3184,5.0,0,0.8142,0.8277,0,0.309297,2.69896,4.381372,0,1,0,1,3795.51
case14_baseline_032,case14,baseline,Tier 0 (Benign),0.0,0.0,32,test,0,80.3671,66.2062,1,1.5412,5.0,0,0.869,0.8697,0,0.393196,2.82226,4.381372,0,1,0,1,3819.89
case14_baseline_033,case14,baseline,Tier 0 (Benign),0.0,0.0,33,test,0,63.1623,66.2062,0,1.373,5.0,0,1.9815,0.9456,0,0.326976,2.86701,4.381372,0,0,0,0,3826.39
case14_baseline_034,case14,baseline,Tier 0 (Benign),0.0,0.0,34,test,0,56.6225,66.2062,0,0.6759,5.0,0,0.2991,0.9464,0,0.281408,2.861717,4.381372,0,0,0,0,3806.96
case14_baseline_035,case14,baseline,Tier 0 (Benign),0.0,0.0,35,test,0,75.458,66.2062,1,1.5018,5.0,0,2.5077,0.9785,0,0.378912,2.954458,4.381372,0,1,0,1,3793.96
case14_baseline_036,case14,baseline,Tier 0 (Benign),0.0,0.0,36,test,0,37.363,66.2062,0,0.0,5.0,0,1.3149,0.9611,0,0.18914,2.848152,4.381372,0,0,0,0,3798.24
case14_baseline_037,case14,baseline,Tier 0 (Benign),0.0,0.0,37,test,0,61.131,66.2062,0,0.0,5.0,0,0.6658,0.9338,0,0.277525,2.840862,4.381372,0,0,0,0,3807.09
case14_baseline_038,case14,baseline,Tier 0 (Benign),0.0,0.0,38,test,0,87.8656,66.2062,1,1.8291,5.0,0,0.9866,0.9296,0,0.43314,2.989916,4.381372,0,1,0,1,3804.23
case14_baseline_039,case14,baseline,Tier 0 (Benign),0.0,0.0,39,test,0,74.8311,66.2062,1,2.6043,5.0,0,2.6702,1.0566,0,0.413528,3.104452,4.381372,0,1,0,1,3809.11
case14_baseline_040,case14,baseline,Tier 0 (Benign),0.0,0.0,40,test,0,72.2494,66.2062,1,3.1707,5.0,0,1.013,1.0877,0,0.422325,3.216332,4.381372,0,1,0,1,3801.77
case14_baseline_041,case14,baseline,Tier 0 (Benign),0.0,0.0,41,test,0,46.7093,66.2062,0,1.6721,5.0,0,0.3001,1.0969,0,0.281389,3.176087,4.381372,0,0,0,0,3799.91
case14_baseline_042,case14,baseline,Tier 0 (Benign),0.0,0.0,42,test,0,66.4102,66.2062,1,1.7664,5.0,0,1.8134,1.0556,0,0.356543,3.215022,4.381372,0,1,0,1,3804.5
case14_baseline_043,case14,baseline,Tier 0 (Benign),0.0,0.0,43,test,0,53.5568,66.2062,0,0.8215,5.0,0,2.1237,1.1616,0,0.284957,3.178477,4.381372,0,0,0,0,3814.6
case14_baseline_044,case14,baseline,Tier 0 (Benign),0.0,0.0,44,test,0,48.921,66.2062,0,0.0,5.0,0,0.5152,1.1409,0,0.241774,3.102404,4.381372,0,0,0,0,3799.19
case14_baseline_045,case14,baseline,Tier 0 (Benign),0.0,0.0,45,test,0,68.5628,66.2062,1,0.2684,5.0,0,2.0317,1.1661,0,0.325255,3.117418,4.381372,0,1,0,1,3814.27
case14_baseline_046,case14,baseline,Tier 0 (Benign),0.0,0.0,46,test,0,56.3013,66.2062,0,0.0,5.0,0,0.123,1.1684,0,0.271017,3.076693,4.381372,0,0,0,0,3804.66
case14_baseline_047,case14,baseline,Tier 0 (Benign),0.0,0.0,47,test,0,76.3205,66.2062,1,0.8956,5.0,0,0.6704,1.1714,0,0.373632,3.142655,4.381372,0,1,0,1,3812.3
case14_baseline_048,case14,baseline,Tier 0 (Benign),0.0,0.0,48,test,0,57.2676,66.2062,0,0.2507,5.0,0,0.9663,1.2114,0,0.284337,3.112727,4.381372,0,0,0,0,3818.05
case14_baseline_049,case14,baseline,Tier 0 (Benign),0.0,0.0,49,test,0,55.6786,66.2062,0,0.0,5.0,0,2.0731,1.2713,0,0.273812,3.075266,4.381372,0,0,0,0,3811.77
case14_baseline_050,case14,baseline,Tier 0 (Benign),0.0,0.0,50,test,0,72.68,66.2062,1,0.6013,5.0,0,0.298,1.2019,0,0.352576,3.120316,4.381372,0,1,0,1,3817.93
case14_baseline_051,case14,baseline,Tier 0 (Benign),0.0,0.0,51,test,0,49.3885,66.2062,0,0.0,5.0,0,0.8914,1.2057,0,0.246781,3.055065,4.381372,0,0,0,0,3774.79
case14_baseline_052,case14,baseline,Tier 0 (Benign),0.0,0.0,52,test,0,47.5916,66.2062,0,0.0,5.0,0,0.7041,1.1975,0,0.239583,2.989142,4.381372,0,0,0,0,3803.02
case14_baseline_053,case14,baseline,Tier 0 (Benign),0.0,0.0,53,test,0,33.9259,66.2062,0,0.0,5.0,0,0.7996,1.1384,0,0.185026,2.875253,4.381372,0,0,0,0,3796.85
case14_baseline_054,case14,baseline,Tier 0 (Benign),0.0,0.0,54,test,0,55.9634,66.2062,0,0.0,5.0,0,1.2135,1.1841,0,0.270527,2.858255,4.381372,0,0,0,0,3809.19
case14_baseline_055,case14,baseline,Tier 0 (Benign),0.0,0.0,55,test,0,61.1036,66.2062,0,0.0,5.0,0,1.2741,1.1224,0,0.286853,2.859282,4.381372,0,0,0,0,3831.47
case14_baseline_056,case14,baseline,Tier 0 (Benign),0.0,0.0,56,test,0,65.5356,66.2062,0,0.0236,5.0,0,0.0585,1.0596,0,0.301155,2.874509,4.381372,0,0,0,0,3816.4
case14_baseline_057,case14,baseline,Tier 0 (Benign),0.0,0.0,57,test,0,54.1365,66.2062,0,0.0,5.0,0,0.7884,1.0657,0,0.25771,2.844768,4.381372,0,0,0,0,3800.86
case14_baseline_058,case14,baseline,Tier 0 (Benign),0.0,0.0,58,test,0,57.3069,66.2062,0,0.0,5.0,0,1.8028,1.1065,0,0.271722,2.832013,4.381372,0,0,0,0,3817.57
case14_baseline_059,case14,baseline,Tier 0 (Benign),0.0,0.0,59,test,0,65.5643,66.2062,0,0.0259,5.0,0,2.532,1.0996,0,0.303334,2.852146,4.381372,0,0,0,0,3810.21
case14_branch_outage_000,case14,branch_outage,Tier 1 (Subtle),0.0025,1.25,0,test,1,73.3333,66.2062,1,0.68,5.0,0,0.7086,1.0844,0,0.351532,2.918464,4.381372,0,1,0,1,3816.32
case14_branch_outage_001,case14,branch_outage,Tier 2 (Moderate),0.005,2.5,1,test,1,264.1836,66.2062,1,16.7654,5.0,1,0.1982,1.0793,0,0.853965,3.480583,4.381372,0,2,1,1,3777.01
case14_branch_outage_002,case14,branch_outage,Tier 3 (Strong),0.008,4.0,2,test,1,414.8691,66.2062,1,45.0345,5.0,1,1.0541,1.0413,0,0.852067,3.984591,4.381372,0,2,1,1,3807.95
case14_branch_outage_003,case14,branch_outage,Tier 4 (Severe),0.012,6.0,3,test,1,1876.4125,66.2062,1,191.4774,5.0,1,0.7218,0.9712,0,0.848562,4.434694,4.381372,1,2,1,1,3870.67
case14_branch_outage_004,case14,branch_outage,Tier 1 (Subtle),0.0025,1.25,4,test,1,1087.5537,66.2062,1,274.1367,5.0,1,1.0672,0.9988,0,0.849942,4.841166,4.381372,1,2,1,1,3884.0
case14_branch_outage_005,case14,branch_outage,Tier 2 (Moderate),0.005,2.5,5,test,1,160.2184,66.2062,1,281.8159,5.0,1,0.4081,0.9177,0,0.845883,5.202933,4.381372,1,2,1,1,3823.77
case14_branch_outage_006,case14,branch_outage,Tier 3 (Strong),0.008,4.0,6,test,1,327.7393,66.2062,1,303.0401,5.0,1,1.7832,1.0007,0,0.850033,5.532673,4.381372,1,2,1,1,3824.62
case14_branch_outage_007,case14,branch_outage,Tier 4 (Severe),0.012,6.0,7,test,1,1090.3372,66.2062,1,385.9245,5.0,1,1.0185,1.0181,0,0.850903,5.830309,4.381372,1,2,1,1,3744.55
case14_branch_outage_008,case14,branch_outage,Tier 1 (Subtle),0.0025,1.25,8,test,1,611.9125,66.2062,1,430.1256,5.0,1,1.8149,1.0605,0,0.853025,6.100303,4.381372,1,2,1,1,3852.75
case14_branch_outage_009,case14,branch_outage,Tier 2 (Moderate),0.005,2.5,9,test,1,265.1474,66.2062,1,446.2889,5.0,1,0.3973,0.9767,0,0.848835,6.339107,4.381372,1,2,1,1,3835.37
case14_branch_outage_010,case14,branch_outage,Tier 3 (Strong),0.008,4.0,10,test,1,492.1405,66.2062,1,480.8059,5.0,1,1.2951,1.0266,0,0.851328,6.556524,4.381372,1,2,1,1,3811.31
case14_branch_outage_011,case14,branch_outage,Tier 4 (Severe),0.012,6.0,11,test,1,975.6899,66.2062,1,554.4204,5.0,1,1.0589,1.0349,0,0.851746,6.752618,4.381372,1,2,1,1,3824.97
case14_branch_outage_012,case14,branch_outage,Tier 1 (Subtle),0.0025,1.25,12,test,1,606.4315,66.2062,1,598.1784,5.0,1,0.0915,1.0043,0,0.850215,6.927571,4.381372,1,2,1,1,3767.37
case14_branch_outage_013,case14,branch_outage,Tier 2 (Moderate),0.005,2.5,13,test,1,168.739,66.2062,1,606.5465,5.0,1,0.4233,0.9855,0,0.849274,7.084088,4.381372,1,2,1,1,3792.25
case14_branch_outage_014,case14,branch_outage,Tier 3 (Strong),0.008,4.0,14,test,1,584.2459,66.2062,1,648.5107,5.0,1,0.5758,0.9536,0,0.84768,7.22336,4.381372,1,2,1,1,3837.42
case14_branch_outage_015,case14,branch_outage,Tier 4 (Severe),0.012,6.0,15,test,1,1646.5696,66.2062,1,776.3695,5.0,1,1.4028,0.96,0,0.848002,7.349025,4.381372,1,2,1,1,3765.0
case14_branch_outage_016,case14,branch_outage,Tier 1 (Subtle),0.0025,1.25,16,test,1,1111.8402,66.2062,1,860.9926,5.0,1,1.7677,1.0455,0,0.852275,7.466398,4.381372,1,2,1,1,3773.25
case14_branch_outage_017,case14,branch_outage,Tier 2 (Moderate),0.005,2.5,17,test,1,214.1759,66.2062,1,873.0345,5.0,1,1.3881,1.0755,0,0.853774,7.573532,4.381372,1,2,1,1,3799.23
case14_branch_outage_018,case14,branch_outage,Tier 3 (Strong),0.008,4.0,18,test,1,731.7586,66.2062,1,926.9259,5.0,1,0.6836,1.0195,0,0.850976,7.667155,4.381372,1,2,1,1,3843.69
case14_branch_outage_019,case14,branch_outage,Tier 4 (Severe),0.012,6.0,19,test,1,1186.4594,66.2062,1,1017.5823,5.0,1,0.9692,0.9414,0,0.847069,7.747508,4.381372,1,2,1,1,3778.2
case14_branch_outage_020,case14,branch_outage,Tier 1 (Subtle),0.0025,1.25,20,test,1,776.7233,66.2062,1,1075.1093,5.0,1,1.0154,0.9567,0,0.847836,7.820594,4.381372,1,2,1,1,3864.37
case14_branch_outage_021,case14,branch_outage,Tier 2 (Moderate),0.005,2.5,21,test,1,242.8027,66.2062,1,1089.4659,5.0,1,3.5455,1.1241,0,0.856204,7.894739,4.381372,1,2,1,1,3804.4
case14_branch_outage_022,case14,branch_outage,Tier 3 (Strong),0.008,4.0,22,test,1,457.0397,66.2062,1,1121.1447,5.0,1,0.2683,1.0848,0,0.85424,7.959505,4.381372,1,2,1,1,3854.72
case14_branch_outage_023,case14,branch_outage,Tier 4 (Severe),0.012,6.0,23,test,1,1284.3158,66.2062,1,1219.7134,5.0,1,0.1464,1.056,0,0.852801,8.016355,4.381372,1,2,1,1,3859.63
case14_branch_outage_024,case14,branch_outage,Tier 1 (Subtle),0.0025,1.25,24,test,1,995.8218,66.2062,1,1294.9557,5.0,1,0.6384,1.0346,0,0.851729,8.066449,4.381372,1,2,1,1,3664.05
case14_branch_outage_025,case14,branch_outage,Tier 2 (Moderate),0.005,2.5,25,test,1,196.8022,66.2062,1,1305.5929,5.0,1,1.3938,1.0839,0,0.854194,8.113998,4.381372,1,2,1,1,3842.02
case14_branch_outage_026,case14,branch_outage,Tier 3 (Strong),0.008,4.0,26,test,1,762.9337,66.2062,1,1362.0049,5.0,1,1.877,1.0886,0,0.854428,8.157026,4.381372,1,2,1,1,3779.58
case14_branch_outage_027,case14,branch_outage,Tier 4 (Severe),0.012,6.0,27,test,1,2660.1558,66.2062,1,1571.8177,5.0,1,0.7664,1.076,0,0.853798,8.195122,4.381372,1,2,1,1,3928.05
case14_branch_outage_028,case14,branch_outage,Tier 1 (Subtle),0.0025,1.25,28,test,1,1493.8593,66.2062,1,1687.3291,5.0,1,0.3995,1.0052,0,0.85026,8.225869,4.381372,1,2,1,1,3716.29
case14_branch_outage_029,case14,branch_outage,Tier 2 (Moderate),0.005,2.5,29,test,1,284.3443,66.2062,1,1705.0445,5.0,1,0.1204,0.9913,0,0.849567,8.25285,4.381372,1,2,1,1,3828.46
case14_branch_outage_030,case14,branch_outage,Tier 3 (Strong),0.008,4.0,30,test,1,559.9542,66.2062,1,1745.0446,5.0,1,1.1522,0.9842,0,0.84921,8.276775,4.381372,1,2,1,1,3827.9
case14_branch_outage_031,case14,branch_outage,Tier 4 (Severe),0.012,6.0,31,test,1,1775.0884,66.2062,1,1883.2948,5.0,1,0.7513,0.9688,0,0.848441,8.297539,4.381372,1,2,1,1,3861.6
case14_branch_outage_032,case14,branch_outage,Tier 1 (Subtle),0.0025,1.25,32,test,1,1273.0899,66.2062,1,1980.9558,5.0,1,0.0142,0.965,0,0.848248,8.316033,4.381372,1,2,1,1,3871.2
case14_branch_outage_033,case14,branch_outage,Tier 2 (Moderate),0.005,2.5,33,test,1,208.0796,66.2062,1,1992.5048,5.0,1,0.1269,0.9501,0,0.847507,8.331936,4.381372,1,2,1,1,3838.57
case14_branch_outage_034,case14,branch_outage,Tier 3 (Strong),0.008,4.0,34,test,1,941.9507,66.2062,1,2063.3914,5.0,1,0.9581,0.9693,0,0.848463,8.347205,4.381372,1,2,1,1,3802.18
case14_branch_outage_035,case14,branch_outage,Tier 4 (Severe),0.012,6.0,35,test,1,1281.2544,66.2062,1,2161.7125,5.0,1,0.0193,0.9001,0,0.845004,8.357488,4.381372,1,2,1,1,3856.52
case14_branch_outage_036,case14,branch_outage,Tier 1 (Subtle),0.0025,1.25,36,test,1,866.5839,66.2062,1,2226.5052,5.0,1,0.3772,0.8306,0,0.841528,8.363267,4.381372,1,2,1,1,3832.48
case14_branch_outage_037,case14,branch_outage,Tier 2 (Moderate),0.005,2.5,37,test,1,240.3821,66.2062,1,2240.6661,5.0,1,0.3859,0.7804,0,0.839022,8.365962,4.381372,1,2,1,1,3834.81
case14_branch_outage_038,case14,branch_outage,Tier 3 (Strong),0.008,4.0,38,test,1,765.5301,66.2062,1,2297.288,5.0,1,1.3805,0.8153,0,0.840764,8.37013,4.381372,1,2,1,1,3755.89
case14_branch_outage_039,case14,branch_outage,Tier 4 (Severe),0.012,6.0,39,test,1,1535.1298,66.2062,1,2416.1363,5.0,1,2.0736,0.8705,0,0.843525,8.376642,4.381372,1,2,1,1,3847.68
case14_branch_outage_040,case14,branch_outage,Tier 1 (Subtle),0.0025,1.25,40,test,1,956.1694,66.2062,1,2488.1725,5.0,1,0.9561,0.8675,0,0.843377,8.382355,4.381372,1,2,1,1,3862.82
case14_branch_outage_041,case14,branch_outage,Tier 2 (Moderate),0.005,2.5,41,test,1,306.5374,66.2062,1,2507.6824,5.0,1,1.0986,0.7452,0,0.83726,8.381379,4.381372,1,2,1,1,3807.47
case14_branch_outage_042,case14,branch_outage,Tier 3 (Strong),0.008,4.0,42,test,1,528.3675,66.2062,1,2545.1285,5.0,1,0.7505,0.7693,0,0.838465,8.381706,4.381372,1,2,1,1,3808.25
case14_branch_outage_043,case14,branch_outage,Tier 4 (Severe),0.012,6.0,43,test,1,883.9924,66.2062,1,2611.3288,5.0,1,0.7693,0.8004,0,0.840022,8.383558,4.381372,1,2,1,1,3832.77
case14_branch_outage_044,case14,branch_outage,Tier 1 (Subtle),0.0025,1.25,44,test,1,432.2291,66.2062,1,2641.0016,5.0,1,0.1106,0.7741,0,0.838703,8.383905,4.381372,1,2,1,1,3767.88
case14_branch_outage_045,case14,branch_outage,Tier 2 (Moderate),0.005,2.5,45,test,1,309.6638,66.2062,1,2660.7643,5.0,1,0.1435,0.7115,0,0.835577,8.381091,4.381372,1,2,1,1,3756.91
case14_branch_outage_046,case14,branch_outage,Tier 3 (Strong),0.008,4.0,46,test,1,348.5883,66.2062,1,2683.6742,5.0,1,0.9052,0.663,0,0.833148,8.37613,4.381372,1,2,1,1,3858.98
case14_branch_outage_047,case14,branch_outage,Tier 4 (Severe),0.012,6.0,47,test,1,1267.2494,66.2062,1,2780.8629,5.0,1,0.4789,0.6486,0,0.832429,8.370946,4.381372,1,2,1,1,3756.49
case14_branch_outage_048,case14,branch_outage,Tier 1 (Subtle),0.0025,1.25,48,test,1,904.4235,66.2062,1,2848.7152,5.0,1,2.0596,0.7316,0,0.836579,8.37043,4.381372,1,2,1,1,3704.4
case14_branch_outage_049,case14,branch_outage,Tier 2 (Moderate),0.005,2.5,49,test,1,236.3504,66.2062,1,2862.5501,5.0,1,1.7259,0.8119,0,0.840593,8.37398,4.381372,1,2,1,1,3822.14
case14_branch_outage_050,case14,branch_outage,Tier 3 (Strong),0.008,4.0,50,test,1,947.1175,66.2062,1,2933.8544,5.0,1,0.3717,0.7728,0,0.838641,8.375224,4.381372,1,2,1,1,3886.71
case14_branch_outage_051,case14,branch_outage,Tier 4 (Severe),0.012,6.0,51,test,1,1018.1643,66.2062,1,3010.9032,5.0,1,0.5989,0.7652,0,0.83826,8.375962,4.381372,1,2,1,1,3829.6
case14_branch_outage_052,case14,branch_outage,Tier 1 (Subtle),0.0025,1.25,52,test,1,767.0255,66.2062,1,3067.6461,5.0,1,1.5517,0.8421,0,0.842104,8.38047,4.381372,1,2,1,1,3838.12
case14_branch_outage_053,case14,branch_outage,Tier 2 (Moderate),0.005,2.5,53,test,1,193.2024,66.2062,1,3077.9923,5.0,1,0.8257,0.877,0,0.843851,8.386274,4.381372,1,2,1,1,3810.23
case14_branch_outage_054,case14,branch_outage,Tier 3 (Strong),0.008,4.0,54,test,1,581.6855,66.2062,1,3119.7494,5.0,1,0.5457,0.8564,0,0.84282,8.390467,4.381372,1,2,1,1,3835.43
case14_branch_outage_055,case14,branch_outage,Tier 4 (Severe),0.012,6.0,55,test,1,837.1699,66.2062,1,3182.1638,5.0,1,1.0794,0.9094,0,0.845471,8.396891,4.381372,1,2,1,1,3799.64
case14_branch_outage_056,case14,branch_outage,Tier 1 (Subtle),0.0025,1.25,56,test,1,594.6318,66.2062,1,3224.9677,5.0,1,1.449,0.963,0,0.84815,8.405352,4.381372,1,2,1,1,3930.2
case14_branch_outage_057,case14,branch_outage,Tier 2 (Moderate),0.005,2.5,57,test,1,208.2199,66.2062,1,3236.5281,5.0,1,2.1286,1.0501,0,0.852507,8.417323,4.381372,1,2,1,1,3786.11
case14_branch_outage_058,case14,branch_outage,Tier 3 (Strong),0.008,4.0,58,test,1,720.3935,66.2062,1,3289.5006,5.0,1,0.5335,1.0078,0,0.850389,8.42598,4.381372,1,2,1,1,3816.8
case14_branch_outage_059,case14,branch_outage,Tier 4 (Severe),0.012,6.0,59,test,1,1406.0898,66.2062,1,3397.9153,5.0,1,0.3129,0.9198,0,0.845988,8.42937,4.381372,1,2,1,1,3866.91
case14_fdia_000,case14,fdia,Tier 1 (Subtle),0.002728,1.36,0,test,1,714.6573,66.2062,1,3450.4239,5.0,1,1.6022,0.9521,0,0.847603,8.434036,4.381372,1,2,1,1,3843.62
case14_fdia_001,case14,fdia,Tier 2 (Moderate),0.00801,4.01,1,test,1,406.0523,66.2062,1,3477.9801,5.0,1,2.2344,1.0088,0,0.850442,8.441074,4.381372,1,2,1,1,3848.21
case14_fdia_002,case14,fdia,Tier 3 (Strong),0.015409,7.7,2,test,1,1173.3495,66.2062,1,3567.5765,5.0,1,1.0317,1.0229,0,0.851145,8.448112,4.381372,1,2,1,1,3867.23
case14_fdia_003,case14,fdia,Tier 4 (Severe),0.03,15.0,3,test,1,1888.6131,66.2062,1,3715.0059,5.0,1,1.5794,1.0634,0,0.853171,8.456472,4.381372,1,2,1,1,3904.67
case14_fdia_004,case14,fdia,Tier 1 (Subtle),0.00371,1.85,4,test,1,532.4578,66.2062,1,3752.7827,5.0,1,1.5781,1.1368,0,0.85684,8.467665,4.381372,1,2,1,1,3994.73
case14_fdia_005,case14,fdia,Tier 2 (Moderate),0.007556,3.78,5,test,1,154.9757,66.2062,1,3760.038,5.0,1,0.3472,1.147,0,0.857349,8.478247,4.381372,1,2,1,1,3900.77
case14_fdia_006,case14,fdia,Tier 3 (Strong),0.014213,7.11,6,test,1,653.4165,66.2062,1,3807.595,5.0,1,0.1941,1.1114,0,0.855571,8.485994,4.381372,1,2,1,1,3875.11
case14_fdia_007,case14,fdia,Tier 4 (Severe),0.03,15.0,7,test,1,1787.0179,66.2062,1,3946.8098,5.0,1,0.3762,1.1063,0,0.855315,8.492709,4.381372,1,2,1,1,3903.6
case14_fdia_008,case14,fdia,Tier 1 (Subtle),0.002843,1.42,8,test,1,656.3509,66.2062,1,3994.604,5.0,1,0.6277,1.0347,0,0.851735,8.495173,4.381372,1,2,1,1,3993.43
case14_fdia_009,case14,fdia,Tier 2 (Moderate),0.008912,4.46,9,test,1,183.978,66.2062,1,4004.2044,5.0,1,0.2682,0.9618,0,0.84809,8.493746,4.381372,1,2,1,1,3893.3
case14_fdia_010,case14,fdia,Tier 3 (Strong),0.01357,6.79,10,test,1,717.3634,66.2062,1,4056.9318,5.0,1,0.2528,0.9559,0,0.847793,8.492165,4.381372,1,2,1,1,3881.2
case14_fdia_011,case14,fdia,Tier 4 (Severe),0.03,15.0,11,test,1,1802.582,66.2062,1,4197.4051,5.0,1,0.866,0.9692,0,0.848461,8.491409,4.381372,1,2,1,1,3910.6
case14_fdia_012,case14,fdia,Tier 1 (Subtle),0.003621,1.81,12,test,1,534.6693,66.2062,1,4235.3607,5.0,1,1.249,0.9541,0,0.847705,8.489973,4.381372,1,2,1,1,3990.19
case14_fdia_013,case14,fdia,Tier 2 (Moderate),0.008994,4.5,13,test,1,181.3557,66.2062,1,4244.749,5.0,1,0.9603,0.9608,0,0.848041,8.489017,4.381372,1,2,1,1,3899.98
case14_fdia_014,case14,fdia,Tier 3 (Strong),0.01318,6.59,14,test,1,526.2039,66.2062,1,4282.0201,5.0,1,0.3069,0.9489,0,0.847444,8.487559,4.381372,1,2,1,1,3884.11
case14_fdia_015,case14,fdia,Tier 4 (Severe),0.03,15.0,15,test,1,1969.2719,66.2062,1,4435.9712,5.0,1,1.3397,0.9619,0,0.848095,8.486898,4.381372,1,2,1,1,3900.43
case14_fdia_016,case14,fdia,Tier 1 (Subtle),0.003952,1.98,16,test,1,493.1541,66.2062,1,4470.57,5.0,1,1.5067,0.9648,0,0.848239,8.486448,4.381372,1,2,1,1,3994.67
case14_fdia_017,case14,fdia,Tier 2 (Moderate),0.006035,3.02,17,test,1,370.4459,66.2062,1,4495.2473,5.0,1,0.7805,0.8974,0,0.844869,8.482672,4.381372,1,2,1,1,3904.01
case14_fdia_018,case14,fdia,Tier 3 (Strong),0.017177,8.59,18,test,1,756.0111,66.2062,1,4551.0996,5.0,1,0.6979,0.9056,0,0.84528,8.479685,4.381372,1,2,1,1,3874.07
case14_fdia_019,case14,fdia,Tier 4 (Severe),0.03,15.0,19,test,1,1888.7266,66.2062,1,4698.5381,5.0,1,0.5228,0.9161,0,0.845805,8.477522,4.381372,1,2,1,1,3918.97
case14_fdia_020,case14,fdia,Tier 1 (Subtle),0.002029,1.01,20,test,1,794.837,66.2062,1,4757.5297,5.0,1,0.4691,0.8594,0,0.842972,8.472742,4.381372,1,2,1,1,4004.07
case14_fdia_021,case14,fdia,Tier 2 (Moderate),0.009876,4.94,21,test,1,274.1625,66.2062,1,4774.4219,5.0,1,0.0027,0.7479,0,0.837393,8.462861,4.381372,1,2,1,1,3887.64
case14_fdia_022,case14,fdia,Tier 3 (Strong),0.012511,6.26,22,test,1,776.2229,66.2062,1,4831.9085,5.0,1,0.8405,0.7383,0,0.836915,8.45349,4.381372,1,2,1,1,3887.95
case14_fdia_023,case14,fdia,Tier 4 (Severe),0.03,15.0,23,test,1,1944.4443,66.2062,1,4983.8521,5.0,1,1.7713,0.7479,0,0.837395,8.445536,4.381372,1,2,1,1,3904.91
case14_fdia_024,case14,fdia,Tier 1 (Subtle),0.003014,1.51,24,test,1,589.0094,66.2062,1,5026.2014,5.0,1,0.7533,0.7067,0,0.835333,8.436315,4.381372,1,2,1,1,3990.22
case14_fdia_025,case14,fdia,Tier 2 (Moderate),0.008781,4.39,25,test,1,353.3639,66.2062,1,5049.4975,5.0,1,0.3446,0.7065,0,0.835326,8.42801,4.381372,1,2,1,1,3890.62
case14_fdia_026,case14,fdia,Tier 3 (Strong),0.015239,7.62,26,test,1,638.0725,66.2062,1,5095.8138,5.0,1,2.1037,0.802,0,0.8401,8.425309,4.381372,1,2,1,1,3887.74
case14_fdia_027,case14,fdia,Tier 4 (Severe),0.03,15.0,27,test,1,1799.3712,66.2062,1,5236.0275,5.0,1,0.8467,0.8255,0,0.841276,8.424055,4.381372,1,2,1,1,3914.34
case14_fdia_028,case14,fdia,Tier 1 (Subtle),0.00377,1.88,28,test,1,571.7256,66.2062,1,5276.9793,5.0,1,0.4977,0.819,0,0.840951,8.422601,4.381372,1,2,1,1,3997.36
case14_fdia_029,case14,fdia,Tier 2 (Moderate),0.006894,3.45,29,test,1,490.3031,66.2062,1,5311.3477,5.0,1,0.9894,0.8551,0,0.842755,8.423095,4.381372,1,2,1,1,3901.61
case14_fdia_030,case14,fdia,Tier 3 (Strong),0.017933,8.97,30,test,1,911.9014,66.2062,1,5379.8046,5.0,1,0.21,0.853,0,0.842648,8.423433,4.381372,1,2,1,1,3886.26
case14_fdia_031,case14,fdia,Tier 4 (Severe),0.03,15.0,31,test,1,1639.3862,66.2062,1,5507.0826,5.0,1,0.6272,0.841,0,0.84205,8.42314,4.381372,1,2,1,1,3924.61
case14_fdia_032,case14,fdia,Tier 1 (Subtle),0.003797,1.9,32,test,1,632.0498,66.2062,1,5552.9119,5.0,1,0.6934,0.8132,0,0.840661,8.421488,4.381372,1,2,1,1,4001.39
case14_fdia_033,case14,fdia,Tier 2 (Moderate),0.006051,3.03,33,test,1,218.2869,66.2062,1,5565.2863,5.0,1,0.8546,0.8079,0,0.840397,8.419736,4.381372,1,2,1,1,3898.99
case14_fdia_034,case14,fdia,Tier 3 (Strong),0.012248,6.12,34,test,1,671.1217,66.2062,1,5614.2748,5.0,1,1.6098,0.8731,0,0.843654,8.421416,4.381372,1,2,1,1,3870.71
case14_fdia_035,case14,fdia,Tier 4 (Severe),0.03,15.0,35,test,1,1851.5461,66.2062,1,5758.7071,5.0,1,1.5524,0.8837,0,0.844186,8.42346,4.381372,1,2,1,1,3895.29
case14_fdia_036,case14,fdia,Tier 1 (Subtle),0.002176,1.09,36,test,1,630.8047,66.2062,1,5804.4358,5.0,1,0.0101,0.8089,0,0.840444,8.421559,4.381372,1,2,1,1,3991.38
case14_fdia_037,case14,fdia,Tier 2 (Moderate),0.007359,3.68,37,test,1,395.3176,66.2062,1,5831.1241,5.0,1,0.4627,0.793,0,0.83965,8.419052,4.381372,1,2,1,1,3893.94
case14_fdia_038,case14,fdia,Tier 3 (Strong),0.012567,6.28,38,test,1,605.754,66.2062,1,5874.8273,5.0,1,2.1816,0.8672,0,0.843359,8.420506,4.381372,1,2,1,1,3879.2
case14_fdia_039,case14,fdia,Tier 4 (Severe),0.03,15.0,39,test,1,1890.1371,66.2062,1,6022.3798,5.0,1,0.3714,0.8596,0,0.84298,8.421436,4.381372,1,2,1,1,3894.82
case14_fdia_040,case14,fdia,Tier 1 (Subtle),0.002911,1.46,40,test,1,562.8977,66.2062,1,6062.6179,5.0,1,1.2458,0.8984,0,0.844922,8.424214,4.381372,1,2,1,1,3978.75
case14_fdia_041,case14,fdia,Tier 2 (Moderate),0.006678,3.34,41,test,1,175.2802,66.2062,1,6071.5149,5.0,1,0.3009,0.9133,0,0.845667,8.42746,4.381372,1,2,1,1,3888.52
case14_fdia_042,case14,fdia,Tier 3 (Strong),0.012744,6.37,42,test,1,552.3181,66.2062,1,6110.8975,5.0,1,1.9587,0.9693,0,0.848463,8.433177,4.381372,1,2,1,1,3869.8
case14_fdia_043,case14,fdia,Tier 4 (Severe),0.03,15.0,43,test,1,2029.0364,66.2062,1,6269.6809,5.0,1,0.3895,0.9002,0,0.845008,8.434867,4.381372,1,2,1,1,3896.76
case14_fdia_044,case14,fdia,Tier 1 (Subtle),0.003819,1.91,44,test,1,544.4915,66.2062,1,6308.4307,5.0,1,0.0833,0.8667,0,0.843333,8.434714,4.381372,1,2,1,1,3987.37
case14_fdia_045,case14,fdia,Tier 2 (Moderate),0.00688,3.44,45,test,1,225.1135,66.2062,1,6321.357,5.0,1,0.2823,0.8635,0,0.843177,8.43442,4.381372,1,2,1,1,3891.95
case14_fdia_046,case14,fdia,Tier 3 (Strong),0.016555,8.28,46,test,1,1053.6726,66.2062,1,6401.2769,5.0,1,1.9984,0.8583,0,0.842914,8.433892,4.381372,1,2,1,1,3877.75
case14_fdia_047,case14,fdia,Tier 4 (Severe),0.03,15.0,47,test,1,1754.6899,66.2062,1,6537.8778,5.0,1,0.6665,0.8493,0,0.842464,8.432966,4.381372,1,2,1,1,3912.54
case14_fdia_048,case14,fdia,Tier 1 (Subtle),0.002895,1.45,48,test,1,570.4922,66.2062,1,6578.7299,5.0,1,0.0607,0.8274,0,0.841371,8.431041,4.381372,1,2,1,1,3996.85
case14_fdia_049,case14,fdia,Tier 2 (Moderate),0.008394,4.2,49,test,1,400.3807,66.2062,1,6605.8275,5.0,1,0.345,0.7952,0,0.83976,8.427697,4.381372,1,2,1,1,3898.78
case14_fdia_050,case14,fdia,Tier 3 (Strong),0.013055,6.53,50,test,1,767.3215,66.2062,1,6662.5944,5.0,1,0.0175,0.7856,0,0.839279,8.424206,4.381372,1,2,1,1,3890.38
case14_fdia_051,case14,fdia,Tier 4 (Severe),0.03,15.0,51,test,1,1785.4017,66.2062,1,6801.6785,5.0,1,2.0424,0.8563,0,0.842817,8.424602,4.381372,1,2,1,1,3907.21
case14_fdia_052,case14,fdia,Tier 1 (Subtle),0.003519,1.76,52,test,1,565.5234,66.2062,1,6842.1289,5.0,1,0.5033,0.8468,0,0.842342,8.424484,4.381372,1,2,1,1,3984.45
case14_fdia_053,case14,fdia,Tier 2 (Moderate),0.009074,4.54,53,test,1,237.6784,66.2062,1,6856.0711,5.0,1,0.3333,0.8208,0,0.841038,8.423074,4.381372,1,2,1,1,3893.52
case14_fdia_054,case14,fdia,Tier 3 (Strong),0.012405,6.2,54,test,1,867.0868,66.2062,1,6920.9045,5.0,1,0.0424,0.7424,0,0.83712,8.417886,4.381372,1,2,1,1,3889.11
case14_fdia_055,case14,fdia,Tier 4 (Severe),0.03,15.0,55,test,1,1927.4165,66.2062,1,7071.4713,5.0,1,0.9916,0.7144,0,0.835718,8.411816,4.381372,1,2,1,1,3908.14
case14_fdia_056,case14,fdia,Tier 1 (Subtle),0.002705,1.35,56,test,1,623.9937,66.2062,1,7116.6493,5.0,1,0.5611,0.7419,0,0.837095,8.40773,4.381372,1,2,1,1,3991.85
case14_fdia_057,case14,fdia,Tier 2 (Moderate),0.007304,3.65,57,test,1,396.2125,66.2062,1,7143.4099,5.0,1,0.5594,0.7467,0,0.837337,8.404294,4.381372,1,2,1,1,3889.76
case14_fdia_058,case14,fdia,Tier 3 (Strong),0.017869,8.93,58,test,1,781.4539,66.2062,1,7201.3194,5.0,1,1.4032,0.7078,0,0.835391,8.399256,4.381372,1,2,1,1,3873.66
case14_fdia_059,case14,fdia,Tier 4 (Severe),0.03,15.0,59,test,1,1699.0965,66.2062,1,7333.4253,5.0,1,1.4578,0.7621,0,0.838107,8.397437,4.381372,1,2,1,1,3920.46
case14_load_shift_000,case14,load_shift,Tier 1 (Subtle),0.007328,1.83,0,test,1,1321.0179,66.2062,1,7434.9615,5.0,1,1.1914,0.7594,0,0.837971,8.395665,4.381372,1,2,1,1,3996.57
case14_load_shift_001,case14,load_shift,Tier 2 (Moderate),0.016334,4.08,1,test,1,583.2062,66.2062,1,7476.8416,5.0,1,1.7392,0.8313,0,0.841567,8.397666,4.381372,1,2,1,1,3842.21
case14_load_shift_002,case14,load_shift,Tier 3 (Strong),0.036334,9.08,2,test,1,1128.62,66.2062,1,7562.8214,5.0,1,0.1159,0.7392,0,0.83696,8.394859,4.381372,1,2,1,1,3745.81
case14_load_shift_003,case14,load_shift,Tier 4 (Severe),0.05,12.5,3,test,1,742.3532,66.2062,1,7617.5694,5.0,1,1.6503,0.8022,0,0.840112,8.395485,4.381372,1,2,1,1,3613.2
case14_load_shift_004,case14,load_shift,Tier 1 (Subtle),0.007456,1.86,4,test,1,1468.9114,66.2062,1,7731.0636,5.0,1,0.8626,0.8412,0,0.84206,8.397997,4.381372,1,2,1,1,3504.0
case14_load_shift_005,case14,load_shift,Tier 2 (Moderate),0.019907,4.98,5,test,1,15.0607,66.2062,0,7727.006,5.0,1,0.7006,0.8621,0,0.399977,7.958174,4.381372,1,1,0,1,3657.18
case14_load_shift_006,case14,load_shift,Tier 3 (Strong),0.038478,9.62,6,test,1,500.2294,66.2062,1,7762.1769,5.0,1,0.6887,0.7966,0,0.839832,8.002189,4.381372,1,2,1,1,3664.69
case14_load_shift_007,case14,load_shift,Tier 4 (Severe),0.05,12.5,7,test,1,465.1931,66.2062,1,7794.515,5.0,1,0.4134,0.784,0,0.839199,8.04117,4.381372,1,2,1,1,3576.51
case14_load_shift_008,case14,load_shift,Tier 1 (Subtle),0.00568,1.42,8,test,1,1907.4566,66.2062,1,7943.468,5.0,1,1.5433,0.8581,0,0.842906,8.079959,4.381372,1,2,1,1,3493.76
case14_load_shift_009,case14,load_shift,Tier 2 (Moderate),0.019502,4.88,9,test,1,13.1186,66.2062,0,7939.2534,5.0,1,0.7274,0.8772,0,0.393399,7.665362,4.381372,1,1,0,1,3660.52
case14_load_shift_010,case14,load_shift,Tier 3 (Strong),0.039852,9.96,10,test,1,621.3785,66.2062,1,7984.2199,5.0,1,0.0362,0.8782,0,0.843909,7.742734,4.381372,1,2,1,1,3663.78
case14_load_shift_011,case14,load_shift,Tier 4 (Severe),0.05,12.5,11,test,1,435.3314,66.2062,1,8014.1435,5.0,1,2.035,0.8778,0,0.84389,7.812351,4.381372,1,2,1,1,3568.16
case14_load_shift_012,case14,load_shift,Tier 1 (Subtle),0.009267,2.32,12,test,1,1639.6786,66.2062,1,8141.4451,5.0,1,0.5657,0.8809,0,0.844046,7.875162,4.381372,1,2,1,1,3492.85
case14_load_shift_013,case14,load_shift,Tier 2 (Moderate),0.017773,4.44,13,test,1,32.5501,66.2062,0,8138.8017,5.0,1,0.8153,0.905,0,0.468163,7.555809,4.381372,1,1,0,1,3651.72
case14_load_shift_014,case14,load_shift,Tier 3 (Strong),0.030812,7.7,14,test,1,182.883,66.2062,1,8148.3135,5.0,1,2.3955,1.0227,0,0.851134,7.651362,4.381372,1,2,1,1,3665.56
case14_load_shift_015,case14,load_shift,Tier 4 (Severe),0.05,12.5,15,test,1,764.478,66.2062,1,8204.8504,5.0,1,0.2054,0.9834,0,0.849169,7.735394,4.381372,1,2,1,1,3617.05
case14_load_shift_016,case14,load_shift,Tier 1 (Subtle),0.007774,1.94,16,test,1,1419.8685,66.2062,1,8314.3792,5.0,1,0.2757,0.9691,0,0.848455,7.81031,4.381372,1,2,1,1,3509.27
case14_load_shift_017,case14,load_shift,Tier 2 (Moderate),0.018683,4.67,17,test,1,23.3539,66.2062,0,8310.9921,5.0,1,0.4049,0.9614,0,0.436255,7.465534,4.381372,1,1,0,1,3650.46
case14_load_shift_018,case14,load_shift,Tier 3 (Strong),0.037551,9.39,18,test,1,457.462,66.2062,1,8342.7051,5.0,1,0.4046,0.9114,0,0.845572,7.564552,4.381372,1,2,1,1,3664.48
case14_load_shift_019,case14,load_shift,Tier 4 (Severe),0.05,12.5,19,test,1,549.6766,66.2062,1,8381.8742,5.0,1,0.3958,0.8583,0,0.842917,7.651014,4.381372,1,2,1,1,3584.45
case14_load_shift_020,case14,load_shift,Tier 1 (Subtle),0.007647,1.91,20,test,1,1683.3034,66.2062,1,8512.7031,5.0,1,2.7904,0.9383,0,0.846915,7.732827,4.381372,1,2,1,1,3494.41
case14_load_shift_021,case14,load_shift,Tier 2 (Moderate),0.018558,4.64,21,test,1,29.1173,66.2062,0,8509.7821,5.0,1,2.1977,0.9612,0,0.45801,7.417555,4.381372,1,1,0,1,3651.4
case14_load_shift_022,case14,load_shift,Tier 3 (Strong),0.033848,8.46,22,test,1,245.988,66.2062,1,8524.3962,5.0,1,0.8431,0.9976,0,0.849879,7.525678,4.381372,1,2,1,1,3656.14
case14_load_shift_023,case14,load_shift,Tier 4 (Severe),0.05,12.5,23,test,1,635.2879,66.2062,1,8570.4874,5.0,1,0.4227,0.9362,0,0.84681,7.61992,4.381372,1,2,1,1,3597.18
case14_load_shift_024,case14,load_shift,Tier 1 (Subtle),0.006827,1.71,24,test,1,1656.3857,66.2062,1,8699.1399,5.0,1,0.4201,0.9141,0,0.845704,7.703632,4.381372,1,2,1,1,3496.93
case14_load_shift_025,case14,load_shift,Tier 2 (Moderate),0.019707,4.93,25,test,1,19.5263,66.2062,0,8695.4434,5.0,1,0.231,0.8906,0,0.418262,7.351531,4.381372,1,1,0,1,3662.43
case14_load_shift_026,case14,load_shift,Tier 3 (Strong),0.03063,7.66,26,test,1,184.6002,66.2062,1,8705.094,5.0,1,0.9309,0.9027,0,0.845135,7.461513,4.381372,1,2,1,1,3667.34
case14_load_shift_027,case14,load_shift,Tier 4 (Severe),0.05,12.5,27,test,1,771.5785,66.2062,1,8762.2051,5.0,1,0.3712,0.9006,0,0.845029,7.560391,4.381372,1,2,1,1,3613.49
case14_load_shift_028,case14,load_shift,Tier 1 (Subtle),0.009853,2.46,28,test,1,1390.0107,66.2062,1,8869.3197,5.0,1,0.2041,0.8336,0,0.841681,7.646033,4.381372,1,2,1,1,3506.03
case14_load_shift_029,case14,load_shift,Tier 2 (Moderate),0.022842,5.71,29,test,1,35.3765,66.2062,0,8866.9048,5.0,1,0.7854,0.8365,0,0.475411,7.356841,4.381372,1,1,0,1,3646.23
case14_load_shift_030,case14,load_shift,Tier 3 (Strong),0.034078,8.52,30,test,1,226.3002,66.2062,1,8879.9271,5.0,1,0.2553,0.8475,0,0.842374,7.463531,4.381372,1,2,1,1,3644.58
case14_load_shift_031,case14,load_shift,Tier 4 (Severe),0.05,12.5,31,test,1,581.0882,66.2062,1,8921.6359,5.0,1,0.0298,0.7472,0,0.837361,7.554539,4.381372,1,2,1,1,3589.59
case14_load_shift_032,case14,load_shift,Tier 1 (Subtle),0.008804,2.2,32,test,1,1542.5097,66.2062,1,9041.0809,5.0,1,1.237,0.7808,0,0.839039,7.638125,4.381372,1,2,1,1,3492.61
case14_load_shift_033,case14,load_shift,Tier 2 (Moderate),0.021843,5.46,33,test,1,14.4218,66.2062,0,9036.9717,5.0,1,0.2508,0.7526,0,0.392086,7.266398,4.381372,1,1,0,1,3649.89
case14_load_shift_034,case14,load_shift,Tier 3 (Strong),0.037814,9.45,34,test,1,415.5195,66.2062,1,9065.2934,5.0,1,0.6039,0.663,0,0.833149,7.372908,4.381372,1,2,1,1,3647.06
case14_load_shift_035,case14,load_shift,Tier 4 (Severe),0.05,12.5,35,test,1,440.2829,66.2062,1,9095.6173,5.0,1,0.2683,0.6661,0,0.833307,7.468924,4.381372,1,2,1,1,3568.71
case14_load_shift_036,case14,load_shift,Tier 1 (Subtle),0.007782,1.95,36,test,1,1755.5714,66.2062,1,9232.2895,5.0,1,0.1452,0.6596,0,0.832981,7.555012,4.381372,1,2,1,1,3485.84
case14_load_shift_037,case14,load_shift,Tier 2 (Moderate),0.015621,3.91,37,test,1,59.8865,66.2062,0,9231.8564,5.0,1,0.258,0.6523,0,0.558749,7.35826,4.381372,1,1,0,1,3649.95
case14_load_shift_038,case14,load_shift,Tier 3 (Strong),0.033222,8.31,38,test,1,332.8147,66.2062,1,9253.4909,5.0,1,0.1449,0.6393,0,0.831964,7.454398,4.381372,1,2,1,1,3678.51
case14_load_shift_039,case14,load_shift,Tier 4 (Severe),0.05,12.5,39,test,1,701.4332,66.2062,1,9304.9303,5.0,1,0.0296,0.621,0,0.831049,7.540007,4.381372,1,2,1,1,3611.74
case14_load_shift_040,case14,load_shift,Tier 1 (Subtle),0.008649,2.16,40,test,1,1404.5361,66.2062,1,9413.2194,5.0,1,0.5109,0.507,0,0.82535,7.611357,4.381372,1,2,1,1,3505.75
case14_load_shift_041,case14,load_shift,Tier 2 (Moderate),0.023065,5.77,41,test,1,21.8666,66.2062,0,9409.7121,5.0,1,0.4997,0.4221,0,0.403675,7.253896,4.381372,1,1,0,1,3650.28
case14_load_shift_042,case14,load_shift,Tier 3 (Strong),0.033319,8.33,42,test,1,187.2576,66.2062,1,9419.5776,5.0,1,1.0399,0.4319,0,0.821597,7.350103,4.381372,1,2,1,1,3641.42
case14_load_shift_043,case14,load_shift,Tier 4 (Severe),0.05,12.5,43,test,1,607.6755,66.2062,1,9463.4362,5.0,1,0.134,0.4175,0,0.820875,7.435968,4.381372,1,2,1,1,3590.77
case14_load_shift_044,case14,load_shift,Tier 1 (Subtle),0.009344,2.34,44,test,1,1539.5181,66.2062,1,9582.6393,5.0,1,0.7746,0.4352,0,0.821762,7.514133,4.381372,1,2,1,1,3492.77
case14_load_shift_045,case14,load_shift,Tier 2 (Moderate),0.016306,4.08,45,test,1,46.2831,66.2062,0,9581.1062,5.0,1,0.6591,0.4566,0,0.4976,7.26032,4.381372,1,1,0,1,3644.5
case14_load_shift_046,case14,load_shift,Tier 3 (Strong),0.039241,9.81,46,test,1,579.1516,66.2062,1,9622.6585,5.0,1,0.6065,0.4404,0,0.82202,7.356308,4.381372,1,2,1,1,3667.0
case14_load_shift_047,case14,load_shift,Tier 4 (Severe),0.05,12.5,47,test,1,455.33,66.2062,1,9654.1991,5.0,1,0.1297,0.4283,0,0.821417,7.442094,4.381372,1,2,1,1,3574.18
case14_load_shift_048,case14,load_shift,Tier 1 (Subtle),0.00716,1.79,48,test,1,1705.5549,66.2062,1,9786.8272,5.0,1,0.3602,0.4361,0,0.821807,7.519692,4.381372,1,2,1,1,3498.7
case14_load_shift_049,case14,load_shift,Tier 2 (Moderate),0.020487,5.12,49,test,1,23.4741,66.2062,0,9783.4499,5.0,1,1.1022,0.452,0,0.411239,7.178962,4.381372,1,1,0,1,3660.86
case14_load_shift_050,case14,load_shift,Tier 3 (Strong),0.039191,9.8,50,test,1,467.7473,66.2062,1,9815.9945,5.0,1,1.1859,0.4985,0,0.824926,7.285991,4.381372,1,2,1,1,3655.87
case14_load_shift_051,case14,load_shift,Tier 4 (Severe),0.05,12.5,51,test,1,460.8796,66.2062,1,9847.9838,5.0,1,0.1122,0.5026,0,0.825132,7.382524,4.381372,1,2,1,1,3574.51
case14_load_shift_052,case14,load_shift,Tier 1 (Subtle),0.009117,2.28,52,test,1,1546.7581,66.2062,1,9967.7723,5.0,1,1.7181,0.5267,0,0.826335,7.470606,4.381372,1,2,1,1,3495.62
case14_load_shift_053,case14,load_shift,Tier 2 (Moderate),0.021777,5.44,53,test,1,15.0367,66.2062,0,9963.7128,5.0,1,0.7334,0.5508,0,0.384321,7.107866,4.381372,1,1,0,1,3655.09
case14_load_shift_054,case14,load_shift,Tier 3 (Strong),0.038113,9.53,54,test,1,398.376,66.2062,1,9990.6484,5.0,1,0.5265,0.547,0,0.827348,7.224427,4.381372,1,2,1,1,3651.99
case14_load_shift_055,case14,load_shift,Tier 4 (Severe),0.05,12.5,55,test,1,472.3774,66.2062,1,10023.5673,5.0,1,1.2127,0.5942,0,0.829709,7.331693,4.381372,1,2,1,1,3573.45
case14_load_shift_056,case14,load_shift,Tier 1 (Subtle),0.006881,1.72,56,test,1,1846.9501,66.2062,1,10167.628,5.0,1,0.164,0.5951,0,0.829756,7.428279,4.381372,1,2,1,1,3487.48
case14_load_shift_057,case14,load_shift,Tier 2 (Moderate),0.017552,4.39,57,test,1,35.7722,66.2062,0,10165.2451,5.0,1,0.3488,0.5996,0,0.465061,7.150512,4.381372,1,1,0,1,3659.76
case14_load_shift_058,case14,load_shift,Tier 3 (Strong),0.034658,8.66,58,test,1,373.1027,66.2062,1,10190.1371,5.0,1,0.7903,0.6319,0,0.831596,7.267057,4.381372,1,2,1,1,3666.04
case14_load_shift_059,case14,load_shift,Tier 4 (Severe),0.05,12.5,59,test,1,629.9924,66.2062,1,10235.8002,5.0,1,0.5422,0.6575,0,0.832877,7.373228,4.381372,1,2,1,1,3599.41
case14_stealth_drift_000,case14,stealth_drift,Tier 1 (Subtle),0.00417,2.08,0,test,1,2958.5194,66.2062,1,10469.7373,5.0,1,1.0932,0.6867,0,0.834333,7.470239,4.381372,1,2,1,1,3502.21
case14_stealth_drift_001,case14,stealth_drift,Tier 2 (Moderate),0.012274,6.14,1,test,1,858.2746,66.2062,1,10533.8581,5.0,1,0.4818,0.6858,0,0.834288,7.557503,4.381372,1,2,1,1,3717.06
case14_stealth_drift_002,case14,stealth_drift,Tier 3 (Strong),0.021662,10.83,2,test,1,527.7001,66.2062,1,10571.2503,5.0,1,1.8114,0.7243,0,0.836217,7.637969,4.381372,1,2,1,1,3829.31
case14_stealth_drift_003,case14,stealth_drift,Tier 4 (Severe),0.028576,14.29,3,test,1,319.0748,66.2062,1,10591.7739,5.0,1,1.2638,0.7808,0,0.839042,7.713214,4.381372,1,2,1,1,3923.81
case14_stealth_drift_004,case14,stealth_drift,Tier 1 (Subtle),0.003962,1.98,4,test,1,525.5259,66.2062,1,10628.9902,5.0,1,0.4309,0.7636,0,0.838182,7.780075,4.381372,1,2,1,1,3987.92
case14_stealth_drift_005,case14,stealth_drift,Tier 2 (Moderate),0.013942,6.97,5,test,1,32.2568,66.2062,0,10626.323,5.0,1,0.5004,0.7557,0,0.45959,7.461657,4.381372,1,1,0,1,3901.37
case14_stealth_drift_006,case14,stealth_drift,Tier 3 (Strong),0.01744,8.72,6,test,1,58.1029,66.2062,0,10625.7457,5.0,1,0.0677,0.7288,0,0.55584,7.271331,4.381372,1,1,0,1,3913.29
case14_stealth_drift_007,case14,stealth_drift,Tier 4 (Severe),0.025651,12.83,7,test,1,149.0014,66.2062,1,10632.5179,5.0,1,0.8146,0.763,0,0.838151,7.382349,4.381372,1,2,1,1,3938.21
case14_stealth_drift_008,case14,stealth_drift,Tier 1 (Subtle),0.004214,2.11,8,test,1,443.7851,66.2062,1,10663.125,5.0,1,1.1288,0.8014,0,0.840072,7.484187,4.381372,1,2,1,1,3982.59
case14_stealth_drift_009,case14,stealth_drift,Tier 2 (Moderate),0.008209,4.1,9,test,1,29.0727,66.2062,0,10660.2004,5.0,1,2.9376,0.8932,0,0.454442,7.19021,4.381372,1,1,0,1,3897.31
case14_stealth_drift_010,case14,stealth_drift,Tier 3 (Strong),0.021774,10.89,10,test,1,214.9181,66.2062,1,10672.3024,5.0,1,0.4785,0.8578,0,0.842892,7.314081,4.381372,1,2,1,1,3886.07
case14_stealth_drift_011,case14,stealth_drift,Tier 4 (Severe),0.029172,14.59,11,test,1,202.1761,66.2062,1,10683.3741,5.0,1,2.3815,0.9713,0,0.848566,7.431239,4.381372,1,2,1,1,3941.7
case14_stealth_drift_012,case14,stealth_drift,Tier 1 (Subtle),0.004257,2.13,12,test,1,601.0266,66.2062,1,10726.6951,5.0,1,2.1168,0.9912,0,0.849562,7.537677,4.381372,1,2,1,1,3996.46
case14_stealth_drift_013,case14,stealth_drift,Tier 2 (Moderate),0.011976,5.99,13,test,1,16.2645,66.2062,0,10722.7349,5.0,1,0.0436,0.9568,0,0.409254,7.193164,4.381372,1,1,0,1,3901.04
case14_stealth_drift_014,case14,stealth_drift,Tier 3 (Strong),0.020565,10.28,14,test,1,147.2239,66.2062,1,10729.3634,5.0,1,0.1353,0.9372,0,0.84686,7.320707,4.381372,1,2,1,1,3900.83
case14_stealth_drift_015,case14,stealth_drift,Tier 4 (Severe),0.029799,14.9,15,test,1,197.8019,66.2062,1,10740.0814,5.0,1,0.2782,0.8905,0,0.844523,7.43316,4.381372,1,2,1,1,3942.45
case14_stealth_drift_016,case14,stealth_drift,Tier 1 (Subtle),0.002241,1.12,16,test,1,702.4732,66.2062,1,10791.6049,5.0,1,2.8529,1.0249,0,0.851246,7.541089,4.381372,1,2,1,1,4001.38
case14_stealth_drift_017,case14,stealth_drift,Tier 2 (Moderate),0.010171,5.09,17,test,1,18.4249,66.2062,0,10787.8194,5.0,1,0.809,1.0479,0,0.42197,7.208951,4.381372,1,1,0,1,3895.94
case14_stealth_drift_018,case14,stealth_drift,Tier 3 (Strong),0.017998,9.0,18,test,1,95.5285,66.2062,1,10790.268,5.0,1,2.3619,1.1265,0,0.717049,7.205104,4.381372,1,2,1,1,3884.65
case14_stealth_drift_019,case14,stealth_drift,Tier 4 (Severe),0.02694,13.47,19,test,1,239.99,66.2062,1,10804.3972,5.0,1,1.3824,1.1685,0,0.858426,7.34302,4.381372,1,2,1,1,3920.21
case14_stealth_drift_020,case14,stealth_drift,Tier 1 (Subtle),0.003998,2.0,20,test,1,458.4477,66.2062,1,10836.1899,5.0,1,1.0511,1.1664,0,0.858321,7.467038,4.381372,1,2,1,1,3976.76
case14_stealth_drift_021,case14,stealth_drift,Tier 2 (Moderate),0.008097,4.05,21,test,1,30.4486,66.2062,0,10833.3765,5.0,1,0.6504,1.1748,0,0.473719,7.194053,4.381372,1,1,0,1,3896.26
case14_stealth_drift_022,case14,stealth_drift,Tier 3 (Strong),0.020214,10.11,22,test,1,202.433,66.2062,1,10844.469,5.0,1,0.0269,1.0856,0,0.854281,7.328929,4.381372,1,2,1,1,3884.35
case14_stealth_drift_023,case14,stealth_drift,Tier 4 (Severe),0.031544,15.77,23,test,1,308.6614,66.2062,1,10864.1507,5.0,1,1.0368,1.0743,0,0.853713,7.449749,4.381372,1,2,1,1,3937.03
case14_stealth_drift_024,case14,stealth_drift,Tier 1 (Subtle),0.003863,1.93,24,test,1,680.0922,66.2062,1,10913.8645,5.0,1,4.6239,1.2839,0,0.864196,7.568971,4.381372,1,2,1,1,4003.95
case14_stealth_drift_025,case14,stealth_drift,Tier 2 (Moderate),0.008845,4.42,25,test,1,31.4635,66.2062,0,10911.1332,5.0,1,5.5415,1.536,0,0.495607,7.307681,4.381372,1,1,0,1,3897.17
case14_stealth_drift_026,case14,stealth_drift,Tier 3 (Strong),0.023528,11.76,26,test,1,252.743,66.2062,1,10926.2935,5.0,1,0.2646,1.5458,0,0.877291,7.454204,4.381372,1,2,1,1,3884.98
case14_stealth_drift_027,case14,stealth_drift,Tier 4 (Severe),0.033724,16.86,27,test,1,326.7651,66.2062,1,10947.439,5.0,1,6.5794,1.8341,0,0.891703,7.600487,4.381372,1,2,1,1,3947.23
case14_stealth_drift_028,case14,stealth_drift,Tier 1 (Subtle),0.00253,1.26,28,test,1,772.1903,66.2062,1,11004.5994,5.0,1,5.4705,2.0511,1,0.902557,7.742995,4.381372,1,3,1,1,4023.05
case14_stealth_drift_029,case14,stealth_drift,Tier 2 (Moderate),0.010593,5.3,29,test,1,33.7278,66.2062,0,11002.0512,5.0,1,3.5319,2.0809,1,0.531402,7.500097,4.381372,1,2,1,1,3906.93
case14_stealth_drift_030,case14,stealth_drift,Tier 3 (Strong),0.021325,10.66,30,test,1,148.4171,66.2062,1,11008.7762,5.0,1,1.8326,2.1486,0,0.907428,7.657516,4.381372,1,2,1,1,3892.97
case14_stealth_drift_031,case14,stealth_drift,Tier 4 (Severe),0.034802,17.4,31,test,1,394.159,66.2062,1,11035.3708,5.0,1,1.3116,2.0951,0,0.904754,7.796518,4.381372,1,2,1,1,3942.74
case14_stealth_drift_032,case14,stealth_drift,Tier 1 (Subtle),0.004423,2.21,32,test,1,711.6866,66.2062,1,11087.6392,5.0,1,0.7236,2.0254,0,0.901271,7.918137,4.381372,1,2,1,1,4023.7
case14_stealth_drift_033,case14,stealth_drift,Tier 2 (Moderate),0.009858,4.93,33,test,1,25.7932,66.2062,0,11084.4494,5.0,1,0.854,2.0659,0,0.500694,7.627017,4.381372,1,1,0,1,3916.32
case14_stealth_drift_034,case14,stealth_drift,Tier 3 (Strong),0.019196,9.6,34,test,1,100.5518,66.2062,1,11087.3043,5.0,1,0.5824,2.0883,0,0.784106,7.648422,4.381372,1,2,1,1,3899.65
case14_stealth_drift_035,case14,stealth_drift,Tier 4 (Severe),0.030018,15.01,35,test,1,290.9627,66.2062,1,11105.5549,5.0,1,3.9158,2.2702,1,0.913508,7.797088,4.381372,1,3,1,1,3935.44
case14_stealth_drift_036,case14,stealth_drift,Tier 1 (Subtle),0.004893,2.45,36,test,1,595.3033,66.2062,1,11148.4131,5.0,1,0.7998,2.1675,0,0.908376,7.925755,4.381372,1,2,1,1,4000.98
case14_stealth_drift_037,case14,stealth_drift,Tier 2 (Moderate),0.012239,6.12,37,test,1,13.0082,66.2062,0,11144.1896,5.0,1,3.6347,2.3088,1,0.46456,7.597739,4.381372,1,2,1,1,3909.8
case14_stealth_drift_038,case14,stealth_drift,Tier 3 (Strong),0.019839,9.92,38,test,1,97.1897,66.2062,1,11146.7726,5.0,1,0.9068,2.236,0,0.778798,7.616763,4.381372,1,2,1,1,3909.2
case14_stealth_drift_039,case14,stealth_drift,Tier 4 (Severe),0.025715,12.86,39,test,1,119.2367,66.2062,1,11151.1382,5.0,1,1.7446,2.2542,0,0.862955,7.718041,4.381372,1,2,1,1,3942.73
case14_stealth_drift_040,case14,stealth_drift,Tier 1 (Subtle),0.00247,1.24,40,test,1,526.5104,66.2062,1,11188.4341,5.0,1,1.7355,2.2884,0,0.914419,7.860656,4.381372,1,2,1,1,3982.14
case14_stealth_drift_041,case14,stealth_drift,Tier 2 (Moderate),0.01085,5.43,41,test,1,21.9022,66.2062,0,11184.9297,5.0,1,0.3799,2.2748,0,0.496447,7.571037,4.381372,1,1,0,1,3892.02
case14_stealth_drift_042,case14,stealth_drift,Tier 3 (Strong),0.017833,8.92,42,test,1,91.6602,66.2062,1,11187.0656,5.0,1,2.9444,2.4207,0,0.767152,7.581086,4.381372,1,2,1,1,3894.3
case14_stealth_drift_043,case14,stealth_drift,Tier 4 (Severe),0.032538,16.27,43,test,1,420.1883,66.2062,1,11215.7648,5.0,1,0.22,2.3799,0,0.918994,7.741971,4.381372,1,2,1,1,3930.08
case14_stealth_drift_044,case14,stealth_drift,Tier 1 (Subtle),0.00364,1.82,44,test,1,652.6346,66.2062,1,11263.2586,5.0,1,1.4293,2.2202,0,0.911008,7.878782,4.381372,1,2,1,1,4010.58
case14_stealth_drift_045,case14,stealth_drift,Tier 2 (Moderate),0.011897,5.95,45,test,1,17.9656,66.2062,0,11259.4359,5.0,1,0.8088,1.9835,0,0.467016,7.557919,4.381372,1,1,0,1,3906.16
case14_stealth_drift_046,case14,stealth_drift,Tier 3 (Strong),0.016426,8.21,46,test,1,40.3169,66.2062,0,11257.4204,5.0,1,1.4811,2.0443,0,0.554457,7.356584,4.381372,1,1,0,1,3904.5
case14_stealth_drift_047,case14,stealth_drift,Tier 4 (Severe),0.026283,13.14,47,test,1,222.7735,66.2062,1,11270.1575,5.0,1,0.1332,1.722,0,0.886102,7.507028,4.381372,1,2,1,1,3918.78
case14_stealth_drift_048,case14,stealth_drift,Tier 1 (Subtle),0.004508,2.25,48,test,1,476.6446,66.2062,1,11303.4215,5.0,1,0.1349,1.4553,0,0.872763,7.629088,4.381372,1,2,1,1,3981.49
case14_stealth_drift_049,case14,stealth_drift,Tier 2 (Moderate),0.011229,5.61,49,test,1,26.5622,66.2062,0,11300.2939,5.0,1,0.9201,1.3247,0,0.466534,7.332713,4.381372,1,1,0,1,3892.67
case14_stealth_drift_050,case14,stealth_drift,Tier 3 (Strong),0.017519,8.76,50,test,1,92.8787,66.2062,1,11302.5284,5.0,1,2.1589,1.341,0,0.717766,7.317208,4.381372,1,2,1,1,3896.16
case14_stealth_drift_051,case14,stealth_drift,Tier 4 (Severe),0.031376,15.69,51,test,1,342.0812,66.2062,1,11324.9122,5.0,1,0.3836,1.2946,0,0.864729,7.450216,4.381372,1,2,1,1,3929.87
case14_stealth_drift_052,case14,stealth_drift,Tier 1 (Subtle),0.003923,1.96,52,test,1,639.3747,66.2062,1,11371.3338,5.0,1,0.0141,1.2591,0,0.862955,7.56815,4.381372,1,2,1,1,4004.75
case14_stealth_drift_053,case14,stealth_drift,Tier 2 (Moderate),0.013355,6.68,53,test,1,17.935,66.2062,0,11367.5086,5.0,1,1.2772,1.2803,0,0.431737,7.243072,4.381372,1,1,0,1,3904.79
case14_stealth_drift_054,case14,stealth_drift,Tier 3 (Strong),0.017764,8.88,54,test,1,62.6005,66.2062,0,11367.2949,5.0,1,4.5883,1.4806,0,0.610412,7.129177,4.381372,1,1,0,1,3912.5
case14_stealth_drift_055,case14,stealth_drift,Tier 4 (Severe),0.03025,15.13,55,test,1,306.6068,66.2062,1,11386.8104,5.0,1,0.5977,1.3147,0,0.865733,7.281992,4.381372,1,2,1,1,3931.48
case14_stealth_drift_056,case14,stealth_drift,Tier 1 (Subtle),0.00226,1.13,56,test,1,726.7976,66.2062,1,11440.3006,5.0,1,0.5166,1.3005,0,0.865025,7.418817,4.381372,1,2,1,1,4003.92
case14_stealth_drift_057,case14,stealth_drift,Tier 2 (Moderate),0.009559,4.78,57,test,1,32.1874,66.2062,0,11437.6279,5.0,1,0.1465,1.1261,0,0.477846,7.154782,4.381372,1,1,0,1,3891.73
case14_stealth_drift_058,case14,stealth_drift,Tier 3 (Strong),0.016263,8.13,58,test,1,72.9341,66.2062,1,11438.2497,5.0,1,1.0659,1.134,0,0.632107,7.07141,4.381372,1,2,1,1,3882.18
case14_stealth_drift_059,case14,stealth_drift,Tier 4 (Severe),0.031707,15.85,59,test,1,495.7398,66.2062,1,11473.0576,5.0,1,0.0203,1.0478,0,0.852391,7.21666,4.381372,1,2,1,1,3911.81
case30_baseline_000,case30,baseline,Tier 0 (Benign),0.0,0.0,0,test,0,103.8275,124.1163,0,0.0,5.0,0,0.4127,0.4127,0,0.229768,0.229768,4.83423,0,0,0,0,3005.93
case30_baseline_001,case30,baseline,Tier 0 (Benign),0.0,0.0,1,test,0,129.5189,124.1163,1,0.0,5.0,0,0.1724,0.2925,0,0.275508,0.4823,4.83423,0,1,0,1,2994.86
case30_baseline_002,case30,baseline,Tier 0 (Benign),0.0,0.0,2,test,0,124.254,124.1163,1,0.0,5.0,0,0.3123,0.2991,0,0.265234,0.699304,4.83423,0,1,0,1,2992.53
case30_baseline_003,case30,baseline,Tier 0 (Benign),0.0,0.0,3,test,0,148.5364,124.1163,1,0.2926,5.0,0,1.9439,0.7103,0,0.343483,0.972856,4.83423,0,1,0,1,2999.03
case30_baseline_004,case30,baseline,Tier 0 (Benign),0.0,0.0,4,test,0,151.9455,124.1163,1,0.7439,5.0,0,0.1679,0.6018,0,0.358464,1.234035,4.83423,0,1,0,1,2997.21
case30_baseline_005,case30,baseline,Tier 0 (Benign),0.0,0.0,5,test,0,164.259,124.1163,1,1.7684,5.0,0,1.1521,0.6936,0,0.418588,1.52922,4.83423,0,1,0,1,3000.64
case30_baseline_006,case30,baseline,Tier 0 (Benign),0.0,0.0,6,test,0,141.8091,124.1163,1,1.7479,5.0,0,1.5669,0.8183,0,0.37899,1.755288,4.83423,0,1,0,1,2992.34
case30_baseline_007,case30,baseline,Tier 0 (Benign),0.0,0.0,7,test,0,131.7511,124.1163,1,1.2591,5.0,0,0.3079,0.7545,0,0.340878,1.920637,4.83423,0,1,0,1,2991.91
case30_baseline_008,case30,baseline,Tier 0 (Benign),0.0,0.0,8,test,0,152.6733,124.1163,1,1.7443,5.0,0,0.7445,0.7534,0,0.39752,2.126093,4.83423,0,1,0,1,3000.9
case30_baseline_009,case30,baseline,Tier 0 (Benign),0.0,0.0,9,test,0,146.9746,124.1163,1,1.9642,5.0,0,0.9657,0.7746,0,0.3937,2.307184,4.83423,0,1,0,1,2995.11
case30_baseline_010,case30,baseline,Tier 0 (Benign),0.0,0.0,10,test,0,121.8703,124.1163,0,1.0155,5.0,0,0.7062,0.7684,0,0.314361,2.390827,4.83423,0,0,0,0,3005.93
case30_baseline_011,case30,baseline,Tier 0 (Benign),0.0,0.0,11,test,0,153.9601,124.1163,1,1.5606,5.0,0,0.7245,0.7647,0,0.395167,2.546911,4.83423,0,1,0,1,2997.75
case30_baseline_012,case30,baseline,Tier 0 (Benign),0.0,0.0,12,test,0,142.5771,124.1163,1,1.5758,5.0,0,2.3394,0.8859,0,0.378751,2.670971,4.83423,0,1,0,1,2996.66
case30_baseline_013,case30,baseline,Tier 0 (Benign),0.0,0.0,13,test,0,133.2932,124.1163,1,1.1588,5.0,0,0.61,0.8662,0,0.346556,2.750431,4.83423,0,1,0,1,2997.03
case30_baseline_014,case30,baseline,Tier 0 (Benign),0.0,0.0,14,test,0,108.1222,124.1163,0,0.0,5.0,0,0.4631,0.8393,0,0.259749,2.735137,4.83423,0,0,0,0,2989.0
case30_baseline_015,case30,baseline,Tier 0 (Benign),0.0,0.0,15,test,0,121.8409,124.1163,0,0.0,5.0,0,0.6503,0.8275,0,0.286791,2.748414,4.83423,0,0,0,0,2993.8
case30_baseline_016,case30,baseline,Tier 0 (Benign),0.0,0.0,16,test,0,147.385,124.1163,1,0.239,5.0,0,0.1283,0.7864,0,0.343357,2.81693,4.83423,0,1,0,1,2994.34
case30_baseline_017,case30,baseline,Tier 0 (Benign),0.0,0.0,17,test,0,148.0137,124.1163,1,0.5073,5.0,0,0.0404,0.7449,0,0.350599,2.885836,4.83423,0,1,0,1,3006.76
case30_baseline_018,case30,baseline,Tier 0 (Benign),0.0,0.0,18,test,0,157.1264,124.1163,1,1.1998,5.0,0,0.1996,0.7162,0,0.388294,2.985547,4.83423,0,1,0,1,2998.6
case30_baseline_019,case30,baseline,Tier 0 (Benign),0.0,0.0,19,test,0,132.2128,124.1163,1,0.7325,5.0,0,1.5869,0.7597,0,0.326271,3.013263,4.83423,0,1,0,1,2997.0
case30_baseline_020,case30,baseline,Tier 0 (Benign),0.0,0.0,20,test,0,103.973,124.1163,0,0.0,5.0,0,0.9293,0.7856,0,0.248706,2.960642,4.83423,0,0,0,0,3001.45
case30_baseline_021,case30,baseline,Tier 0 (Benign),0.0,0.0,21,test,0,147.9326,124.1163,1,0.2645,5.0,0,0.5673,0.8053,0,0.346173,3.010751,4.83423,0,1,0,1,2993.66
case30_baseline_022,case30,baseline,Tier 0 (Benign),0.0,0.0,22,test,0,103.0377,124.1163,0,0.0,5.0,0,0.2802,0.8037,0,0.247729,2.957404,4.83423,0,0,0,0,3001.02
case30_baseline_023,case30,baseline,Tier 0 (Benign),0.0,0.0,23,test,0,153.9272,124.1163,1,0.5436,5.0,0,1.0085,0.7569,0,0.3642,3.025864,4.83423,0,1,0,1,2993.28
case30_baseline_024,case30,baseline,Tier 0 (Benign),0.0,0.0,24,test,0,154.5409,124.1163,1,1.1157,5.0,0,0.0945,0.7533,0,0.382417,3.105695,4.83423,0,1,0,1,2997.42
case30_baseline_025,case30,baseline,Tier 0 (Benign),0.0,0.0,25,test,0,128.5416,124.1163,1,0.4775,5.0,0,1.5431,0.7728,0,0.31188,3.107006,4.83423,0,1,0,1,3000.56
case30_baseline_026,case30,baseline,Tier 0 (Benign),0.0,0.0,26,test,0,109.3134,124.1163,0,0.0,5.0,0,0.2988,0.7094,0,0.255654,3.051959,4.83423,0,0,0,0,2995.75
case30_baseline_027,case30,baseline,Tier 0 (Benign),0.0,0.0,27,test,0,127.1844,124.1163,1,0.0,5.0,0,0.2186,0.705,0,0.291427,3.038191,4.83423,0,1,0,1,3000.65
case30_baseline_028,case30,baseline,Tier 0 (Benign),0.0,0.0,28,test,0,126.0078,124.1163,1,0.0,5.0,0,1.1147,0.7235,0,0.289983,3.024355,4.83423,0,1,0,1,2993.74
case30_baseline_029,case30,baseline,Tier 0 (Benign),0.0,0.0,29,test,0,123.5458,124.1163,0,0.0,5.0,0,0.5696,0.7037,0,0.284034,3.005953,4.83423,0,0,0,0,2998.96
case30_baseline_030,case30,baseline,Tier 0 (Benign),0.0,0.0,30,test,0,155.5336,124.1163,1,0.6183,5.0,0,0.0786,0.6723,0,0.365446,3.070804,4.83423,0,1,0,1,2993.69
case30_baseline_031,case30,baseline,Tier 0 (Benign),0.0,0.0,31,test,0,160.7708,124.1163,1,1.4805,5.0,0,0.4246,0.6573,0,0.40111,3.164833,4.83423,0,1,0,1,2989.69
case30_baseline_032,case30,baseline,Tier 0 (Benign),0.0,0.0,32,test,0,145.2791,124.1163,1,1.6215,5.0,0,0.7363,0.5771,0,0.370127,3.218477,4.83423,0,1,0,1,2994.22
case30_baseline_033,case30,baseline,Tier 0 (Benign),0.0,0.0,33,test,0,137.6781,124.1163,1,1.4086,5.0,0,0.3399,0.5636,0,0.347756,3.244385,4.83423,0,1,0,1,2995.03
case30_baseline_034,case30,baseline,Tier 0 (Benign),0.0,0.0,34,test,0,113.8243,124.1163,0,0.0853,5.0,0,0.0551,0.5432,0,0.25899,3.178937,4.83423,0,0,0,0,2999.34
case30_baseline_035,case30,baseline,Tier 0 (Benign),0.0,0.0,35,test,0,122.0882,124.1163,0,0.0,5.0,0,0.4084,0.5311,0,0.272471,3.133514,4.83423,0,0,0,0,2987.82
case30_baseline_036,case30,baseline,Tier 0 (Benign),0.0,0.0,36,test,0,135.8659,124.1163,1,0.0,5.0,0,0.1518,0.5323,0,0.300281,3.120444,4.83423,0,1,0,1,2995.29
case30_baseline_037,case30,baseline,Tier 0 (Benign),0.0,0.0,37,test,0,134.1935,124.1163,1,0.0,5.0,0,0.5479,0.5577,0,0.298182,3.106581,4.83423,0,1,0,1,2991.28
case30_baseline_038,case30,baseline,Tier 0 (Benign),0.0,0.0,38,test,0,121.7699,124.1163,0,0.0,5.0,0,1.0793,0.6017,0,0.275357,3.07128,4.83423,0,0,0,0,2996.87
case30_baseline_039,case30,baseline,Tier 0 (Benign),0.0,0.0,39,test,0,121.6806,124.1163,0,0.0,5.0,0,0.8725,0.5659,0,0.273391,3.037543,4.83423,0,0,0,0,2996.62
case30_baseline_040,case30,baseline,Tier 0 (Benign),0.0,0.0,40,test,0,96.4979,124.1163,0,0.0,5.0,0,1.3893,0.5889,0,0.223817,2.957605,4.83423,0,0,0,0,2996.3
case30_baseline_041,case30,baseline,Tier 0 (Benign),0.0,0.0,41,test,0,121.281,124.1163,0,0.0,5.0,0,0.0931,0.5652,0,0.272551,2.934395,4.83423,0,0,0,0,2997.44
case30_baseline_042,case30,baseline,Tier 0 (Benign),0.0,0.0,42,test,0,120.3623,124.1163,0,0.0,5.0,0,0.2846,0.5655,0,0.270711,2.911667,4.83423,0,0,0,0,2993.57
case30_baseline_043,case30,baseline,Tier 0 (Benign),0.0,0.0,43,test,0,148.6457,124.1163,1,0.2977,5.0,0,0.1307,0.5216,0,0.334417,2.954917,4.83423,0,1,0,1,2998.57
case30_baseline_044,case30,baseline,Tier 0 (Benign),0.0,0.0,44,test,0,144.6718,124.1163,1,0.4104,5.0,0,1.8681,0.6102,0,0.334228,2.993653,4.83423,0,1,0,1,2994.64
case30_baseline_045,case30,baseline,Tier 0 (Benign),0.0,0.0,45,test,0,147.3086,124.1163,1,0.6459,5.0,0,0.0617,0.5362,0,0.342899,3.037187,4.83423,0,1,0,1,2999.39
case30_baseline_046,case30,baseline,Tier 0 (Benign),0.0,0.0,46,test,0,170.5634,124.1163,1,1.9639,5.0,0,1.3458,0.5885,0,0.431898,3.165367,4.83423,0,1,0,1,3002.0
case30_baseline_047,case30,baseline,Tier 0 (Benign),0.0,0.0,47,test,0,144.2693,124.1163,1,2.0578,5.0,0,0.0362,0.5794,0,0.381299,3.230128,4.83423,0,1,0,1,2997.24
case30_baseline_048,case30,baseline,Tier 0 (Benign),0.0,0.0,48,test,0,110.1738,124.1163,0,0.5646,5.0,0,1.2991,0.5886,0,0.268286,3.175401,4.83423,0,0,0,0,3000.8
case30_baseline_049,case30,baseline,Tier 0 (Benign),0.0,0.0,49,test,0,167.5014,124.1163,1,1.7401,5.0,0,0.4457,0.5824,0,0.418712,3.276573,4.83423,0,1,0,1,2994.22
case30_baseline_050,case30,baseline,Tier 0 (Benign),0.0,0.0,50,test,0,172.9875,124.1163,1,3.1709,5.0,0,1.0368,0.6303,0,0.475083,3.423999,4.83423,0,1,0,1,2999.53
case30_baseline_051,case30,baseline,Tier 0 (Benign),0.0,0.0,51,test,0,120.1259,124.1163,0,2.141,5.0,0,0.2946,0.6238,0,0.337384,3.418982,4.83423,0,0,0,0,3000.2
case30_baseline_052,case30,baseline,Tier 0 (Benign),0.0,0.0,52,test,0,139.2297,124.1163,1,2.0004,5.0,0,0.9284,0.6334,0,0.372125,3.449209,4.83423,0,1,0,1,2998.32
case30_baseline_053,case30,baseline,Tier 0 (Benign),0.0,0.0,53,test,0,138.602,124.1163,1,1.8305,5.0,0,1.3987,0.6864,0,0.368412,3.4727,4.83423,0,1,0,1,2995.4
case30_baseline_054,case30,baseline,Tier 0 (Benign),0.0,0.0,54,test,0,125.6895,124.1163,1,1.0596,5.0,0,0.5825,0.7128,0,0.320593,3.446023,4.83423,0,1,0,1,3000.58
case30_baseline_055,case30,baseline,Tier 0 (Benign),0.0,0.0,55,test,0,114.1098,124.1163,0,0.0,5.0,0,0.4215,0.7134,0,0.265515,3.366936,4.83423,0,0,0,0,2998.12
case30_baseline_056,case30,baseline,Tier 0 (Benign),0.0,0.0,56,test,0,152.8837,124.1163,1,0.495,5.0,0,0.1464,0.7131,0,0.358451,3.388694,4.83423,0,1,0,1,3001.86
case30_baseline_057,case30,baseline,Tier 0 (Benign),0.0,0.0,57,test,0,113.3842,124.1163,0,0.0,5.0,0,2.4405,0.8078,0,0.268772,3.318596,4.83423,0,0,0,0,3001.44
case30_baseline_058,case30,baseline,Tier 0 (Benign),0.0,0.0,58,test,0,146.2836,124.1163,1,0.1877,5.0,0,1.0645,0.807,0,0.340634,3.32737,4.83423,0,1,0,1,3001.37
case30_baseline_059,case30,baseline,Tier 0 (Benign),0.0,0.0,59,test,0,159.6033,124.1163,1,0.9955,5.0,0,0.0049,0.7637,0,0.389528,3.384161,4.83423,0,1,0,1,2996.54
case30_branch_outage_000,case30,branch_outage,Tier 1 (Subtle),0.0025,1.25,0,test,1,154.8833,124.1163,1,1.5836,5.0,0,0.292,0.7088,0,0.394919,3.440664,4.83423,0,1,0,1,2996.46
case30_branch_outage_001,case30,branch_outage,Tier 2 (Moderate),0.005,2.5,1,test,1,469.3264,124.1163,1,16.8095,5.0,1,0.7079,0.7395,0,0.836976,3.933574,4.83423,0,2,1,1,2999.32
case30_branch_outage_002,case30,branch_outage,Tier 3 (Strong),0.008,4.0,2,test,1,1193.6222,124.1163,1,65.7527,5.0,1,0.3318,0.7419,0,0.837094,4.377311,4.83423,0,2,1,1,3005.04
case30_branch_outage_003,case30,branch_outage,Tier 4 (Severe),0.012,6.0,3,test,1,2536.2501,124.1163,1,177.1975,5.0,1,2.0398,0.8373,0,0.841867,4.781447,4.83423,0,2,1,1,2992.54
case30_branch_outage_004,case30,branch_outage,Tier 1 (Subtle),0.0025,1.25,4,test,1,1832.9397,124.1163,1,255.902,5.0,1,1.2616,0.807,0,0.840351,5.143653,4.83423,1,2,1,1,3006.88
case30_branch_outage_005,case30,branch_outage,Tier 2 (Moderate),0.005,2.5,5,test,1,505.2166,124.1163,1,272.7986,5.0,1,0.9459,0.8512,0,0.842561,5.471849,4.83423,1,2,1,1,2988.74
case30_branch_outage_006,case30,branch_outage,Tier 3 (Strong),0.008,4.0,6,test,1,1472.4381,124.1163,1,334.7211,5.0,1,1.4379,0.8558,0,0.842792,5.767456,4.83423,1,2,1,1,2998.82
case30_branch_outage_007,case30,branch_outage,Tier 4 (Severe),0.012,6.0,7,test,1,3593.3028,124.1163,1,495.3735,5.0,1,0.0536,0.8567,0,0.842835,6.033545,4.83423,1,2,1,1,2992.84
case30_branch_outage_008,case30,branch_outage,Tier 1 (Subtle),0.0025,1.25,8,test,1,2556.0699,124.1163,1,607.741,5.0,1,0.2435,0.8039,0,0.840196,6.270387,4.83423,1,2,1,1,3035.49
case30_branch_outage_009,case30,branch_outage,Tier 2 (Moderate),0.005,2.5,9,test,1,488.8515,124.1163,1,623.8758,5.0,1,0.0101,0.7821,0,0.839107,6.482455,4.83423,1,2,1,1,2995.87
case30_branch_outage_010,case30,branch_outage,Tier 3 (Strong),0.008,4.0,10,test,1,1557.8135,124.1163,1,689.7727,5.0,1,0.1644,0.7385,0,0.836926,6.671136,4.83423,1,2,1,1,2994.16
case30_branch_outage_011,case30,branch_outage,Tier 4 (Severe),0.012,6.0,11,test,1,4696.5884,124.1163,1,901.785,5.0,1,0.8828,0.7679,0,0.838396,6.842419,4.83423,1,2,1,1,2988.37
case30_branch_outage_012,case30,branch_outage,Tier 1 (Subtle),0.0025,1.25,12,test,1,3091.6285,124.1163,1,1039.0836,5.0,1,0.4493,0.744,0,0.837199,6.995376,4.83423,1,2,1,1,3016.15
case30_branch_outage_013,case30,branch_outage,Tier 2 (Moderate),0.005,2.5,13,test,1,676.2765,124.1163,1,1063.9434,5.0,1,0.0896,0.6785,0,0.833926,7.129764,4.83423,1,2,1,1,2995.6
case30_branch_outage_014,case30,branch_outage,Tier 3 (Strong),0.008,4.0,14,test,1,1754.548,124.1163,1,1138.9986,5.0,1,1.8539,0.7421,0,0.837104,7.253892,4.83423,1,2,1,1,2994.25
case30_branch_outage_015,case30,branch_outage,Tier 4 (Severe),0.012,6.0,15,test,1,3271.3895,124.1163,1,1284.6654,5.0,1,1.3514,0.7886,0,0.839429,7.367932,4.83423,1,2,1,1,3017.47
case30_branch_outage_016,case30,branch_outage,Tier 1 (Subtle),0.0025,1.25,16,test,1,3078.2712,124.1163,1,1421.3422,5.0,1,0.6997,0.8163,0,0.840813,7.471951,4.83423,1,2,1,1,2988.41
case30_branch_outage_017,case30,branch_outage,Tier 2 (Moderate),0.005,2.5,17,test,1,520.3485,124.1163,1,1438.9433,5.0,1,2.35,0.8117,0,0.840586,7.565342,4.83423,1,2,1,1,3001.87
case30_branch_outage_018,case30,branch_outage,Tier 3 (Strong),0.008,4.0,18,test,1,1216.1997,124.1163,1,1488.9374,5.0,1,0.368,0.7769,0,0.838845,7.647653,4.83423,1,2,1,1,2993.4
case30_branch_outage_019,case30,branch_outage,Tier 4 (Severe),0.012,6.0,19,test,1,2226.9016,124.1163,1,1585.9815,5.0,1,0.5586,0.8046,0,0.840229,7.723117,4.83423,1,2,1,1,3000.8
case30_branch_outage_020,case30,branch_outage,Tier 1 (Subtle),0.0025,1.25,20,test,1,1914.399,124.1163,1,1668.478,5.0,1,0.4118,0.8106,0,0.840529,7.791334,4.83423,1,2,1,1,3029.08
case30_branch_outage_021,case30,branch_outage,Tier 2 (Moderate),0.005,2.5,21,test,1,398.4703,124.1163,1,1680.4055,5.0,1,1.1152,0.8309,0,0.841547,7.853748,4.83423,1,2,1,1,3006.7
case30_branch_outage_022,case30,branch_outage,Tier 3 (Strong),0.008,4.0,22,test,1,1228.724,124.1163,1,1730.9827,5.0,1,1.0651,0.8676,0,0.843381,7.911754,4.83423,1,2,1,1,3007.52
case30_branch_outage_023,case30,branch_outage,Tier 4 (Severe),0.012,6.0,23,test,1,3110.7021,124.1163,1,1869.1692,5.0,1,0.4056,0.7859,0,0.839295,7.959873,4.83423,1,2,1,1,3018.96
case30_branch_outage_024,case30,branch_outage,Tier 1 (Subtle),0.0025,1.25,24,test,1,2309.2762,124.1163,1,1970.048,5.0,1,1.1565,0.7806,0,0.839032,8.002918,4.83423,1,2,1,1,3020.45
case30_branch_outage_025,case30,branch_outage,Tier 2 (Moderate),0.005,2.5,25,test,1,468.9573,124.1163,1,1985.2567,5.0,1,0.1863,0.7427,0,0.837133,8.039759,4.83423,1,2,1,1,3002.52
case30_branch_outage_026,case30,branch_outage,Tier 3 (Strong),0.008,4.0,26,test,1,1563.0156,124.1163,1,2051.3958,5.0,1,0.8934,0.7154,0,0.835772,8.071555,4.83423,1,2,1,1,2990.67
case30_branch_outage_027,case30,branch_outage,Tier 4 (Severe),0.012,6.0,27,test,1,2889.1547,124.1163,1,2179.2689,5.0,1,1.4468,0.7851,0,0.839255,8.103654,4.83423,1,2,1,1,2980.49
case30_branch_outage_028,case30,branch_outage,Tier 1 (Subtle),0.0025,1.25,28,test,1,2269.9283,124.1163,1,2278.3159,5.0,1,0.7982,0.8128,0,0.840641,8.13393,4.83423,1,2,1,1,2960.75
case30_branch_outage_029,case30,branch_outage,Tier 2 (Moderate),0.005,2.5,29,test,1,503.8342,124.1163,1,2295.1483,5.0,1,1.4403,0.8843,0,0.844217,8.164754,4.83423,1,2,1,1,2981.91
case30_branch_outage_030,case30,branch_outage,Tier 3 (Strong),0.008,4.0,30,test,1,1623.2581,124.1163,1,2364.0917,5.0,1,0.5371,0.903,0,0.845149,8.193427,4.83423,1,2,1,1,2989.42
case30_branch_outage_031,case30,branch_outage,Tier 4 (Severe),0.012,6.0,31,test,1,2817.7417,124.1163,1,2488.6404,5.0,1,1.4484,0.9313,0,0.846563,8.220647,4.83423,1,2,1,1,2973.09
case30_branch_outage_032,case30,branch_outage,Tier 1 (Subtle),0.0025,1.25,32,test,1,2116.3891,124.1163,1,2580.5399,5.0,1,0.4392,0.9307,0,0.846537,8.24512,4.83423,1,2,1,1,2965.98
case30_branch_outage_033,case30,branch_outage,Tier 2 (Moderate),0.005,2.5,33,test,1,449.2167,124.1163,1,2594.8297,5.0,1,1.6719,1.0099,0,0.850493,8.271101,4.83423,1,2,1,1,2996.95
case30_branch_outage_034,case30,branch_outage,Tier 3 (Strong),0.008,4.0,34,test,1,1217.6351,124.1163,1,2644.8907,5.0,1,0.1646,0.9254,0,0.84627,8.290261,4.83423,1,2,1,1,3005.37
case30_branch_outage_035,case30,branch_outage,Tier 4 (Severe),0.012,6.0,35,test,1,3841.03,124.1163,1,2817.0752,5.0,1,0.9781,0.9067,0,0.845337,8.306571,4.83423,1,2,1,1,2999.52
case30_branch_outage_036,case30,branch_outage,Tier 1 (Subtle),0.0025,1.25,36,test,1,2518.8121,124.1163,1,2927.7083,5.0,1,0.1181,0.8777,0,0.843883,8.319797,4.83423,1,2,1,1,2988.66
case30_branch_outage_037,case30,branch_outage,Tier 2 (Moderate),0.005,2.5,37,test,1,331.3771,124.1163,1,2936.5124,5.0,1,0.5495,0.7876,0,0.839381,8.327198,4.83423,1,2,1,1,2991.26
case30_branch_outage_038,case30,branch_outage,Tier 3 (Strong),0.008,4.0,38,test,1,1028.6154,124.1163,1,2977.7742,5.0,1,0.8906,0.8138,0,0.840688,8.335166,4.83423,1,2,1,1,2977.14
case30_branch_outage_039,case30,branch_outage,Tier 4 (Severe),0.012,6.0,39,test,1,2539.725,124.1163,1,3089.3808,5.0,1,1.0837,0.84,0,0.842001,8.34365,4.83423,1,2,1,1,2965.54
case30_branch_outage_040,case30,branch_outage,Tier 1 (Subtle),0.0025,1.25,40,test,1,1577.9518,124.1163,1,3156.2151,5.0,1,1.5263,0.8957,0,0.844787,8.354072,4.83423,1,2,1,1,2978.9
case30_branch_outage_041,case30,branch_outage,Tier 2 (Moderate),0.005,2.5,41,test,1,704.5737,124.1163,1,3182.3922,5.0,1,0.041,0.842,0,0.842101,8.360766,4.83423,1,2,1,1,2999.95
case30_branch_outage_042,case30,branch_outage,Tier 3 (Strong),0.008,4.0,42,test,1,1629.4188,124.1163,1,3251.6224,5.0,1,0.276,0.8026,0,0.840128,8.364818,4.83423,1,2,1,1,2999.38
case30_branch_outage_043,case30,branch_outage,Tier 4 (Severe),0.012,6.0,43,test,1,2545.4109,124.1163,1,3363.4937,5.0,1,0.2064,0.7926,0,0.83963,8.367966,4.83423,1,2,1,1,2991.71
case30_branch_outage_044,case30,branch_outage,Tier 1 (Subtle),0.0025,1.25,44,test,1,2080.9506,124.1163,1,3453.7435,5.0,1,0.1344,0.7415,0,0.837075,8.368245,4.83423,1,2,1,1,3009.04
case30_branch_outage_045,case30,branch_outage,Tier 2 (Moderate),0.005,2.5,45,test,1,484.0557,124.1163,1,3469.6551,5.0,1,0.8495,0.7747,0,0.838733,8.370154,4.83423,1,2,1,1,2993.7
case30_branch_outage_046,case30,branch_outage,Tier 3 (Strong),0.008,4.0,46,test,1,1267.7917,124.1163,1,3522.051,5.0,1,1.3941,0.7997,0,0.839985,8.373123,4.83423,1,2,1,1,3001.31
case30_branch_outage_047,case30,branch_outage,Tier 4 (Severe),0.012,6.0,47,test,1,4166.7221,124.1163,1,3709.397,5.0,1,0.7096,0.7628,0,0.838142,8.373953,4.83423,1,2,1,1,3012.63
case30_branch_outage_048,case30,branch_outage,Tier 1 (Subtle),0.0025,1.25,48,test,1,2505.0774,124.1163,1,3819.3907,5.0,1,0.0642,0.7261,0,0.836307,8.372865,4.83423,1,2,1,1,2997.39
case30_branch_outage_049,case30,branch_outage,Tier 2 (Moderate),0.005,2.5,49,test,1,524.7965,124.1163,1,3837.1988,5.0,1,1.048,0.7065,0,0.835327,8.370905,4.83423,1,2,1,1,3008.9
case30_branch_outage_050,case30,branch_outage,Tier 3 (Strong),0.008,4.0,50,test,1,1955.5069,124.1163,1,3921.609,5.0,1,0.0191,0.6806,0,0.834031,8.367846,4.83423,1,2,1,1,2989.01
case30_branch_outage_051,case30,branch_outage,Tier 4 (Severe),0.012,6.0,51,test,1,3112.5243,124.1163,1,4059.8803,5.0,1,0.5634,0.6364,0,0.831819,8.36288,4.83423,1,2,1,1,3011.62
case30_branch_outage_052,case30,branch_outage,Tier 1 (Subtle),0.0025,1.25,52,test,1,2029.6293,124.1163,1,4147.7411,5.0,1,1.8711,0.708,0,0.835399,8.361991,4.83423,1,2,1,1,3011.6
case30_branch_outage_053,case30,branch_outage,Tier 2 (Moderate),0.005,2.5,53,test,1,575.8997,124.1163,1,4167.9282,5.0,1,0.8941,0.6691,0,0.833454,8.359246,4.83423,1,2,1,1,2994.56
case30_branch_outage_054,case30,branch_outage,Tier 3 (Strong),0.008,4.0,54,test,1,1518.1353,124.1163,1,4231.978,5.0,1,0.9073,0.7062,0,0.835311,8.358632,4.83423,1,2,1,1,3004.13
case30_branch_outage_055,case30,branch_outage,Tier 4 (Severe),0.012,6.0,55,test,1,3001.4386,124.1163,1,4365.0781,5.0,1,1.7008,0.7424,0,0.837118,8.359887,4.83423,1,2,1,1,3008.12
case30_branch_outage_056,case30,branch_outage,Tier 1 (Subtle),0.0025,1.25,56,test,1,2201.0409,124.1163,1,4460.9183,5.0,1,0.398,0.7563,0,0.837817,8.361715,4.83423,1,2,1,1,3033.23
case30_branch_outage_057,case30,branch_outage,Tier 2 (Moderate),0.005,2.5,57,test,1,429.9612,124.1163,1,4474.3117,5.0,1,0.263,0.742,0,0.837101,8.362645,4.83423,1,2,1,1,2998.77
case30_branch_outage_058,case30,branch_outage,Tier 3 (Strong),0.008,4.0,58,test,1,1059.1982,124.1163,1,4516.9972,5.0,1,0.282,0.7116,0,0.83558,8.36196,4.83423,1,2,1,1,2990.45
case30_branch_outage_059,case30,branch_outage,Tier 4 (Severe),0.012,6.0,59,test,1,3373.7156,124.1163,1,4667.4274,5.0,1,0.7381,0.6943,0,0.834716,8.36048,4.83423,1,2,1,1,2990.94
case30_fdia_000,case30,fdia,Tier 1 (Subtle),0.002526,1.26,0,test,1,1874.4163,124.1163,1,4748.0627,5.0,1,1.292,0.6826,0,0.83413,8.358562,4.83423,1,2,1,1,3001.23
case30_fdia_001,case30,fdia,Tier 2 (Moderate),0.008436,4.22,1,test,1,503.0426,124.1163,1,4764.8582,5.0,1,0.3704,0.6991,0,0.834954,8.35766,4.83423,1,2,1,1,3006.56
case30_fdia_002,case30,fdia,Tier 3 (Strong),0.014544,7.27,2,test,1,2021.7539,124.1163,1,4852.3523,5.0,1,1.0386,0.7372,0,0.83686,8.358754,4.83423,1,2,1,1,3029.53
case30_fdia_003,case30,fdia,Tier 4 (Severe),0.03,15.0,3,test,1,4303.2037,124.1163,1,5046.0518,5.0,1,0.3155,0.7427,0,0.837133,8.360011,4.83423,1,2,1,1,3063.98
case30_fdia_004,case30,fdia,Tier 1 (Subtle),0.003832,1.92,4,test,1,1184.2508,124.1163,1,5094.5587,5.0,1,0.8871,0.7803,0,0.839015,8.363024,4.83423,1,2,1,1,3136.08
case30_fdia_005,case30,fdia,Tier 2 (Moderate),0.009585,4.79,5,test,1,325.8165,124.1163,1,5103.104,5.0,1,1.4751,0.8116,0,0.840579,8.367301,4.83423,1,2,1,1,3061.81
case30_fdia_006,case30,fdia,Tier 3 (Strong),0.01553,7.77,6,test,1,1583.9818,124.1163,1,5170.219,5.0,1,0.5762,0.7707,0,0.838534,8.369104,4.83423,1,2,1,1,3053.5
case30_fdia_007,case30,fdia,Tier 4 (Severe),0.03,15.0,7,test,1,4012.1964,124.1163,1,5350.3717,5.0,1,0.443,0.7573,0,0.837867,8.370061,4.83423,1,2,1,1,3077.55
case30_fdia_008,case30,fdia,Tier 1 (Subtle),0.003502,1.75,8,test,1,1387.9209,124.1163,1,5408.3597,5.0,1,0.8376,0.796,0,0.839801,8.372856,4.83423,1,2,1,1,3142.57
case30_fdia_009,case30,fdia,Tier 2 (Moderate),0.008539,4.27,9,test,1,617.7263,124.1163,1,5430.494,5.0,1,0.66,0.7766,0,0.838831,8.374401,4.83423,1,2,1,1,3064.03
case30_fdia_010,case30,fdia,Tier 3 (Strong),0.014309,7.15,10,test,1,1266.788,124.1163,1,5482.8431,5.0,1,0.7633,0.8138,0,0.840691,8.377653,4.83423,1,2,1,1,3057.57
case30_fdia_011,case30,fdia,Tier 4 (Severe),0.03,15.0,11,test,1,3991.0685,124.1163,1,5662.0122,5.0,1,0.3764,0.8045,0,0.840224,8.380111,4.83423,1,2,1,1,3071.73
case30_fdia_012,case30,fdia,Tier 1 (Subtle),0.003457,1.73,12,test,1,1230.7265,124.1163,1,5712.6826,5.0,1,0.5437,0.7381,0,0.836906,8.379006,4.83423,1,2,1,1,3135.95
case30_fdia_013,case30,fdia,Tier 2 (Moderate),0.006918,3.46,13,test,1,706.7529,124.1163,1,5738.9611,5.0,1,0.5152,0.7192,0,0.835958,8.377063,4.83423,1,2,1,1,3062.3
case30_fdia_014,case30,fdia,Tier 3 (Strong),0.012252,6.13,14,test,1,1482.3935,124.1163,1,5801.3471,5.0,1,1.7095,0.7593,0,0.837964,8.377321,4.83423,1,2,1,1,3048.14
case30_fdia_015,case30,fdia,Tier 4 (Severe),0.03,15.0,15,test,1,4163.5227,124.1163,1,5988.5442,5.0,1,0.4026,0.6944,0,0.834718,8.374307,4.83423,1,2,1,1,3061.6
case30_fdia_016,case30,fdia,Tier 1 (Subtle),0.002616,1.31,16,test,1,1256.187,124.1163,1,6040.3998,5.0,1,0.6454,0.7067,0,0.835337,8.372213,4.83423,1,2,1,1,3134.23
case30_fdia_017,case30,fdia,Tier 2 (Moderate),0.008146,4.07,17,test,1,474.4983,124.1163,1,6055.8665,5.0,1,0.1516,0.7012,0,0.835058,8.37005,4.83423,1,2,1,1,3060.11
case30_fdia_018,case30,fdia,Tier 3 (Strong),0.013972,6.99,18,test,1,2155.4154,124.1163,1,6149.5828,5.0,1,0.0917,0.6916,0,0.834582,8.367627,4.83423,1,2,1,1,3049.05
case30_fdia_019,case30,fdia,Tier 4 (Severe),0.03,15.0,19,test,1,3998.6627,124.1163,1,6329.1054,5.0,1,1.6285,0.7362,0,0.836808,8.367673,4.83423,1,2,1,1,3068.28
case30_fdia_020,case30,fdia,Tier 1 (Subtle),0.002901,1.45,20,test,1,1217.8197,124.1163,1,6379.175,5.0,1,1.8189,0.7625,0,0.838126,8.369031,4.83423,1,2,1,1,3134.3
case30_fdia_021,case30,fdia,Tier 2 (Moderate),0.006504,3.25,21,test,1,389.1782,124.1163,1,6390.6699,5.0,1,0.8704,0.7875,0,0.839376,8.371504,4.83423,1,2,1,1,3062.2
case30_fdia_022,case30,fdia,Tier 3 (Strong),0.014019,7.01,22,test,1,2252.2496,124.1163,1,6488.894,5.0,1,1.1549,0.7933,0,0.839666,8.37402,4.83423,1,2,1,1,3045.83
case30_fdia_023,case30,fdia,Tier 4 (Severe),0.03,15.0,23,test,1,3914.2731,124.1163,1,6664.4881,5.0,1,0.6519,0.8101,0,0.840507,8.377125,4.83423,1,2,1,1,3068.79
case30_fdia_024,case30,fdia,Tier 1 (Subtle),0.002917,1.46,24,test,1,1334.5893,124.1163,1,6719.9935,5.0,1,0.3217,0.7819,0,0.839094,8.378506,4.83423,1,2,1,1,3136.81
case30_fdia_025,case30,fdia,Tier 2 (Moderate),0.00713,3.56,25,test,1,575.5513,124.1163,1,6740.1644,5.0,1,0.4996,0.7331,0,0.836655,8.377311,4.83423,1,2,1,1,3060.59
case30_fdia_026,case30,fdia,Tier 3 (Strong),0.015712,7.86,26,test,1,2311.0457,124.1163,1,6841.1255,5.0,1,0.6537,0.737,0,0.836849,8.376429,4.83423,1,2,1,1,3046.65
case30_fdia_027,case30,fdia,Tier 4 (Severe),0.03,15.0,27,test,1,3934.2073,124.1163,1,7017.6476,5.0,1,0.4396,0.7368,0,0.83684,8.375626,4.83423,1,2,1,1,3071.23
case30_fdia_028,case30,fdia,Tier 1 (Subtle),0.003261,1.63,28,test,1,1446.377,124.1163,1,7078.3569,5.0,1,0.7637,0.7331,0,0.836656,8.374719,4.83423,1,2,1,1,3141.91
case30_fdia_029,case30,fdia,Tier 2 (Moderate),0.006503,3.25,29,test,1,562.4128,124.1163,1,7097.9162,5.0,1,0.0428,0.7023,0,0.835113,8.37236,4.83423,1,2,1,1,3062.58
case30_fdia_030,case30,fdia,Tier 3 (Strong),0.012967,6.48,30,test,1,2160.7502,124.1163,1,7191.8808,5.0,1,0.8525,0.7067,0,0.835335,8.370459,4.83423,1,2,1,1,3047.82
case30_fdia_031,case30,fdia,Tier 4 (Severe),0.03,15.0,31,test,1,3999.3608,124.1163,1,7371.4359,5.0,1,0.3929,0.7075,0,0.835377,8.36879,4.83423,1,2,1,1,3064.68
case30_fdia_032,case30,fdia,Tier 1 (Subtle),0.00318,1.59,32,test,1,1259.617,124.1163,1,7423.4512,5.0,1,0.9758,0.7291,0,0.836457,8.368368,4.83423,1,2,1,1,3138.0
case30_fdia_033,case30,fdia,Tier 2 (Moderate),0.009623,4.81,33,test,1,338.9391,124.1163,1,7432.6074,5.0,1,0.9074,0.7487,0,0.837437,8.368968,4.83423,1,2,1,1,3064.0
case30_fdia_034,case30,fdia,Tier 3 (Strong),0.015449,7.72,34,test,1,2546.0698,124.1163,1,7544.5093,5.0,1,1.7758,0.7521,0,0.837603,8.369675,4.83423,1,2,1,1,3057.05
case30_fdia_035,case30,fdia,Tier 4 (Severe),0.03,15.0,35,test,1,3685.8998,124.1163,1,7709.4723,5.0,1,0.9004,0.777,0,0.838848,8.371555,4.83423,1,2,1,1,3076.32
case30_fdia_036,case30,fdia,Tier 1 (Subtle),0.003007,1.5,36,test,1,1358.4701,124.1163,1,7766.0894,5.0,1,1.5994,0.8247,0,0.841233,8.375632,4.83423,1,2,1,1,3135.1
case30_fdia_037,case30,fdia,Tier 2 (Moderate),0.008764,4.38,37,test,1,767.9371,124.1163,1,7795.2161,5.0,1,0.2526,0.8297,0,0.841485,8.379554,4.83423,1,2,1,1,3060.47
case30_fdia_038,case30,fdia,Tier 3 (Strong),0.016519,8.26,38,test,1,1425.7284,124.1163,1,7854.9642,5.0,1,0.4556,0.8479,0,0.842395,8.383994,4.83423,1,2,1,1,3054.62
case30_fdia_039,case30,fdia,Tier 4 (Severe),0.03,15.0,39,test,1,3839.829,124.1163,1,8027.0928,5.0,1,0.3142,0.7822,0,0.839109,8.384704,4.83423,1,2,1,1,3079.56
case30_fdia_040,case30,fdia,Tier 1 (Subtle),0.002818,1.41,40,test,1,1422.8963,124.1163,1,8086.7091,5.0,1,1.7182,0.7772,0,0.838858,8.385091,4.83423,1,2,1,1,3142.56
case30_fdia_041,case30,fdia,Tier 2 (Moderate),0.008271,4.14,41,test,1,499.9503,124.1163,1,8103.3606,5.0,1,0.4299,0.7551,0,0.837756,8.384339,4.83423,1,2,1,1,3061.87
case30_fdia_042,case30,fdia,Tier 3 (Strong),0.016372,8.19,42,test,1,1379.5729,124.1163,1,8160.9601,5.0,1,0.3869,0.7167,0,0.835837,8.381741,4.83423,1,2,1,1,3054.72
case30_fdia_043,case30,fdia,Tier 4 (Severe),0.03,15.0,43,test,1,3742.0242,124.1163,1,8328.5357,5.0,1,1.1237,0.7403,0,0.837016,8.380583,4.83423,1,2,1,1,3078.99
case30_fdia_044,case30,fdia,Tier 1 (Subtle),0.003712,1.86,44,test,1,1390.9957,124.1163,1,8386.667,5.0,1,0.2,0.7342,0,0.836712,8.379237,4.83423,1,2,1,1,3145.66
case30_fdia_045,case30,fdia,Tier 2 (Moderate),0.008287,4.14,45,test,1,493.5902,124.1163,1,8403.0224,5.0,1,0.1252,0.7155,0,0.835776,8.377089,4.83423,1,2,1,1,3069.18
case30_fdia_046,case30,fdia,Tier 3 (Strong),0.014851,7.43,46,test,1,1956.7346,124.1163,1,8487.4898,5.0,1,1.0332,0.7345,0,0.836724,8.376105,4.83423,1,2,1,1,3056.15
case30_fdia_047,case30,fdia,Tier 4 (Severe),0.03,15.0,47,test,1,3838.4996,124.1163,1,8659.5565,5.0,1,0.3389,0.7295,0,0.836473,8.374967,4.83423,1,2,1,1,3076.46
case30_fdia_048,case30,fdia,Tier 1 (Subtle),0.003173,1.59,48,test,1,1361.9429,124.1163,1,8716.3352,5.0,1,1.0441,0.7435,0,0.837174,8.374644,4.83423,1,2,1,1,3139.72
case30_fdia_049,case30,fdia,Tier 2 (Moderate),0.007566,3.78,49,test,1,485.7541,124.1163,1,8732.3259,5.0,1,0.8087,0.7818,0,0.839089,8.376268,4.83423,1,2,1,1,3062.28
case30_fdia_050,case30,fdia,Tier 3 (Strong),0.016031,8.02,50,test,1,2452.0651,124.1163,1,8839.8517,5.0,1,0.8678,0.7825,0,0.839127,8.377768,4.83423,1,2,1,1,3048.6
case30_fdia_051,case30,fdia,Tier 4 (Severe),0.03,15.0,51,test,1,3797.3529,124.1163,1,9010.003,5.0,1,1.3329,0.8295,0,0.841477,8.381468,4.83423,1,2,1,1,3076.63
case30_fdia_052,case30,fdia,Tier 1 (Subtle),0.002335,1.17,52,test,1,1402.0961,124.1163,1,9068.651,5.0,1,0.9715,0.8293,0,0.841466,8.384787,4.83423,1,2,1,1,3135.85
case30_fdia_053,case30,fdia,Tier 2 (Moderate),0.007824,3.91,53,test,1,690.7356,124.1163,1,9094.1839,5.0,1,1.2432,0.8461,0,0.842306,8.388614,4.83423,1,2,1,1,3057.39
case30_fdia_054,case30,fdia,Tier 3 (Strong),0.015021,7.51,54,test,1,2240.5102,124.1163,1,9191.8615,5.0,1,1.5891,0.8368,0,0.841839,8.391592,4.83423,1,2,1,1,3049.22
case30_fdia_055,case30,fdia,Tier 4 (Severe),0.03,15.0,55,test,1,3881.4428,124.1163,1,9365.9273,5.0,1,2.1821,0.9009,0,0.845043,8.397476,4.83423,1,2,1,1,3071.71
case30_fdia_056,case30,fdia,Tier 1 (Subtle),0.003912,1.96,56,test,1,1194.6771,124.1163,1,9414.9196,5.0,1,0.9029,0.866,0,0.843302,8.40103,4.83423,1,2,1,1,3140.82
case30_fdia_057,case30,fdia,Tier 2 (Moderate),0.00715,3.57,57,test,1,619.5772,124.1163,1,9437.1399,5.0,1,0.6972,0.8883,0,0.844413,8.405341,4.83423,1,2,1,1,3065.59
case30_fdia_058,case30,fdia,Tier 3 (Strong),0.013924,6.96,58,test,1,2494.6933,124.1163,1,9546.6502,5.0,1,0.9261,0.9118,0,0.845589,8.410396,4.83423,1,2,1,1,3050.98
case30_fdia_059,case30,fdia,Tier 4 (Severe),0.03,15.0,59,test,1,4036.7899,124.1163,1,9727.9477,5.0,1,0.0799,0.9001,0,0.845004,8.41436,4.83423,1,2,1,1,3072.12
case30_load_shift_000,case30,load_shift,Tier 1 (Subtle),0.006462,1.62,0,test,1,2527.1681,124.1163,1,9838.9697,5.0,1,0.389,0.8336,0,0.841681,8.414605,4.83423,1,2,1,1,3138.67
case30_load_shift_001,case30,load_shift,Tier 2 (Moderate),0.019298,4.82,1,test,1,1770.3361,124.1163,1,9914.7598,5.0,1,1.6316,0.8937,0,0.844685,8.417829,4.83423,1,2,1,1,3028.79
case30_load_shift_002,case30,load_shift,Tier 3 (Strong),0.032978,8.24,2,test,1,1583.0524,124.1163,1,9981.8316,5.0,1,0.2046,0.8846,0,0.844229,8.420275,4.83423,1,2,1,1,2937.45
case30_load_shift_003,case30,load_shift,Tier 4 (Severe),0.05,12.5,3,test,1,1967.8323,124.1163,1,10066.8156,5.0,1,0.8482,0.8708,0,0.84354,8.421788,4.83423,1,2,1,1,2855.34
case30_load_shift_004,case30,load_shift,Tier 1 (Subtle),0.008469,2.12,4,test,1,3077.5998,124.1163,1,10203.4611,5.0,1,0.4951,0.8856,0,0.844278,8.423887,4.83423,1,2,1,1,2758.96
case30_load_shift_005,case30,load_shift,Tier 2 (Moderate),0.021819,5.45,5,test,1,44.4897,124.1163,0,10198.9102,5.0,1,1.2312,0.9409,0,0.436656,8.018154,4.83423,1,1,0,1,2876.42
case30_load_shift_006,case30,load_shift,Tier 3 (Strong),0.035601,8.9,6,test,1,564.3995,124.1163,1,10218.5619,5.0,1,0.7331,0.9259,0,0.846293,8.062632,4.83423,1,2,1,1,2869.16
case30_load_shift_007,case30,load_shift,Tier 4 (Severe),0.05,12.5,7,test,1,1266.5645,124.1163,1,10270.9007,5.0,1,1.3267,0.9752,0,0.848762,8.105131,4.83423,1,2,1,1,2821.34
case30_load_shift_008,case30,load_shift,Tier 1 (Subtle),0.00606,1.51,8,test,1,3734.9082,124.1163,1,10438.145,5.0,1,1.1984,0.983,0,0.849148,8.143766,4.83423,1,2,1,1,2746.88
case30_load_shift_009,case30,load_shift,Tier 2 (Moderate),0.020094,5.02,9,test,1,61.335,124.1163,0,10434.3783,5.0,1,1.3622,1.0106,0,0.474075,7.803465,4.83423,1,1,0,1,2876.09
case30_load_shift_010,case30,load_shift,Tier 3 (Strong),0.038968,9.74,10,test,1,1008.8216,124.1163,1,10474.7186,5.0,1,1.1736,1.0259,0,0.851296,7.874414,4.83423,1,2,1,1,2875.39
case30_load_shift_011,case30,load_shift,Tier 4 (Severe),0.05,12.5,11,test,1,939.8311,124.1163,1,10511.8474,5.0,1,0.2755,0.9731,0,0.848653,7.935626,4.83423,1,2,1,1,2808.69
case30_load_shift_012,case30,load_shift,Tier 1 (Subtle),0.00724,1.81,12,test,1,3666.2692,124.1163,1,10675.8965,5.0,1,0.4104,0.945,0,0.84725,7.989314,4.83423,1,2,1,1,2744.66
case30_load_shift_013,case30,load_shift,Tier 2 (Moderate),0.023497,5.87,13,test,1,64.061,124.1163,0,10672.2566,5.0,1,0.0442,0.8851,0,0.473287,7.663669,4.83423,1,1,0,1,2872.28
case30_load_shift_014,case30,load_shift,Tier 3 (Strong),0.030815,7.7,14,test,1,218.6882,124.1163,1,10675.8149,5.0,1,0.1478,0.813,0,0.78114,7.678442,4.83423,1,2,1,1,2862.06
case30_load_shift_015,case30,load_shift,Tier 4 (Severe),0.05,12.5,15,test,1,1519.2157,124.1163,1,10739.915,5.0,1,0.0827,0.708,0,0.835401,7.745999,4.83423,1,2,1,1,2832.89
case30_load_shift_016,case30,load_shift,Tier 1 (Subtle),0.006403,1.6,16,test,1,3581.9739,124.1163,1,10900.04,5.0,1,1.2395,0.7249,0,0.836243,7.807642,4.83423,1,2,1,1,2750.58
case30_load_shift_017,case30,load_shift,Tier 2 (Moderate),0.016346,4.09,17,test,1,78.1291,124.1163,0,10897.0551,5.0,1,0.3859,0.7093,0,0.492835,7.519713,4.83423,1,1,0,1,2879.42
case30_load_shift_018,case30,load_shift,Tier 3 (Strong),0.032838,8.21,18,test,1,685.7596,124.1163,1,10922.3563,5.0,1,1.5874,0.7424,0,0.837118,7.604859,4.83423,1,2,1,1,2892.5
case30_load_shift_019,case30,load_shift,Tier 4 (Severe),0.05,12.5,19,test,1,1562.6783,124.1163,1,10988.4797,5.0,1,1.1549,0.7961,0,0.839805,7.684179,4.83423,1,2,1,1,2836.12
case30_load_shift_020,case30,load_shift,Tier 1 (Subtle),0.005857,1.46,20,test,1,3583.7421,124.1163,1,11148.687,5.0,1,0.615,0.8074,0,0.84037,7.756131,4.83423,1,2,1,1,2753.81
case30_load_shift_021,case30,load_shift,Tier 2 (Moderate),0.01756,4.39,21,test,1,70.0819,124.1163,0,11145.3274,5.0,1,0.3206,0.7419,0,0.478255,7.458772,4.83423,1,1,0,1,2881.35
case30_load_shift_022,case30,load_shift,Tier 3 (Strong),0.032568,8.14,22,test,1,651.559,124.1163,1,11169.0366,5.0,1,0.195,0.7414,0,0.837069,7.549964,4.83423,1,2,1,1,2890.08
case30_load_shift_023,case30,load_shift,Tier 4 (Severe),0.05,12.5,23,test,1,1540.784,124.1163,1,11234.1407,5.0,1,0.0011,0.699,0,0.834951,7.629919,4.83423,1,2,1,1,2835.63
case30_load_shift_024,case30,load_shift,Tier 1 (Subtle),0.009506,2.38,24,test,1,2962.2662,124.1163,1,11365.4173,5.0,1,0.0518,0.6769,0,0.833843,7.70077,4.83423,1,2,1,1,2755.5
case30_load_shift_025,case30,load_shift,Tier 2 (Moderate),0.023652,5.91,25,test,1,52.8056,124.1163,0,11361.2535,5.0,1,1.202,0.6754,0,0.440133,7.370826,4.83423,1,1,0,1,2870.33
case30_load_shift_026,case30,load_shift,Tier 3 (Strong),0.033484,8.37,26,test,1,389.473,124.1163,1,11372.7621,5.0,1,1.2785,0.7027,0,0.835134,7.468877,4.83423,1,2,1,1,2860.3
case30_load_shift_027,case30,load_shift,Tier 4 (Severe),0.05,12.5,27,test,1,1171.3649,124.1163,1,11420.6691,5.0,1,0.8179,0.6772,0,0.833861,7.555851,4.83423,1,2,1,1,2820.89
case30_load_shift_028,case30,load_shift,Tier 1 (Subtle),0.006431,1.61,28,test,1,3705.7052,124.1163,1,11586.5541,5.0,1,0.7252,0.6536,0,0.832678,7.632944,4.83423,1,2,1,1,2751.1
case30_load_shift_029,case30,load_shift,Tier 2 (Moderate),0.021901,5.48,29,test,1,45.9694,124.1163,0,11582.072,5.0,1,0.0872,0.5898,0,0.422084,7.291733,4.83423,1,1,0,1,2878.77
case30_load_shift_030,case30,load_shift,Tier 3 (Strong),0.037113,9.28,30,test,1,773.1514,124.1163,1,11611.4415,5.0,1,0.1332,0.5378,0,0.82689,7.38945,4.83423,1,2,1,1,2870.14
case30_load_shift_031,case30,load_shift,Tier 4 (Severe),0.05,12.5,31,test,1,1008.6261,124.1163,1,11651.7728,5.0,1,0.7601,0.562,0,0.828101,7.478606,4.83423,1,2,1,1,2812.57
case30_load_shift_032,case30,load_shift,Tier 1 (Subtle),0.006377,1.59,32,test,1,3627.2494,124.1163,1,11814.0055,5.0,1,0.1621,0.5496,0,0.82748,7.558226,4.83423,1,2,1,1,2749.12
case30_load_shift_033,case30,load_shift,Tier 2 (Moderate),0.017629,4.41,33,test,1,75.7419,124.1163,0,11810.9094,5.0,1,0.0402,0.5494,0,0.480033,7.282436,4.83423,1,1,0,1,2874.25
case30_load_shift_034,case30,load_shift,Tier 3 (Strong),0.037555,9.39,34,test,1,1018.7476,124.1163,1,11851.7118,5.0,1,0.1706,0.5505,0,0.827527,7.381719,4.83423,1,2,1,1,2885.98
case30_load_shift_035,case30,load_shift,Tier 4 (Severe),0.05,12.5,35,test,1,1148.4063,124.1163,1,11898.5501,5.0,1,0.333,0.5631,0,0.828153,7.4717,4.83423,1,2,1,1,2821.32
case30_load_shift_036,case30,load_shift,Tier 1 (Subtle),0.008391,2.1,36,test,1,3239.7028,124.1163,1,12042.7418,5.0,1,0.6983,0.536,0,0.8268,7.55133,4.83423,1,2,1,1,2750.72
case30_load_shift_037,case30,load_shift,Tier 2 (Moderate),0.024408,6.1,37,test,1,90.3501,124.1163,0,12040.3257,5.0,1,0.737,0.5536,0,0.509664,7.305861,4.83423,1,1,0,1,2870.22
case30_load_shift_038,case30,load_shift,Tier 3 (Strong),0.035644,8.91,38,test,1,453.1056,124.1163,1,12054.7966,5.0,1,1.3034,0.5394,0,0.826968,7.402243,4.83423,1,2,1,1,2861.09
case30_load_shift_039,case30,load_shift,Tier 4 (Severe),0.05,12.5,39,test,1,1062.7328,124.1163,1,12097.6466,5.0,1,0.6018,0.5117,0,0.825585,7.487603,4.83423,1,2,1,1,2817.5
case30_load_shift_040,case30,load_shift,Tier 1 (Subtle),0.009723,2.43,40,test,1,3156.1214,124.1163,1,12237.9474,5.0,1,0.8876,0.5253,0,0.826266,7.565109,4.83423,1,2,1,1,2746.94
case30_load_shift_041,case30,load_shift,Tier 2 (Moderate),0.017159,4.29,41,test,1,91.4561,124.1163,0,12235.5829,5.0,1,0.2156,0.5201,0,0.510218,7.318816,4.83423,1,1,0,1,2862.45
case30_load_shift_042,case30,load_shift,Tier 3 (Strong),0.031403,7.85,42,test,1,395.0421,124.1163,1,12247.3507,5.0,1,0.5182,0.5362,0,0.826812,7.413746,4.83423,1,2,1,1,2879.83
case30_load_shift_043,case30,load_shift,Tier 4 (Severe),0.05,12.5,43,test,1,1578.8143,124.1163,1,12314.2252,5.0,1,1.6289,0.6176,0,0.830881,7.503253,4.83423,1,2,1,1,2838.16
case30_load_shift_044,case30,load_shift,Tier 1 (Subtle),0.005573,1.39,44,test,1,3562.5852,124.1163,1,12473.4477,5.0,1,0.0958,0.6198,0,0.830991,7.583918,4.83423,1,2,1,1,2758.1
case30_load_shift_045,case30,load_shift,Tier 2 (Moderate),0.017923,4.48,45,test,1,40.6077,124.1163,0,12468.716,5.0,1,0.7751,0.5985,0,0.411717,7.237244,4.83423,1,1,0,1,2884.07
case30_load_shift_046,case30,load_shift,Tier 3 (Strong),0.035761,8.94,46,test,1,920.1744,124.1163,1,12504.9297,5.0,1,0.1951,0.5443,0,0.827215,7.340735,4.83423,1,2,1,1,2886.55
case30_load_shift_047,case30,load_shift,Tier 4 (Severe),0.05,12.5,47,test,1,1222.8783,124.1163,1,12555.2348,5.0,1,0.3142,0.5191,0,0.825956,7.432618,4.83423,1,2,1,1,2823.16
case30_load_shift_048,case30,load_shift,Tier 1 (Subtle),0.00618,1.54,48,test,1,3554.368,124.1163,1,12714.0747,5.0,1,1.1525,0.5405,0,0.827025,7.51638,4.83423,1,2,1,1,2752.66
case30_load_shift_049,case30,load_shift,Tier 2 (Moderate),0.023929,5.98,49,test,1,90.9893,124.1163,0,12711.6884,5.0,1,0.5058,0.5614,0,0.511345,7.276088,4.83423,1,1,0,1,2877.13
case30_load_shift_050,case30,load_shift,Tier 3 (Strong),0.035462,8.87,50,test,1,550.4633,124.1163,1,12730.6914,5.0,1,0.3861,0.5741,0,0.828704,7.377183,4.83423,1,2,1,1,2861.95
case30_load_shift_051,case30,load_shift,Tier 4 (Severe),0.05,12.5,51,test,1,1076.3514,124.1163,1,12774.1754,5.0,1,0.7939,0.5758,0,0.828788,7.468252,4.83423,1,2,1,1,2815.08
case30_load_shift_052,case30,load_shift,Tier 1 (Subtle),0.00876,2.19,52,test,1,3436.5405,124.1163,1,12927.5302,5.0,1,0.0568,0.5705,0,0.828525,7.549952,4.83423,1,2,1,1,2748.41
case30_load_shift_053,case30,load_shift,Tier 2 (Moderate),0.021664,5.42,53,test,1,54.8125,124.1163,0,12923.4598,5.0,1,0.5195,0.5945,0,0.440128,7.235085,4.83423,1,1,0,1,2870.62
case30_load_shift_054,case30,load_shift,Tier 3 (Strong),0.03581,8.95,54,test,1,645.9037,124.1163,1,12946.9057,5.0,1,1.9809,0.685,0,0.834249,7.345826,4.83423,1,2,1,1,2868.64
case30_load_shift_055,case30,load_shift,Tier 4 (Severe),0.05,12.5,55,test,1,1124.7732,124.1163,1,12992.6438,5.0,1,0.8186,0.7093,0,0.835463,7.446706,4.83423,1,2,1,1,2819.86
case30_load_shift_056,case30,load_shift,Tier 1 (Subtle),0.005485,1.37,56,test,1,3846.6005,124.1163,1,13165.0877,5.0,1,0.4933,0.699,0,0.834951,7.536986,4.83423,1,2,1,1,2748.77
case30_load_shift_057,case30,load_shift,Tier 2 (Moderate),0.016206,4.05,57,test,1,82.4728,124.1163,0,13162.3049,5.0,1,0.3474,0.6795,0,0.500097,7.283384,4.83423,1,1,0,1,2878.42
case30_load_shift_058,case30,load_shift,Tier 3 (Strong),0.032044,8.01,58,test,1,655.2206,124.1163,1,13186.1846,5.0,1,0.9133,0.66,0,0.833002,7.388047,4.83423,1,2,1,1,2894.79
case30_load_shift_059,case30,load_shift,Tier 4 (Severe),0.05,12.5,59,test,1,1644.1058,124.1163,1,13256.0985,5.0,1,0.8754,0.6737,0,0.833686,7.482928,4.83423,1,2,1,1,2838.82
case30_stealth_drift_000,case30,stealth_drift,Tier 1 (Subtle),0.003155,1.58,0,test,1,5575.9409,124.1163,1,13509.0461,5.0,1,0.7333,0.666,0,0.8333,7.567935,4.83423,1,2,1,1,2754.43
case30_stealth_drift_001,case30,stealth_drift,Tier 2 (Moderate),0.008209,4.1,1,test,1,1571.7689,124.1163,1,13575.5926,5.0,1,1.3294,0.7217,0,0.836084,7.647226,4.83423,1,2,1,1,2911.82
case30_stealth_drift_002,case30,stealth_drift,Tier 3 (Strong),0.017788,8.89,2,test,1,1024.3751,124.1163,1,13616.657,5.0,1,0.6313,0.7273,0,0.836367,7.71887,4.83423,1,2,1,1,2999.06
case30_stealth_drift_003,case30,stealth_drift,Tier 4 (Severe),0.025668,12.83,3,test,1,561.3394,124.1163,1,13636.1663,5.0,1,0.0499,0.6484,0,0.83242,7.779403,4.83423,1,2,1,1,3065.41
case30_stealth_drift_004,case30,stealth_drift,Tier 1 (Subtle),0.003672,1.84,4,test,1,742.6927,124.1163,1,13664.1179,5.0,1,1.0696,0.6971,0,0.834854,7.836317,4.83423,1,2,1,1,3117.7
case30_stealth_drift_005,case30,stealth_drift,Tier 2 (Moderate),0.013698,6.85,5,test,1,82.1995,124.1163,0,13661.3225,5.0,1,5.6396,0.9403,0,0.512585,7.565269,4.83423,1,1,0,1,3057.28
case30_stealth_drift_006,case30,stealth_drift,Tier 3 (Strong),0.020105,10.05,6,test,1,203.6797,124.1163,1,13664.1821,5.0,1,7.9486,1.328,0,0.776658,7.585401,4.83423,1,2,1,1,3071.39
case30_stealth_drift_007,case30,stealth_drift,Tier 4 (Severe),0.032492,16.25,7,test,1,731.0731,124.1163,1,13691.5928,5.0,1,5.9547,1.61,0,0.8805,7.707361,4.83423,1,2,1,1,3099.84
case30_stealth_drift_008,case30,stealth_drift,Tier 1 (Subtle),0.003556,1.78,8,test,1,1518.371,124.1163,1,13755.6535,5.0,1,3.7004,1.7374,0,0.886869,7.823494,4.83423,1,2,1,1,3158.09
case30_stealth_drift_009,case30,stealth_drift,Tier 2 (Moderate),0.011866,5.93,9,test,1,41.2946,124.1163,0,13750.9539,5.0,1,5.3096,1.9776,0,0.482056,7.523201,4.83423,1,1,0,1,3072.78
case30_stealth_drift_010,case30,stealth_drift,Tier 3 (Strong),0.02374,11.87,10,test,1,370.5708,124.1163,1,13761.5826,5.0,1,1.2877,2.0227,0,0.901133,7.672014,4.83423,1,2,1,1,3066.21
case30_stealth_drift_011,case30,stealth_drift,Tier 4 (Severe),0.025888,12.94,11,test,1,195.7972,124.1163,1,13764.0752,5.0,1,0.9531,2.0306,0,0.795913,7.700726,4.83423,1,2,1,1,3109.56
case30_stealth_drift_012,case30,stealth_drift,Tier 1 (Subtle),0.003716,1.86,12,test,1,1119.9421,124.1163,1,13809.5885,5.0,1,0.438,2.0497,0,0.902484,7.833137,4.83423,1,2,1,1,3137.83
case30_stealth_drift_013,case30,stealth_drift,Tier 2 (Moderate),0.010958,5.48,13,test,1,26.8904,124.1163,0,13804.2182,5.0,1,0.6694,2.0572,0,0.457022,7.506845,4.83423,1,1,0,1,3063.76
case30_stealth_drift_014,case30,stealth_drift,Tier 3 (Strong),0.022234,11.12,14,test,1,368.5591,124.1163,1,13814.7533,5.0,1,2.6565,2.0909,0,0.904547,7.660708,4.83423,1,2,1,1,3062.85
case30_stealth_drift_015,case30,stealth_drift,Tier 4 (Severe),0.027787,13.89,15,test,1,347.8543,124.1163,1,13824.3245,5.0,1,0.4201,2.071,0,0.903551,7.798188,4.83423,1,2,1,1,3103.83
case30_stealth_drift_016,case30,stealth_drift,Tier 1 (Subtle),0.003042,1.52,16,test,1,1358.7696,124.1163,1,13880.9555,5.0,1,1.6303,2.1279,0,0.906394,7.924763,4.83423,1,2,1,1,3141.56
case30_stealth_drift_017,case30,stealth_drift,Tier 2 (Moderate),0.012956,6.48,17,test,1,50.9919,124.1163,0,13876.7073,5.0,1,0.3097,2.126,0,0.509009,7.641296,4.83423,1,1,0,1,3063.66
case30_stealth_drift_018,case30,stealth_drift,Tier 3 (Strong),0.02091,10.46,18,test,1,246.4134,124.1163,1,13881.5562,5.0,1,4.5593,2.3083,1,0.91175,7.788916,4.83423,1,3,1,1,3068.13
case30_stealth_drift_019,case30,stealth_drift,Tier 4 (Severe),0.031683,15.84,19,test,1,580.9889,124.1163,1,13901.9802,5.0,1,0.7404,2.3015,0,0.915077,7.925101,4.83423,1,2,1,1,3099.99
case30_stealth_drift_020,case30,stealth_drift,Tier 1 (Subtle),0.00309,1.55,20,test,1,1600.309,124.1163,1,13969.8554,5.0,1,9.9396,2.7619,1,0.938093,8.070684,4.83423,1,3,1,1,3153.11
case30_stealth_drift_021,case30,stealth_drift,Tier 2 (Moderate),0.009993,5.0,21,test,1,38.757,124.1163,0,13965.0376,5.0,1,0.1572,2.7032,0,0.513228,7.776843,4.83423,1,1,0,1,3066.84
case30_stealth_drift_022,case30,stealth_drift,Tier 3 (Strong),0.019113,9.56,22,test,1,237.7377,124.1163,1,13969.4826,5.0,1,1.6282,2.7531,0,0.916515,7.915674,4.83423,1,2,1,1,3060.39
case30_stealth_drift_023,case30,stealth_drift,Tier 4 (Severe),0.0252,12.6,23,test,1,230.5368,124.1163,1,13973.5925,5.0,1,0.6137,2.7813,0,0.90342,8.027527,4.83423,1,2,1,1,3093.18
case30_stealth_drift_024,case30,stealth_drift,Tier 1 (Subtle),0.004037,2.02,24,test,1,884.9663,124.1163,1,14008.1672,5.0,1,0.0053,2.7281,0,0.936403,8.161177,4.83423,1,2,1,1,3122.95
case30_stealth_drift_025,case30,stealth_drift,Tier 2 (Moderate),0.013301,6.65,25,test,1,87.1406,124.1163,0,14005.6017,5.0,1,0.5986,2.476,0,0.599323,7.944383,4.83423,1,1,0,1,3055.51
case30_stealth_drift_026,case30,stealth_drift,Tier 3 (Strong),0.02054,10.27,26,test,1,237.4749,124.1163,1,14010.0346,5.0,1,4.1362,2.2854,1,0.892601,8.042546,4.83423,1,3,1,1,3068.63
case30_stealth_drift_027,case30,stealth_drift,Tier 4 (Severe),0.032544,16.27,27,test,1,698.4936,124.1163,1,14035.9286,5.0,1,0.7346,2.0244,0,0.90122,8.139511,4.83423,1,2,1,1,3098.96
case30_stealth_drift_028,case30,stealth_drift,Tier 1 (Subtle),0.002684,1.34,28,test,1,1635.0607,124.1163,1,14105.4215,5.0,1,0.5707,1.8679,0,0.893396,8.218956,4.83423,1,2,1,1,3156.73
case30_stealth_drift_029,case30,stealth_drift,Tier 2 (Moderate),0.010705,5.35,29,test,1,46.5498,124.1163,0,14100.9665,5.0,1,0.5481,1.6298,0,0.475254,7.872314,4.83423,1,1,0,1,3067.5
case30_stealth_drift_030,case30,stealth_drift,Tier 3 (Strong),0.017886,8.94,30,test,1,202.0787,124.1163,1,14103.7516,5.0,1,1.337,1.6323,0,0.78865,7.873733,4.83423,1,2,1,1,3061.04
case30_stealth_drift_031,case30,stealth_drift,Tier 4 (Severe),0.032356,16.18,31,test,1,885.2082,124.1163,1,14138.3375,5.0,1,0.3756,1.6034,0,0.880171,7.966531,4.83423,1,2,1,1,3088.45
case30_stealth_drift_032,case30,stealth_drift,Tier 1 (Subtle),0.003356,1.68,32,test,1,1480.2029,124.1163,1,14200.6215,5.0,1,0.4794,1.6055,0,0.880275,8.050153,4.83423,1,2,1,1,3152.54
case30_stealth_drift_033,case30,stealth_drift,Tier 2 (Moderate),0.011837,5.92,33,test,1,47.1619,124.1163,0,14196.195,5.0,1,0.6333,1.6037,0,0.47518,7.720318,4.83423,1,1,0,1,3068.39
case30_stealth_drift_034,case30,stealth_drift,Tier 3 (Strong),0.023962,11.98,34,test,1,436.5151,124.1163,1,14209.8935,5.0,1,0.5237,1.4971,0,0.874853,7.823138,4.83423,1,2,1,1,3066.63
case30_stealth_drift_035,case30,stealth_drift,Tier 4 (Severe),0.034199,17.1,35,test,1,715.8008,124.1163,1,14236.5932,5.0,1,0.3763,1.4949,0,0.874743,7.915567,4.83423,1,2,1,1,3111.06
case30_stealth_drift_036,case30,stealth_drift,Tier 1 (Subtle),0.004165,2.08,36,test,1,1770.2962,124.1163,1,14312.3815,5.0,1,0.0178,1.4142,0,0.870712,7.994723,4.83423,1,2,1,1,3170.59
case30_stealth_drift_037,case30,stealth_drift,Tier 2 (Moderate),0.010963,5.48,37,test,1,57.1263,124.1163,0,14308.4188,5.0,1,5.1328,1.6554,0,0.497835,7.693086,4.83423,1,1,0,1,3076.36
case30_stealth_drift_038,case30,stealth_drift,Tier 3 (Strong),0.0196,9.8,38,test,1,214.6923,124.1163,1,14311.7911,5.0,1,0.8458,1.4697,0,0.805927,7.729704,4.83423,1,2,1,1,3069.62
case30_stealth_drift_039,case30,stealth_drift,Tier 4 (Severe),0.029905,14.95,39,test,1,514.0331,124.1163,1,14329.0982,5.0,1,0.5211,1.4588,0,0.872938,7.829671,4.83423,1,2,1,1,3096.98
case30_stealth_drift_040,case30,stealth_drift,Tier 1 (Subtle),0.004639,2.32,40,test,1,1144.2201,124.1163,1,14375.7416,5.0,1,2.4213,1.0828,0,0.854142,7.900846,4.83423,1,2,1,1,3147.0
case30_stealth_drift_041,case30,stealth_drift,Tier 2 (Moderate),0.012277,6.14,41,test,1,39.5767,124.1163,0,14370.962,5.0,1,8.1699,1.4835,0,0.45389,7.564652,4.83423,1,1,0,1,3070.68
case30_stealth_drift_042,case30,stealth_drift,Tier 3 (Strong),0.023174,11.59,42,test,1,372.9786,124.1163,1,14381.7028,5.0,1,2.1392,1.509,0,0.875451,7.683637,4.83423,1,2,1,1,3069.12
case30_stealth_drift_043,case30,stealth_drift,Tier 4 (Severe),0.032404,16.2,43,test,1,555.4032,124.1163,1,14400.9357,5.0,1,0.4857,1.5026,0,0.875131,7.790405,4.83423,1,2,1,1,3109.65
case30_stealth_drift_044,case30,stealth_drift,Tier 1 (Subtle),0.00438,2.19,44,test,1,1542.7373,124.1163,1,14466.1308,5.0,1,2.0301,1.6039,0,0.880193,7.891557,4.83423,1,2,1,1,3162.43
case30_stealth_drift_045,case30,stealth_drift,Tier 2 (Moderate),0.009936,4.97,45,test,1,53.9932,124.1163,0,14462.0222,5.0,1,0.3489,1.5914,0,0.488324,7.590725,4.83423,1,1,0,1,3076.2
case30_stealth_drift_046,case30,stealth_drift,Tier 3 (Strong),0.016647,8.32,46,test,1,106.8077,124.1163,0,14460.3723,5.0,1,6.198,1.6945,0,0.599859,7.431512,4.83423,1,1,0,1,3070.85
case30_stealth_drift_047,case30,stealth_drift,Tier 4 (Severe),0.03129,15.64,47,test,1,802.4605,124.1163,1,14491.1062,5.0,1,1.7841,1.7469,0,0.887347,7.575707,4.83423,1,2,1,1,3086.11
case30_stealth_drift_048,case30,stealth_drift,Tier 1 (Subtle),0.00358,1.79,48,test,1,1381.7918,124.1163,1,14548.809,5.0,1,0.7144,1.7541,0,0.887706,7.705842,4.83423,1,2,1,1,3147.31
case30_stealth_drift_049,case30,stealth_drift,Tier 2 (Moderate),0.009808,4.9,49,test,1,41.5167,124.1163,0,14544.1196,5.0,1,2.2688,1.8402,0,0.475632,7.41089,4.83423,1,1,0,1,3065.98
case30_stealth_drift_050,case30,stealth_drift,Tier 3 (Strong),0.018602,9.3,50,test,1,220.2735,124.1163,1,14547.7517,5.0,1,0.1344,1.78,0,0.832685,7.502486,4.83423,1,2,1,1,3060.5
case30_stealth_drift_051,case30,stealth_drift,Tier 4 (Severe),0.033518,16.76,51,test,1,1000.8091,124.1163,1,14587.7191,5.0,1,1.3771,1.8301,0,0.891505,7.643743,4.83423,1,2,1,1,3091.62
case30_stealth_drift_052,case30,stealth_drift,Tier 1 (Subtle),0.0024,1.2,52,test,1,1744.6181,124.1163,1,14662.3121,5.0,1,0.9335,1.8528,0,0.89264,7.772009,4.83423,1,2,1,1,3160.8
case30_stealth_drift_053,case30,stealth_drift,Tier 2 (Moderate),0.011995,6.0,53,test,1,35.1999,124.1163,0,14657.3287,5.0,1,0.3603,1.8392,0,0.462859,7.457666,4.83423,1,1,0,1,3066.04
case30_stealth_drift_054,case30,stealth_drift,Tier 3 (Strong),0.016503,8.25,54,test,1,102.1205,124.1163,0,14655.4605,5.0,1,0.0604,1.816,0,0.596495,7.308394,4.83423,1,1,0,1,3069.46
case30_stealth_drift_055,case30,stealth_drift,Tier 4 (Severe),0.031106,15.55,55,test,1,792.4943,124.1163,1,14685.7305,5.0,1,0.9604,1.8452,0,0.89226,7.469815,4.83423,1,2,1,1,3088.85
case30_stealth_drift_056,case30,stealth_drift,Tier 1 (Subtle),0.003144,1.57,56,test,1,1332.421,124.1163,1,14741.135,5.0,1,2.5325,1.9709,0,0.898547,7.62138,4.83423,1,2,1,1,3145.53
case30_stealth_drift_057,case30,stealth_drift,Tier 2 (Moderate),0.012876,6.44,57,test,1,49.111,124.1163,0,14736.7991,5.0,1,1.1383,1.7712,0,0.487482,7.346724,4.83423,1,1,0,1,3066.76
case30_stealth_drift_058,case30,stealth_drift,Tier 3 (Strong),0.018016,9.01,58,test,1,142.1773,124.1163,1,14736.7957,5.0,1,0.8266,1.7702,0,0.674892,7.286943,4.83423,1,2,1,1,3067.36
case30_stealth_drift_059,case30,stealth_drift,Tier 4 (Severe),0.027083,13.54,59,test,1,409.4657,124.1163,1,14749.235,5.0,1,1.2174,1.8051,0,0.890253,7.448502,4.83423,1,2,1,1,3090.19
case118_baseline_000,case118,baseline,Tier 0 (Benign),0.0,0.0,0,test,0,531.1039,418.8245,1,0.0,5.0,0,1.4778,1.4778,0,0.390912,0.390912,5.422647,0,1,0,1,7716.67
case118_baseline_001,case118,baseline,Tier 0 (Benign),0.0,0.0,1,test,0,502.2611,418.8245,1,0.0,5.0,0,0.6369,1.0574,0,0.352673,0.704494,5.422647,0,1,0,1,7732.85
case118_baseline_002,case118,baseline,Tier 0 (Benign),0.0,0.0,2,test,0,603.5819,418.8245,1,0.6976,5.0,0,0.7278,0.9475,0,0.428588,1.062632,5.422647,0,1,0,1,7733.25
case118_baseline_003,case118,baseline,Tier 0 (Benign),0.0,0.0,3,test,0,515.0618,418.8245,1,0.0,5.0,0,0.3394,0.7955,0,0.347219,1.303588,5.422647,0,1,0,1,7743.41
case118_baseline_004,case118,baseline,Tier 0 (Benign),0.0,0.0,4,test,0,594.5801,418.8245,1,0.5175,5.0,0,1.8026,0.9969,0,0.420282,1.593511,5.422647,0,1,0,1,7727.16
case118_baseline_005,case118,baseline,Tier 0 (Benign),0.0,0.0,5,test,0,573.2077,418.8245,1,0.6076,5.0,0,0.7896,0.9624,0,0.408498,1.842658,5.422647,0,1,0,1,7748.29
case118_baseline_006,case118,baseline,Tier 0 (Benign),0.0,0.0,6,test,0,534.0748,418.8245,1,0.0,5.0,0,0.769,0.9347,0,0.365531,2.023924,5.422647,0,1,0,1,7725.67
case118_baseline_007,case118,baseline,Tier 0 (Benign),0.0,0.0,7,test,0,494.1326,418.8245,1,0.0,5.0,0,0.5208,0.883,0,0.339102,2.160634,5.422647,0,1,0,1,7735.58
case118_baseline_008,case118,baseline,Tier 0 (Benign),0.0,0.0,8,test,0,499.7853,418.8245,1,0.0,5.0,0,0.1826,0.8052,0,0.338585,2.283155,5.422647,0,1,0,1,7739.06
case118_baseline_009,case118,baseline,Tier 0 (Benign),0.0,0.0,9,test,0,549.917,418.8245,1,0.0,5.0,0,1.677,0.8924,0,0.372868,2.427708,5.422647,0,1,0,1,7719.04
case118_baseline_010,case118,baseline,Tier 0 (Benign),0.0,0.0,10,test,0,619.6742,418.8245,1,1.0195,5.0,0,0.3085,0.8393,0,0.442437,2.627374,5.422647,0,1,0,1,7716.67
case118_baseline_011,case118,baseline,Tier 0 (Benign),0.0,0.0,11,test,0,552.0095,418.8245,1,0.6855,5.0,0,1.6656,0.9081,0,0.395471,2.760108,5.422647,0,1,0,1,7745.15
case118_baseline_012,case118,baseline,Tier 0 (Benign),0.0,0.0,12,test,0,610.9243,418.8245,1,1.5299,5.0,0,0.1175,0.8473,0,0.452931,2.937027,5.422647,0,1,0,1,7734.38
case118_baseline_013,case118,baseline,Tier 0 (Benign),0.0,0.0,13,test,0,507.683,418.8245,1,0.3094,5.0,0,0.1634,0.7985,0,0.352245,2.99557,5.422647,0,1,0,1,7732.64
case118_baseline_014,case118,baseline,Tier 0 (Benign),0.0,0.0,14,test,0,630.4584,418.8245,1,1.5445,5.0,0,1.5761,0.8503,0,0.465178,3.161191,5.422647,0,1,0,1,7735.46
case118_baseline_015,case118,baseline,Tier 0 (Benign),0.0,0.0,15,test,0,434.3079,418.8245,1,0.0,5.0,0,1.3615,0.8823,0,0.303355,3.148427,5.422647,0,1,0,1,7724.79
case118_baseline_016,case118,baseline,Tier 0 (Benign),0.0,0.0,16,test,0,474.9754,418.8245,1,0.0,5.0,0,0.4654,0.8577,0,0.326404,3.159989,5.422647,0,1,0,1,7718.52
case118_baseline_017,case118,baseline,Tier 0 (Benign),0.0,0.0,17,test,0,524.2649,418.8245,1,0.0,5.0,0,1.1746,0.8753,0,0.356706,3.200695,5.422647,0,1,0,1,7733.0
case118_baseline_018,case118,baseline,Tier 0 (Benign),0.0,0.0,18,test,0,601.3421,418.8245,1,0.6528,5.0,0,0.3251,0.8464,0,0.420849,3.301475,5.422647,0,1,0,1,7730.46
case118_baseline_019,case118,baseline,Tier 0 (Benign),0.0,0.0,19,test,0,553.9469,418.8245,1,0.3576,5.0,0,0.3994,0.824,0,0.382585,3.353912,5.422647,0,1,0,1,7733.46
case118_baseline_020,case118,baseline,Tier 0 (Benign),0.0,0.0,20,test,0,537.584,418.8245,1,0.0,5.0,0,0.2701,0.7636,0,0.359071,3.377592,5.422647,0,1,0,1,7727.3
case118_baseline_021,case118,baseline,Tier 0 (Benign),0.0,0.0,21,test,0,576.7777,418.8245,1,0.1615,5.0,0,0.4444,0.754,0,0.386828,3.426661,5.422647,0,1,0,1,7746.34
case118_baseline_022,case118,baseline,Tier 0 (Benign),0.0,0.0,22,test,0,555.6651,418.8245,1,0.0,5.0,0,0.6112,0.7482,0,0.369091,3.453085,5.422647,0,1,0,1,7728.39
case118_baseline_023,case118,baseline,Tier 0 (Benign),0.0,0.0,23,test,0,551.2374,418.8245,1,0.0,5.0,0,2.3418,0.8483,0,0.371454,3.479231,5.422647,0,1,0,1,7749.89
case118_baseline_024,case118,baseline,Tier 0 (Benign),0.0,0.0,24,test,0,577.1429,418.8245,1,0.1688,5.0,0,1.0516,0.8108,0,0.390102,3.52141,5.422647,0,1,0,1,7740.48
case118_baseline_025,case118,baseline,Tier 0 (Benign),0.0,0.0,25,test,0,492.7696,418.8245,1,0.0,5.0,0,0.0925,0.7759,0,0.332934,3.502203,5.422647,0,1,0,1,7725.83
case118_baseline_026,case118,baseline,Tier 0 (Benign),0.0,0.0,26,test,0,592.254,418.8245,1,0.471,5.0,0,1.3726,0.8061,0,0.407956,3.559938,5.422647,0,1,0,1,7739.31
case118_baseline_027,case118,baseline,Tier 0 (Benign),0.0,0.0,27,test,0,593.9132,418.8245,1,0.9752,5.0,0,0.0388,0.782,0,0.422867,3.626812,5.422647,0,1,0,1,7751.43
case118_baseline_028,case118,baseline,Tier 0 (Benign),0.0,0.0,28,test,0,578.9683,418.8245,1,1.1805,5.0,0,1.3957,0.8426,0,0.423137,3.687268,5.422647,0,1,0,1,7739.07
case118_baseline_029,case118,baseline,Tier 0 (Benign),0.0,0.0,29,test,0,566.0881,418.8245,1,1.1281,5.0,0,0.7947,0.7985,0,0.411672,3.730213,5.422647,0,1,0,1,7724.27
case118_baseline_030,case118,baseline,Tier 0 (Benign),0.0,0.0,30,test,0,575.2591,418.8245,1,1.2592,5.0,0,1.0482,0.8355,0,0.422928,3.78012,5.422647,0,1,0,1,7721.2
case118_baseline_031,case118,baseline,Tier 0 (Benign),0.0,0.0,31,test,0,584.3021,418.8245,1,1.5711,5.0,0,0.8494,0.7947,0,0.435644,3.837752,5.422647,0,1,0,1,7729.7
case118_baseline_032,case118,baseline,Tier 0 (Benign),0.0,0.0,32,test,0,546.455,418.8245,1,1.1261,5.0,0,0.4374,0.8107,0,0.400501,3.854477,5.422647,0,1,0,1,7730.66
case118_baseline_033,case118,baseline,Tier 0 (Benign),0.0,0.0,33,test,0,489.043,418.8245,1,0.0,5.0,0,0.2825,0.8166,0,0.332746,3.801775,5.422647,0,1,0,1,7726.97
case118_baseline_034,case118,baseline,Tier 0 (Benign),0.0,0.0,34,test,0,516.3719,418.8245,1,0.0,5.0,0,2.2718,0.8514,0,0.350798,3.772396,5.422647,0,1,0,1,7736.46
case118_baseline_035,case118,baseline,Tier 0 (Benign),0.0,0.0,35,test,0,570.687,418.8245,1,0.0396,5.0,0,0.0639,0.7865,0,0.381164,3.776321,5.422647,0,1,0,1,7741.64
case118_baseline_036,case118,baseline,Tier 0 (Benign),0.0,0.0,36,test,0,558.6944,418.8245,1,0.0,5.0,0,0.9077,0.8087,0,0.373923,3.772612,5.422647,0,1,0,1,7749.74
case118_baseline_037,case118,baseline,Tier 0 (Benign),0.0,0.0,37,test,0,548.4378,418.8245,1,0.0,5.0,0,0.8826,0.7941,0,0.36707,3.762421,5.422647,0,1,0,1,7735.29
case118_baseline_038,case118,baseline,Tier 0 (Benign),0.0,0.0,38,test,0,604.5675,418.8245,1,0.7173,5.0,0,1.5686,0.8562,0,0.425202,3.811381,5.422647,0,1,0,1,7726.18
case118_baseline_039,case118,baseline,Tier 0 (Benign),0.0,0.0,39,test,0,620.4627,418.8245,1,1.7525,5.0,0,0.6806,0.8703,0,0.46645,3.896694,5.422647,0,1,0,1,7737.74
case118_baseline_040,case118,baseline,Tier 0 (Benign),0.0,0.0,40,test,0,579.176,418.8245,1,1.9619,5.0,0,0.2594,0.8698,0,0.448062,3.955086,5.422647,0,1,0,1,7737.86
case118_baseline_041,case118,baseline,Tier 0 (Benign),0.0,0.0,41,test,0,605.3297,418.8245,1,2.6945,5.0,0,0.2983,0.8625,0,0.485284,4.044862,5.422647,0,1,0,1,7723.31
case118_baseline_042,case118,baseline,Tier 0 (Benign),0.0,0.0,42,test,0,503.9409,418.8245,1,1.3991,5.0,0,1.2957,0.8967,0,0.387613,4.027989,5.422647,0,1,0,1,7738.79
case118_baseline_043,case118,baseline,Tier 0 (Benign),0.0,0.0,43,test,0,558.4609,418.8245,1,1.1942,5.0,0,0.0439,0.7818,0,0.408264,4.033454,5.422647,0,1,0,1,7724.78
case118_baseline_044,case118,baseline,Tier 0 (Benign),0.0,0.0,44,test,0,530.8233,418.8245,1,0.4364,5.0,0,1.8216,0.8203,0,0.37096,4.001069,5.422647,0,1,0,1,7726.62
case118_baseline_045,case118,baseline,Tier 0 (Benign),0.0,0.0,45,test,0,531.8708,418.8245,1,0.0,5.0,0,1.4733,0.8893,0,0.361944,3.962907,5.422647,0,1,0,1,7740.91
case118_baseline_046,case118,baseline,Tier 0 (Benign),0.0,0.0,46,test,0,501.1177,418.8245,1,0.0,5.0,0,0.4004,0.8407,0,0.341157,3.907773,5.422647,0,1,0,1,7733.78
case118_baseline_047,case118,baseline,Tier 0 (Benign),0.0,0.0,47,test,0,557.788,418.8245,1,0.0,5.0,0,1.1746,0.8975,0,0.377823,3.894819,5.422647,0,1,0,1,7723.68
case118_baseline_048,case118,baseline,Tier 0 (Benign),0.0,0.0,48,test,0,469.8247,418.8245,1,0.0,5.0,0,0.4521,0.8503,0,0.322959,3.828296,5.422647,0,1,0,1,7746.47
case118_baseline_049,case118,baseline,Tier 0 (Benign),0.0,0.0,49,test,0,532.3788,418.8245,1,0.0,5.0,0,0.6181,0.8415,0,0.359856,3.805322,5.422647,0,1,0,1,7734.89
case118_baseline_050,case118,baseline,Tier 0 (Benign),0.0,0.0,50,test,0,555.6834,418.8245,1,0.0,5.0,0,0.9412,0.8361,0,0.373499,3.79829,5.422647,0,1,0,1,7723.65
case118_baseline_051,case118,baseline,Tier 0 (Benign),0.0,0.0,51,test,0,572.0584,418.8245,1,0.0671,5.0,0,0.0313,0.7952,0,0.38324,3.801701,5.422647,0,1,0,1,7739.93
case118_baseline_052,case118,baseline,Tier 0 (Benign),0.0,0.0,52,test,0,538.1219,418.8245,1,0.0,5.0,0,1.4635,0.8465,0,0.363537,3.785068,5.422647,0,1,0,1,7723.31
case118_baseline_053,case118,baseline,Tier 0 (Benign),0.0,0.0,53,test,0,612.0923,418.8245,1,0.8678,5.0,0,1.9373,0.9293,0,0.437862,3.844423,5.422647,0,1,0,1,7721.4
case118_baseline_054,case118,baseline,Tier 0 (Benign),0.0,0.0,54,test,0,569.0152,418.8245,1,0.874,5.0,0,0.1954,0.8255,0,0.407143,3.867124,5.422647,0,1,0,1,7754.59
case118_baseline_055,case118,baseline,Tier 0 (Benign),0.0,0.0,55,test,0,539.4232,418.8245,1,0.2883,5.0,0,0.8171,0.8631,0,0.373791,3.854203,5.422647,0,1,0,1,7734.96
case118_baseline_056,case118,baseline,Tier 0 (Benign),0.0,0.0,56,test,0,589.7584,418.8245,1,0.7094,5.0,0,0.9882,0.8672,0,0.416671,3.885453,5.422647,0,1,0,1,7734.66
case118_baseline_057,case118,baseline,Tier 0 (Benign),0.0,0.0,57,test,0,595.1558,418.8245,1,1.2384,5.0,0,0.367,0.8414,0,0.434475,3.931383,5.422647,0,1,0,1,7725.24
case118_baseline_058,case118,baseline,Tier 0 (Benign),0.0,0.0,58,test,0,526.1383,418.8245,1,0.387,5.0,0,2.2949,0.8777,0,0.369551,3.907795,5.422647,0,1,0,1,7732.98
case118_baseline_059,case118,baseline,Tier 0 (Benign),0.0,0.0,59,test,0,547.5101,418.8245,1,0.0,5.0,0,0.5071,0.869,0,0.370264,3.88728,5.422647,0,1,0,1,7724.29
case118_branch_outage_000,case118,branch_outage,Tier 1 (Subtle),0.0025,1.25,0,test,1,715.0273,418.8245,1,2.9267,5.0,0,1.4269,0.9274,0,0.560976,4.059528,5.422647,0,1,0,1,7733.27
case118_branch_outage_001,case118,branch_outage,Tier 2 (Moderate),0.005,2.5,1,test,1,1785.655,418.8245,1,27.2679,5.0,1,1.7135,0.9981,0,0.849907,4.503483,5.422647,0,2,1,1,7723.74
case118_branch_outage_002,case118,branch_outage,Tier 3 (Strong),0.008,4.0,2,test,1,5934.6395,418.8245,1,134.5963,5.0,1,1.4515,1.0059,0,0.850297,4.903432,5.422647,0,2,1,1,7740.15
case118_branch_outage_003,case118,branch_outage,Tier 4 (Severe),0.012,6.0,3,test,1,14815.5295,418.8245,1,419.5585,5.0,1,0.2066,1.0141,0,0.850704,5.263793,5.422647,0,2,1,1,7783.83
case118_branch_outage_004,case118,branch_outage,Tier 1 (Subtle),0.0025,1.25,4,test,1,9806.7309,418.8245,1,604.3357,5.0,1,0.0375,0.9249,0,0.846244,5.583657,5.422647,1,2,1,1,7793.66
case118_branch_outage_005,case118,branch_outage,Tier 2 (Moderate),0.005,2.5,5,test,1,2177.9584,418.8245,1,636.5236,5.0,1,2.0726,0.9548,0,0.847742,5.873033,5.422647,1,2,1,1,7729.67
case118_branch_outage_006,case118,branch_outage,Tier 3 (Strong),0.008,4.0,6,test,1,6273.0174,418.8245,1,750.6202,5.0,1,0.8176,0.9757,0,0.848785,6.134515,5.422647,1,2,1,1,7733.12
case118_branch_outage_007,case118,branch_outage,Tier 4 (Severe),0.012,6.0,7,test,1,14024.9269,418.8245,1,1019.7689,5.0,1,0.0867,0.9213,0,0.846066,6.367129,5.422647,1,2,1,1,7768.73
case118_branch_outage_008,case118,branch_outage,Tier 1 (Subtle),0.0025,1.25,8,test,1,10964.3534,418.8245,1,1227.7007,5.0,1,0.8466,0.941,0,0.847052,6.577468,5.422647,1,2,1,1,7741.04
case118_branch_outage_009,case118,branch_outage,Tier 2 (Moderate),0.005,2.5,9,test,1,2207.9938,418.8245,1,1260.4894,5.0,1,0.5206,0.9362,0,0.846808,6.766529,5.422647,1,2,1,1,7701.67
case118_branch_outage_010,case118,branch_outage,Tier 3 (Strong),0.008,4.0,10,test,1,7385.1153,418.8245,1,1396.8299,5.0,1,0.2925,0.9037,0,0.845186,6.935062,5.422647,1,2,1,1,7752.52
case118_branch_outage_011,case118,branch_outage,Tier 4 (Severe),0.012,6.0,11,test,1,16151.3625,418.8245,1,1708.5112,5.0,1,1.4353,0.9739,0,0.848696,7.090252,5.422647,1,2,1,1,7748.34
case118_branch_outage_012,case118,branch_outage,Tier 1 (Subtle),0.0025,1.25,12,test,1,9397.1025,418.8245,1,1885.0951,5.0,1,0.8011,0.9408,0,0.84704,7.228267,5.422647,1,2,1,1,7786.18
case118_branch_outage_013,case118,branch_outage,Tier 2 (Moderate),0.005,2.5,13,test,1,2089.5011,418.8245,1,1915.5138,5.0,1,0.3469,0.8613,0,0.843064,7.348504,5.422647,1,2,1,1,7725.03
case118_branch_outage_014,case118,branch_outage,Tier 3 (Strong),0.008,4.0,14,test,1,6605.8715,418.8245,1,2036.268,5.0,1,0.6907,0.886,0,0.844302,7.457956,5.422647,1,2,1,1,7707.03
case118_branch_outage_015,case118,branch_outage,Tier 4 (Severe),0.012,6.0,15,test,1,16793.4154,418.8245,1,2360.7915,5.0,1,0.4608,0.8682,0,0.843412,7.555572,5.422647,1,2,1,1,7774.05
case118_branch_outage_016,case118,branch_outage,Tier 1 (Subtle),0.0025,1.25,16,test,1,10223.4607,418.8245,1,2553.9041,5.0,1,0.7919,0.8584,0,0.842921,7.642936,5.422647,1,2,1,1,7724.2
case118_branch_outage_017,case118,branch_outage,Tier 2 (Moderate),0.005,2.5,17,test,1,2095.0456,418.8245,1,2584.4336,5.0,1,1.563,0.9182,0,0.845911,7.724553,5.422647,1,2,1,1,7735.82
case118_branch_outage_018,case118,branch_outage,Tier 3 (Strong),0.008,4.0,18,test,1,5120.5001,418.8245,1,2675.4777,5.0,1,0.1148,0.8092,0,0.840461,7.792559,5.422647,1,2,1,1,7741.23
case118_branch_outage_019,case118,branch_outage,Tier 4 (Severe),0.012,6.0,19,test,1,12892.1133,418.8245,1,2921.9682,5.0,1,0.1771,0.7927,0,0.839635,7.852938,5.422647,1,2,1,1,7789.11
case118_branch_outage_020,case118,branch_outage,Tier 1 (Subtle),0.0025,1.25,20,test,1,9220.7533,418.8245,1,3095.0248,5.0,1,0.0096,0.7218,0,0.836092,7.903737,5.422647,1,2,1,1,7834.29
case118_branch_outage_021,case118,branch_outage,Tier 2 (Moderate),0.005,2.5,21,test,1,1975.392,418.8245,1,3123.161,5.0,1,0.4687,0.6596,0,0.83298,7.946343,5.422647,1,2,1,1,7728.87
case118_branch_outage_022,case118,branch_outage,Tier 3 (Strong),0.008,4.0,22,test,1,4987.5787,418.8245,1,3211.5465,5.0,1,1.5353,0.6638,0,0.83319,7.984899,5.422647,1,2,1,1,7728.35
case118_branch_outage_023,case118,branch_outage,Tier 4 (Severe),0.012,6.0,23,test,1,13929.1653,418.8245,1,3478.7798,5.0,1,1.3089,0.7189,0,0.835945,8.022354,5.422647,1,2,1,1,7758.37
case118_branch_outage_024,case118,branch_outage,Tier 1 (Subtle),0.0025,1.25,24,test,1,9640.2625,418.8245,1,3660.2273,5.0,1,0.4502,0.7395,0,0.836977,8.057096,5.422647,1,2,1,1,7744.99
case118_branch_outage_025,case118,branch_outage,Tier 2 (Moderate),0.005,2.5,25,test,1,1854.3166,418.8245,1,3685.9419,5.0,1,0.0824,0.64,0,0.832002,8.083388,5.422647,1,2,1,1,7713.99
case118_branch_outage_026,case118,branch_outage,Tier 3 (Strong),0.008,4.0,26,test,1,5931.5831,418.8245,1,3793.2091,5.0,1,1.6829,0.6833,0,0.834165,8.109214,5.422647,1,2,1,1,7782.22
case118_branch_outage_027,case118,branch_outage,Tier 4 (Severe),0.012,6.0,27,test,1,15288.1544,418.8245,1,4087.6247,5.0,1,0.7861,0.7183,0,0.835913,8.134206,5.422647,1,2,1,1,7808.7
case118_branch_outage_028,case118,branch_outage,Tier 1 (Subtle),0.0025,1.25,28,test,1,10684.8369,418.8245,1,4289.9656,5.0,1,0.0764,0.6798,0,0.833988,8.154773,5.422647,1,2,1,1,7768.38
case118_branch_outage_029,case118,branch_outage,Tier 2 (Moderate),0.005,2.5,29,test,1,2272.5619,418.8245,1,4324.0458,5.0,1,0.1502,0.6612,0,0.833062,8.172358,5.422647,1,2,1,1,7732.12
case118_branch_outage_030,case118,branch_outage,Tier 3 (Strong),0.008,4.0,30,test,1,5658.2991,418.8245,1,4425.8469,5.0,1,0.2238,0.6578,0,0.83289,8.188012,5.422647,1,2,1,1,7732.64
case118_branch_outage_031,case118,branch_outage,Tier 4 (Severe),0.012,6.0,31,test,1,15460.9049,418.8245,1,4723.7178,5.0,1,1.9029,0.6812,0,0.834059,8.20327,5.422647,1,2,1,1,7729.33
case118_branch_outage_032,case118,branch_outage,Tier 1 (Subtle),0.0025,1.25,32,test,1,10661.3017,418.8245,1,4925.588,5.0,1,0.3087,0.6566,0,0.832828,8.215771,5.422647,1,2,1,1,7788.57
case118_branch_outage_033,case118,branch_outage,Tier 2 (Moderate),0.005,2.5,33,test,1,2354.395,418.8245,1,4961.305,5.0,1,2.2502,0.7517,0,0.837586,8.231781,5.422647,1,2,1,1,7712.41
case118_branch_outage_034,case118,branch_outage,Tier 3 (Strong),0.008,4.0,34,test,1,5717.3073,418.8245,1,5064.2863,5.0,1,0.003,0.7173,0,0.835867,8.24447,5.422647,1,2,1,1,7717.23
case118_branch_outage_035,case118,branch_outage,Tier 4 (Severe),0.012,6.0,35,test,1,15828.7296,418.8245,1,5369.5144,5.0,1,0.3386,0.7112,0,0.835562,8.255584,5.422647,1,2,1,1,7732.25
case118_branch_outage_036,case118,branch_outage,Tier 1 (Subtle),0.0025,1.25,36,test,1,10688.6293,418.8245,1,5571.9311,5.0,1,1.5562,0.7494,0,0.837472,8.267498,5.422647,1,2,1,1,7809.62
case118_branch_outage_037,case118,branch_outage,Tier 2 (Moderate),0.005,2.5,37,test,1,1944.4119,418.8245,1,5599.4477,5.0,1,0.4295,0.6928,0,0.834638,8.275387,5.422647,1,2,1,1,7739.73
case118_branch_outage_038,case118,branch_outage,Tier 3 (Strong),0.008,4.0,38,test,1,5774.3712,418.8245,1,5703.5705,5.0,1,0.031,0.6886,0,0.834429,8.282277,5.422647,1,2,1,1,7733.49
case118_branch_outage_039,case118,branch_outage,Tier 4 (Severe),0.012,6.0,39,test,1,16060.2297,418.8245,1,6013.4289,5.0,1,1.5486,0.7572,0,0.837858,8.291907,5.422647,1,2,1,1,7777.99
case118_branch_outage_040,case118,branch_outage,Tier 1 (Subtle),0.0025,1.25,40,test,1,10585.9662,418.8245,1,6213.7923,5.0,1,0.7994,0.7966,0,0.839832,8.302548,5.422647,1,2,1,1,7752.74
case118_branch_outage_041,case118,branch_outage,Tier 2 (Moderate),0.005,2.5,41,test,1,2010.5628,418.8245,1,6242.632,5.0,1,0.8787,0.8171,0,0.840857,8.313151,5.422647,1,2,1,1,7732.03
case118_branch_outage_042,case118,branch_outage,Tier 3 (Strong),0.008,4.0,42,test,1,5519.7553,418.8245,1,6341.6619,5.0,1,0.6762,0.7742,0,0.838709,8.320545,5.422647,1,2,1,1,7714.66
case118_branch_outage_043,case118,branch_outage,Tier 4 (Severe),0.012,6.0,43,test,1,12626.5584,418.8245,1,6582.8408,5.0,1,0.1328,0.7154,0,0.835769,8.32426,5.422647,1,2,1,1,7732.96
case118_branch_outage_044,case118,branch_outage,Tier 1 (Subtle),0.0025,1.25,44,test,1,9660.0087,418.8245,1,6764.6833,5.0,1,1.1844,0.7521,0,0.837605,8.329438,5.422647,1,2,1,1,7764.5
case118_branch_outage_045,case118,branch_outage,Tier 2 (Moderate),0.005,2.5,45,test,1,2281.8853,418.8245,1,6798.95,5.0,1,0.8371,0.7898,0,0.839491,8.335986,5.422647,1,2,1,1,7718.37
case118_branch_outage_046,case118,branch_outage,Tier 3 (Strong),0.008,4.0,46,test,1,6412.0009,418.8245,1,6915.8264,5.0,1,0.3839,0.7249,0,0.836244,8.338631,5.422647,1,2,1,1,7727.12
case118_branch_outage_047,case118,branch_outage,Tier 4 (Severe),0.012,6.0,47,test,1,16445.9641,418.8245,1,7233.4003,5.0,1,0.6468,0.7179,0,0.835896,8.340663,5.422647,1,2,1,1,7763.08
case118_branch_outage_048,case118,branch_outage,Tier 1 (Subtle),0.0025,1.25,48,test,1,12943.3995,418.8245,1,7480.9166,5.0,1,0.7905,0.7536,0,0.837681,8.344278,5.422647,1,2,1,1,7754.68
case118_branch_outage_049,case118,branch_outage,Tier 2 (Moderate),0.005,2.5,49,test,1,2103.8715,418.8245,1,7511.6227,5.0,1,0.1156,0.7519,0,0.837594,8.347444,5.422647,1,2,1,1,7743.39
case118_branch_outage_050,case118,branch_outage,Tier 3 (Strong),0.008,4.0,50,test,1,6440.6483,418.8245,1,7629.0721,5.0,1,0.1508,0.7482,0,0.837412,8.350112,5.422647,1,2,1,1,7762.1
case118_branch_outage_051,case118,branch_outage,Tier 4 (Severe),0.012,6.0,51,test,1,14282.7645,418.8245,1,7903.3781,5.0,1,2.4505,0.7756,0,0.838781,8.353882,5.422647,1,2,1,1,7728.27
case118_branch_outage_052,case118,branch_outage,Tier 1 (Subtle),0.0025,1.25,52,test,1,11106.8171,418.8245,1,8114.1594,5.0,1,1.7945,0.8499,0,0.842495,8.360989,5.422647,1,2,1,1,7757.78
case118_branch_outage_053,case118,branch_outage,Tier 2 (Moderate),0.005,2.5,53,test,1,2287.3665,418.8245,1,8148.5357,5.0,1,0.8531,0.7801,0,0.839003,8.363893,5.422647,1,2,1,1,7716.75
case118_branch_outage_054,case118,branch_outage,Tier 3 (Strong),0.008,4.0,54,test,1,5279.8495,418.8245,1,8242.7671,5.0,1,0.3235,0.7961,0,0.839804,8.367307,5.422647,1,2,1,1,7725.35
case118_branch_outage_055,case118,branch_outage,Tier 4 (Severe),0.012,6.0,55,test,1,13676.8058,418.8245,1,8504.9528,5.0,1,0.8332,0.8208,0,0.84104,8.371617,5.422647,1,2,1,1,7788.76
case118_branch_outage_056,case118,branch_outage,Tier 1 (Subtle),0.0025,1.25,56,test,1,10193.4149,418.8245,1,8697.4643,5.0,1,0.2974,0.7579,0,0.837893,8.372349,5.422647,1,2,1,1,7779.01
case118_branch_outage_057,case118,branch_outage,Tier 2 (Moderate),0.005,2.5,57,test,1,1889.7424,418.8245,1,8723.8875,5.0,1,0.4714,0.76,0,0.837998,8.373112,5.422647,1,2,1,1,7724.16
case118_branch_outage_058,case118,branch_outage,Tier 3 (Strong),0.008,4.0,58,test,1,6500.1943,418.8245,1,8842.528,5.0,1,0.3022,0.7735,0,0.838676,8.374477,5.422647,1,2,1,1,7714.46
case118_branch_outage_059,case118,branch_outage,Tier 4 (Severe),0.012,6.0,59,test,1,16446.946,418.8245,1,9160.1215,5.0,1,1.7354,0.7829,0,0.839143,8.376173,5.422647,1,2,1,1,7764.85
case118_fdia_000,case118,fdia,Tier 1 (Subtle),0.00343,1.72,0,test,1,10439.6479,418.8245,1,9357.5582,5.0,1,0.9416,0.79,0,0.839499,8.378054,5.422647,1,2,1,1,7833.77
case118_fdia_001,case118,fdia,Tier 2 (Moderate),0.009539,4.77,1,test,1,3491.5023,418.8245,1,9416.0194,5.0,1,2.2178,0.8569,0,0.842847,8.383095,5.422647,1,2,1,1,7769.11
case118_fdia_002,case118,fdia,Tier 3 (Strong),0.015414,7.71,2,test,1,5986.079,418.8245,1,9524.3766,5.0,1,0.8918,0.8677,0,0.843385,8.388171,5.422647,1,2,1,1,7830.84
case118_fdia_003,case118,fdia,Tier 4 (Severe),0.03,15.0,3,test,1,15517.8579,418.8245,1,9823.3867,5.0,1,1.1604,0.9191,0,0.845955,8.395308,5.422647,1,2,1,1,7914.57
case118_fdia_004,case118,fdia,Tier 1 (Subtle),0.003719,1.86,4,test,1,4509.0692,418.8245,1,9902.2011,5.0,1,0.9623,0.908,0,0.845399,8.401177,5.422647,1,2,1,1,8087.56
case118_fdia_005,case118,fdia,Tier 2 (Moderate),0.009026,4.51,5,test,1,2728.4569,418.8245,1,9945.4,5.0,1,0.0111,0.8667,0,0.843335,8.404394,5.422647,1,2,1,1,7906.21
case118_fdia_006,case118,fdia,Tier 3 (Strong),0.016918,8.46,6,test,1,7207.9078,418.8245,1,10078.196,5.0,1,1.4061,0.9178,0,0.84589,8.409845,5.422647,1,2,1,1,7886.42
case118_fdia_007,case118,fdia,Tier 4 (Severe),0.03,15.0,7,test,1,14310.3335,418.8245,1,10353.0534,5.0,1,1.0155,0.9362,0,0.846812,8.415672,5.422647,1,2,1,1,7952.59
case118_fdia_008,case118,fdia,Tier 1 (Subtle),0.002569,1.28,8,test,1,5657.6984,418.8245,1,10454.8425,5.0,1,1.4301,0.9682,0,0.848411,8.422516,5.422647,1,2,1,1,8104.6
case118_fdia_009,case118,fdia,Tier 2 (Moderate),0.008639,4.32,9,test,1,1890.2304,418.8245,1,10481.2754,5.0,1,1.289,1.0269,0,0.851344,8.431608,5.422647,1,2,1,1,7894.54
case118_fdia_010,case118,fdia,Tier 3 (Strong),0.013076,6.54,10,test,1,7713.1558,418.8245,1,10624.1773,5.0,1,0.9807,1.0684,0,0.853419,8.441866,5.422647,1,2,1,1,7883.25
case118_fdia_011,case118,fdia,Tier 4 (Severe),0.03,15.0,11,test,1,15647.9905,418.8245,1,10925.7902,5.0,1,0.8773,0.9897,0,0.849486,8.447166,5.422647,1,2,1,1,7918.41
case118_fdia_012,case118,fdia,Tier 1 (Subtle),0.002374,1.19,12,test,1,5294.4908,418.8245,1,11020.3145,5.0,1,0.81,0.9405,0,0.847025,8.449474,5.422647,1,2,1,1,8098.43
case118_fdia_013,case118,fdia,Tier 2 (Moderate),0.009908,4.95,13,test,1,1372.1566,418.8245,1,11036.385,5.0,1,2.1519,1.0054,0,0.850272,8.454798,5.422647,1,2,1,1,7895.04
case118_fdia_014,case118,fdia,Tier 3 (Strong),0.015208,7.6,14,test,1,4795.8995,418.8245,1,11120.9365,5.0,1,1.5465,1.0666,0,0.853329,8.462648,5.422647,1,2,1,1,7884.34
case118_fdia_015,case118,fdia,Tier 4 (Severe),0.03,15.0,15,test,1,15032.5265,418.8245,1,11410.239,5.0,1,1.0912,1.0795,0,0.853974,8.470357,5.422647,1,2,1,1,7939.48
case118_fdia_016,case118,fdia,Tier 1 (Subtle),0.003213,1.61,16,test,1,4985.9183,418.8245,1,11498.5913,5.0,1,0.894,1.1093,0,0.855466,8.478787,5.422647,1,2,1,1,8102.0
case118_fdia_017,case118,fdia,Tier 2 (Moderate),0.007862,3.93,17,test,1,2703.0117,418.8245,1,11541.2812,5.0,1,0.5856,1.115,0,0.855751,8.48666,5.422647,1,2,1,1,7909.28
case118_fdia_018,case118,fdia,Tier 3 (Strong),0.014494,7.25,18,test,1,5611.4323,418.8245,1,11642.1449,5.0,1,0.9839,1.1491,0,0.857455,8.495449,5.422647,1,2,1,1,7874.63
case118_fdia_019,case118,fdia,Tier 4 (Severe),0.03,15.0,19,test,1,14997.4388,418.8245,1,11930.7456,5.0,1,0.8185,1.1033,0,0.855163,8.501067,5.422647,1,2,1,1,7921.42
case118_fdia_020,case118,fdia,Tier 1 (Subtle),0.002604,1.3,20,test,1,5326.4893,418.8245,1,12025.9099,5.0,1,0.6218,1.0873,0,0.854364,8.505324,5.422647,1,2,1,1,8094.27
case118_fdia_021,case118,fdia,Tier 2 (Moderate),0.00914,4.57,21,test,1,1303.7902,418.8245,1,12040.6129,5.0,1,0.5233,1.0025,0,0.850127,8.504919,5.422647,1,2,1,1,7900.01
case118_fdia_022,case118,fdia,Tier 3 (Strong),0.014538,7.27,22,test,1,8670.1806,418.8245,1,12202.6571,5.0,1,0.0846,0.9622,0,0.84811,8.502537,5.422647,1,2,1,1,7882.3
case118_fdia_023,case118,fdia,Tier 4 (Severe),0.03,15.0,23,test,1,15381.5526,418.8245,1,12498.9408,5.0,1,1.1662,0.9625,0,0.848124,8.500407,5.422647,1,2,1,1,7934.31
case118_fdia_024,case118,fdia,Tier 1 (Subtle),0.002792,1.4,24,test,1,5217.5092,418.8245,1,12591.9252,5.0,1,0.4113,0.9349,0,0.846746,8.497113,5.422647,1,2,1,1,8102.68
case118_fdia_025,case118,fdia,Tier 2 (Moderate),0.006661,3.33,25,test,1,2213.9343,418.8245,1,12624.8328,5.0,1,0.6035,0.9645,0,0.848227,8.495629,5.422647,1,2,1,1,7894.05
case118_fdia_026,case118,fdia,Tier 3 (Strong),0.015318,7.66,26,test,1,7482.5426,418.8245,1,12763.122,5.0,1,1.5568,0.9721,0,0.848604,8.49467,5.422647,1,2,1,1,7855.66
case118_fdia_027,case118,fdia,Tier 4 (Severe),0.03,15.0,27,test,1,15368.2371,418.8245,1,13059.1394,5.0,1,0.6939,0.956,0,0.8478,8.493002,5.422647,1,2,1,1,7930.72
case118_fdia_028,case118,fdia,Tier 1 (Subtle),0.003453,1.73,28,test,1,5080.2423,418.8245,1,13149.3783,5.0,1,0.9416,0.9316,0,0.846579,8.490281,5.422647,1,2,1,1,8099.93
case118_fdia_029,case118,fdia,Tier 2 (Moderate),0.006953,3.48,29,test,1,2161.2684,418.8245,1,13181.2324,5.0,1,0.3321,0.8837,0,0.844186,8.485439,5.422647,1,2,1,1,7905.76
case118_fdia_030,case118,fdia,Tier 3 (Strong),0.016021,8.01,30,test,1,8337.5547,418.8245,1,13336.6234,5.0,1,0.3782,0.8536,0,0.84268,8.479575,5.422647,1,2,1,1,7861.13
case118_fdia_031,case118,fdia,Tier 4 (Severe),0.03,15.0,31,test,1,15248.8204,418.8245,1,13630.2523,5.0,1,0.5763,0.8386,0,0.841928,8.473545,5.422647,1,2,1,1,7936.57
case118_fdia_032,case118,fdia,Tier 1 (Subtle),0.003888,1.94,32,test,1,4691.3199,418.8245,1,13712.712,5.0,1,0.4493,0.8205,0,0.841026,8.467217,5.422647,1,2,1,1,8102.76
case118_fdia_033,case118,fdia,Tier 2 (Moderate),0.009559,4.78,33,test,1,2866.0796,418.8245,1,13758.6636,5.0,1,0.8341,0.7546,0,0.837731,8.458226,5.422647,1,2,1,1,7910.07
case118_fdia_034,case118,fdia,Tier 3 (Strong),0.01734,8.67,34,test,1,4835.3677,418.8245,1,13844.0046,5.0,1,1.0966,0.7321,0,0.836607,8.44901,5.422647,1,2,1,1,7897.76
case118_fdia_035,case118,fdia,Tier 4 (Severe),0.03,15.0,35,test,1,14343.4942,418.8245,1,14119.5253,5.0,1,0.472,0.7012,0,0.835059,8.439168,5.422647,1,2,1,1,7963.2
case118_fdia_036,case118,fdia,Tier 1 (Subtle),0.002963,1.48,36,test,1,5313.5306,418.8245,1,14214.4303,5.0,1,0.2903,0.671,0,0.833549,8.4288,5.422647,1,2,1,1,8107.39
case118_fdia_037,case118,fdia,Tier 2 (Moderate),0.007448,3.72,37,test,1,1982.2579,418.8245,1,14242.7039,5.0,1,1.5504,0.7192,0,0.835961,8.421881,5.422647,1,2,1,1,7901.66
case118_fdia_038,case118,fdia,Tier 3 (Strong),0.015499,7.75,38,test,1,9051.6267,418.8245,1,14412.3777,5.0,1,0.1516,0.6776,0,0.833881,8.413574,5.422647,1,2,1,1,7866.1
case118_fdia_039,case118,fdia,Tier 4 (Severe),0.03,15.0,39,test,1,14959.6209,418.8245,1,14700.222,5.0,1,0.29,0.6512,0,0.832559,8.404776,5.422647,1,2,1,1,7935.44
case118_fdia_040,case118,fdia,Tier 1 (Subtle),0.002529,1.26,40,test,1,5366.7574,418.8245,1,14796.1917,5.0,1,2.5513,0.7477,0,0.837383,8.401682,5.422647,1,2,1,1,8103.63
case118_fdia_041,case118,fdia,Tier 2 (Moderate),0.009598,4.8,41,test,1,1578.9904,418.8245,1,14816.3992,5.0,1,1.7681,0.8099,0,0.840495,8.402009,5.422647,1,2,1,1,7892.55
case118_fdia_042,case118,fdia,Tier 3 (Strong),0.012196,6.1,42,test,1,9181.64,418.8245,1,14988.6735,5.0,1,0.7829,0.8448,0,0.842241,8.404049,5.422647,1,2,1,1,7889.79
case118_fdia_043,case118,fdia,Tier 4 (Severe),0.03,15.0,43,test,1,16149.0126,418.8245,1,15300.3078,5.0,1,0.1005,0.7915,0,0.839577,8.40322,5.422647,1,2,1,1,7912.67
case118_fdia_044,case118,fdia,Tier 1 (Subtle),0.002155,1.08,44,test,1,4964.1913,418.8245,1,15388.2254,5.0,1,0.9623,0.8191,0,0.840954,8.403853,5.422647,1,2,1,1,8093.59
case118_fdia_045,case118,fdia,Tier 2 (Moderate),0.006502,3.25,45,test,1,2901.3137,418.8245,1,15434.8818,5.0,1,0.7455,0.8262,0,0.841309,8.404777,5.422647,1,2,1,1,7889.15
case118_fdia_046,case118,fdia,Tier 3 (Strong),0.012854,6.43,46,test,1,6988.0938,418.8245,1,15563.2812,5.0,1,0.2535,0.761,0,0.838051,8.40235,5.422647,1,2,1,1,7856.43
case118_fdia_047,case118,fdia,Tier 4 (Severe),0.03,15.0,47,test,1,15830.2404,418.8245,1,15868.5395,5.0,1,0.4568,0.7492,0,0.837459,8.399574,5.422647,1,2,1,1,7898.96
case118_fdia_048,case118,fdia,Tier 1 (Subtle),0.003346,1.67,48,test,1,4474.2112,418.8245,1,15946.6566,5.0,1,0.979,0.751,0,0.837552,8.397168,5.422647,1,2,1,1,8080.18
case118_fdia_049,case118,fdia,Tier 2 (Moderate),0.006028,3.01,49,test,1,2893.2984,418.8245,1,15993.1527,5.0,1,0.4528,0.7571,0,0.837854,8.395305,5.422647,1,2,1,1,7900.55
case118_fdia_050,case118,fdia,Tier 3 (Strong),0.013287,6.64,50,test,1,6619.2403,418.8245,1,16114.1743,5.0,1,1.4093,0.8086,0,0.840432,8.396206,5.422647,1,2,1,1,7857.61
case118_fdia_051,case118,fdia,Tier 4 (Severe),0.03,15.0,51,test,1,16078.3809,418.8245,1,16424.3959,5.0,1,1.9497,0.8773,0,0.843865,8.400451,5.422647,1,2,1,1,7908.82
case118_fdia_052,case118,fdia,Tier 1 (Subtle),0.003444,1.72,52,test,1,4575.0928,418.8245,1,16504.5308,5.0,1,0.8208,0.8959,0,0.844794,8.4052,5.422647,1,2,1,1,8090.78
case118_fdia_053,case118,fdia,Tier 2 (Moderate),0.008771,4.39,53,test,1,2225.9024,418.8245,1,16537.6778,5.0,1,0.018,0.8551,0,0.842754,8.407433,5.422647,1,2,1,1,7903.8
case118_fdia_054,case118,fdia,Tier 3 (Strong),0.013123,6.56,54,test,1,6224.8741,418.8245,1,16650.8114,5.0,1,1.2712,0.8638,0,0.84319,8.40988,5.422647,1,2,1,1,7886.85
case118_fdia_055,case118,fdia,Tier 4 (Severe),0.03,15.0,55,test,1,15547.5302,418.8245,1,16950.4149,5.0,1,1.9675,0.9386,0,0.846929,8.415822,5.422647,1,2,1,1,7918.13
case118_fdia_056,case118,fdia,Tier 1 (Subtle),0.002075,1.04,56,test,1,5459.3155,418.8245,1,17048.236,5.0,1,1.8554,1.0168,0,0.850842,8.425082,5.422647,1,2,1,1,8094.76
case118_fdia_057,case118,fdia,Tier 2 (Moderate),0.008734,4.37,57,test,1,2908.391,418.8245,1,17095.0339,5.0,1,0.9879,0.9887,0,0.849436,8.432009,5.422647,1,2,1,1,7891.36
case118_fdia_058,case118,fdia,Tier 3 (Strong),0.013583,6.79,58,test,1,7950.2912,418.8245,1,17242.6789,5.0,1,1.1011,1.0362,0,0.85181,8.440618,5.422647,1,2,1,1,7878.4
case118_fdia_059,case118,fdia,Tier 4 (Severe),0.03,15.0,59,test,1,15425.8917,418.8245,1,17539.8495,5.0,1,0.5313,1.0483,0,0.852413,8.448969,5.422647,1,2,1,1,7918.68
case118_load_shift_000,case118,load_shift,Tier 1 (Subtle),0.009714,2.43,0,test,1,12371.2755,418.8245,1,17775.9222,5.0,1,1.6648,1.0039,0,0.850197,8.454269,5.422647,1,2,1,1,8096.4
case118_load_shift_001,case118,load_shift,Tier 2 (Moderate),0.019062,4.77,1,test,1,5506.0458,418.8245,1,17874.678,5.0,1,0.1855,0.9248,0,0.84624,8.455082,5.422647,1,2,1,1,7775.47
case118_load_shift_002,case118,load_shift,Tier 3 (Strong),0.036777,9.19,2,test,1,7729.7352,418.8245,1,18017.9115,5.0,1,0.6432,0.9178,0,0.845891,8.455465,5.422647,1,2,1,1,7565.07
case118_load_shift_003,case118,load_shift,Tier 4 (Severe),0.05,12.5,3,test,1,6349.8608,418.8245,1,18133.5451,5.0,1,1.3085,0.9782,0,0.848911,8.458829,5.422647,1,2,1,1,7327.16
case118_load_shift_004,case118,load_shift,Tier 1 (Subtle),0.005332,1.33,4,test,1,14770.8523,418.8245,1,18417.6137,5.0,1,1.1384,0.987,0,0.849351,8.462297,5.422647,1,2,1,1,7109.54
case118_load_shift_005,case118,load_shift,Tier 2 (Moderate),0.024762,6.19,5,test,1,513.4415,418.8245,1,18416.5083,5.0,1,1.2587,1.0127,0,0.657112,8.273179,5.422647,1,2,1,1,7445.27
case118_load_shift_006,case118,load_shift,Tier 3 (Strong),0.039886,9.97,6,test,1,3589.3753,418.8245,1,18476.9271,5.0,1,1.8102,1.0905,0,0.854526,8.300387,5.422647,1,2,1,1,7391.02
case118_load_shift_007,case118,load_shift,Tier 4 (Severe),0.05,12.5,7,test,1,3264.1956,418.8245,1,18530.8418,5.0,1,1.4699,1.1412,0,0.857058,8.327406,5.422647,1,2,1,1,7226.53
case118_load_shift_008,case118,load_shift,Tier 1 (Subtle),0.007879,1.97,8,test,1,14329.4962,418.8245,1,18806.0825,5.0,1,2.0132,1.1929,0,0.859644,8.354309,5.422647,1,2,1,1,7078.48
case118_load_shift_009,case118,load_shift,Tier 2 (Moderate),0.022945,5.74,9,test,1,170.0503,418.8245,0,18798.1086,5.0,1,0.2512,1.1828,0,0.460644,7.979523,5.422647,1,1,0,1,7408.98
case118_load_shift_010,case118,load_shift,Tier 3 (Strong),0.033559,8.39,10,test,1,1545.5169,418.8245,1,18817.6466,5.0,1,1.5234,1.1885,0,0.859425,8.040995,5.422647,1,2,1,1,7394.4
case118_load_shift_011,case118,load_shift,Tier 4 (Severe),0.05,12.5,11,test,1,4999.7841,418.8245,1,18906.2762,5.0,1,0.8182,1.1319,0,0.856596,8.093492,5.422647,1,2,1,1,7283.43
case118_load_shift_012,case118,load_shift,Tier 1 (Subtle),0.005232,1.31,12,test,1,15629.4899,418.8245,1,19207.5191,5.0,1,0.3753,1.1096,0,0.855482,8.139625,5.422647,1,2,1,1,7089.97
case118_load_shift_013,case118,load_shift,Tier 2 (Moderate),0.020262,5.07,13,test,1,169.6583,418.8245,0,19199.5374,5.0,1,1.783,1.1979,0,0.461165,7.786827,5.422647,1,1,0,1,7439.52
case118_load_shift_014,case118,load_shift,Tier 3 (Strong),0.035632,8.91,14,test,1,2887.4406,418.8245,1,19245.9163,5.0,1,0.4279,1.1557,0,0.857786,7.865931,5.422647,1,2,1,1,7428.01
case118_load_shift_015,case118,load_shift,Tier 4 (Severe),0.05,12.5,15,test,1,4854.6473,418.8245,1,19331.6429,5.0,1,1.218,1.1182,0,0.855912,7.93525,5.422647,1,2,1,1,7282.72
case118_load_shift_016,case118,load_shift,Tier 1 (Subtle),0.005239,1.31,16,test,1,15460.5971,418.8245,1,19629.5077,5.0,1,0.7431,1.0626,0,0.853132,7.994857,5.422647,1,2,1,1,7087.82
case118_load_shift_017,case118,load_shift,Tier 2 (Moderate),0.015722,3.93,17,test,1,291.7021,418.8245,0,19623.9671,5.0,1,0.6045,1.0435,0,0.526293,7.721664,5.422647,1,1,0,1,7432.88
case118_load_shift_018,case118,load_shift,Tier 3 (Strong),0.037046,9.26,18,test,1,4557.6599,418.8245,1,19703.7534,5.0,1,0.9077,1.0338,0,0.85169,7.801187,5.422647,1,2,1,1,7464.08
case118_load_shift_019,case118,load_shift,Tier 4 (Severe),0.05,12.5,19,test,1,4799.4872,418.8245,1,19788.3766,5.0,1,1.1417,1.0643,0,0.853216,7.874284,5.422647,1,2,1,1,7276.76
case118_load_shift_020,case118,load_shift,Tier 1 (Subtle),0.005262,1.32,20,test,1,15579.4018,418.8245,1,20088.6177,5.0,1,1.9161,1.0769,0,0.853844,7.940699,5.422647,1,2,1,1,7090.1
case118_load_shift_021,case118,load_shift,Tier 2 (Moderate),0.019769,4.94,21,test,1,152.7131,418.8245,0,20080.2971,5.0,1,0.6615,1.1007,0,0.44619,7.592819,5.422647,1,1,0,1,7434.0
case118_load_shift_022,case118,load_shift,Tier 3 (Strong),0.039779,9.94,22,test,1,4677.0294,418.8245,1,20162.471,5.0,1,0.9615,1.1166,0,0.85583,7.689368,5.422647,1,2,1,1,7431.48
case118_load_shift_023,case118,load_shift,Tier 4 (Severe),0.05,12.5,23,test,1,3967.2024,418.8245,1,20230.4471,5.0,1,2.0352,1.1529,0,0.857647,7.778078,5.422647,1,2,1,1,7249.41
case118_load_shift_024,case118,load_shift,Tier 1 (Subtle),0.009171,2.29,24,test,1,12965.4327,418.8245,1,20478.404,5.0,1,0.6725,1.1296,0,0.856482,7.856752,5.422647,1,2,1,1,7079.58
case118_load_shift_025,case118,load_shift,Tier 2 (Moderate),0.021569,5.39,25,test,1,174.4431,418.8245,0,20470.518,5.0,1,0.7449,1.1039,0,0.459324,7.530401,5.422647,1,1,0,1,7389.77
case118_load_shift_026,case118,load_shift,Tier 3 (Strong),0.037585,9.4,26,test,1,3040.1909,418.8245,1,20519.9522,5.0,1,1.0902,1.068,0,0.853398,7.630758,5.422647,1,2,1,1,7402.63
case118_load_shift_027,case118,load_shift,Tier 4 (Severe),0.05,12.5,27,test,1,3953.3134,418.8245,1,20587.6505,5.0,1,2.7224,1.1306,0,0.856529,7.724211,5.422647,1,2,1,1,7254.01
case118_load_shift_028,case118,load_shift,Tier 1 (Subtle),0.006817,1.7,28,test,1,14888.829,418.8245,1,20874.0788,5.0,1,0.1492,1.0374,0,0.851869,7.803659,5.422647,1,2,1,1,7079.23
case118_load_shift_029,case118,load_shift,Tier 2 (Moderate),0.024888,6.22,29,test,1,313.0226,418.8245,0,20868.9647,5.0,1,2.6698,1.1583,0,0.544761,7.568055,5.422647,1,1,0,1,7414.64
case118_load_shift_030,case118,load_shift,Tier 3 (Strong),0.030801,7.7,30,test,1,823.8572,418.8245,1,20874.0682,5.0,1,0.6093,1.1126,0,0.847398,7.658647,5.422647,1,2,1,1,7381.28
case118_load_shift_031,case118,load_shift,Tier 4 (Severe),0.05,12.5,31,test,1,5688.3086,418.8245,1,20976.4695,5.0,1,0.3367,1.0885,0,0.854427,7.747209,5.422647,1,2,1,1,7309.61
case118_load_shift_032,case118,load_shift,Tier 1 (Subtle),0.009145,2.29,32,test,1,11799.667,418.8245,1,21201.109,5.0,1,0.9671,1.1181,0,0.855906,7.828394,5.422647,1,2,1,1,7104.32
case118_load_shift_033,case118,load_shift,Tier 2 (Moderate),0.017,4.25,33,test,1,444.6757,418.8245,1,21198.6282,5.0,1,0.3153,1.0447,0,0.617668,7.663223,5.422647,1,2,1,1,7400.59
case118_load_shift_034,case118,load_shift,Tier 3 (Strong),0.037296,9.32,34,test,1,3951.7305,418.8245,1,21266.2948,5.0,1,1.797,1.1132,0,0.85566,7.75256,5.422647,1,2,1,1,7448.43
case118_load_shift_035,case118,load_shift,Tier 4 (Severe),0.05,12.5,35,test,1,4588.7364,418.8245,1,21346.7027,5.0,1,1.9092,1.1477,0,0.857387,7.834691,5.422647,1,2,1,1,7275.39
case118_load_shift_036,case118,load_shift,Tier 1 (Subtle),0.005536,1.38,36,test,1,15416.7834,418.8245,1,21643.6911,5.0,1,0.236,1.1224,0,0.85612,7.907342,5.422647,1,2,1,1,7097.64
case118_load_shift_037,case118,load_shift,Tier 2 (Moderate),0.02395,5.99,37,test,1,337.8493,418.8245,0,21639.0735,5.0,1,2.2606,1.2052,0,0.561925,7.678533,5.422647,1,1,0,1,7436.03
case118_load_shift_038,case118,load_shift,Tier 3 (Strong),0.036741,9.19,38,test,1,2514.3076,418.8245,1,21677.9891,5.0,1,0.2352,1.1716,0,0.858578,7.769258,5.422647,1,2,1,1,7394.55
case118_load_shift_039,case118,load_shift,Tier 4 (Severe),0.05,12.5,39,test,1,4195.5995,418.8245,1,21750.5335,5.0,1,1.5054,1.1898,0,0.859488,7.85182,5.422647,1,2,1,1,7260.19
case118_load_shift_040,case118,load_shift,Tier 1 (Subtle),0.009485,2.37,40,test,1,12677.5046,418.8245,1,21992.7314,5.0,1,1.0883,1.1484,0,0.857418,7.924056,5.422647,1,2,1,1,7084.73
case118_load_shift_041,case118,load_shift,Tier 2 (Moderate),0.016614,4.15,41,test,1,546.4094,418.8245,1,21992.2854,5.0,1,1.5533,1.193,0,0.685804,7.817455,5.422647,1,2,1,1,7395.22
case118_load_shift_042,case118,load_shift,Tier 3 (Strong),0.03048,7.62,42,test,1,1778.118,418.8245,1,22016.4759,5.0,1,0.0667,1.1482,0,0.85741,7.893119,5.422647,1,2,1,1,7445.51
case118_load_shift_043,case118,load_shift,Tier 4 (Severe),0.05,12.5,43,test,1,6351.5804,418.8245,1,22132.1438,5.0,1,1.7809,1.1355,0,0.856775,7.960582,5.422647,1,2,1,1,7334.8
case118_load_shift_044,case118,load_shift,Tier 1 (Subtle),0.009517,2.38,44,test,1,11060.6275,418.8245,1,22342.0012,5.0,1,0.836,1.1437,0,0.857183,8.021707,5.422647,1,2,1,1,7120.96
case118_load_shift_045,case118,load_shift,Tier 2 (Moderate),0.020403,5.1,45,test,1,131.5245,418.8245,0,22333.2568,5.0,1,0.8104,1.1469,0,0.435855,7.655392,5.422647,1,1,0,1,7405.72
case118_load_shift_046,case118,load_shift,Tier 3 (Strong),0.037715,9.43,46,test,1,3344.307,418.8245,1,22388.7738,5.0,1,0.3504,1.11,0,0.855498,7.74535,5.422647,1,2,1,1,7417.49
case118_load_shift_047,case118,load_shift,Tier 4 (Severe),0.05,12.5,47,test,1,4033.1768,418.8245,1,22458.0695,5.0,1,0.7044,1.0091,0,0.850453,7.821268,5.422647,1,2,1,1,7256.45
case118_load_shift_048,case118,load_shift,Tier 1 (Subtle),0.008649,2.16,48,test,1,13343.0057,418.8245,1,22713.5786,5.0,1,0.8478,1.044,0,0.852199,7.89134,5.422647,1,2,1,1,7086.4
case118_load_shift_049,case118,load_shift,Tier 2 (Moderate),0.020307,5.08,49,test,1,153.4225,418.8245,0,22705.2722,5.0,1,1.5401,0.9875,0,0.440954,7.543161,5.422647,1,1,0,1,7403.05
case118_load_shift_050,case118,load_shift,Tier 3 (Strong),0.036623,9.16,50,test,1,2878.1908,418.8245,1,22751.4661,5.0,1,0.713,0.9927,0,0.849634,7.638479,5.422647,1,2,1,1,7412.1
case118_load_shift_051,case118,load_shift,Tier 4 (Severe),0.05,12.5,51,test,1,4563.3379,418.8245,1,22831.3659,5.0,1,0.6885,1.0103,0,0.850514,7.725145,5.422647,1,2,1,1,7266.23
case118_load_shift_052,case118,load_shift,Tier 1 (Subtle),0.008176,2.04,52,test,1,13478.7806,418.8245,1,23089.5908,5.0,1,0.7104,0.9974,0,0.849872,7.802503,5.422647,1,2,1,1,7088.1
case118_load_shift_053,case118,load_shift,Tier 2 (Moderate),0.023628,5.91,53,test,1,181.4602,418.8245,0,23081.8451,5.0,1,0.0044,0.9819,0,0.45741,7.479663,5.422647,1,1,0,1,7400.52
case118_load_shift_054,case118,load_shift,Tier 3 (Strong),0.038149,9.54,54,test,1,2827.8515,418.8245,1,23127.0321,5.0,1,1.0718,0.9456,0,0.847282,7.578979,5.422647,1,2,1,1,7389.32
case118_load_shift_055,case118,load_shift,Tier 4 (Severe),0.05,12.5,55,test,1,3741.1574,418.8245,1,23190.4869,5.0,1,1.1563,0.908,0,0.8454,7.666481,5.422647,1,2,1,1,7240.06
case118_load_shift_056,case118,load_shift,Tier 1 (Subtle),0.009393,2.35,56,test,1,13144.78,418.8245,1,23442.0311,5.0,1,0.5708,0.9247,0,0.846237,7.74607,5.422647,1,2,1,1,7077.68
case118_load_shift_057,case118,load_shift,Tier 2 (Moderate),0.022704,5.68,57,test,1,123.6573,418.8245,0,23433.1293,5.0,1,0.2796,0.8257,0,0.415097,7.38656,5.422647,1,1,0,1,7393.69
case118_load_shift_058,case118,load_shift,Tier 3 (Strong),0.036865,9.22,58,test,1,2529.5812,418.8245,1,23472.3504,5.0,1,0.8546,0.8567,0,0.842833,7.490737,5.422647,1,2,1,1,7388.0
case118_load_shift_059,case118,load_shift,Tier 4 (Severe),0.05,12.5,59,test,1,3981.876,418.8245,1,23540.62,5.0,1,1.554,0.8591,0,0.842955,7.584618,5.422647,1,2,1,1,7257.31
case118_stealth_drift_000,case118,stealth_drift,Tier 1 (Subtle),0.004657,2.33,0,test,1,25937.9072,418.8245,1,24048.0499,5.0,1,0.3586,0.8226,0,0.841131,7.667287,5.422647,1,2,1,1,7088.76
case118_stealth_drift_001,case118,stealth_drift,Tier 2 (Moderate),0.008767,4.38,1,test,1,5628.2249,418.8245,1,24149.2494,5.0,1,8.2631,1.1581,0,0.857905,7.758464,5.422647,1,2,1,1,7529.86
case118_stealth_drift_002,case118,stealth_drift,Tier 3 (Strong),0.023622,11.81,2,test,1,6323.2571,418.8245,1,24264.3508,5.0,1,1.1348,1.2115,0,0.860575,7.843193,5.422647,1,2,1,1,7739.23
case118_stealth_drift_003,case118,stealth_drift,Tier 4 (Severe),0.033901,16.95,3,test,1,4212.5341,418.8245,1,24337.234,5.0,1,0.6688,1.1559,0,0.857795,7.916668,5.422647,1,2,1,1,7963.39
case118_stealth_drift_004,case118,stealth_drift,Tier 1 (Subtle),0.002862,1.43,4,test,1,6577.2045,418.8245,1,24457.4148,5.0,1,1.6436,1.1963,0,0.859814,7.984816,5.422647,1,2,1,1,8150.31
case118_stealth_drift_005,case118,stealth_drift,Tier 2 (Moderate),0.008685,4.34,5,test,1,235.7145,418.8245,0,24450.7544,5.0,1,0.3256,1.172,0,0.499302,7.685636,5.422647,1,1,0,1,7920.58
case118_stealth_drift_006,case118,stealth_drift,Tier 3 (Strong),0.023129,11.56,6,test,1,2216.9613,418.8245,1,24483.7225,5.0,1,5.4492,1.427,0,0.871349,7.788422,5.422647,1,2,1,1,7888.66
case118_stealth_drift_007,case118,stealth_drift,Tier 4 (Severe),0.02806,14.03,7,test,1,1210.644,418.8245,1,24496.5624,5.0,1,4.0063,1.5921,0,0.879604,7.889183,5.422647,1,2,1,1,8021.12
case118_stealth_drift_008,case118,stealth_drift,Tier 1 (Subtle),0.003478,1.74,8,test,1,5014.9915,418.8245,1,24585.4961,5.0,1,0.1069,1.555,0,0.877751,7.978016,5.422647,1,2,1,1,8110.56
case118_stealth_drift_009,case118,stealth_drift,Tier 2 (Moderate),0.008504,4.25,9,test,1,201.8447,418.8245,0,24578.1583,5.0,1,0.0601,1.481,0,0.494534,7.674749,5.422647,1,1,0,1,7910.4
case118_stealth_drift_010,case118,stealth_drift,Tier 3 (Strong),0.020682,10.34,10,test,1,1525.3162,418.8245,1,24597.2922,5.0,1,1.051,1.4979,0,0.874896,7.78217,5.422647,1,2,1,1,7886.97
case118_stealth_drift_011,case118,stealth_drift,Tier 4 (Severe),0.032459,16.23,11,test,1,2972.793,418.8245,1,24645.3783,5.0,1,0.9671,1.5118,0,0.875592,7.879545,5.422647,1,2,1,1,7991.93
case118_stealth_drift_012,case118,stealth_drift,Tier 1 (Subtle),0.004512,2.26,12,test,1,5574.1044,418.8245,1,24745.4953,5.0,1,0.9061,1.5216,0,0.876082,7.967673,5.422647,1,2,1,1,8143.37
case118_stealth_drift_013,case118,stealth_drift,Tier 2 (Moderate),0.012362,6.18,13,test,1,165.0758,418.8245,0,24737.422,5.0,1,1.2363,1.5832,0,0.477697,7.648602,5.422647,1,1,0,1,7927.39
case118_stealth_drift_014,case118,stealth_drift,Tier 3 (Strong),0.016783,8.39,14,test,1,360.0188,418.8245,0,24733.2479,5.0,1,1.1274,1.586,0,0.594199,7.477941,5.422647,1,1,0,1,7926.88
case118_stealth_drift_015,case118,stealth_drift,Tier 4 (Severe),0.0285,14.25,15,test,1,2186.7336,418.8245,1,24765.6113,5.0,1,5.5881,1.8076,0,0.89038,7.620527,5.422647,1,2,1,1,7966.47
case118_stealth_drift_016,case118,stealth_drift,Tier 1 (Subtle),0.002663,1.33,16,test,1,4926.3259,418.8245,1,24852.7716,5.0,1,1.8371,1.8709,0,0.893546,7.75202,5.422647,1,2,1,1,8098.76
case118_stealth_drift_017,case118,stealth_drift,Tier 2 (Moderate),0.010818,5.41,17,test,1,160.4646,418.8245,0,24844.606,5.0,1,0.6312,1.8885,0,0.490207,7.467025,5.422647,1,1,0,1,7898.25
case118_stealth_drift_018,case118,stealth_drift,Tier 3 (Strong),0.016883,8.44,18,test,1,583.9025,418.8245,1,24844.91,5.0,1,1.3129,1.9114,0,0.744107,7.46443,5.422647,1,2,1,1,7901.99
case118_stealth_drift_019,case118,stealth_drift,Tier 4 (Severe),0.033234,16.62,19,test,1,4185.1553,418.8245,1,24917.2455,5.0,1,0.479,1.8577,0,0.892883,7.61087,5.422647,1,2,1,1,7961.49
case118_stealth_drift_020,case118,stealth_drift,Tier 1 (Subtle),0.003897,1.95,20,test,1,5675.6481,418.8245,1,25019.3936,5.0,1,0.8104,1.8803,0,0.894013,7.743795,5.422647,1,2,1,1,8141.13
case118_stealth_drift_021,case118,stealth_drift,Tier 2 (Moderate),0.010238,5.12,21,test,1,197.6235,418.8245,0,25011.9713,5.0,1,1.4852,1.5414,0,0.495031,7.464447,5.422647,1,1,0,1,7927.76
case118_stealth_drift_022,case118,stealth_drift,Tier 3 (Strong),0.021424,10.71,22,test,1,1362.893,418.8245,1,25027.8565,5.0,1,0.5476,1.512,0,0.8756,7.593601,5.422647,1,2,1,1,7905.38
case118_stealth_drift_023,case118,stealth_drift,Tier 4 (Severe),0.032323,16.16,23,test,1,2584.3224,418.8245,1,25068.1724,5.0,1,0.899,1.5235,0,0.876175,7.710416,5.422647,1,2,1,1,8010.75
case118_stealth_drift_024,case118,stealth_drift,Tier 1 (Subtle),0.002909,1.45,24,test,1,6376.5647,418.8245,1,25184.3401,5.0,1,0.0488,1.4438,0,0.872188,7.811563,5.422647,1,2,1,1,8152.24
case118_stealth_drift_025,case118,stealth_drift,Tier 2 (Moderate),0.012255,6.13,25,test,1,124.3997,418.8245,0,25175.4532,5.0,1,0.0353,1.4292,0,0.445717,7.476124,5.422647,1,1,0,1,7921.87
case118_stealth_drift_026,case118,stealth_drift,Tier 3 (Strong),0.018865,9.43,26,test,1,627.0806,418.8245,1,25176.6208,5.0,1,0.2069,1.1671,0,0.732666,7.461178,5.422647,1,2,1,1,7926.0
case118_stealth_drift_027,case118,stealth_drift,Tier 4 (Severe),0.025303,12.65,27,test,1,1051.3683,418.8245,1,25186.2749,5.0,1,6.5184,1.2927,0,0.864637,7.579697,5.422647,1,2,1,1,7987.02
case118_stealth_drift_028,case118,stealth_drift,Tier 1 (Subtle),0.002653,1.33,28,test,1,4342.6524,418.8245,1,25261.7607,5.0,1,4.3531,1.505,0,0.875252,7.69698,5.422647,1,2,1,1,8075.35
case118_stealth_drift_029,case118,stealth_drift,Tier 2 (Moderate),0.011366,5.68,29,test,1,172.5914,418.8245,0,25253.8377,5.0,1,2.3835,1.6212,0,0.484082,7.411364,5.422647,1,1,0,1,7888.42
case118_stealth_drift_030,case118,stealth_drift,Tier 3 (Strong),0.017482,8.74,30,test,1,599.7132,418.8245,1,25254.4579,5.0,1,10.2995,2.0836,1,0.762156,7.432384,5.422647,1,3,1,1,7906.26
case118_stealth_drift_031,case118,stealth_drift,Tier 4 (Severe),0.025499,12.75,31,test,1,1431.1119,418.8245,1,25271.7075,5.0,1,0.9989,2.0852,0,0.904262,7.593407,5.422647,1,2,1,1,7967.83
case118_stealth_drift_032,case118,stealth_drift,Tier 1 (Subtle),0.003466,1.73,32,test,1,3918.7999,418.8245,1,25338.7155,5.0,1,0.7093,2.0754,0,0.90377,7.737836,5.422647,1,2,1,1,8065.22
case118_stealth_drift_033,case118,stealth_drift,Tier 2 (Moderate),0.013253,6.63,33,test,1,223.8344,418.8245,0,25331.8174,5.0,1,2.1243,2.1198,0,0.539598,7.503651,5.422647,1,1,0,1,7895.77
case118_stealth_drift_034,case118,stealth_drift,Tier 3 (Strong),0.021472,10.74,34,test,1,1104.8916,418.8245,1,25342.5421,5.0,1,0.7267,2.0998,0,0.904988,7.658273,5.422647,1,2,1,1,7924.2
case118_stealth_drift_035,case118,stealth_drift,Tier 4 (Severe),0.029779,14.89,35,test,1,1653.3246,418.8245,1,25364.2365,5.0,1,1.5796,1.8993,0,0.894966,7.787412,5.422647,1,2,1,1,8007.89
case118_stealth_drift_036,case118,stealth_drift,Tier 1 (Subtle),0.002131,1.07,36,test,1,5950.6376,418.8245,1,25471.8848,5.0,1,0.8347,1.8492,0,0.89246,7.901131,5.422647,1,2,1,1,8126.86
case118_stealth_drift_037,case118,stealth_drift,Tier 2 (Moderate),0.010993,5.5,37,test,1,115.5234,418.8245,0,25462.8203,5.0,1,5.7464,2.105,1,0.474205,7.585223,5.422647,1,2,1,1,7906.14
case118_stealth_drift_038,case118,stealth_drift,Tier 3 (Strong),0.017765,8.88,38,test,1,647.2269,418.8245,1,25464.3909,5.0,1,0.6649,2.0726,0,0.789963,7.616664,5.422647,1,2,1,1,7913.82
case118_stealth_drift_039,case118,stealth_drift,Tier 4 (Severe),0.03478,17.39,39,test,1,4535.7393,418.8245,1,25543.7388,5.0,1,0.7882,2.088,0,0.904401,7.759398,5.422647,1,2,1,1,7968.4
case118_stealth_drift_040,case118,stealth_drift,Tier 1 (Subtle),0.003893,1.95,40,test,1,6322.8196,418.8245,1,25658.8314,5.0,1,1.639,2.1294,0,0.906472,7.889931,5.422647,1,2,1,1,8158.79
case118_stealth_drift_041,case118,stealth_drift,Tier 2 (Moderate),0.011897,5.95,41,test,1,168.5836,418.8245,0,25650.8283,5.0,1,3.7305,2.2417,1,0.512715,7.613653,5.422647,1,2,1,1,7933.74
case118_stealth_drift_042,case118,stealth_drift,Tier 3 (Strong),0.023569,11.78,42,test,1,1498.0049,418.8245,1,25669.4159,5.0,1,1.4101,2.2848,0,0.914242,7.766529,5.422647,1,2,1,1,7920.83
case118_stealth_drift_043,case118,stealth_drift,Tier 4 (Severe),0.032886,16.44,43,test,1,2266.4758,418.8245,1,25703.3744,5.0,1,0.1115,2.2455,0,0.912273,7.90215,5.422647,1,2,1,1,8029.23
case118_stealth_drift_044,case118,stealth_drift,Tier 1 (Subtle),0.004688,2.34,44,test,1,6141.5199,418.8245,1,25814.8407,5.0,1,0.6688,2.2765,0,0.913823,8.025758,5.422647,1,2,1,1,8161.21
case118_stealth_drift_045,case118,stealth_drift,Tier 2 (Moderate),0.009632,4.82,45,test,1,268.7699,418.8245,0,25808.8415,5.0,1,0.093,2.2794,0,0.574399,7.797581,5.422647,1,1,0,1,7932.32
case118_stealth_drift_046,case118,stealth_drift,Tier 3 (Strong),0.021534,10.77,46,test,1,1344.1378,418.8245,1,25824.3515,5.0,1,4.9314,2.5156,1,0.925779,7.943602,5.422647,1,3,1,1,7905.5
case118_stealth_drift_047,case118,stealth_drift,Tier 4 (Severe),0.027968,13.98,47,test,1,1327.7538,418.8245,1,25839.5339,5.0,1,0.3527,2.2073,0,0.910365,8.059607,5.422647,1,2,1,1,8011.51
case118_stealth_drift_048,case118,stealth_drift,Tier 1 (Subtle),0.004423,2.21,48,test,1,4292.3795,418.8245,1,25914.0141,5.0,1,5.1108,2.2452,1,0.912259,8.165905,5.422647,1,3,1,1,8108.55
case118_stealth_drift_049,case118,stealth_drift,Tier 2 (Moderate),0.013312,6.66,49,test,1,160.907,418.8245,0,25905.8573,5.0,1,1.7528,2.2136,0,0.506729,7.856044,5.422647,1,1,0,1,7918.35
case118_stealth_drift_050,case118,stealth_drift,Tier 3 (Strong),0.019367,9.68,50,test,1,706.7339,418.8245,1,25908.6182,5.0,1,0.6021,1.7288,0,0.808294,7.878734,5.422647,1,2,1,1,7935.02
case118_stealth_drift_051,case118,stealth_drift,Tier 4 (Severe),0.029829,14.91,51,test,1,1947.1023,418.8245,1,25936.1886,5.0,1,3.6553,1.8616,0,0.89308,7.98394,5.422647,1,2,1,1,8001.37
case118_stealth_drift_052,case118,stealth_drift,Tier 1 (Subtle),0.003356,1.68,52,test,1,5245.3375,418.8245,1,26029.7297,5.0,1,0.3553,1.8439,0,0.892195,8.077741,5.422647,1,2,1,1,8121.25
case118_stealth_drift_053,case118,stealth_drift,Tier 2 (Moderate),0.011847,5.92,53,test,1,120.9769,418.8245,0,26020.7743,5.0,1,2.6917,1.8723,0,0.465826,7.735793,5.422647,1,1,0,1,7918.88
case118_stealth_drift_054,case118,stealth_drift,Tier 3 (Strong),0.018567,9.28,54,test,1,741.9385,418.8245,1,26024.2392,5.0,1,0.5693,1.8644,0,0.83609,7.798304,5.422647,1,2,1,1,7919.87
case118_stealth_drift_055,case118,stealth_drift,Tier 4 (Severe),0.025833,12.92,55,test,1,1151.8893,418.8245,1,26035.904,5.0,1,0.5308,1.812,0,0.890598,7.909072,5.422647,1,2,1,1,7987.75
case118_stealth_drift_056,case118,stealth_drift,Tier 1 (Subtle),0.00389,1.95,56,test,1,3960.4516,418.8245,1,26103.745,5.0,1,5.972,2.0688,1,0.903442,8.021606,5.422647,1,3,1,1,8084.39
case118_stealth_drift_057,case118,stealth_drift,Tier 2 (Moderate),0.010898,5.45,57,test,1,135.9741,418.8245,0,26095.0896,5.0,1,2.3261,1.8978,0,0.476055,7.695501,5.422647,1,1,0,1,7898.25
case118_stealth_drift_058,case118,stealth_drift,Tier 3 (Strong),0.016929,8.46,58,test,1,495.4311,418.8245,1,26093.624,5.0,1,1.0829,1.9187,0,0.691663,7.617614,5.422647,1,2,1,1,7905.45
case118_stealth_drift_059,case118,stealth_drift,Tier 4 (Severe),0.025353,12.68,59,test,1,1467.793,418.8245,1,26111.6073,5.0,1,0.213,1.89,0,0.894498,7.750351,5.422647,1,2,1,1,7958.39
