case,attack,delta_v,nis,cusum_stat,cusum_alarm,jitter_z,jitter_detected,kalman_anomaly,consensus,threat_score
case9,baseline,0.01282846892586905,11.25446620278164,0.112516703470218,False,0.178722688335813,False,False,0,0.0
case9,baseline,0.010345508428951695,11.528767983531143,0.13660985110823726,False,0.5579282107467443,False,False,0,0.025969633914920333
case9,baseline,0.015437862764039927,11.645283593264928,0.015334309171513225,False,0.29622632855275316,False,False,0,0.07264179663246395
case9,baseline,0.025424888612803568,11.971314764029248,0.8206944501597337,False,0.24178518349410727,False,False,0,0.23565738201462416
case9,baseline,0.01724690369246262,11.297751096397308,1.8129949081488572,False,0.21033735958925906,False,False,0,0.24389847244465715
case9,baseline,0.02515819591176726,10.619738576296044,0.22056414622816575,False,0.33096983630338145,False,False,0,0.0
case9,baseline,0.020830447680263257,11.911411795300495,0.3499251109585135,False,0.14434942337827014,False,False,0,0.2057058976502475
case9,baseline,0.014407050094399913,11.648791531962164,0.08972016926430214,False,-0.06284528518636308,False,False,0,0.07439576598108211
case9,baseline,0.01894682598315834,11.82003291087348,0.08086750548347646,False,0.43252031100071914,False,False,0,0.1600164554367396
case9,baseline,0.017658687467664382,11.256598500327701,0.039174436074528,False,0.8461953706324098,False,False,0,0.06923907412648196
case9,baseline,0.013448243559913007,12.26313393052923,2.204690874136159,False,0.6846170443158063,False,False,0,0.7798976363686241
case9,baseline,0.02016332231951233,12.285794046218209,0.08862960957768957,False,0.6556317157235951,False,False,0,0.4240233662538235
case9,baseline,0.016826243713345585,10.637555847221394,0.39492485087174056,False,0.7750465832642821,False,False,0,0.055009316652856424
case9,baseline,0.01687907342769821,11.794189712716285,2.3490103007804986,False,0.23447567041600922,False,False,0,0.5517979465922922
case9,baseline,0.020474375181687314,12.383776039761733,0.11682329038499396,False,0.3752348431823477,False,False,0,0.44188801988086635
case9,baseline,0.01928469248727719,10.705950573368217,-0.04482397512945796,False,0.4376039592574374,False,False,0,0.0
case9,baseline,0.020373236515830232,12.049173624154639,0.8124819641918251,False,0.5276993254128535,False,False,0,0.2801266771598901
case9,baseline,0.029180406113483905,11.703714295144716,0.5692999842219619,False,0.604497188804969,False,False,0,0.12275658533335157
case9,baseline,0.011800994929331704,11.965750375765666,2.183332520988605,False,0.001393436209679206,False,False,0,0.5878749441794143
case9,baseline,0.02750989856161245,10.401249480435116,1.2220593893878444,False,0.4533131714602789,False,False,0,0.06661781681635333
case9,baseline,0.01065821358911289,10.15716481244386,0.720562674933446,False,0.22995244632641312,False,False,0,0.0
case9,baseline,0.021589140832932043,11.67946423025056,1.246010667430514,False,0.4020599619549152,False,False,0,0.16353531535443389
case9,baseline,0.02359293956729958,10.672341587942034,1.2520052041780758,False,0.22991957688493456,False,False,0,0.07560156125342274
case9,baseline,0.02154770536080493,11.887562430019889,1.7035487068426862,False,0.1522184685041169,False,False,0,0.40484582706275035
case9,baseline,0.024314611822923153,10.93477074645483,0.2739654195006604,False,0.7824742376487318,False,False,0,0.056494847529746366
case9,baseline,0.023236637257807977,11.673700530968974,1.3222430933248592,False,0.5971242664547236,False,False,0,0.2029480467728894
case9,baseline,0.019194616391535482,10.756658340775521,0.06039897937416765,False,0.5697445490956264,False,False,0,0.013948909819125289
case9,baseline,0.017109080107745523,11.11110643658099,0.08145905238609386,False,0.4729051471639175,False,False,0,0.0
case9,baseline,0.0190967005083251,12.041621084934581,0.8949520357198507,False,0.4188491789092103,False,False,0,0.27081054246729064
case9,baseline,0.02498615780459481,11.4186886084058,0.30106708660893855,False,0.162857031036834,False,False,0,0.0
case9,baseline,0.025248749397283173,12.785185086392369,2.3393263304283356,False,0.6724249272713777,False,True,0,1.0788754277789607
case9,baseline,0.027338778767408135,11.499270725393378,4.794421331107571,False,1.1828450703604223,False,False,0,1.274895413404356
case9,baseline,0.02315121468018848,11.842063370332898,1.0390517249908515,False,0.18257393688665338,False,False,0,0.18274720266370453
case9,baseline,0.02607716744811695,11.364851251005929,0.1762978590608077,False,0.24720569836422074,False,False,0,0.0
case9,baseline,0.017038510895854623,11.783731803554174,0.765941378453219,False,0.19780427229214192,False,False,0,0.1418659017770869
case9,baseline,0.020462147294742272,11.956855192380043,0.1402615793276015,False,0.45194242740232554,False,False,0,0.22842759619002173
case9,baseline,0.022964066318335124,11.813160084590262,0.42983528932491327,False,0.7300146948459606,False,False,0,0.202582981264323
case9,baseline,0.022995464220615828,12.167963435780406,2.6887197232024334,False,0.7862161011865663,False,False,0,0.8978408550882461
case9,baseline,0.013740765861190139,10.498266992679964,0.791737545715256,False,0.2648959720179767,False,False,0,0.0
case9,baseline,0.020457737418252585,11.829877295691013,0.11427366662658357,False,0.6628355797526282,False,False,0,0.19750576379603202
case9,baseline,0.02902922729693768,12.033689361914156,0.2065178808304282,False,0.8897773311085764,False,False,0,0.3448001471787934
case9,baseline,0.020231104512643698,10.006537148829725,0.8709255654115136,False,0.6040956911333809,False,False,0,0.020819138226676182
case9,baseline,0.011655625543561744,11.635890335826724,0.5996282909400339,False,0.37953232875257703,False,False,0,0.06794516791336225
case9,baseline,0.02288080867368337,11.598501112884271,0.6264548725076565,False,0.8511234989174845,False,False,0,0.11947525622563263
case9,baseline,0.03369050557072679,11.849336207131463,-0.18521356199369388,False,0.7241768076910184,False,False,0,0.21950346510393529
case9,baseline,0.018411509259204747,10.269692536238948,1.9231675480203843,False,0.5004459787191573,False,False,0,0.27703946014994674
case9,baseline,0.03453264592294973,10.61152517941682,0.054465900291570085,False,0.15414059963962282,False,False,0,0.0
case9,baseline,0.022683929583978427,11.303012198801817,1.4371154414380611,False,0.6312642688242056,False,False,0,0.15738748619625947
case9,baseline,0.028467009901339844,12.009629112608232,0.3778266948455111,False,0.8353571594366209,False,False,0,0.3218859881914404
case9,baseline,0.016833341736026013,10.62169739555227,-0.06900491999864045,False,0.7869774072203554,False,False,0,0.05739548144407108
case9,baseline,0.017807704452719536,11.828905882159516,0.16017240917349582,False,0.45899737036911004,False,False,0,0.16445294107975794
case9,baseline,0.02187167690505287,11.535939528785597,1.2352923307147141,False,0.6547156651577556,False,False,0,0.11950059663876408
case9,baseline,0.022784231318921565,11.344895912507413,0.6388874302484051,False,0.6114895558332094,False,False,0,0.022297911166641884
case9,baseline,0.019114317663420356,11.79307399344729,0.403878059822498,False,0.29885503284016707,False,False,0,0.14653699672364517
case9,baseline,0.01756350316929925,11.612299376308526,1.0803048843568963,False,0.7128066067859993,False,False,0,0.12280247481853165
case9,baseline,0.009158844723057682,11.437978701206923,2.206611254175713,False,0.005935168848675486,False,False,0,0.3619833762527139
case9,baseline,0.01981358741167676,11.437814466705243,2.881943479283245,False,0.5124283714152649,False,False,0,0.5670687180680264
case9,baseline,0.014249623664260053,11.289758358452481,0.1673211012488742,False,0.6670808451912316,False,False,0,0.03341616903824631
case9,baseline,0.020545397213164174,11.909361436286522,0.9135482034766631,False,0.4173690675126,False,False,0,0.20468071814326105
case9,baseline,0.019986821271312915,11.307260506227285,1.672348247395123,False,0.9389101349026188,False,False,0,0.28948650119906066
case9,branch1_out,0.04316038672679834,19.497766496468984,9.817988155376852,True,3.6015517358856153,True,True,1,7.264590042024671
case9,branch1_out,0.027307594427388074,13.609917310026207,4.061510998981904,False,1.0105181030572292,False,False,0,2.07551557531912
case9,branch1_out,0.022250121065704245,17.335711557368562,11.581638607695064,True,3.5877213095808016,True,True,1,6.709891622908961
case9,branch1_out,0.03902958640711696,15.958245181435524,5.99323981713996,True,2.3658440251962287,False,True,1,4.100263340898996
case9,branch1_out,0.035074225722296744,15.612472455183186,4.803886203440907,False,2.5385662940122624,False,True,0,3.6051153474263176
case9,branch1_out,0.029365338187088162,17.22735011575318,3.996768541555764,False,2.301620266444558,False,True,0,4.12302967363223
case9,branch1_out,0.026461579990362638,19.99237474787766,8.901016217993803,True,2.0564850713562435,False,True,1,6.927789253608219
case9,branch1_out,0.023999734642609235,20.84008045092109,7.7415444155968505,True,3.4239016272437715,False,True,1,7.277283875588354
case9,branch1_out,0.038801566981281545,20.514327333461587,4.375758963058196,False,2.200959065228331,False,True,0,5.860083168693919
case9,branch1_out,0.025530912885661776,18.083877254444506,6.656538756788319,True,3.62099295723052,True,True,1,5.613098845704853
case9,branch1_out,0.030019475506770834,41.75280018594742,19.933351090785898,True,4.459195161956035,True,True,1,21.598244452600685
case9,branch1_out,0.031485560188899975,19.278511402895663,12.094328329735239,True,2.3206692419247408,False,True,1,7.581688048753351
case9,branch1_out,0.040259776541076334,17.756255466042766,7.94660135106137,True,3.136916661732648,False,True,1,5.739491470686324
case9,branch1_out,0.04262549786439884,20.05296337647965,16.08618202017752,True,2.4245432695818936,False,True,1,9.18724494820946
case9,branch1_out,0.025681391310166217,18.079621747631876,5.566135360477779,True,2.7779228620322765,False,True,1,5.115236054365727
case9,branch1_out,0.017293097776973788,12.764393211038351,3.435376198021828,False,1.6378177661927182,False,False,0,1.5903730181642677
case9,branch1_out,0.0365593432138715,32.40165311825274,40.72538533819913,True,3.7144654515294735,True,True,1,23.011335250892
case9,branch1_out,0.023993491818811337,14.923173061679304,2.4497852474280717,False,0.7292938566636706,False,True,0,2.1923808764008075
case9,branch1_out,0.030580644678370503,15.679506286810602,5.541568433111335,True,1.619168696383138,False,True,1,3.6760574126153287
case9,branch1_out,0.03910127215521436,17.10972382661946,11.43176190500232,True,2.9633678116686775,False,True,1,6.427064047144162
case9,branch1_out,0.041954839803960614,22.75802045596893,4.919853313578644,False,2.3052010848931075,False,True,0,7.166006439036679
case9,branch1_out,0.03282193470392415,16.724956811199334,4.23533923758937,False,2.4884907168077057,False,True,0,3.980778320238019
case9,branch1_out,0.046094683443118865,38.49894720094317,26.982050540916376,True,7.0613237166484994,True,True,1,22.606353506076196
case9,branch1_out,0.019156717604531172,12.891035221411466,3.5085402840781144,False,1.2791278774841102,False,True,0,1.6039052714259892
case9,branch1_out,0.03294189287315052,17.898983301425446,8.182880348290357,True,2.695393902826799,False,True,1,5.79343453576519
case9,branch1_out,0.02381769796693145,16.27572501296831,2.711779243934638,False,1.1133965665025578,False,True,0,3.0240755929650573
case9,branch1_out,0.034910569106867864,19.535940992475844,4.506177640545066,False,2.558829012757849,False,True,0,5.4815895909530115
case9,branch1_out,0.05228293070175165,48.43423828097798,19.16281932777727,True,4.095436333547625,True,True,1,24.635052205531697
case9,branch1_out,0.024978336751901233,15.804429097890571,4.681111250043991,True,1.7813365585752963,False,True,1,3.5128152356735423
case9,branch1_out,0.03920555451024838,25.098661529992032,30.326003014879117,True,7.647658811185117,True,True,1,17.026663431696775
case9,branch1_out,0.042002840743885037,20.281062727614234,10.08091828652657,True,2.336559604691709,False,True,1,7.48211877070343
case9,branch1_out,0.0569831688879972,49.80269442884485,17.792862827999645,True,6.750683501686436,True,True,1,25.439342763159605
case9,branch1_out,0.03846002353130142,45.218365467153205,40.2206313205422,True,8.137055106373685,True,True,1,30.152783151014
case9,branch1_out,0.05683445610850705,28.749000603801672,37.90607430860908,True,7.862438866964381,True,True,1,21.16881036787644
case9,branch1_out,0.03914327487934406,15.690702829311325,6.848302515255225,True,2.839234180124779,False,True,1,4.3176890052571855
case9,branch1_out,0.031852043335904065,37.67510533100656,47.15542656894796,True,2.849971107623684,False,True,1,27.404174857712405
case9,branch1_out,0.04205917618850988,25.676646551087618,20.53201497736415,True,8.06230842491711,True,True,1,14.460389453736475
case9,branch1_out,0.0558062850951411,25.56784701130377,16.54225779457854,True,8.491519747718106,True,True,1,13.294904793569069
case9,branch1_out,0.04991431041253834,32.268329768248165,37.87039786660727,True,2.7947961671559747,False,True,1,21.904243477537456
case9,branch1_out,0.03585244415903935,38.0432512366481,41.822186398061625,True,7.3382316888715415,True,True,1,26.885927875516845
case9,branch1_out,0.017978713256367497,15.31493377658434,7.981208622907793,True,2.6791978926859397,False,False,0,4.437669053701695
case9,branch1_out,0.0387209594051407,21.187885227671988,9.899734586066161,True,2.4353244153933584,False,True,1,7.900927872734514
case9,branch1_out,0.045304470764854,20.612438389410492,14.39696477302728,True,8.253034183524893,True,True,1,10.12591546331841
case9,branch1_out,0.05374013553641612,25.699142289618834,15.485750608374213,True,2.8041819253287255,False,True,1,11.906132712387427
case9,branch1_out,0.03415992355996837,39.19665439937919,32.99339147126419,True,6.982350456522547,True,True,1,24.742814732373365
case9,branch1_out,0.049258844282840206,22.396724402891426,26.131853793849057,True,5.335826318609591,True,True,1,13.955083603322349
case9,branch1_out,0.05265957081008791,34.96920229228866,15.584598777649234,True,4.95538200954641,True,True,1,17.00105718134838
case9,branch1_out,0.025865098453753472,13.446055281065226,3.429320774980441,False,1.1127403964599307,False,True,0,1.8243719523187314
case9,branch1_out,0.028753359738769607,21.383596836062157,47.50245731612438,True,5.089255431632198,True,True,1,19.810386699194833
case9,branch1_out,0.02203888278566598,15.120973959559212,4.908038727932751,True,1.311402379544311,False,True,1,3.145179074068293
case9,branch1_out,0.03491702083114584,18.158283463985313,10.635030153365003,True,1.503652490666222,False,True,1,6.4203812761354015
case9,branch1_out,0.02115973038224643,15.214742950975156,10.534668621263965,True,1.6986096850370682,False,True,1,4.957493998874181
case9,branch1_out,0.02291221094054701,22.43294126772839,5.995634635306886,True,3.243668355085603,False,True,1,7.513894695473381
case9,branch1_out,0.02793497862095655,12.381458591063451,2.992322519437603,False,1.3986494895835215,False,False,0,1.2181559492797105
case9,branch1_out,0.029517716316185244,11.575967189172895,3.758646378822677,False,0.8133659724259921,False,False,0,0.9282507027184487
case9,branch1_out,0.040405408757952815,45.58254832736042,46.455343818003115,True,3.2020396824904527,False,True,1,31.21828524557924
case9,branch1_out,0.03618167851280301,20.163876161061623,9.1007122760291,True,2.6087032035774436,False,True,1,7.18389240405503
case9,branch1_out,0.042559562811404675,22.565450330549815,6.926755740093023,True,2.7530780949673774,False,True,1,7.761367506296289
case9,branch1_out,0.03283277737868809,18.61016734002992,8.355205927010834,True,1.7860639762844153,False,True,1,6.018858243375094
case9,branch1_out,0.036151819453152045,48.832913789282074,37.7755418811963,True,4.745379182407698,True,True,1,30.548195295481463
case9,branch2_out,0.032200651768640905,22.708217293938066,12.795265951142145,True,2.8107575400410276,False,True,1,9.60483994031988
case9,branch2_out,0.027532293734482752,13.783833832303737,0.671912864012648,False,1.2673557253367154,False,True,0,1.2953880612192115
case9,branch2_out,0.024233895790710298,17.01318917574913,4.911938323529763,True,0.7656541486411254,False,True,1,3.9833069146617186
case9,branch2_out,0.016549796882457612,16.503885726685386,12.874473829989464,True,3.640703346734774,True,True,1,6.692425681686487
case9,branch2_out,0.024141816556568906,12.767226264611764,3.4257374234505273,False,1.1741162346549374,False,False,0,1.4961576062720279
case9,branch2_out,0.023436166202774535,12.783239717700953,2.6837200956766916,False,1.9974547433262422,False,False,0,1.4462268362187323
case9,branch2_out,0.030256525025667294,31.416567828725857,23.75779400574684,True,4.636480247291584,True,True,1,17.612918165545295
case9,branch2_out,0.0708602871131564,51.05178768503881,33.0797630572148,True,6.964775716076109,True,True,1,30.692777902899067
case9,branch2_out,0.038941961354343885,21.268025149335713,8.19315078692707,True,2.6753014840911242,False,True,1,7.477018107564202
case9,branch2_out,0.04498563919410462,24.93447647098608,29.040075319925503,True,4.365576434068517,True,True,1,15.902376118284394
case9,branch2_out,0.027779532296078803,20.176973000890904,29.869652057578083,True,2.9220830858016082,False,True,1,13.4837987348792
case9,branch2_out,0.03917172331549542,47.63403907394462,45.76087899350967,True,8.367905332397054,True,True,1,33.068864301504625
case9,branch2_out,0.046862723036154075,24.544649789565646,13.40234165564842,True,7.812085751109378,True,True,1,11.705444541699226
case9,branch2_out,0.04485253088317512,43.20502545980289,45.22101044179087,True,7.816240813001299,True,True,1,30.582064025038964
case9,branch2_out,0.04379524106939669,12.55901405316566,3.626630609520629,False,1.0758598383377953,False,False,0,1.4326681771065777
case9,branch2_out,0.05025761214366417,42.72738083020217,50.55484060434254,True,5.652850378816594,True,True,1,31.510712672167163
case9,branch2_out,0.0351446753420875,14.621924702119713,13.083395907412141,True,1.804134216832736,False,True,1,5.446807966650046
case9,branch2_out,0.036943751071430546,19.0614051810114,11.57848992345108,True,3.0044965721001744,False,True,1,7.455148881961058
case9,branch2_out,0.03143116044324578,16.45364183781509,5.80029676867842,True,2.9380032211954656,False,True,1,4.404510593750165
case9,branch2_out,0.03778768984141634,15.736759944173427,11.979447174182399,True,1.2679419896069786,False,True,1,5.565802522262828
case9,branch2_out,0.024011913811258945,13.239452523052076,1.772307062195875,False,1.2526859582229721,False,True,0,1.251955571829395
case9,branch2_out,0.026823254453732855,14.636308016320013,2.7973276656950348,False,1.4652945331317213,False,True,0,2.3004112144948614
case9,branch2_out,0.028982269507767406,14.206571285245449,3.7437698123335994,False,0.6026386309851753,False,True,0,2.196944312519839
case9,branch2_out,0.04400240105641384,40.28602308514971,47.74843037898032,True,5.737720894761154,True,True,1,29.46508483522118
case9,branch2_out,0.05035890267820485,30.00286711084028,46.46100427726894,True,6.092898318913629,True,True,1,24.00831450238355
case9,branch2_out,0.03161028321183045,17.648434191309942,12.129658236541403,True,2.6454235579950907,False,True,1,6.84219927821641
case9,branch2_out,0.05263195153374722,21.15096149100433,32.28819727184901,True,4.170481112896721,True,True,1,14.946036149636212
case9,branch2_out,0.03991918146040814,16.241839507719554,4.613846681998024,False,3.306818273232034,True,True,1,4.01643741310559
case9,branch2_out,0.024593749284719232,19.539188170293908,7.774478417313348,True,2.399599045521907,False,True,1,6.43185741944534
case9,branch2_out,0.026222143292837917,15.406462781364295,4.686428820786257,False,2.2732538391351333,False,True,0,3.4138108047450513
case9,branch2_out,0.03481085379443449,17.05526100948888,11.36722239246881,True,1.854806443332507,False,True,1,6.158758511151585
case9,branch2_out,0.03173522030593733,20.12959583570662,8.885622770155306,True,2.3273469542316554,False,True,1,7.045954139746233
case9,branch2_out,0.03180280572169861,14.701999100149413,4.110587404103083,False,1.6168424796473657,False,True,0,2.7575442672351045
case9,branch2_out,0.04197517322551977,51.835002372357685,21.957219518191177,True,6.596155960190553,True,True,1,27.673898233674308
case9,branch2_out,0.06313092457317585,25.3616119596889,42.032938192794575,True,7.200098024283638,True,True,1,20.58070704253955
case9,branch2_out,0.027979294151545743,22.570508305533487,13.065932803642175,True,7.97430099170461,True,True,1,10.649894192200318
case9,branch2_out,0.03828873169319099,34.33294366292124,49.725905745961136,True,4.854221525042122,True,True,1,26.905087860257385
case9,branch2_out,0.03044495342090675,22.950233172912373,8.557938177004086,True,3.745960073028819,False,True,1,8.641690054163178
case9,branch2_out,0.038470378808784005,35.37264346087032,20.81496453279911,True,7.159979219293408,True,True,1,19.212806934133575
case9,branch2_out,0.03430076198271505,19.337511038106413,9.616705404004684,True,2.0974703191608226,False,True,1,6.8232612040867755
case9,branch2_out,0.06105673099309031,47.256531215350094,17.401270027558848,True,4.8776537196519465,True,True,1,23.67417735987309
case9,branch2_out,0.041567196683233235,23.06874112860464,10.574863663242342,True,3.0695831103292193,True,True,1,9.170746285340867
case9,branch2_out,0.036945284938992906,16.944462627145754,9.499916957302252,True,2.395949891827044,False,True,1,5.651396379128961
case9,branch2_out,0.03313676097837749,19.312101784646647,6.917483228279193,True,1.765741291355642,False,True,1,5.93444411907821
case9,branch2_out,0.02449302642257924,22.83150747293498,10.52545507332026,True,1.3635388255442993,False,True,1,8.696098023572429
case9,branch2_out,0.03018470742544364,21.675805166529685,12.30122130427536,True,2.484443142262848,False,True,1,8.87515760300002
case9,branch2_out,0.03277928135180346,19.719820543301555,7.963646366330419,True,1.8754002524701054,False,True,1,6.474084232043924
case9,branch2_out,0.033523384414834635,15.723927704095725,7.300268352872709,True,1.4117241018131481,False,True,1,4.184389178272305
case9,branch2_out,0.031113148567184695,13.655932773314127,5.645386669496454,True,1.892233136011137,False,False,0,2.750029014708227
case9,branch2_out,0.034805404641551435,17.710337757234203,11.194364695150021,True,3.4378148397436354,False,True,1,6.7510412551108345
case9,branch2_out,0.029953901380636565,19.138642485828132,5.864417511022374,True,2.5431460341953613,False,True,1,5.687275703059851
case9,branch2_out,0.02535957173194215,12.217473614794475,1.378375886662369,False,1.8373964972343488,False,False,0,0.739728872842818
case9,branch2_out,0.018206553758501227,14.647098059349394,2.1863939966238397,False,1.4599475773431372,False,True,0,2.1214567441304766
case9,branch2_out,0.04503740801020541,36.62939236333385,27.40140986308865,True,6.857148616205297,True,True,1,21.756548863834578
case9,branch2_out,0.021877476760900606,17.02188946075246,4.017472690797253,False,1.5578959771905656,False,True,0,3.877765733053518
case9,branch2_out,0.026509979080104107,23.15476558003245,8.544711474413669,True,3.108162186870693,False,True,1,8.612428669714465
case9,branch2_out,0.023487054781370063,17.422317456244016,11.005700838005865,True,1.6521702885197274,False,True,1,6.193303037227713
case9,branch2_out,0.038885944715653833,42.32976436357782,11.896391714342263,True,2.2273169232887375,False,True,1,19.029263080749338
case9,branch2_out,0.037185765399801333,23.34797199877969,5.327579520384631,False,2.6371942548946414,False,True,0,7.6496987064841635
case9,branch2_out,0.02947912283072582,47.805883605567544,17.19544556253506,True,7.183474399844745,True,True,1,24.34827035151324
case9,branch3_out,0.043998901382247116,19.028729107804825,4.205756991953438,False,3.0499279637917223,False,True,0,5.236077244246788
case9,branch3_out,0.03458976854790924,17.491203806058458,7.796398908231262,True,2.536758467707314,False,True,1,5.4418732690400695
case9,branch3_out,0.03221758513571616,15.340320647824036,2.4255939476479553,False,2.091674364244655,False,True,0,2.666173381055336
case9,branch3_out,0.027150561691295795,13.727280498808918,5.0342668368620345,False,0.5149064524049625,False,True,0,2.326901590944062
case9,branch3_out,0.011669644180964708,14.503297007662182,3.9964251798698154,False,1.7312196807292781,False,True,0,2.6468199939378914
case9,branch3_out,0.04667203916048264,43.52043330578851,26.72941707278431,True,5.930123655679929,True,True,1,24.81506650586553
case9,branch3_out,0.03096051652052978,13.016847511202833,2.60851556699588,False,0.9717850805665762,False,False,0,1.3353354418134957
case9,branch3_out,0.023798915662499295,16.006002183466986,9.732899270009156,True,1.3727694337806478,False,True,1,5.047424759492369
case9,branch3_out,0.0629182105141553,45.314198417114746,32.72772750981241,True,8.404931041096956,True,True,1,28.00640366972049
case9,branch3_out,0.02480203670671042,19.369653948798373,11.912316092309025,True,1.3976144674775721,False,True,1,7.388044695587409
case9,branch3_out,0.035049068530376766,21.0733272483039,11.716152515962213,True,1.1224587200486236,False,True,1,8.126001122950338
case9,branch3_out,0.05182278125373655,42.796592295299725,36.88014367308808,True,7.979941965314019,True,True,1,27.908327642639087
case9,branch3_out,0.028418933980748393,18.16020917970782,8.231383572744656,True,3.1726176958533805,False,True,1,6.034043200847983
case9,branch3_out,0.04401942273301252,35.49312937746664,12.114709355854966,True,4.414188974895721,True,True,1,16.113815290468953
case9,branch3_out,0.029881986440836054,20.15111768403528,8.208440074062262,True,3.3939808982767783,False,True,1,7.0668870438916755
case9,branch3_out,0.02965580231286244,17.90965177479122,8.815841911968244,True,2.6880968891103527,False,True,1,5.987197838808154
case9,branch3_out,0.03805386179895898,47.883237526906015,37.6680589963668,True,5.338470545854817,True,True,1,30.159730571534013
case9,branch3_out,0.032877195362614235,15.082374450627505,2.837519920304155,False,1.0166873986118627,False,True,0,2.4457806811273715
case9,branch3_out,0.06100436503563545,38.01945964079434,12.443159229627296,True,4.517969111601813,True,True,1,17.49627141160572
case9,branch3_out,0.03449147762952533,48.22592989188652,43.81069369221606,True,6.553349467413781,True,True,1,32.416842947090835
case9,branch3_out,0.0532894618465143,24.79441213340454,27.180993768273503,True,6.2500818697592235,True,True,1,15.651520571136164
case9,branch3_out,0.05233918837302144,29.582693217773247,49.22285047599881,True,8.627739966234412,True,True,1,25.133749744933148
case9,branch3_out,0.033700166151189447,20.661417914445906,6.102085683169743,True,3.0915202448082084,False,True,1,6.6296387111355175
case9,branch3_out,0.03136466740703811,28.20319474071393,44.27882972873226,True,6.170564421911079,True,True,1,22.469359173358857
case9,branch3_out,0.025584650968935148,14.769495067077196,10.326617752782028,True,2.3920964333776253,False,True,1,4.811152146048732
case9,branch3_out,0.03186244019395235,17.342465213639315,12.842987371359174,True,2.778829411755569,False,True,1,6.929894700578523
case9,branch3_out,0.028557253983121613,46.93557215396502,22.443091329951933,True,8.18053437172864,True,True,1,25.686820350313816
case9,branch3_out,0.031943794209517595,20.527862257374398,7.002340100122737,True,1.6980650354077675,False,True,1,6.554246165805574
case9,branch3_out,0.05192103251890799,41.418911519838424,49.406837576609796,True,3.5937692723061008,True,True,1,30.100260887363373
case9,branch3_out,0.04112797066710425,16.60928765263626,13.436156988747292,True,2.429023882873822,False,True,1,6.671295699517083
case9,branch3_out,0.05602987515180734,23.581436867737754,34.18763170976353,True,6.966502772425258,True,True,1,17.290308501282986
case9,branch3_out,0.04134095232611777,24.913667950114355,21.604368687835457,True,4.445479670982513,True,True,1,13.677240515604318
case9,branch3_out,0.028962331273518004,22.11869140971727,8.82356858396242,True,3.0858083635133213,False,True,1,8.173577952750026
case9,branch3_out,0.02980386043260027,44.004448915781005,50.14255594173559,True,6.016422236276861,True,True,1,32.09827568766655
case9,branch3_out,0.03523146618785265,17.212022912621737,5.980480094877552,True,1.3556518078983308,False,True,1,4.521285846353801
case9,branch3_out,0.03773410684129067,23.378409272181557,4.320491057553254,False,1.4516421915147677,False,True,0,7.125680391659708
case9,branch3_out,0.031215373719932618,15.271436510929794,0.9409120839749598,False,1.314996127671324,False,True,0,2.0487174809991617
case9,branch3_out,0.02571925333745511,20.4861196054804,5.896890656267341,True,2.0451416973451715,False,True,1,6.271155339089436
case9,branch3_out,0.02000291230699116,17.56363640818564,6.602051257005811,True,3.317962554903902,False,True,1,5.276026092175344
case9,branch3_out,0.03359014053438096,14.07006782195585,2.2146628763470693,False,1.2784440902604999,False,False,0,1.8051215919341463
case9,branch3_out,0.03486392334903254,15.891013362702061,7.0470603410903685,True,2.3361867757155013,False,True,1,4.376862138821242
case9,branch3_out,0.03426154284454172,20.047513247042193,7.7411374975451865,True,3.3216849128532644,True,True,1,6.860434855355306
case9,branch3_out,0.01860752258873257,12.895582672621869,3.6320374191063958,False,1.2851655189400593,False,False,0,1.644435665830865
case9,branch3_out,0.060516141660884135,35.13037758675462,43.98525579868602,True,2.7271625117144436,False,True,1,25.156198035326007
case9,branch3_out,0.027652233332622893,14.444248546282317,1.5766703396140043,False,0.8354362981106652,False,False,0,1.7122126346474928
case9,branch3_out,0.02223590180824852,16.89680566043217,10.969743144017107,True,3.839828142983685,True,True,1,6.357291402017955
case9,branch3_out,0.02725502070516695,18.41289796667413,6.960592282712257,True,1.7586253545566,False,True,1,5.496351739062062
case9,branch3_out,0.023780011399527685,15.342691141491285,2.0353732936366895,False,1.0878190101664063,False,True,0,2.3495213608699306
case9,branch3_out,0.04096573453964034,44.37120828906445,38.31666865240991,True,3.6547030769470625,False,True,1,28.261545355644607
case9,branch3_out,0.02408214777159508,12.319056044967274,3.43176952252948,False,1.1561774318610647,False,False,0,1.2702943656146939
case9,branch3_out,0.05028680424325092,43.86595201759355,28.769609600297365,True,6.502922117855267,True,True,1,25.71444331245704
case9,branch3_out,0.03660262833349902,20.515986174995586,8.81349382286798,True,2.028127294659683,False,True,1,7.157666693290123
case9,branch3_out,0.034865940584552765,18.40813653214519,11.40176874920692,True,2.450388646089515,False,True,1,6.964676620052573
case9,branch3_out,0.019732746518977516,23.884906069805496,9.351796184843895,True,3.474826847118684,True,True,1,9.292957259779651
case9,branch3_out,0.02152136124704645,29.72330778665383,22.832716102952933,True,3.146733148118019,False,True,1,16.1908153538364
case9,branch3_out,0.02711893722702877,43.54476359886329,16.245548254066012,True,4.871974642266232,True,True,1,21.470441204104695
case9,branch3_out,0.029322775212719355,12.162389657844704,1.889278236865123,False,1.254399306863311,False,False,0,0.7488581613545512
case9,branch3_out,0.024939569283148347,13.21212575531836,3.0752205328917404,False,1.206096696465795,False,True,0,1.6198483768198608
case9,branch3_out,0.035847475430379486,17.92980870824505,11.213604644182373,True,3.2738069853263054,False,True,1,6.833747144442499
case9,branch3_out,0.03302684555874386,15.0564411287933,12.69784550106904,True,2.3775526982826007,False,True,1,5.663084754373882
case14,baseline,0.01950547814075265,11.058527419214823,0.9370554582109003,False,0.4864947873404916,False,False,0,0.0
case14,baseline,0.021571171894566553,10.816504828571809,0.6606736965505448,False,0.6760905444579696,False,False,0,0.035218108891593915
case14,baseline,0.015947337566054747,12.379920443284373,1.7820068557568858,False,0.40778785566678805,False,False,0,0.6745622783692522
case14,baseline,0.012377120701867434,11.898225544357794,1.3861982040646954,False,0.3575420639483097,False,False,0,0.3149722333983058
case14,baseline,0.01072398491710313,9.899994815275397,1.1847906626159648,False,0.33481879018084343,False,False,0,0.05543719878478943
case14,baseline,0.020211654278700177,11.850304154107164,0.11188958196050763,False,0.05965324240179831,False,False,0,0.17515207705358193
case14,baseline,0.026886520614684044,10.992001321009198,0.3568058907111663,False,0.5838264736594193,False,False,0,0.016765294731883863
case14,baseline,0.021298210356025162,11.409581425821651,0.23851129966218698,False,0.1923694687518031,False,False,0,0.0
case14,baseline,0.0200144653864498,11.935621391128942,0.42362490707163936,False,0.3947881358443763,False,True,0,0.21781069556447097
case14,baseline,0.02869160543669873,11.230846202745415,1.38128200034277,False,0.3859018890920157,False,False,0,0.11438460010283097
case14,baseline,0.014487199097925143,11.337871037692109,0.8086680926954098,False,0.6709397111051292,False,False,0,0.034187942221025835
case14,baseline,0.0208296850528775,11.639450620543592,-0.06288778573523876,False,0.6740579164416725,False,True,0,0.10453689356013035
case14,baseline,0.014787068514801282,10.49180789658221,0.5206102905738216,False,0.32543540728307657,False,False,0,0.0
case14,baseline,0.012677744502289638,10.631299118315418,1.250015689189911,False,0.8017984270362498,False,False,0,0.13536439216422327
case14,baseline,0.01426851954283009,11.713305568539285,0.5769738105247751,False,0.691316045071516,False,False,0,0.14491599328394572
case14,baseline,0.014468164192454006,12.902232605715623,1.2630863448163205,False,0.5596666020833022,False,False,0,0.7919755267193681
case14,baseline,0.022164598578736764,10.791283038648615,1.6040497783667496,False,0.7459314345847421,False,False,0,0.23040122042697328
case14,baseline,0.032092183752586725,10.91303953136019,1.194309623119778,False,0.5712965576276623,False,False,0,0.07255219846146588
case14,baseline,0.021669377095847965,11.43652813892565,3.39821309324216,False,0.8873326369970528,False,False,0,0.7969304553720584
case14,baseline,0.026104447889846588,11.805045478463832,8.844568029716692,True,0.44229031316715456,False,False,0,2.5058931481469235
case14,baseline,0.021169566467723624,11.539036519551377,1.4898152094492356,False,0.5967432306279563,False,False,0,0.1858114687360506
case14,baseline,0.020907527471366927,12.559261596363918,0.25501148389840206,False,0.5369200544967956,False,True,0,0.5370148090813179
case14,baseline,0.01610166054361174,11.53457385545688,2.175757938216734,False,0.12594555722704906,False,False,0,0.3700143091934604
case14,baseline,0.01494499317645524,11.270823656849753,0.7845335126230824,False,1.3517184805901128,False,False,0,0.17034369611802258
case14,baseline,0.01565659287059949,11.780230548948078,0.4303755050697542,False,0.44701650307813673,False,False,0,0.14011527447403882
case14,baseline,0.024477820015036185,11.637814261420004,2.6077421987834986,False,0.36862262688596564,False,False,0,0.5512297903450518
case14,baseline,0.01946012232249591,11.349722376988094,2.086966102768266,False,0.47746481635077725,False,False,0,0.3260898308304799
case14,baseline,0.021090321024956216,11.132808328177763,0.10640082417778249,False,0.8392767915294701,False,False,0,0.06785535830589402
case14,baseline,0.025852486508305354,11.844716718089623,1.3999968328604104,False,1.2054382279367406,False,False,0,0.4334450544902829
case14,baseline,0.011442304630580836,12.445762412709895,0.19701429322887745,False,0.4563450028578316,False,False,0,0.47288120635494746
case14,baseline,0.014700781365357098,11.588759981328716,0.24750950227052895,False,0.17450434320669334,False,False,0,0.04437999066435783
case14,baseline,0.014942597455889241,12.361975066387929,0.7980815261039537,False,0.18623853822117936,False,False,0,0.43098753319396454
case14,baseline,0.021481090762708037,11.525186967897818,0.00870620190355055,False,0.9554100552994442,False,False,0,0.1036754950087981
case14,baseline,0.012510248486374883,12.042738805540509,0.012256815910370561,False,0.29387254370293464,False,False,0,0.27136940277025445
case14,baseline,0.01520506351632182,11.467721468363175,0.6162924982870008,False,0.597169844493111,False,False,0,0.01943396889862219
case14,baseline,0.02043529851864481,12.184766708244958,0.8275567624745722,False,0.135632207407327,False,False,0,0.3423833541224788
case14,baseline,0.019504292315719908,10.551883695442049,0.3685740219242372,False,0.4467951128384987,False,False,0,0.0
case14,baseline,0.015161987543269832,11.284254612785935,0.453159914657955,False,0.30595758060245243,False,False,0,0.0
case14,baseline,0.017141361785528834,11.654470242468413,0.5080271045289679,False,0.1312914423617935,False,False,0,0.07723512123420662
case14,baseline,0.01966745195604967,11.269929632490335,1.577980588308951,False,0.6049295768568252,False,False,0,0.19438009186405036
case14,baseline,0.026767328660818823,11.56370832438957,2.1362943848123557,False,0.14922851996386222,False,False,0,0.37274247763849144
case14,baseline,0.012555548174774235,11.661047384356554,0.6888252958899985,False,0.3990645150548635,False,False,0,0.08052369217827682
case14,baseline,0.015479202858109893,12.112058702583903,0.5720310653414191,False,0.23638207495586228,False,False,0,0.30602935129195163
case14,baseline,0.023646800194373162,11.607010064291378,0.6067484886065445,False,0.4259937865914233,False,False,0,0.053505032145689135
case14,baseline,0.01341268313705149,10.38847471280853,0.5406368873340399,False,0.8688546184813949,False,False,0,0.07377092369627898
case14,baseline,0.020714340318562084,11.655812878983587,3.6499878162886255,False,0.26645864528835733,False,False,0,0.8729027843783813
case14,baseline,0.01170798999091889,11.38667169592487,0.7511318893496919,False,0.8687844389107083,False,False,0,0.07375688778214166
case14,baseline,0.018685068774003166,11.149792549271611,1.8332949556130766,False,0.9210229057830154,False,True,0,0.33419306784052605
case14,baseline,0.012075129882781798,12.461942926326696,0.398797006961336,False,0.4494858373498984,False,False,0,0.48097146316334793
case14,baseline,0.027144030236738045,12.502817881669069,0.349139160823651,False,0.5384418109897657,False,False,0,0.5090973030324875
case14,baseline,0.02426574205875816,11.747103718976435,1.044801419487153,False,0.15108838152183618,False,False,0,0.1369922853343634
case14,baseline,0.02441052090848137,10.90209859638145,0.12825401325522218,False,0.3017527074696334,False,False,0,0.0
case14,baseline,0.02325904059965638,11.34611213989962,6.134074442904331,True,0.39235846282294995,False,False,0,1.5402223328712992
case14,baseline,0.02034313179700833,12.422523735821182,0.46485972750862115,False,0.3903571101152693,False,False,0,0.4612618679105909
case14,baseline,0.03055486732889042,11.49258089345358,3.10319463514314,False,0.18444351694424244,False,False,0,0.630958390542942
case14,baseline,0.015518490003049014,10.822595282658742,0.3535931392248721,False,0.3872100776748421,False,False,0,0.0
case14,baseline,0.016431141612411868,11.575993787715431,0.09466688782396475,False,0.5597471255598088,False,False,0,0.04994631896967729
case14,baseline,0.02636194365579887,10.686736411463531,0.40883930685127545,False,0.9179901966748079,False,False,0,0.08359803933496157
case14,baseline,0.012929036616884323,11.08011143995197,0.2762361907024517,False,0.8113034495413939,False,False,0,0.06226068990827878
case14,baseline,0.017438998736345072,11.028283490386164,0.46467242778565143,False,0.1111936791796948,False,False,0,0.0
case14,branch1_out,0.027314795154867615,19.53701244323406,10.807495029190282,True,3.2204601664168466,False,True,1,7.504846763657484
case14,branch1_out,0.024208229811396857,21.342721840538236,4.3665365427466805,False,2.2568498603526894,False,True,0,6.28269185516366
case14,branch1_out,0.05199345831788433,44.85379756639385,36.83506985708507,True,3.280057448057061,False,True,1,27.983431229933856
case14,branch1_out,0.02025877389718176,15.979043706618485,2.671050899686921,False,1.8547617127606308,False,True,0,3.011789465767445
case14,branch1_out,0.043256035922851516,42.41115502604738,13.480420735828273,True,3.171233486937726,False,True,1,19.733950431159716
case14,branch1_out,0.04032768475694465,32.00356230426839,19.231431999719998,True,2.5345028412200454,False,True,1,16.128111320294206
case14,branch1_out,0.04287552856523856,31.24124698249709,19.15464723747203,True,6.695732645965747,True,True,1,16.5561641916833
case14,branch1_out,0.044116201275347586,38.42416917527091,28.001365287167573,True,3.8750186760851455,True,True,1,22.23749790900276
case14,branch1_out,0.0228760183544363,16.610657934563655,8.217566806362184,True,2.8944194902291622,False,True,1,5.199482907236315
case14,branch1_out,0.040827690373016694,21.7339738600166,9.800245293538495,True,3.0240909143261323,False,True,1,8.261878700935076
case14,branch1_out,0.03937978732366584,14.284815403372825,8.139040936662045,True,2.062496526266079,False,True,1,3.8466192879382417
case14,branch1_out,0.036907205929263186,15.671574669253822,7.695170918413857,True,2.8621328081965345,False,True,1,4.566765171790375
case14,branch1_out,0.04065217719907056,23.051760072479397,10.495127105502958,True,1.678933107119691,False,True,1,8.860204789314524
case14,branch1_out,0.028618840376444223,17.657754255916203,9.257815624266362,True,3.2709048034532997,False,True,1,6.110402775928669
case14,branch1_out,0.028215886237675118,16.538901347446664,10.496379818843563,True,2.284325284626999,False,True,1,5.7252296763018
case14,branch1_out,0.02706757966507195,22.41229064689841,8.275624970798747,True,2.430414023199617,False,True,1,8.024915619328752
case14,branch1_out,0.022918899440834466,19.76511684722163,11.702983187131348,True,3.206396063642857,False,True,1,7.88473259247879
case14,branch1_out,0.059257294809197704,43.357444914005704,45.51775684789703,True,3.4428230196767036,False,True,1,29.8726141153073
case14,branch1_out,0.02622084359643276,18.609649028204775,9.693294998345904,True,1.758200276778389,False,True,1,6.414453068961835
case14,branch1_out,0.027044880120945573,12.98418021753031,1.770807260716892,False,1.2470622942692915,False,False,0,1.1227447458340811
case14,branch1_out,0.04054645699123211,21.57108928191441,42.71929700348653,True,5.690472996909983,True,True,1,18.58942834138516
case14,branch1_out,0.04101128863674039,16.12213855761333,11.147281339936843,True,2.416644442939218,False,True,1,5.738582569375561
case14,branch1_out,0.043784530593022265,46.27567805423944,17.62882179922575,True,7.13109743854935,True,True,1,23.702705054597317
case14,branch1_out,0.03408267893578987,13.325230108910944,5.61255095195057,True,1.3432434956290709,False,False,0,2.465029039166457
case14,branch1_out,0.051050278877223264,24.130479195204977,28.725703652307114,True,5.642194682413552,True,True,1,15.661389629777332
case14,branch1_out,0.03255304260961463,50.52206942503746,34.923969914998324,True,4.72823886619916,True,True,1,30.533873460258057
case14,branch1_out,0.05273505247448775,44.929884402696935,22.505941132167163,True,3.376632333691675,True,True,1,23.74205100773695
case14,branch1_out,0.0528092061527459,30.3473851009804,25.742592408837815,True,3.899450434663738,True,True,1,17.526360360074293
case14,branch1_out,0.03535790292484226,39.47367319063218,19.905576607414886,True,6.482280668538059,True,True,1,20.854965711248166
case14,branch1_out,0.03027676969584829,14.969574777626264,2.6781494749423023,False,1.5569958261107946,False,True,0,2.4496313965179812
case14,branch1_out,0.037014998679078925,12.814513453665255,4.4820432374971935,False,1.2324048568608026,False,False,0,1.8483506694539458
case14,branch1_out,0.026663818371521462,21.589528158134037,4.014191693386329,False,1.5373553901432444,False,True,0,6.156492665111567
case14,branch1_out,0.015596729361280589,12.044986590489536,4.24905564426693,False,1.4762883249518859,False,True,0,1.4424676535152243
case14,branch1_out,0.03710412305008339,16.695746009185594,12.036085934066145,True,1.6904276106170832,False,True,1,6.146784306936057
case14,branch1_out,0.03301205617893664,21.375448950911924,7.931395625201727,True,3.244586997501088,False,True,1,7.566060562516697
case14,branch1_out,0.04854391105374994,39.340289296074204,48.86438921956785,True,6.3853862753178365,True,True,1,29.45653866897102
case14,branch1_out,0.020794325754700995,17.712957478470223,3.8782246009258183,False,2.282835304644354,False,True,0,4.326513180441728
case14,branch1_out,0.03107272482634907,19.686564779008165,6.790880927597703,True,1.7894225173774847,False,True,1,6.08843117125889
case14,branch1_out,0.0396388225897512,19.716894502014547,4.323618666259865,False,1.7301624899839174,False,True,0,5.3515653488820165
case14,branch1_out,0.03178518081370848,21.330901263379488,8.591972503273617,True,1.9272012931263058,False,True,1,7.47848264129709
case14,branch1_out,0.028915485906559256,17.957645917437777,8.979855795497661,True,2.124323608043911,False,True,1,5.947644418976969
case14,branch1_out,0.031243382151619745,15.012557733708945,3.181781856509968,False,1.4717072761412775,False,True,0,2.6051548790357186
case14,branch1_out,0.029262032808896256,23.774263243520185,5.1879707746055335,True,1.9714930952390215,False,True,1,7.687821473189556
case14,branch1_out,0.016246648107110177,14.651303945380208,1.8300015254881228,False,1.0742202568609875,False,True,0,1.9394964817087386
case14,branch1_out,0.047014742505380985,22.686797310545504,20.641507864026448,True,8.086506121127394,True,True,1,13.003152238706166
case14,branch1_out,0.022001489851933183,15.447748348539397,10.226784240226616,True,3.090601638987388,False,True,1,5.260029774135161
case14,branch1_out,0.03188897983466116,33.53789410117786,41.31063256556366,True,4.348268891563391,True,True,1,23.88179059857071
case14,branch1_out,0.02818210399624555,12.603955493896155,2.831391726474508,False,1.7139754059551886,False,False,0,1.3441903460814677
case14,branch1_out,0.034130687942296165,21.67493264532594,5.960475333999094,True,2.6634559574565047,False,True,1,7.0083001143539985
case14,branch1_out,0.03193694864664494,22.5850544139,9.357872695972096,True,2.0006912641725054,False,True,1,8.35002726857613
case14,branch1_out,0.044380829190915606,20.84298527429079,30.098949438454454,True,3.8207280192465674,True,True,1,14.065323072531044
case14,branch1_out,0.023603275449046095,12.37440379009243,3.1673700352706295,False,1.8096361322160552,False,False,0,1.3493401320706149
case14,branch1_out,0.026284234565720238,22.51099986573334,7.805286902998027,True,1.7300023126862518,False,True,1,7.793086466303328
case14,branch1_out,0.018758330653089444,14.520999501091039,1.8111103229310943,False,1.5581263469635107,False,True,0,1.9654581168175498
case14,branch1_out,0.02715700269199537,13.448275197614771,2.7786650579072663,False,1.8517186235073475,False,True,0,1.7780808408810351
case14,branch1_out,0.030733223263475967,15.686982165837213,11.970506118180245,True,3.475216933045658,False,True,1,5.979686304981811
case14,branch1_out,0.016829088565749866,15.662825907831246,4.065740388151088,False,1.7265331541618083,False,True,0,3.2464417011933113
case14,branch1_out,0.0331642704692636,25.028375678363663,16.174425174215372,True,5.069272198379144,True,True,1,12.230369831122273
case14,branch1_out,0.010933284818532465,12.520829362728723,6.209312535418284,True,1.29988635246134,False,True,1,2.233185712482115
case14,branch1_out,0.04891963822014142,38.864877850361914,20.469505942855427,True,6.395285443837174,True,True,1,20.70234779680502
case14,branch2_out,0.028187636162680222,14.387457097776501,4.250565695477777,False,1.5818419274687858,False,False,0,2.6352666430253406
case14,branch2_out,0.049404994398804664,46.304450060031336,42.023020631490475,True,8.145750066189745,True,True,1,31.23828123270076
case14,branch2_out,0.027739252474689325,24.093916932354066,9.63672894772682,True,1.9334739452260368,False,True,1,9.174671939540286
case14,branch2_out,0.03441926704614404,23.40210873530914,11.129184763674326,True,1.6199464589192918,False,True,1,9.213799088540728
case14,branch2_out,0.015028776609381097,12.723604922295959,3.9165279080207456,False,1.281143116113761,False,False,0,1.642989456776955
case14,branch2_out,0.022179493631228217,13.139896906330906,4.734915283193888,False,1.2637462932180146,False,True,0,2.093172296767222
case14,branch2_out,0.0428950546042212,39.32422102660937,23.082039928363088,True,6.978825805074164,True,True,1,21.832487652828448
case14,branch2_out,0.0445215270857689,20.612293207328904,7.656073940345248,True,2.209110744058839,False,True,1,6.894790934579794
case14,branch2_out,0.030425825069605384,18.54309014278977,10.610214482397755,True,1.9358101125541702,False,True,1,6.691771438625045
case14,branch2_out,0.04022819486223411,20.642939966292165,6.678319010251415,True,2.126293850637032,False,True,1,6.600224456348913
case14,branch2_out,0.05201201755529489,27.41522024231258,44.91245514091927,True,6.870560832478467,True,True,1,22.405458829927763
case14,branch2_out,0.03400425259906346,30.8716335345131,33.53343674316335,True,5.073531554629408,True,True,1,20.360554101131438
case14,branch2_out,0.03229392078679477,14.880459945539036,3.2680894490934436,False,2.5696532452421303,False,True,0,2.784587456545977
case14,branch2_out,0.034762577276634225,34.221792112259244,27.280456367460083,True,2.834244919910047,False,True,1,19.711881950349657
case14,branch2_out,0.022743833218889224,12.307164054470677,1.84360469727549,False,1.7371870881863298,False,False,0,0.9041008540552515
case14,branch2_out,0.02289138176201971,14.897569034597089,4.548642292665957,True,1.9053481245989254,False,True,1,3.0444468300181167
case14,branch2_out,0.026753972775313092,15.253215729459235,2.5256788604470275,False,1.4298493708666398,False,True,0,2.5202813970370537
case14,branch2_out,0.032209497413585676,45.41091393024885,18.992662272271396,True,6.944750942833115,True,True,1,23.64220583537247
case14,branch2_out,0.035406960302111296,18.76559483174699,11.040493672152436,True,4.434330089011897,True,True,1,7.431811535321605
case14,branch2_out,0.026003619470839616,14.270204703692196,11.88213578133652,True,1.7591486372514733,False,True,1,4.901572813697348
case14,branch2_out,0.037441109024569035,27.66809784470036,11.217220988838317,True,7.246477128160967,True,True,1,12.49851064463387
case14,branch2_out,0.026028025938041946,14.789335742709769,2.249887233768906,False,0.7907304015344359,False,True,0,2.0777801217924434
case14,branch2_out,0.028171063553553186,15.56801163944194,10.232170503408737,True,3.1648882026996774,False,True,1,5.336634611283526
case14,branch2_out,0.038100383957956854,26.27744540011799,21.43278134452284,True,3.994250849975574,True,True,1,14.217407273410963
case14,branch2_out,0.027187777532797754,16.51397293777145,10.505030641886686,True,3.2936817636914966,False,True,1,5.91723201419003
case14,branch2_out,0.022401025027298987,13.657795792682816,3.55740369679221,False,1.6530400738419473,False,True,0,2.07672702014746
case14,branch2_out,0.03518627151859087,37.284365461097565,32.26265017723346,True,8.145346651442237,True,True,1,23.800047114007267
case14,branch2_out,0.02725223999343745,37.80080740584538,49.45735421919779,True,3.1751351010607656,False,True,1,28.222636988894177
case14,branch2_out,0.040118155159895155,18.286451226445582,11.589646255598533,True,1.2674008627604367,False,True,1,6.723599662454438
case14,branch2_out,0.031221791634798587,18.351674302548762,4.726426402113137,True,2.4110203392577167,False,True,1,4.925969139759865
case14,branch2_out,0.026859939404145945,20.555353170737693,8.38777281140291,True,2.8389518600500776,False,True,1,7.211798800799735
case14,branch2_out,0.03437556336504642,25.046433877700288,50.462652082204,True,2.7726897925818177,False,True,1,22.066550522027708
case14,branch2_out,0.04212003322389202,26.351506532407722,36.381883000156705,True,7.141415990293101,True,True,1,19.36860136430949
case14,branch2_out,0.03531583251992774,22.770980839755783,12.582481797056154,True,2.722242918511571,False,True,1,9.554683542697052
case14,branch2_out,0.04700089634375031,41.29087833820303,29.1955074565842,True,6.379091271375246,True,True,1,24.529909660351827
case14,branch2_out,0.036210836814928496,45.61020268947924,29.229265948048308,True,5.470348213042255,True,True,1,26.517950771762564
case14,branch2_out,0.027177358381771845,15.311904040044249,2.833724437726803,False,1.5771188949266837,False,True,0,2.671493130325502
case14,branch2_out,0.024660249394523243,16.04556654266601,7.262652409991769,True,3.5680832646554625,False,True,1,4.765195647261628
case14,branch2_out,0.028046778172855516,20.53501501217881,7.287729980082466,True,2.5295003928091226,False,True,1,6.80972657867597
case14,branch2_out,0.017526398753448875,12.614547248255892,2.263379296706245,False,0.8070112880404025,False,False,0,0.9976896707479
case14,branch2_out,0.03924321100977721,19.027541453935278,13.282602751513,True,3.938082064206304,True,True,1,8.1361679652628
case14,branch2_out,0.0249070574845194,13.28481711144779,3.3974970902615356,False,0.5951895031436933,False,True,0,1.6306955834310943
case14,branch2_out,0.03500197046679143,17.485134006086202,6.670804341669812,True,2.87176250390748,False,True,1,5.168160806325541
case14,branch2_out,0.05211137193001618,29.50254923919688,36.84673527656542,True,4.767378953040494,True,True,1,20.60877099317616
case14,branch2_out,0.033015485661140126,12.831626127511694,1.0557601437254998,False,1.8399735251206688,False,False,0,0.9505358118976306
case14,branch2_out,0.023583755867585703,22.391328996427607,12.917183115121942,True,2.573509047995662,False,True,1,9.435521242349518
case14,branch2_out,0.041446768702318934,15.869327548376887,11.614130461715837,True,2.049114656587214,False,True,1,5.678725844020638
case14,branch2_out,0.03697008200671067,22.140361183456307,11.357569952050882,True,1.4247930173782852,False,True,1,8.612410180819076
case14,branch2_out,0.020397418457830482,31.019321124805415,31.92269299871351,True,2.759112743784805,False,True,1,19.48829101077372
case14,branch2_out,0.019824502120596194,13.201209707670952,3.734758683440688,False,1.3762566771269242,False,True,0,1.846283794293067
case14,branch2_out,0.03042317978601907,13.307278007989526,1.6057645756243957,False,1.333319272394091,False,False,0,1.2520322311608996
case14,branch2_out,0.03257402127975009,15.267060620534645,7.1784608351186145,True,2.5770848617452726,False,True,1,4.152485533151961
case14,branch2_out,0.03156736615403142,18.32354383541368,10.681337271244512,True,2.724681484017795,False,True,1,6.761109395883753
case14,branch2_out,0.06381907469399947,24.785490818952187,16.120067086156425,True,4.568958610468999,True,True,1,11.99255725741682
case14,branch2_out,0.04108793484952246,21.721913933717346,5.068835511396445,False,2.804685891106977,False,True,0,6.7925447984990015
case14,branch2_out,0.023480241095546063,12.216907754854482,5.730393714057593,False,1.262575528605754,False,False,0,1.9300870973656696
case14,branch2_out,0.03288261730791824,15.872217042983175,11.771493235441993,True,1.7097143480803496,False,True,1,5.659499361740255
case14,branch2_out,0.02779085794367025,14.297183068779486,4.193379267952565,False,1.0735084113856277,False,True,0,2.471306997052638
case14,branch2_out,0.04559188690123734,50.74594517364066,43.64622762825988,True,4.926106382077513,True,True,1,33.30206215171379
case14,branch2_out,0.061368522523148894,34.32533798102776,29.176754600576665,True,6.432017540485979,True,True,1,21.052098878784076
case14,branch3_out,0.029639257876824053,18.546629645102325,8.213117789573703,True,2.6865772852816856,False,True,1,6.124565616479611
case14,branch3_out,0.025155814173739986,18.61507299229746,4.9512925070924405,False,1.829160507900159,False,True,0,5.008756349856494
case14,branch3_out,0.025589848837297032,42.25010003344602,31.747740416607407,True,7.860266471426339,True,True,1,26.0714254359905
case14,branch3_out,0.05489192297682929,22.08478917719043,15.841062444586688,True,2.838155791236323,False,True,1,10.212344480218487
case14,branch3_out,0.023576641450236746,19.007189046845927,3.994045562676084,False,2.629281302400336,False,True,0,5.077664452705855
case14,branch3_out,0.030676558764616373,31.669846853909373,13.50543131848561,True,7.231852760222412,True,True,1,15.182923374544853
case14,branch3_out,0.03463953715945245,14.727681306528357,10.0028868831788,True,3.268870752077269,False,False,0,4.868480868633273
case14,branch3_out,0.04141269081538969,30.178032658235114,32.59418138916397,True,6.6370253965925965,True,True,1,20.04467582518527
case14,branch3_out,0.03322032981877697,21.98477570830795,11.620748520292661,True,1.6278362412536043,False,True,1,8.654179658492493
case14,branch3_out,0.023080828558674944,15.983733587938453,8.769622261368193,True,2.3318841363987195,False,True,1,4.939130299659428
case14,branch3_out,0.020678303564646856,19.181954133994875,6.608158973881212,True,3.463752145217933,False,True,1,6.116175188205387
case14,branch3_out,0.021085258426067677,12.952361357814812,3.178132315126668,False,0.7508513721479714,False,True,0,1.4297906478750009
case14,branch3_out,0.05538534444069439,27.23678763848779,47.64602981216408,True,7.223280202056704,True,True,1,23.20685880330446
case14,branch3_out,0.050883854863531405,37.93570928667355,42.92306317503811,True,5.907097486564393,True,True,1,26.876193093161085
case14,branch3_out,0.053732479806979525,32.3063354952556,13.554572230132864,True,4.02689832472189,True,True,1,14.874919081612038
case14,branch3_out,0.03509723939503221,13.543027007445266,6.37854768717913,True,1.4433814855221359,False,False,0,2.8237541069807994
case14,branch3_out,0.04713895026951623,27.112770119935657,29.120460273384897,True,8.815928273089623,True,True,1,17.905708796601225
case14,branch3_out,0.025067395220485254,20.499801383507137,9.15981515329344,True,3.0275037490467427,False,True,1,7.453345987550948
case14,branch3_out,0.027931521165996988,22.52875660534036,12.043283686081436,True,2.359715988652505,False,True,1,9.199306606225111
case14,branch3_out,0.038986661510502535,48.45160638625426,25.337784310754504,True,6.520104134061807,True,True,1,26.981159313165843
case14,branch3_out,0.024813969805128424,22.362994536516617,3.285764584912842,False,2.994872065962479,False,True,0,6.616201056924656
case14,branch3_out,0.05115546874551284,47.62802601727857,20.309927664701924,True,3.1171051936035745,False,True,1,24.38041234677058
case14,branch3_out,0.0387326214273749,22.727239952864835,25.711752212879155,True,4.3660921964639225,True,True,1,13.800364079588949
case14,branch3_out,0.031138269568046124,22.110162200538966,12.020166810286442,True,1.8624689104003544,False,True,1,8.883624925435486
case14,branch3_out,0.02265641497525985,17.10189079466657,7.720717904013716,True,2.264450344535952,False,True,1,5.170050837444591
case14,branch3_out,0.041741833949464235,37.13530096672354,23.282531231250772,True,6.011958972335458,True,True,1,20.604801647204095
case14,branch3_out,0.020631426105008968,37.58533724738802,30.31136544314263,True,5.394369598735194,True,True,1,22.814952176383834
case14,branch3_out,0.02419072836770836,15.295201143355037,1.7504990124840336,False,1.393988624896171,False,True,0,2.301548000401963
case14,branch3_out,0.044757557171749396,51.43671316994739,50.665949952831426,True,6.840882983229856,True,True,1,36.13631816746909
case14,branch3_out,0.04879578605579937,36.37764779228223,49.681603512688454,True,6.211909038499716,True,True,1,28.1856867576476
case14,branch3_out,0.051901494157573405,21.88437681985645,48.22970827898117,True,3.0059914354838417,False,True,1,19.862299180719347
case14,branch3_out,0.02379914866709218,19.9675840445156,6.733744392776622,True,3.189275530989515,False,True,1,6.49177044628869
case14,branch3_out,0.027914534538309256,12.566058883907719,3.3833648102351215,False,0.9211123282809605,False,False,0,1.3322613506805878
case14,branch3_out,0.04169886859829913,19.024837533222357,12.130958869431202,True,2.5789400117708956,False,True,1,7.517494429794718
case14,branch3_out,0.046068017776142056,21.89237362283869,8.480349272598263,True,2.1892278758157744,False,True,1,7.778137168361979
case14,branch3_out,0.06266965213376882,43.20955633855532,24.883350446349006,True,8.245151389953037,True,True,1,24.56881358117297
case14,branch3_out,0.03805990701311157,17.770352989915494,4.227890770767872,False,3.3029237939786893,True,True,1,4.664128484983847
case14,branch3_out,0.04236813372807527,34.67792139944419,29.942010026730507,True,4.406467030884325,True,True,1,21.052857113918108
case14,branch3_out,0.04237041514352538,14.764886617423887,9.593767055906822,True,2.068711081245879,False,False,0,4.524315641733165
case14,branch3_out,0.04273475879732435,40.94461625192328,23.641284978564897,True,8.070894979255542,True,True,1,23.028872615382216
case14,branch3_out,0.04179843677711034,45.61722537034798,41.16934347511233,True,3.3971943119078243,True,True,1,29.688854590089253
case14,branch3_out,0.015377402641346814,14.027652679763497,2.4727907037980996,False,0.8259554245512591,False,True,0,1.77085463593143
case14,branch3_out,0.03732105428409984,43.498176198927325,15.030206280762721,True,5.349922117123045,True,True,1,21.17813440711709
case14,branch3_out,0.027337053790437237,23.46277674482456,15.437058111106225,True,2.728713726900622,False,True,1,10.758248551124272
case14,branch3_out,0.03935550761513471,34.6976787200483,13.260466128719091,True,5.302671295633544,True,True,1,16.23751345776659
case14,branch3_out,0.024783521826146883,13.92203530041441,4.297593122792421,False,0.935650150307927,False,True,0,2.287425617106517
case14,branch3_out,0.0337533806785301,13.147390180221766,4.234221764410365,False,1.001784993823904,False,False,0,1.8943186181987732
case14,branch3_out,0.017985554969299797,12.784135251187251,4.016757464331113,False,1.4748710307847885,False,False,0,1.7420690710499174
case14,branch3_out,0.04505643494208536,17.41577799618159,6.435381225556219,True,1.7873849935792459,False,True,1,4.845980364473509
case14,branch3_out,0.027269703939647186,12.280749530460369,3.975975279351912,False,1.2311756939768963,False,False,0,1.4294024878311375
case14,branch3_out,0.04622733961654721,27.646070162069133,37.2004463926093,True,4.208446155413812,True,True,1,19.67485822990012
case14,branch3_out,0.05199298467896088,42.77462212217717,28.281946339065932,True,8.19315863290091,True,True,1,25.360526689388546
case14,branch3_out,0.027175069666629942,14.930726292806511,2.5675731904025167,False,0.904214499261566,False,True,0,2.266478003376324
case14,branch3_out,0.03332629078459852,13.330126169487551,2.7265941911147893,False,0.9049476945746769,False,True,0,1.5140308809931475
case14,branch3_out,0.029007958100332222,16.312270727637937,4.919803545802741,True,1.5862158910947726,False,True,1,3.7993196057787455
case14,branch3_out,0.036077075910113963,15.782976206189687,1.0712647210274246,False,1.0712009277811474,False,True,0,2.2771077049593007
case14,branch3_out,0.022776157786757994,13.269774863338423,1.1280149094120597,False,1.7743965292914867,False,True,0,1.1781712103511268
case14,branch3_out,0.01809734541497683,14.099422267553404,4.305650090413634,True,0.9701831843121103,False,True,1,2.385442797763214
case14,branch3_out,0.04613049101026867,25.387547526011282,39.4974379713315,True,6.790740800074118,True,True,1,19.751153314419913
case14,branch3_out,0.02926403195600589,14.832856527120716,4.191439009700491,False,1.9867399754756172,False,True,0,2.921207961565629
case30,baseline,0.023675544913046118,11.24799861707522,0.8188797801705654,False,0.40318327460711767,False,False,0,0.0
case30,baseline,0.023822000721063875,11.16657755971032,1.9944514343554942,False,1.011395584936419,False,False,0,0.4006145472939321
case30,baseline,0.018240865038724255,12.20121966539547,0.44622916213929925,False,0.8236489106067545,False,False,0,0.41533961481908604
case30,baseline,0.021963510044478017,11.121758869904813,1.4840897368078556,False,0.4392870780378359,False,False,0,0.14522692104235668
case30,baseline,0.03218939957336296,11.311181509409412,-0.019296692665393494,False,0.008564457802258015,False,False,0,0.0
case30,baseline,0.013893833230821625,11.017469089882217,-0.023143487431667456,False,0.6247751635628238,False,False,0,0.024955032712564763
case30,baseline,0.01593153414116473,10.67463720699717,1.2946520645631083,False,0.23097516196244505,False,False,0,0.08839561936893249
case30,baseline,0.023803871069023094,11.811422354391405,0.1761568165586247,False,0.7247644495174201,False,True,0,0.20066406709918674
case30,baseline,0.023537920156535795,11.490103678920015,0.5783697951927816,False,0.8142872525289439,False,False,0,0.06285745050578877
case30,baseline,0.016876114593164494,11.965206565039173,0.390861565348784,False,0.19857037463671895,False,True,0,0.2326032825195865
case30,baseline,0.012374851377514755,11.449971966719914,0.3882921469451099,False,0.28422709466978757,False,False,0,0.0
case30,baseline,0.030502402239064298,10.648823913216924,3.621219765453725,False,0.2546680711666231,False,False,0,0.7863659296361174
case30,baseline,0.02331841335384886,12.37314310100018,0.5842580613343089,False,0.113791281535433,False,False,0,0.4365715505000898
case30,baseline,0.02892267389431857,11.236759933515897,0.13482172742071732,False,0.43538624563179334,False,False,0,0.0
case30,baseline,0.01621577694788147,12.04766264799848,0.6817926932613204,False,0.1810062825481637,False,False,0,0.27383132399924026
case30,baseline,0.022098814309642535,10.852401905667156,0.7932708343397785,False,0.2467549761726917,False,False,0,0.0
case30,baseline,0.023048402188530267,11.396535757968104,0.4451846500031914,False,0.06744483471050777,False,False,0,0.0
case30,baseline,0.02352592663344634,11.717350738549753,0.2926049113797651,False,0.3987108683366533,False,False,0,0.10867536927487631
case30,baseline,0.02002487575945694,11.816947531040215,3.6892016183511607,False,0.10940901523450526,False,False,0,0.9652342510254558
case30,baseline,0.020114244191839954,11.261080801754378,3.0013724924613636,False,0.28030845087866113,False,False,0,0.6004117477384091
case30,baseline,0.024231547403141727,12.227156428115647,3.460829627458217,False,1.309283146534598,False,True,0,1.263683731602208
case30,baseline,0.012901517915879714,11.824176976170255,1.8659526562448012,False,0.7268797964294805,False,False,0,0.4672502442444641
case30,baseline,0.02687077259489806,11.435871603951385,2.1585250719812903,False,0.4746264675669546,False,False,0,0.3475575215943871
case30,baseline,0.02314905836379959,10.616561831916243,0.8811683155679844,False,0.8213769570876668,False,False,0,0.06427539141753336
case30,baseline,0.026485764442039504,12.12944899283245,0.3887852991682995,False,0.3137365208841431,False,True,0,0.3147244964162246
case30,baseline,0.021237244947420103,11.653329707717718,0.9466925337883262,False,0.5438288483014007,False,False,0,0.08543062351913937
case30,baseline,0.0314636891247025,11.106669672747195,2.8671370488555197,False,0.1488247103789082,False,False,0,0.5601411146566558
case30,baseline,0.02255157963881595,11.957085352969518,0.20142386076655147,False,0.2938661803223139,False,False,0,0.2285426764847589
case30,baseline,0.021708606740405784,11.49238569554976,2.1456778190756363,False,1.2351589576898057,False,False,0,0.490735137260652
case30,baseline,0.010569000578331081,10.638067096019638,1.2026112743168387,False,0.7984120647041236,False,False,0,0.12046579523587633
case30,baseline,0.027358746386736785,12.610530354692957,0.8493899727320373,False,0.7976646680968423,False,False,0,0.6147981109658468
case30,baseline,0.018134732024113108,12.483899663267918,1.515884814651495,False,0.6351468351667409,False,False,0,0.6737446430627556
case30,baseline,0.018466963874470468,12.295116945788713,0.22563709869673526,False,0.20935975815727315,False,False,0,0.39755847289435664
case30,baseline,0.020147836625741267,11.465340196409766,0.334817201784397,False,0.5170934732336406,False,False,0,0.0034186946467281267
case30,baseline,0.03311286509013523,11.57742002147365,0.15023318377379152,False,0.28026951820658347,False,False,0,0.038710010736824785
case30,baseline,0.02879108702028961,11.84465035710042,1.672374260665116,False,0.16378319708132472,False,False,0,0.37403745674974476
case30,baseline,0.021089383179705018,11.053623610378903,0.0422682824196334,False,0.7069316773081247,False,False,0,0.041386335461624936
case30,baseline,0.006157534218020811,11.674792712738569,2.840682921358826,False,0.5826977179819699,False,False,0,0.656140776373326
case30,baseline,0.017497435680655156,12.76179669832065,0.8689435121523063,False,0.5728352472290494,False,True,0,0.6454653986061347
case30,baseline,0.024308422334563203,11.62818420126529,0.03936595958469792,False,0.2042981033986124,False,False,0,0.06409210063264492
case30,baseline,0.017770842335205504,11.235668764966924,1.1433353005554863,False,0.16994060176312833,False,False,0,0.043000590166645876
case30,baseline,0.022804093194114493,10.384230159295234,1.3514285260189918,False,0.39431230199771194,False,False,0,0.10542855780569753
case30,baseline,0.02269953431570954,11.46508084424787,0.2103321636824198,False,0.5550911085859702,False,False,0,0.011018221717194044
case30,baseline,0.022061094961601423,12.144418410259055,0.4832527105480785,False,0.5744981966014796,False,False,0,0.3371088444498235
case30,baseline,0.020673635180097776,11.535919309339775,2.4720577493244984,False,0.2991231645274525,False,False,0,0.45957697946723697
case30,baseline,0.02270911964412009,10.81926218530959,0.3360198619651628,False,0.23340588809396015,False,False,0,0.0
case30,baseline,0.0171953073359581,11.501976688468186,0.51694891632799,False,0.7200209501850299,False,False,0,0.0449925342710992
case30,baseline,0.02249843550983937,11.529839499565137,2.198647757398523,False,0.25800693684146814,False,False,0,0.3745140770021252
case30,baseline,0.0216829832911802,11.936692974065233,0.6623296769564563,False,0.5308264523289613,False,False,0,0.22451177749840864
case30,baseline,0.014098304856359246,12.152274604276256,0.2801637231574272,False,0.9876832602481413,False,False,0,0.4236739541877562
case30,baseline,0.017803373179464226,11.581405677043051,0.035352512662560745,False,0.6912995825038365,False,False,0,0.07896275502229286
case30,baseline,0.02710396433469094,11.750348817694539,2.027659226686503,False,0.9404311255379237,False,False,0,0.5215584019608048
case30,baseline,0.016177951447587224,11.419146843018725,0.39266328988109694,False,1.0218672391060766,False,False,0,0.10437344782121533
case30,baseline,0.02415103084362253,10.224591748069926,-0.10154850457279734,False,0.6000387262506216,False,False,0,0.02000774525012432
case30,baseline,0.02187119146893199,11.28826281017105,0.10990551633120087,False,0.1809615503650631,False,False,0,0.0
case30,baseline,0.013344405836326952,11.289923234332333,1.669686118470415,False,0.5629217077884836,False,False,0,0.21349017709882123
case30,baseline,0.01617365718044001,11.32738100469561,0.5823700443651056,False,0.8668220195002978,False,False,0,0.07336440390005956
case30,baseline,0.02450664399082431,11.79710275453081,0.35128169479506377,False,0.5829210757691535,False,False,0,0.16513559241923573
case30,baseline,0.01793970143922466,10.841230050051648,1.2659576089266777,False,1.0195332944976232,False,False,0,0.18369394157752797
case30,baseline,0.02299018788043759,11.239853452181736,0.17488490801380027,False,0.4925805815185779,False,False,0,0.0
case30,branch1_out,0.040847976173154235,19.832192012040956,13.143808865368253,True,3.5386016138151923,True,True,1,8.416958988393992
case30,branch1_out,0.03881244687202033,18.97134479228248,36.35455611917961,True,6.87053583125253,True,True,1,15.616146398145629
case30,branch1_out,0.04194125672029018,22.318159613731773,37.63347961165397,True,6.8462962842411965,True,True,1,17.668382947210315
case30,branch1_out,0.03779869787330441,25.267898868046135,32.672372753915496,True,3.086123370212133,False,True,1,16.902885934240143
case30,branch1_out,0.05114920098873389,39.381947306591925,18.249455056895737,True,4.179840476325304,True,True,1,19.851778265629743
case30,branch1_out,0.03848714913193005,16.205979220328306,12.313986877398106,True,2.677027227359636,False,True,1,6.1825911188555125
case30,branch1_out,0.06413526927589741,31.44511780872086,40.60232646414326,True,6.575477874466321,True,True,1,23.068352418496673
case30,branch1_out,0.05276662556086614,21.538688254104574,48.2279622388102,True,3.8716159647784907,True,True,1,19.862055991651044
case30,branch1_out,0.060054680304088906,32.00248367852032,25.026939333573043,True,4.0703457548602096,True,True,1,18.173392790304113
case30,branch1_out,0.024268358742065295,22.288194685209703,12.901253756920068,True,1.5406970142047836,False,True,1,9.172612872521828
case30,branch1_out,0.04373511029348229,33.13219889410979,22.146138093004023,True,5.34107385754086,True,True,1,18.128155646464275
case30,branch1_out,0.04018693100013359,50.23937230701189,45.90713875770962,True,3.077243143825923,False,True,1,33.35727640958402
case30,branch1_out,0.026804622806992934,13.679198408896548,3.624220842941164,False,1.4134761612473976,False,True,0,2.0595606895801026
case30,branch1_out,0.05007449363351281,40.924667157347685,39.47136991600722,True,3.0163967887419134,False,True,1,26.75702391122439
case30,branch1_out,0.016891789552360058,12.922665292359751,2.555490363494379,False,1.4054565581797085,False,False,0,1.3590710668641308
case30,branch1_out,0.04493429587474339,20.6299815045771,9.366252019099013,True,3.731809490103807,True,True,1,7.721228256039015
case30,branch1_out,0.03041383051718573,50.550166633376335,24.941378395410368,True,3.935836627285744,True,True,1,27.39466416076843
case30,branch1_out,0.024841286057205588,23.869462764433603,7.608914929849595,True,2.789772977227048,False,True,1,8.62536045661709
case30,branch1_out,0.04439564872801674,44.610874759554896,44.269366922748375,True,3.835421535651808,True,True,1,30.203331763732326
case30,branch1_out,0.022740648928289198,18.154491257897256,5.665036362682068,True,2.7188528453903937,False,True,1,5.170527106831327
case30,branch1_out,0.02967918123944703,37.4349287750068,51.0525252362446,True,6.839161597495916,True,True,1,29.251054277875966
case30,branch1_out,0.03858537459745598,14.398597607987151,4.245882268996805,False,0.9349477059631852,False,True,0,2.510053025885254
case30,branch1_out,0.04812431183026174,15.205172007713607,5.187035756329177,True,2.826034217394638,False,True,1,3.5739035742344845
case30,branch1_out,0.03541200983077875,42.910311851074034,48.97501701647414,True,6.4732715050601755,True,True,1,31.292315331491295
case30,branch1_out,0.030713396283506764,14.652308628857778,9.70790832865048,True,2.908113471887718,False,True,1,4.670149507401577
case30,branch1_out,0.028523969511811357,14.479113674887357,12.495351199954605,True,2.680505548983377,False,True,1,5.374263307226736
case30,branch1_out,0.057216734654663454,22.311291378997254,36.47278533051348,True,7.388882931769588,True,True,1,17.425257875006587
case30,branch1_out,0.051359361737165966,25.438542954241385,39.66504264061598,True,4.011166628149456,False,True,1,19.271017594935376
case30,branch1_out,0.026820672556435693,22.08068680554312,14.348088913655724,True,2.50295994955258,False,True,1,9.695362066778793
case30,branch1_out,0.04024291800812384,50.49969206855641,15.64252556702045,True,8.76350092612744,True,True,1,25.54530388960983
case30,branch1_out,0.034218565875324805,19.070246731352128,7.2235202976735815,True,1.2841851790468137,False,True,1,5.809016490787502
case30,branch1_out,0.037122188154893376,21.206693200818513,5.449168251466469,True,1.3921039620594564,False,True,1,6.366517868261089
case30,branch1_out,0.03394737106456956,21.150855582275668,5.04003855426246,True,2.9746746626064637,False,True,1,6.532374289937865
case30,branch1_out,0.05835033889980909,27.49599596387061,46.972347749301285,True,6.63178212907311,True,True,1,23.016058732540312
case30,branch1_out,0.026333305571756085,24.322539252264292,6.37213202665378,True,2.8628347300917962,False,True,1,8.495476180146639
case30,branch1_out,0.04321795352056947,22.083207139934334,5.238652131150118,False,1.8676620445707406,False,True,0,6.8367316182263504
case30,branch1_out,0.027976015669055387,15.55483288825437,3.7488387320355563,False,0.7172404441988665,False,True,0,2.895516152577626
case30,branch1_out,0.040834927674959345,37.055116367665626,18.030423148117677,True,7.188327236220654,True,True,1,19.224350575512247
case30,branch1_out,0.0373914372756354,41.920267499896056,46.01919592778869,True,3.2348497899769746,False,True,1,29.262862486280028
case30,branch1_out,0.0279709787872227,18.558524781998457,6.979596535959975,True,3.172091049859431,False,True,1,5.857559561759107
case30,branch1_out,0.05846082577682046,37.988998425667475,22.429261359443057,True,7.255321792225841,True,True,1,21.02434197911182
case30,branch1_out,0.024799886172515183,16.097656239323474,4.863172164317901,False,2.7403287634577778,False,True,0,3.9058455216486627
case30,branch1_out,0.03471463409597223,14.832334589060247,3.8515462993079828,False,1.3359435260344843,False,True,0,2.688819889529415
case30,branch1_out,0.041952149331250584,14.94668199471127,6.460898735984051,True,2.527126965496204,False,True,1,3.767036011250091
case30,branch1_out,0.026977280493252806,18.68219937417079,3.9754890040237743,False,2.5214748751316582,False,True,0,4.888041363318859
case30,branch1_out,0.04458259414416743,25.537166467161175,40.381785982439354,True,6.3816290944386465,True,True,1,20.009444847200122
case30,branch1_out,0.01960914256100795,20.49665426636541,10.58226776251988,True,2.1042412285031946,False,True,1,7.693855707639309
case30,branch1_out,0.04066977465382369,22.19317103331249,3.82958244868611,False,2.5399017085398254,False,True,0,6.603440592970042
case30,branch1_out,0.03657758477990511,41.227987005421106,23.607318364375608,True,2.4914177277783587,False,True,1,22.044472557578906
case30,branch1_out,0.0251967029028214,13.775331973915367,3.840345269495255,False,0.7292237727042661,False,True,0,2.0356143223471133
case30,branch1_out,0.050833450429672605,38.890441798161355,43.56555446983109,True,3.674279199595363,False,True,1,27.099743079949075
case30,branch1_out,0.04540423011137877,22.705851303604955,14.401507192566866,True,3.84559099534818,True,True,1,10.292496008642175
case30,branch1_out,0.06571314961749877,51.28017626001411,40.56217762551065,True,5.654490765361265,True,True,1,32.7896395707325
case30,branch1_out,0.05387432447771899,38.90118577010034,33.214380193166434,True,5.784178532245749,True,True,1,24.42174264944925
case30,branch1_out,0.024433035468159493,15.190184968147623,10.553231678236335,True,2.6158026581611633,False,True,1,5.134222519176944
case30,branch1_out,0.031318357155803334,11.91538428388459,1.8481937258237482,False,1.3928544369621803,False,False,0,0.6407211470818556
case30,branch1_out,0.012501689577532775,14.38350695858515,4.837953821818885,False,1.6500484614440267,False,False,0,2.8231493181270455
case30,branch1_out,0.04825848256736297,22.535616380922995,50.64493088334667,True,3.484527223751724,False,True,1,21.008192900215843
case30,branch1_out,0.02598614778227778,49.96073994455696,40.00643820121492,True,3.790916391744804,True,True,1,31.59048471099192
case30,branch1_out,0.04993573622996382,17.130048555879302,9.740500049078726,True,3.263355816620531,False,True,1,5.989845455987375
case30,branch2_out,0.0309174818839729,22.633289178479444,5.17287122270131,False,1.4470164322579904,False,True,0,7.007909242501713
case30,branch2_out,0.03207018347517851,19.605335109888518,7.792513668423878,True,2.482649714068355,False,True,1,6.486951598285093
case30,branch2_out,0.024576846744974873,15.580798797559646,11.557882575388794,True,3.1543331689696177,False,True,1,5.738630805190384
case30,branch2_out,0.03520404491002416,20.90374722943244,11.459538641552644,True,2.9170639762559514,False,True,1,8.323148002433204
case30,branch2_out,0.01623245147163517,12.52242377500145,3.0070716841900005,False,1.38057407878005,False,False,0,1.2894482085137349
case30,branch2_out,0.0698173816120903,28.097449677447575,12.46748459919995,True,6.29081399260965,True,True,1,12.897133017005702
case30,branch2_out,0.031185819569489487,28.443968019559218,49.20271755986068,True,4.890516720053678,True,True,1,23.81090262174855
case30,branch2_out,0.0536786454484117,50.81388556148626,26.107431642081423,True,7.266348602722988,True,True,1,28.542441993912156
case30,branch2_out,0.0434082630046064,21.55899557612358,3.8555401292721667,False,2.2231155028998497,False,True,0,6.230782927423409
case30,branch2_out,0.03928461116595781,21.747193827489916,7.418171355595089,True,2.3176717024044726,False,True,1,7.412582660904379
case30,branch2_out,0.02488594485640553,12.526930091574599,3.9520556821271247,False,0.8691147745494658,False,False,0,1.47290470533533
case30,branch2_out,0.026428820656982727,12.861520944275235,3.202629635565594,False,1.1524674165302216,False,True,0,1.4720428461133397
case30,branch2_out,0.03815587697676258,19.125290612257913,6.090125721595619,True,3.335908488249557,False,True,1,5.906864720257555
case30,branch2_out,0.05141803526383111,48.872132920573314,20.719842279319717,True,8.305216741418365,True,True,1,26.163062492366244
case30,branch2_out,0.024514302497559565,28.95050158234205,15.585009833849673,True,4.015750153047545,True,True,1,13.803903771935435
case30,branch2_out,0.028738129112394713,17.939136177191152,5.309940664354572,True,2.1804424242300526,False,True,1,4.848638772747958
case30,branch2_out,0.05010045998597853,46.23675682561709,27.68485365876406,True,3.8180678436867166,True,True,1,26.037448079175107
case30,branch2_out,0.0301328555210265,12.486634563918216,4.121294092744769,False,1.003905570427632,False,False,0,1.530486623868065
case30,branch2_out,0.046150018856590536,28.07696019628446,43.42992291457699,True,7.6116488784814065,True,True,1,22.439786748211606
case30,branch2_out,0.019743477443429705,40.99172859755811,39.81364475947686,True,7.351499678233541,True,True,1,27.76025766226882
case30,branch2_out,0.028862123656842386,20.999326167707547,8.717768718688992,True,2.4903520789390496,False,True,1,7.463064115248281
case30,branch2_out,0.04078207556737447,16.015567347766286,4.096822192022853,False,1.7765752250134281,False,True,0,3.442145376492684
case30,branch2_out,0.058755049563545415,22.657162937789614,17.116386834117783,True,6.326183300110957,True,True,1,11.578734179152335
case30,branch2_out,0.0330674225444873,14.061974119956425,5.113613418469278,True,3.549133919750201,False,True,1,3.1248978694690357
case30,branch2_out,0.023656903575832312,13.674515623852308,2.4834557646500524,False,1.371911008514232,False,True,0,1.7066767430240162
case30,branch2_out,0.0452832282924884,22.08582320646638,18.393524647514667,True,8.01529251849235,True,True,1,12.01402750118606
case30,branch2_out,0.036539984305032205,21.74654370782851,8.416938619944625,True,3.3496663061834484,False,True,1,7.918286701134333
case30,branch2_out,0.02286384541976056,22.41179881000296,6.8669200114788875,True,1.5509610732538937,False,True,1,7.4261676230959255
case30,branch2_out,0.05034087026892705,40.354251182440564,40.10644908899118,True,8.417406275361499,True,True,1,27.742541572989936
case30,branch2_out,0.05026674155046594,27.634384794241363,26.0411381977464,True,5.896126460484552,True,True,1,16.658759148541513
case30,branch2_out,0.030290058404213602,21.071958201635315,3.5604099916851806,False,2.5197115882596233,False,True,0,5.958044415975136
case30,branch2_out,0.04438289973372944,28.722231731682903,37.004848868206835,True,4.123176098155307,True,True,1,20.137205745934565
case30,branch2_out,0.017493586958682146,13.68611207757438,2.392361677703907,False,2.03469568906904,False,True,0,1.8177036799121702
case30,branch2_out,0.0574803800125334,49.58938102659864,17.811355519267337,True,5.974388164490134,True,True,1,25.182974801977544
case30,branch2_out,0.036800557265732885,38.58157767114196,43.23525717693839,True,4.633996728756255,True,True,1,27.038165334403747
case30,branch2_out,0.034876461696309605,15.835845769405013,11.669268257490726,True,2.27130164394125,False,True,1,5.722963690737974
case30,branch2_out,0.023992198698395178,15.500860051783562,1.3655051321844798,False,0.7976884258788142,False,True,0,2.1696192507228877
case30,branch2_out,0.030365868879268065,15.580090775630712,2.060490643175487,False,1.2129483276758162,False,False,0,2.500782246303165
case30,branch2_out,0.030627659813266882,21.730704824620194,36.94048600823625,True,7.6117999206727465,True,True,1,17.31985819891552
case30,branch2_out,0.028375615764575,16.312675768016234,11.83664976244336,True,1.3201302986205232,False,True,1,5.821358872465229
case30,branch2_out,0.03163499493938009,37.09601945313246,43.529341064068745,True,7.025953696831708,True,True,1,26.862002785153198
case30,branch2_out,0.021955220946797575,14.745376043023875,3.679694567209186,False,1.1280612568919677,False,True,0,2.5522086430530866
case30,branch2_out,0.03125948324566867,19.920082247705192,9.002004207407245,True,2.9889865625652146,False,True,1,7.108439698587812
case30,branch2_out,0.029002838874472046,17.740638063988843,4.112921990731253,False,3.4478976219225568,False,True,0,4.643775153598309
case30,branch2_out,0.0599718959886666,45.98279736164418,36.74885854756909,True,5.282606911516389,True,True,1,28.922577627396095
case30,branch2_out,0.01632396889984233,14.721602039908577,1.6350031388313846,False,1.4320190441672493,False,True,0,1.9877057704371537
case30,branch2_out,0.04049515110981843,51.094040684879666,20.024202806620202,True,3.4990070334527004,False,True,1,26.10408259111643
case30,branch2_out,0.03889961339156789,46.75122940653179,29.208348455855322,True,6.116977071023346,True,True,1,27.211514654227162
case30,branch2_out,0.04226588188135405,14.834353848636928,6.390384178232662,True,3.4821184030478736,True,True,1,3.8807158583978367
case30,branch2_out,0.038768681872435054,18.436682902280666,12.346060113267775,True,2.1809870078770035,False,True,1,7.208356886696066
case30,branch2_out,0.019209274828696575,12.718369188207186,5.09450854769282,False,1.0339269431618099,False,False,0,1.944322547043801
case30,branch2_out,0.04677692986464817,40.92026849407425,48.6256429341274,True,3.25871271284692,False,True,1,29.54956966984473
case30,branch2_out,0.05144968507524664,51.062663565787624,35.92540037269127,True,5.702606455461415,True,True,1,31.299473185793474
case30,branch2_out,0.036157149692584656,13.130200033809613,1.4491493407678533,False,1.662328770349989,False,True,0,1.1823105732051604
case30,branch2_out,0.04425727866644992,38.66131176968793,18.929361800542207,True,5.659484731691269,True,True,1,19.99136137134488
case30,branch2_out,0.02353010312180183,13.445040734120381,2.8822216794083375,False,1.7287879947720153,False,False,0,1.782944469837095
case30,branch2_out,0.02991017426236569,13.002832235006082,1.7995082388589525,False,1.4735101848500607,False,True,0,1.1859706261307388
case30,branch2_out,0.033852964247054834,20.216009343575106,12.854077676757772,True,2.5306139019426346,False,True,1,8.32035075520341
case30,branch2_out,0.024441052290782795,13.33963734609798,1.85398637393547,False,1.0337842649937357,False,False,0,1.2827714382283781
case30,branch2_out,0.04431179572634443,23.403223914072967,7.852834463244549,True,1.3784796070650682,False,True,1,8.183158217422863
case30,branch3_out,0.026881504540727595,18.68987871767358,11.501297696913497,True,2.5068011509977968,False,True,1,7.146688898110398
case30,branch3_out,0.03192740580007339,19.48281937167175,21.201317967651907,True,7.284099703249245,True,True,1,11.408625016781295
case30,branch3_out,0.02663832715233936,18.84493205886326,4.600147999152081,True,2.98949114203064,False,True,1,5.250408657583383
case30,branch3_out,0.05360945753631225,37.433751090359074,46.40056165514112,True,8.526394847070897,True,True,1,28.192323011136054
case30,branch3_out,0.031834259000817364,40.56490522374163,37.67179387003674,True,5.337620851428807,True,True,1,26.501514943167596
case30,branch3_out,0.03821883638939897,41.40413970408296,45.974490026205935,True,7.7675576147031,True,True,1,29.897928382843876
case30,branch3_out,0.026814790306720515,20.536495255409182,9.602489570311045,True,1.366444743191805,False,True,1,7.272283447436266
case30,branch3_out,0.02200075332661205,11.676781207558575,3.226211359100768,False,1.0315848985569547,False,False,0,0.8625709912209087
case30,branch3_out,0.036022213739968056,12.73573205324436,2.6939006414330535,False,1.6582791614559775,False,True,0,1.3576920513432917
case30,branch3_out,0.06356779039480553,44.65513220693772,24.96648832111336,True,6.612662274348267,True,True,1,24.990045054672525
case30,branch3_out,0.02595384931700481,18.895280691631,6.557211387664683,True,2.0895232790204337,False,True,1,5.682708417918993
case30,branch3_out,0.059157024971486075,35.331225764040546,17.49272651424833,True,8.975874291803624,True,True,1,18.558605694655498
case30,branch3_out,0.03593487402915248,30.904211289729442,28.053995912335562,True,4.05503498939124,True,True,1,18.529311416443637
case30,branch3_out,0.03288194022723716,14.421129587806657,5.668226800112611,True,1.322202092171337,False,False,0,3.0254732523713797
case30,branch3_out,0.04179885850194001,17.13293249814748,9.340876694146859,True,2.371110704263055,False,True,1,5.692951398170408
case30,branch3_out,0.02623566608157355,19.94402182188656,7.798327568411698,True,1.9617842933008809,False,True,1,6.553866040126967
case30,branch3_out,0.027454406695680847,19.365583285737927,4.426295344873676,False,2.4356205820699453,False,True,0,5.347804362745054
case30,branch3_out,0.04320548614091686,23.973498114914975,6.127590517279611,True,3.7245239008450897,False,True,1,8.41993099281039
case30,branch3_out,0.048062340183545264,27.803863997874107,36.979155298156904,True,7.294408693934821,True,True,1,20.30456032717109
case30,branch3_out,0.06224623706765786,48.49806017019832,15.057861397976362,True,5.703897381968436,True,True,1,23.757167980885757
case30,branch3_out,0.03553025000143552,18.710752569346507,11.447589066901012,True,1.578059134695547,False,True,1,6.955264831682666
case30,branch3_out,0.05912458330875068,48.97088603763609,13.016228799932902,True,4.077339881257479,True,True,1,23.05577963504941
case30,branch3_out,0.022796655447796545,15.455913727871774,1.9445402327131078,False,1.1311759244198607,False,True,0,2.3875541186337914
case30,branch3_out,0.05141934464489975,47.44603426612208,15.903050218850982,True,3.8197752933885702,True,True,1,23.10788725739405
case30,branch3_out,0.0311578690226392,13.003907000035293,4.161391807911393,True,1.8800524572456856,False,False,0,1.9763815338402013
case30,branch3_out,0.03147196434614239,17.347220118862293,8.47876719001156,True,1.9273871180440758,False,True,1,5.452717640043429
case30,branch3_out,0.024304534927692564,14.192104698951685,8.057287757509345,True,3.31891637214476,False,True,1,4.0270219511575975
case30,branch3_out,0.023795438535900888,13.016622301601267,0.8751586096970415,False,1.0310909764668623,False,True,0,0.8645293460940058
case30,branch3_out,0.0601003642802396,26.501323098057235,46.393621215834735,True,5.457333053249969,True,True,1,22.110214524429033
case30,branch3_out,0.04194439392380676,19.42308537523478,41.89693533047659,True,4.797744102432759,True,True,1,17.090172107246918
case30,branch3_out,0.02792567746987871,20.375111980832063,3.8937982468361674,False,1.9695467377820082,False,True,0,5.5996048120232835
case30,branch3_out,0.06397523676176256,28.642127173896206,42.71277061256934,True,4.4205822618444905,True,True,1,21.869011223087803
case30,branch3_out,0.02908543270486942,23.78048384026264,11.780046045850613,True,1.3377043874614774,False,True,1,9.541796611378798
case30,branch3_out,0.03515854357858613,17.187502752554753,9.082081863980873,True,2.809604639649954,False,True,1,5.730296863401629
case30,branch3_out,0.023922312517498892,21.540818925473424,10.554920001297026,True,1.8604914266990318,False,True,1,8.158983748465626
case30,branch3_out,0.03547368255294686,19.660423473540785,9.33685459974721,True,2.6108944009170254,False,True,1,7.003446996877961
case30,branch3_out,0.04857045423104692,39.28838684621919,29.822890998713394,True,4.612157227232827,True,True,1,23.36349216817018
case30,branch3_out,0.01719745405501011,13.229177183917304,5.3239881423090605,True,1.5075110446081823,False,True,1,2.363287243573007
case30,branch3_out,0.027222830648940363,23.193976522423988,5.398352224996327,True,2.642175216499961,False,True,1,7.594928972010885
case30,branch3_out,0.021654273049391843,16.49445522194219,1.348833018369509,False,1.0219943223346792,False,True,0,2.7062763809488835
case30,branch3_out,0.03287109718743221,30.956300796389357,36.44195068304169,True,5.726268889761932,True,True,1,21.405989381059573
case30,branch3_out,0.04037680021912207,28.648839586404755,51.872682369871264,True,7.0176763607459804,True,True,1,25.139759776312953
case30,branch3_out,0.03135034321742139,19.9259699999571,3.9419545051414637,False,1.7074320970549144,False,True,0,5.337057770931972
case30,branch3_out,0.044599333676449866,22.307144359701155,5.914493210012223,True,2.957850890228271,True,True,1,7.3694903208998985
case30,branch3_out,0.04506270480765499,31.034137906285874,49.36011062154511,True,6.359057572289753,True,True,1,25.446913654064417
case30,branch3_out,0.04289966725961893,20.425671490968497,11.334003085714345,True,2.5480813364126624,False,True,1,7.972652938481085
case30,branch3_out,0.02753411681512324,22.52460108111309,7.706972288892197,True,2.482178830210477,False,True,1,7.9208279932663
case30,branch3_out,0.05641891109394934,50.42796716443042,28.819735801605137,True,6.212217088752579,True,True,1,28.95234774044727
case30,branch3_out,0.046150459033108236,25.662102093321074,40.49129204034431,True,7.589809903820878,True,True,1,20.346400639528007
case30,branch3_out,0.05923426687993623,41.39595837643103,12.618230961296373,True,6.949196906721777,True,True,1,19.723287857948783
case30,branch3_out,0.032676603002072334,13.411809831380275,1.572655469371773,False,1.2421841228673007,False,False,0,1.2761383810751294
case30,branch3_out,0.026255877155256485,13.698408388247813,3.0440200377962947,False,1.5410467787866433,False,True,0,1.9206195612201236
case30,branch3_out,0.041752769144841245,21.261354425617508,46.22299165199284,True,6.242083478106111,True,True,1,19.595991404027828
case30,branch3_out,0.02015078887599279,13.068060030664986,4.382274414302017,False,1.3094264379025342,False,True,0,1.960597627203605
case30,branch3_out,0.025169793281294962,13.833626399814824,1.5700687312213646,False,1.0293158464082712,False,True,0,1.4436969885554756
case30,branch3_out,0.05135915729300722,46.8522014724964,31.100318584644413,True,5.778499093034097,True,True,1,27.76189613024834
case30,branch3_out,0.038832585844901166,24.095192940615842,5.793963652931479,True,2.0114141256779523,False,True,1,8.038068391322955
case30,branch3_out,0.021618516852401785,12.655929340356991,1.8099501781007648,False,0.9575599511223867,False,False,0,0.9124617138332022
case30,branch3_out,0.05098025489919013,49.35207730494927,23.808225672374654,True,2.914080850570997,False,True,1,26.25132252430123
case30,branch3_out,0.03960668126166021,19.20905238147844,9.516478564574728,True,2.575303632925966,False,True,1,6.8245304866968315
case118,baseline,0.03018130968055164,11.794346825934895,1.8574018036626534,False,0.4229545709025125,False,False,0,0.40439395406624334
case118,baseline,0.012294475412891588,11.947082912047389,2.1144645635384904,False,0.3144052279497972,False,False,0,0.5578808250852414
case118,baseline,0.026799409605719693,10.966485515621436,1.5241240103976943,False,1.1315770331958084,False,False,0,0.28355260975846996
case118,baseline,0.020649140348767414,12.130739832330782,0.16655480044184062,False,0.3781069269911082,False,False,0,0.3153699161653911
case118,baseline,0.01906353358255817,12.038161283884289,-0.12345430157826687,False,0.9735564391472102,False,False,0,0.3637919297715866
case118,baseline,0.017633111800991225,10.68826722487288,0.3419608176304631,False,1.1540731724040842,False,False,0,0.13081463448081684
case118,baseline,0.021437357490820208,11.436510021745663,0.08670353828842248,False,0.39158548360578965,False,False,0,0.0
case118,baseline,0.022420427757685678,11.782690041830286,1.0357446684847724,False,0.31576485699834156,False,False,0,0.1520684214605745
case118,baseline,0.024649881403192415,10.796039354721168,0.09135955884848197,False,0.10551111818430943,False,False,0,0.0
case118,baseline,0.017880939781207996,11.755895068832745,2.1016498283016922,False,0.2245624867175987,False,False,0,0.45844248290687994
case118,baseline,0.025135127217686792,12.087988512889488,0.9387843301517315,False,0.40063355354887015,False,False,0,0.2939942564447442
case118,baseline,0.02294175362445966,11.803287138823139,0.19655058336421086,False,0.34544773399139606,False,False,0,0.15164356941156942
case118,baseline,0.018364671724718826,11.46760612838042,0.8106633972058673,False,0.9082110325836037,False,False,0,0.08164220651672074
case118,baseline,0.01993713269646081,11.39928236969446,0.1330465529483377,False,0.5630696691934663,False,False,0,0.01261393383869327
case118,baseline,0.02219614953109564,12.01012928529583,0.18129856456439747,False,0.5262651583019757,False,False,0,0.26031767430831043
case118,baseline,0.016296808389579514,11.330728436238482,0.8455381986147463,False,0.37129808091601374,False,False,0,0.0
case118,baseline,0.026929411829721805,10.87736616426407,1.3375059765324673,False,0.2266982429704578,False,False,0,0.10125179295974018
case118,baseline,0.030034692675426924,12.117614963185705,0.7201642306752314,False,0.40661896247458673,False,False,0,0.30880748159285254
case118,baseline,0.012636536020475462,11.10762675147832,0.24462437937741408,False,0.9953049631998941,False,False,0,0.09906099263997883
case118,baseline,0.02543547734811713,11.14477882009057,0.5407376455689455,False,0.5340074777561095,False,True,0,0.006801495551221892
case118,baseline,0.01586453039622051,10.809187558376905,0.3629707408727505,False,1.0952876516226522,False,False,0,0.11905753032453044
case118,baseline,0.021643640645605592,11.741816904177611,0.39742434117409065,False,0.7337892065437499,False,False,0,0.1676662933975555
case118,baseline,0.018433235411172783,12.656015159709765,1.0882338580759363,False,0.42470079791000276,False,False,0,0.6044777372776636
case118,baseline,0.024746008968363823,11.724819314864755,1.9306518551995677,False,0.37841936186216085,False,False,0,0.39160521399224774
case118,baseline,0.022748221990838743,10.771769514376018,-0.09904230367613825,False,0.518061752206125,False,False,0,0.00361235044122501
case118,baseline,0.004224094230732153,11.7625708778752,0.2454520838999408,False,0.24056182033006196,False,False,0,0.13128543893760014
case118,baseline,0.014880008835246056,12.002958886265251,1.0762210441907083,False,0.6141723310819734,False,False,0,0.29718022260623267
case118,baseline,0.025357090725464,11.052241227097264,-0.11603576462188274,False,1.3632034885263011,False,False,0,0.17264069770526025
case118,baseline,0.010577776962351092,12.039964678726877,0.11408542911867289,False,-0.07023448456791893,False,False,0,0.2699823393634384
case118,baseline,0.023201916608358804,11.498197678406845,-0.06662508123723918,False,0.09745317939629577,False,False,0,0.0
case118,baseline,0.014377845811759734,10.91583391518196,0.7653511259960378,False,0.5465373006434483,False,False,0,0.00930746012868966
case118,baseline,0.02046788864562585,11.537492563024568,0.5578870141384586,False,0.37750843138533774,False,False,0,0.018746281512283858
case118,baseline,0.015587421901335895,12.667851304312082,0.33040276117265216,False,0.21286831800095327,False,True,0,0.583925652156041
case118,baseline,0.019633906312664814,9.653407439013566,0.08783641973892586,False,0.6246053507189546,False,False,0,0.024921070143790927
case118,baseline,0.013992361615545783,12.155375419058624,0.05717201564080426,False,0.4623711892420165,False,False,0,0.3276877095293118
case118,baseline,0.02457539941360697,10.398489041716669,1.0693109873433577,False,0.16895983162234784,False,False,0,0.020793296203007315
case118,baseline,0.01418878100443357,10.965787132520237,0.26453877493567374,False,0.4069138143045397,False,False,0,0.0
case118,baseline,0.023510033092452087,11.143345799249547,0.6874806025591899,False,0.46448590435136117,False,False,0,0.0
case118,baseline,0.007733006176763148,10.996863808349786,0.3880290863281126,False,0.5333329418547302,False,False,0,0.0066665883709460475
case118,baseline,0.026731195012116776,12.249077515003734,1.0872947966175162,False,0.25019087782572,False,False,0,0.4007271964871217
case118,baseline,0.02474663753490935,11.800046825742747,3.8060606874614473,False,0.6466691576699561,False,False,0,1.0211754506437989
case118,baseline,0.023111761570532106,11.632296409482485,1.752626779405316,False,0.8028065672360959,False,False,0,0.3524975520100567
case118,baseline,0.025220216752155904,11.899853889417374,0.9870522520679514,False,0.0004541020054564249,False,False,0,0.19992694470868688
case118,baseline,0.020383508878258527,10.552289617317516,-0.04720423054814543,False,0.9167681990270277,False,False,0,0.08335363980540554
case118,baseline,0.015168611552992105,11.414785182709261,1.21569453297448,False,0.6436077163104336,False,False,0,0.0934299031544307
case118,baseline,0.022852453357837407,11.411091037641398,0.17761729769829432,False,0.3754573812788126,False,False,0,0.0
case118,baseline,0.02462749732302481,12.38117818425426,0.06655583588480306,False,-0.050523439570512405,False,False,0,0.44058909212713004
case118,baseline,0.018758311516379154,11.600230687750448,0.3182664626120172,False,0.39332818339364645,False,False,0,0.050115343875224205
case118,baseline,0.014497823064222221,11.562521296333225,2.9207030477265037,False,0.004137796975147982,False,False,0,0.6074715624845636
case118,baseline,0.019188027227288317,12.777967594500856,0.2616799151099646,False,0.6489284688184238,False,False,0,0.6687694910141128
case118,baseline,0.024122966045539547,10.804689606363867,0.6949277979163445,False,0.5518300445482456,False,False,0,0.010366008909649116
case118,baseline,0.019571876101251974,12.252924309983701,1.4049059839430984,False,0.355158469734031,False,False,0,0.49793395017478004
case118,baseline,0.02074448108173175,11.421669531202763,0.45659319995645564,False,0.40826147020068265,False,False,0,0.0
case118,baseline,0.012582560636157238,11.225121160281065,0.6180374998653437,False,0.675609699631066,False,False,0,0.0351219399262132
case118,baseline,0.017568679288378658,11.57981207583777,0.09531437634799994,False,0.17103483328260416,False,False,0,0.03990603791888514
case118,baseline,0.020852563865911982,11.866928346240714,-0.0171561378049049,False,0.5043684605720683,False,False,0,0.18433786523477066
case118,baseline,0.018683677708490123,12.076873443994543,0.6959023354083513,False,0.6067341588945803,False,False,0,0.3097835537761877
case118,baseline,0.024893668559848318,11.873050060199713,0.4846924535230551,False,0.0648015968976208,False,False,0,0.18652503009985644
case118,baseline,0.03308023178557903,11.663297460264287,-0.0171011018933543,False,0.30245137124651916,False,False,0,0.08164873013214358
case118,baseline,0.023039159800877985,11.254453083752786,1.0149328820249373,False,0.30659426018708624,False,False,0,0.0044798646074811765
case118,branch1_out,0.03677610816782188,23.774069096748487,5.11293368269928,True,1.32119425877044,False,True,1,7.5351535049381155
case118,branch1_out,0.03313319207605114,19.81997451365972,10.203099038246972,True,3.8450059895159767,True,True,1,7.589918166207147
case118,branch1_out,0.01689238529661083,15.958998820285041,4.587566997745929,False,1.5668290984286488,False,True,0,3.5191353291520286
case118,branch1_out,0.029317476353354917,20.799386145405588,3.9282108675966882,False,2.3747002507324884,False,True,0,5.9030963831282985
case118,branch1_out,0.05023278142982528,31.280998498554474,36.42804161098729,True,7.377807413074858,True,True,1,21.8944732151884
case118,branch1_out,0.033493175166544584,21.97895248154659,11.524975753668675,True,2.8041519178296377,False,True,1,8.857799350439825
case118,branch1_out,0.035330042653695215,22.212721990734533,10.525262042759644,True,2.1853779483182434,False,True,1,8.551015197858808
case118,branch1_out,0.012394078809222907,15.295136715744665,2.3975168443431123,False,1.6855146589839454,False,True,0,2.5539263429720553
case118,branch1_out,0.050153658353087105,38.79875823838659,35.48673119688105,True,7.185822758621414,True,True,1,25.332563029981895
case118,branch1_out,0.033872799922031314,18.711336742638217,10.887105132118892,True,1.5997127061896588,False,True,1,6.7917424521927074
case118,branch1_out,0.034207344960038785,20.61967347025586,7.298337603591873,True,1.686229129695847,False,True,1,6.686583842144662
case118,branch1_out,0.01793677102783657,13.727924338960543,4.193787489799551,False,1.0283425141440656,False,False,0,2.17776691924895
case118,branch1_out,0.043130828941340855,16.397175649925618,8.51945664125012,True,2.7889602353120524,False,True,1,5.162216864400255
case118,branch1_out,0.027138400426360284,12.883122395581884,3.7810454599608767,False,0.7059096137422971,False,True,0,1.5670567585276642
case118,branch1_out,0.030252816228174766,22.331217027919536,11.141198145051819,True,2.477772071761255,False,True,1,8.853522371827564
case118,branch1_out,0.03855766246423585,44.91959728788268,36.756060412435126,True,5.812401266070022,True,True,1,28.499097020885884
case118,branch1_out,0.0367485239389716,27.600386986398323,29.73248236070792,True,3.505648268161199,True,True,1,17.271067855043775
case118,branch1_out,0.060561384042044315,49.29567227160431,23.670114237815405,True,3.0947265076550754,False,True,1,26.217815708677794
case118,branch1_out,0.04472229769081017,19.561774972878244,4.903227579645564,False,2.308920605520239,False,True,0,5.563639881436838
case118,branch1_out,0.034950234140761496,18.494136525270065,5.783352294533488,True,2.229655506602969,False,True,1,5.278005052315673
case118,branch1_out,0.06296897838410583,37.548250679051584,26.315300041112422,True,4.2720595030414925,True,True,1,21.373127252467818
case118,branch1_out,0.024789472477203423,15.000654379518268,4.938628448738005,True,0.7952863234173767,False,False,0,2.9909729890640113
case118,branch1_out,0.04161306078757322,45.11007968405083,38.43120684899184,True,7.5239268181049965,True,True,1,29.439187260343967
case118,branch1_out,0.02619492867376591,17.65471866717755,7.018768792434671,True,2.1298003324786436,False,True,1,5.208950037814905
case118,branch1_out,0.03081938271697347,15.202526964803601,1.2670468194941131,False,1.2647591913962355,False,True,0,2.0843293665292815
case118,branch1_out,0.044639114568594276,20.160174433146587,9.440319576106564,True,2.7984290854129235,True,True,1,7.321868906487847
case118,branch1_out,0.032410556330002234,21.12783990776073,4.5794629222297365,True,3.1671405122354694,False,True,1,6.42118693299638
case118,branch1_out,0.027249624908218993,22.365079706923066,9.005224822286237,True,3.12515529746983,False,True,1,8.359138359641369
case118,branch1_out,0.02472112297968062,21.597431331503582,7.125078464280006,True,3.3347732687713814,False,True,1,7.453193858790069
case118,branch1_out,0.024807592487091006,11.798415609255159,3.3654665209895978,False,1.6577440402484733,False,False,0,1.0903965689741533
case118,branch1_out,0.03060693613434336,17.188567983414153,4.969481196048532,False,2.6289729909445705,False,True,0,4.46092294871055
case118,branch1_out,0.02343273988265563,14.941073969310132,3.9449105791075465,False,1.3217155275031607,False,True,0,2.7683532638879624
case118,branch1_out,0.028791985981452828,13.73243867432419,1.4807954031194268,False,1.2730538588419391,False,True,0,1.4150687298663105
case118,branch1_out,0.03481570821397261,20.42297815731065,8.137604334797215,True,2.77783262241964,False,True,1,7.058336903578416
case118,branch1_out,0.05887479748125747,50.387063281550894,48.56050527546594,True,2.8303818460553924,False,True,1,34.17775959262631
case118,branch1_out,0.05590643059007771,28.267265211255005,12.790227885828509,True,8.344406405069584,True,True,1,13.489582252389972
case118,branch1_out,0.03744827620397174,13.14463010719554,5.526342946035681,True,0.9681991549661061,False,False,0,2.273857768401696
case118,branch1_out,0.040801006430657344,16.953311350863196,3.8772307632959917,False,2.07211941343253,False,True,0,3.9042487871069014
case118,branch1_out,0.03932802393218529,38.94989664348071,48.4742737649874,True,6.86774689161006,True,True,1,29.240779829558587
case118,branch1_out,0.06628270177858006,40.71151941475593,26.44513677270306,True,2.778942798073002,False,True,1,22.69508929880348
case118,branch1_out,0.055939661602363897,21.835865406123055,17.872032236827877,True,2.864336858384642,False,True,1,10.702409745786818
case118,branch1_out,0.04569224156660004,24.171973861487725,6.859423939955596,True,3.667871268075707,True,True,1,8.727388366345682
case118,branch1_out,0.03181202442070041,15.042618214765508,3.3378712984624688,False,1.229140564341669,False,True,0,2.618498609789828
case118,branch1_out,0.04699703207549201,21.61480306728863,48.90307193448157,True,7.249919132984478,True,True,1,20.77830694058568
case118,branch1_out,0.05221076415664131,29.500822622484367,36.425596779462595,True,6.933161663364143,True,True,1,20.914722677753794
case118,branch1_out,0.027993689908266978,37.72443914955813,47.45705525954824,True,7.779093716111974,True,True,1,28.50515489586593
case118,branch1_out,0.027232742813691306,20.587133985603224,10.898604584583156,True,3.46687253958829,True,True,1,8.106522876094218
case118,branch1_out,0.03470601043721305,14.887503571391267,13.009117284259803,True,2.4516154265400822,False,True,1,5.68681005628159
case118,branch1_out,0.04176765326215423,15.339600186528331,6.3468480655632575,True,2.3670756245320055,False,True,1,3.8972696378395444
case118,branch1_out,0.032477743391469735,15.054137104020606,3.519036215682861,False,2.480066187550381,False,True,0,2.928792654225238
case118,branch1_out,0.029540876077532002,46.90289278398364,13.781834490658987,True,8.396651915947414,True,True,1,23.115327122378996
case118,branch1_out,0.04475700755522042,37.74330765394971,38.40308190383697,True,7.232443086956905,True,True,1,25.689067015517324
case118,branch1_out,0.02843154403562054,17.023501167726064,3.7779204898422707,False,2.9893921757618287,False,True,0,4.093005165968078
case118,branch1_out,0.03641203816753935,13.270347999241162,2.5011604576980915,False,1.8429677223424095,False,True,0,1.6041156813984903
case118,branch1_out,0.05249072630760203,50.51794868088725,27.640637533159815,True,8.779258105052184,True,True,1,29.157017221402008
case118,branch1_out,0.0321851717293794,17.732844369576828,9.491776481592387,True,2.3015265976642447,False,True,1,6.024260448798978
case118,branch1_out,0.028403402677328448,21.523983069473235,6.177710640320183,True,2.6869035608076,False,True,1,7.002685438994193
case118,branch1_out,0.04155830446771764,31.475929704767246,28.199263891324325,True,3.293805446714307,False,True,1,18.706505109123782
case118,branch1_out,0.029712091165146323,20.99204421512013,11.399548898602893,True,1.9628291271618092,False,True,1,8.158452602573295
case118,branch1_out,0.0295353436748201,18.455116110669895,5.242221616914209,False,1.6455602763690307,False,True,0,4.979336595683016
case118,branch2_out,0.01710814377997992,14.122648631406598,4.067508323507286,False,0.6727510925805127,False,True,0,2.266127031271587
case118,branch2_out,0.03905014230176123,17.440259689307794,4.5749954037532445,False,3.5742412926914473,True,True,1,4.65747672431816
case118,branch2_out,0.0558735978384027,22.996941633741667,22.858993729510853,True,5.54739025337199,True,True,1,13.315646986398486
case118,branch2_out,0.043119886465995426,27.072171300945204,25.436819993858926,True,4.864998208074506,True,True,1,15.99013129024518
case118,branch2_out,0.03550834425098924,18.82684839681699,5.60493710799368,True,2.1469799716736557,False,True,1,5.374301325141331
case118,branch2_out,0.03141337128617623,19.9881113061319,5.833435814448076,True,2.162787427478481,False,True,1,6.026643882896068
case118,branch2_out,0.03303375130936974,18.38547496006838,7.9695386210510035,True,1.7800098412559189,False,True,1,5.789601034600674
case118,branch2_out,0.053216694839595916,37.382387459373355,43.44064971638391,True,8.36466078831045,True,True,1,27.24632080226394
case118,branch2_out,0.04757712538674966,39.23922058991762,15.00618997660115,True,6.840052637037125,True,True,1,19.339477815346584
case118,branch2_out,0.05005346784821864,45.70289011528412,13.282495913959329,True,7.746835461503718,True,True,1,22.235560924130603
case118,branch2_out,0.021095761761056382,13.661251816070747,1.0287926267813812,False,0.460559809232191,False,True,0,1.089263696069788
case118,branch2_out,0.0527469814188255,33.92212005326007,43.437749509796724,True,2.605101979092609,False,True,1,24.363405275387578
case118,branch2_out,0.026740113483474104,19.684790252223895,7.665424641699685,True,2.895955174090433,False,True,1,6.571213553439939
case118,branch2_out,0.044518819058931694,23.462586841337423,28.489695170100983,True,5.019349890998728,True,True,1,15.132071949898751
case118,branch2_out,0.0300382250159381,49.05635341281029,15.375904737601662,True,3.641421852110938,True,True,1,23.71923249810783
case118,branch2_out,0.04007817238172595,49.334132098601444,32.39477679173293,True,6.847512850237552,True,True,1,29.60500165686811
case118,branch2_out,0.03590733426401524,18.840006928665964,8.055544847387688,True,1.6388016074752159,False,True,1,6.0144272400443315
case118,branch2_out,0.046888925956860505,34.17558844255317,17.023645068715606,True,5.921522024780469,True,True,1,17.22919214684736
case118,branch2_out,0.034901344693564124,22.63614860250208,4.799796665951314,False,1.7779264275475068,False,True,0,6.963598586545935
case118,branch2_out,0.052338221418257135,38.27216587460034,13.595200973614814,True,7.803089186362382,True,True,1,18.62526106665709
case118,branch2_out,0.021681903307452583,21.053628872399376,9.439958359874261,True,2.5966362332458712,False,True,1,7.728129190811139
case118,branch2_out,0.029227258716560664,12.324521357695557,1.1211179418496502,False,1.6288759482901656,False,False,0,0.6743712510607069
case118,branch2_out,0.015573865774162051,23.265154566282114,9.861163792274002,True,3.7319084163353686,False,True,1,9.18730810409033
case118,branch2_out,0.03862390707053685,18.994844552346606,5.4122621288954695,True,1.8743756492185193,False,True,1,5.3459760446856475
case118,branch2_out,0.020678218386492087,16.227808636198183,3.477846761543146,False,0.9158617308790903,False,True,0,3.1904306927378534
case118,branch2_out,0.03244901815705903,40.73618012167471,28.039447683696082,True,4.812262234105694,True,True,1,23.592376812767313
case118,branch2_out,0.03452855736326041,18.58411050064842,6.4186802284974,True,3.0832355206667064,False,True,1,5.684306423006771
case118,branch2_out,0.034393978047832605,19.231630308080803,5.714742211667356,False,2.4074674303449735,False,True,0,5.661731303609603
case118,branch2_out,0.04357597939855995,39.90409450209963,35.631086626808845,True,5.4468184019695,True,True,1,25.58073691948637
case118,branch2_out,0.05329204447501686,29.388310427938833,46.98989796926249,True,4.440704278783758,True,True,1,23.529265460504917
case118,branch2_out,0.060668607736892755,45.35276607105154,40.36273221981513,True,4.341635808097205,True,True,1,29.50352986308975
case118,branch2_out,0.044963539289478084,16.718358776156844,13.654243554839077,True,1.9572157706199178,False,True,1,6.696895608654129
case118,branch2_out,0.027427930167668497,12.581350642990126,5.592279522432399,True,0.7731507917142312,False,False,0,1.9729893365676285
case118,branch2_out,0.03113355162305272,49.75772727499703,24.887936587508342,True,7.3890895431247205,True,True,1,27.67306252237596
case118,branch2_out,0.04048111956064182,15.852109328939495,6.327324353869142,True,1.4764620597445945,False,True,1,3.969544382579409
case118,branch2_out,0.0231739749944241,15.96244485270511,14.068038698759837,True,2.4535712570693313,False,True,1,6.542348287394372
case118,branch2_out,0.03461467296473882,16.65962407387072,7.961103124898605,True,2.36081488858952,False,True,1,5.040305952122846
case118,branch2_out,0.035197887460332214,15.325270965109846,6.071189638548878,True,2.7795325201876557,False,True,1,3.8898988781571173
case118,branch2_out,0.06123433984594809,42.44803856504932,26.50282776248477,True,8.110784545507087,True,True,1,24.64702452037151
case118,branch2_out,0.038221343531297976,45.80891226145297,15.391151545138085,True,3.997343051930602,True,True,1,22.17127020465403
case118,branch2_out,0.02687983324774586,31.29325949333048,25.302952477245338,True,4.658488178079904,True,True,1,18.019213125454822
case118,branch2_out,0.046927939986739206,25.51167407960223,12.320531197324351,True,5.5759164201730025,True,True,1,11.417179683033021
case118,branch2_out,0.04519531515252352,20.120995699266405,3.7737466930543366,False,2.3844545193824835,False,True,0,5.519512761426
case118,branch2_out,0.03949277189852735,49.307898954748744,35.55950896857915,True,2.9087828188897857,False,True,1,29.753558731726073
case118,branch2_out,0.036538109357563645,15.74327623288124,4.070605310912209,False,1.7687359071947413,False,True,0,3.2965668911532306
case118,branch2_out,0.024556680921902295,23.05437499741521,9.273475138069651,True,2.6877249198792907,False,True,1,8.696775024104358
case118,branch2_out,0.04293725879011624,22.35184453819384,27.124958367883412,True,3.059430461465438,False,True,1,13.775295871755032
case118,branch2_out,0.05264490162341176,22.615217317644436,14.025687951529086,True,5.685465516944814,True,True,1,10.502408147669907
case118,branch2_out,0.030145971850758062,22.082770463933112,10.428721889248221,True,2.176811593728262,False,True,1,8.455364117486674
case118,branch2_out,0.02105371117600259,14.241554834195677,3.051253217034122,False,1.1519840750005712,False,True,0,2.116550197208189
case118,branch2_out,0.03074592414200753,12.687805008747874,2.0020517455820137,False,1.0185585842059894,False,False,0,0.9982297448897393
case118,branch2_out,0.03793989900696358,18.942325997156896,10.98961082731119,True,1.942823806774147,False,True,1,7.006611008126633
case118,branch2_out,0.05700661279657046,45.55160391181282,50.03636511769817,True,6.601207532122702,True,True,1,32.9569529976404
case118,branch2_out,0.02869783845840335,19.39026211609162,11.346686847742012,True,2.2810607686751685,False,True,1,7.405349266103447
case118,branch2_out,0.0540963457851569,43.13342692451567,34.649229033948586,True,6.505560224391606,True,True,1,27.112594217320733
case118,branch2_out,0.0473162434766436,24.624809993592073,25.507662409180597,True,6.159992315228942,True,True,1,15.046702182596002
case118,branch2_out,0.031991227843212316,22.785315224435255,4.825733209194573,False,1.616919973383763,False,True,0,7.013761569652752
case118,branch2_out,0.0214993600827977,16.168787514840563,9.247830936460655,True,1.8105759962521122,False,True,1,5.0708582376089
case118,branch2_out,0.015487953430979931,12.962234037210017,1.9568238062222667,False,1.0869889507266302,False,False,0,1.1355619506170145
case118,branch2_out,0.03906047775646518,22.332362824484022,7.629436666159633,True,2.1277564423663837,False,True,1,7.730563700563177
case118,branch3_out,0.028719476682720138,22.51025544420351,6.319022903367413,True,1.6040011633895297,False,True,1,7.321634825789884
case118,branch3_out,0.035698326650312376,23.03233658979082,4.644949999343828,True,1.9235096926018216,False,True,1,7.144355233218922
case118,branch3_out,0.03672528510076824,47.43274681490703,21.635884004857107,True,5.837157954713211,True,True,1,25.22457019985329
case118,branch3_out,0.0354888558974578,20.847520133960625,6.2505979250360655,True,2.7574306315683392,False,True,1,6.7004255708048
case118,branch3_out,0.04443718617231452,47.83961908041495,42.656590434979854,True,7.171144059289481,True,True,1,32.001015482559325
case118,branch3_out,0.028799025995058534,20.495667026472347,11.030348331904777,True,3.064178979782865,False,True,1,8.01977380876418
case118,branch3_out,0.029662723006784082,15.378087450512503,2.5786648976789714,False,1.7164545479434559,False,True,0,2.655934104148634
case118,branch3_out,0.02626640440937649,19.902384743299695,8.149526468374452,True,2.8411420250767176,False,True,1,6.814278717177527
case118,branch3_out,0.04859084811261914,41.916643021701205,22.811281856308213,True,5.237994929160296,True,True,1,22.699305053575124
case118,branch3_out,0.030871386913888552,20.40885655969807,7.711638583179948,True,3.2151482799858786,False,True,1,7.010949510800194
case118,branch3_out,0.059895407855323234,45.82260852971005,39.01934799799551,True,8.138291940051975,True,True,1,30.094767052264075
case118,branch3_out,0.02767000924762758,15.542961039010212,2.2581312446390984,False,1.5667137897033663,False,True,0,2.6122626508375086
case118,branch3_out,0.03323305046224721,13.100230898843451,1.42381071541955,False,1.3801466399925815,False,False,0,1.1032879920461067
case118,branch3_out,0.020563462432845046,12.154583020368479,3.28589000750846,False,0.35609633273600516,False,True,0,1.0130585124367775
case118,branch3_out,0.04226165791005268,20.332592501826504,9.696153740097518,True,3.130116505472169,False,True,1,7.551165674036942
case118,branch3_out,0.03136617587502537,18.987684686411797,7.894361813349658,True,3.6213431361875896,False,True,1,6.436419514448313
case118,branch3_out,0.03281020551959944,16.774126025353237,9.85390703654329,True,3.1403275459762456,False,True,1,5.821300632834855
case118,branch3_out,0.03992065101051462,19.173211962239826,11.407358511227214,True,1.512692455842629,False,True,1,7.161352025656603
case118,branch3_out,0.06487319545526332,49.93483830043969,27.11005713682763,True,7.316734823919774,True,True,1,28.41378325605209
case118,branch3_out,0.03129567488686294,38.858065437372495,29.153432949510893,True,7.0045181256438305,True,True,1,23.42596622866828
case118,branch3_out,0.02723119785872976,13.681817289848837,3.2100782864371014,False,1.455318814994223,False,False,0,1.9449958938543936
case118,branch3_out,0.04167398779176086,45.03380774147851,34.3391699268356,True,2.2882708656298134,False,True,1,27.126309021915898
case118,branch3_out,0.04213532257593426,51.89266518039303,21.512739025592186,True,6.341622668253092,True,True,1,27.51847883152479
case118,branch3_out,0.030800449864838323,22.090713871600006,5.88974183586935,True,3.2206698999914214,False,True,1,7.306413466559091
case118,branch3_out,0.04620949017669949,19.01667389421381,9.272302904009738,True,2.497339831420222,False,True,1,6.639495784593871
case118,branch3_out,0.03312171038039445,12.957892276892121,3.7475374161058577,False,0.6006684963873122,False,False,0,1.5733410625552802
case118,branch3_out,0.015963264646325317,11.616556794278132,1.819638361397947,False,1.3757894471499745,False,False,0,0.47932779498844513
case118,branch3_out,0.01747877759797643,14.745896124848272,2.767881942946433,False,1.3136218177475807,False,True,0,2.3160370088575823
case118,branch3_out,0.05182013671312677,32.98438636353481,43.08124818837362,True,8.330058631420702,True,True,1,24.932579364563633
case118,branch3_out,0.02922891548113493,16.557246121650806,12.231732146692412,True,2.359025168215366,False,True,1,6.2699477384762
case118,branch3_out,0.054673952243431176,32.33030203145393,15.605605135388194,True,5.3944403976340585,True,True,1,15.775720635870236
case118,branch3_out,0.028650229448610745,34.96889500564715,38.66270277217775,True,4.208979509430604,True,True,1,23.77505423636302
case118,branch3_out,0.0526850707731474,47.22238869043848,22.87543169178777,True,4.631917560258003,True,True,1,25.25020736480717
case118,branch3_out,0.033227667111698514,17.321967310569242,8.130182465471801,True,2.4505868614765838,False,True,1,5.440155767221478
case118,branch3_out,0.049110792191804205,21.377706739573213,40.858528088603755,True,6.982804700932438,True,True,1,18.19297273655422
case118,branch3_out,0.03541234129021553,16.562663426465733,3.0324384080277382,False,2.4888347165776064,False,True,0,3.538830178956709
case118,branch3_out,0.046847879540068825,24.655226314044352,45.591633329516895,True,4.789968057317075,True,True,1,20.81309676734066
case118,branch3_out,0.030514925589569784,18.704188624649095,5.466011444968106,False,2.659102034261371,False,True,0,5.373718152667253
case118,branch3_out,0.029578844737202577,12.728905852541136,2.809999924584477,False,1.4567242059067176,False,False,0,1.3487977448272543
case118,branch3_out,0.055558158852075816,41.20640862938336,32.185921972914954,True,4.291591394320032,True,True,1,24.967299185430175
case118,branch3_out,0.05116825109300557,45.640848937313166,30.61359082531103,True,4.985329211939794,True,True,1,26.851567558637853
case118,branch3_out,0.02351868274667404,16.98204679733541,13.289885923980615,True,3.461872801689503,False,True,1,7.020363736199791
case118,branch3_out,0.023072043695918445,16.927571736446154,7.895966107676356,True,2.243966654052547,False,True,1,5.131369031336493
case118,branch3_out,0.05055364686432309,41.22683866949768,13.434478290349164,True,5.05860269360057,True,True,1,19.505483360573702
case118,branch3_out,0.05346101048031798,40.01628164000787,32.81860164240826,True,7.257662671694161,True,True,1,25.155253847065243
case118,branch3_out,0.037156931042898335,16.80010321048498,5.745683299418702,True,2.224988490856436,False,True,1,4.418754293239388
case118,branch3_out,0.04429590991489127,29.069088631636486,16.68695365290087,True,4.429957748993355,True,True,1,14.276621961487175
case118,branch3_out,0.03965957575364204,45.78184825829977,38.233049303327284,True,6.0391271093863255,True,True,1,29.418664342025334
case118,branch3_out,0.04508523809573842,21.529855689152345,25.19950499303118,True,8.204651379910743,True,True,1,13.815709618467675
case118,branch3_out,0.03790096968932251,24.450863827722543,7.441113794118211,True,3.511182723300211,True,True,1,9.010002596756777
case118,branch3_out,0.017932609525917964,15.342958470102007,1.9776904965288746,False,0.8167373105906955,False,True,0,2.2781338461278047
case118,branch3_out,0.05377883300494086,24.266360076739495,39.25073092687072,True,6.2769100313149115,True,True,1,19.013781322693944
case118,branch3_out,0.055633437095753024,39.84145748345623,26.45150409083891,True,7.670735480831424,True,True,1,23.240327065146072
case118,branch3_out,0.031233555661101333,21.07708856556111,8.693837365627894,True,3.054799503779269,False,True,1,7.607655393224777
case118,branch3_out,0.030817319338416648,42.37973778510184,15.026333259990896,True,6.135862270760618,True,True,1,20.77494132470031
case118,branch3_out,0.02025930229440123,14.601545572605739,1.042464773313122,False,1.2486349412165108,False,True,0,1.713239206540108
case118,branch3_out,0.04235003455732653,26.499296630039623,38.425253682447185,True,6.242099068111467,True,True,1,19.87564423337626
case118,branch3_out,0.02928955921031555,18.473576702494643,4.939408869111123,True,3.1335811613980527,False,True,1,5.195327244260269
case118,branch3_out,0.026791525186107057,22.313820764731705,3.436974178019323,False,2.5133863271885746,False,True,0,6.540679901209365
case118,branch3_out,0.017193695647199504,10.850468856418154,0.6952550499189708,False,1.2251014319516005,False,True,0,0.1450202863903201
