case,attack,delta_v,nis,cusum_stat,cusum_alarm,jitter_z,jitter_detected,kalman_anomaly,consensus,threat_score,theta_seq,physics_alarm_seq
case9,baseline,0.0144405994097653,11.804406535500528,1.4746669750961885,False,0.49689244610629,False,False,0,0.2946033602791204,11.804406535500528,0
case9,baseline,0.0247518484119845,11.200305525451158,0.3941784627200045,False,0.2383635000320198,False,False,0,0.0,21.824271407401632,0
case9,baseline,0.0206110958261134,11.530208209570905,0.83744085231788,False,0.0579908566462991,False,False,0,0.0151041047854523,31.172052476232373,0
case9,baseline,0.0219467445662806,10.869550714526556,-0.1609732909444984,False,0.3647555614054915,False,False,0,0.0,38.924397943135695,0
case9,baseline,0.0238685020841684,11.419848197333796,0.5264921207510647,False,0.3215168835550767,False,False,0,0.0,46.45180634615592,0
case9,baseline,0.0244387422979667,11.850221422840068,-0.0253838172091859,False,0.6912000099840899,False,False,0,0.213350713416852,53.6568471343804,0
case9,baseline,0.0241739770961521,10.842130243282964,1.3440393864625042,False,0.1088820250455425,False,False,0,0.1032118159387512,59.13329266422533,0
case9,baseline,0.0196956795626262,12.440527134853168,0.7097781037306803,False,0.3849965218222147,False,False,0,0.470263567426584,65.66049053265597,0
case9,baseline,0.0189391928914418,12.378199050964117,0.3513453686876014,False,0.36095649000089,False,False,0,0.4390995254820575,71.4726405303545,0
case9,baseline,0.0233656275138698,12.07334483125709,1.5009967964903543,False,0.4220194499198555,False,False,0,0.4369714545756514,76.39872130857614,0
case9,baseline,0.0222646816326675,10.64745633660273,0.3162989816666998,False,0.3825352938119842,False,False,0,0.0,79.40630551432126,0
case9,baseline,0.0178369535972599,11.480244455434848,0.3654044106144429,False,0.5289687162796379,False,False,0,0.0057937432559275,82.94591941832398,0
case9,baseline,0.0270260265293909,12.002465683295666,0.3594691667512352,False,0.1988688770814397,False,True,0,0.2512328416478331,86.65379315978726,0
case9,baseline,0.0154265453436936,11.525472719036893,1.0039181899271243,False,0.7015766705831031,False,False,0,0.0542271506132043,89.51388656284543,0
case9,baseline,0.012799792761581,10.559324604385536,0.1499202970366305,False,0.5702393912213506,False,False,0,0.0140478782442701,91.12182251094644,0
case9,baseline,0.0242370071628831,11.645213667762576,0.1048590728807747,False,0.6611752064069003,False,False,0,0.104841875162668,93.65485392761435,0
case9,baseline,0.0238498867996539,10.940558788311684,0.4758409249175334,False,0.830965030255433,False,False,0,0.0661930060510866,95.22992732316462,0
case9,baseline,0.0188020274590309,11.010773866858296,3.7576628138786576,False,0.750369222795371,False,False,0,0.8773726887226714,96.71770845770646,0
case9,baseline,0.0193793380555917,10.872271317522287,2.7364037754664627,False,0.5689993633386624,False,False,0,0.5347210053076713,97.91820892945812,0
case9,baseline,0.0288146873615161,10.753720907141728,2.6369964410239795,False,0.7069118495977165,False,False,0,0.5324813022267371,98.88010894365404,0
case9,baseline,0.0215222455993542,10.678542529045346,1.708879275890317,False,0.4112890625581992,False,False,0,0.2126637827670951,99.67064057833396,0
case9,baseline,0.0124961580339641,11.881127479826896,2.2155108902854,False,0.2699633168356709,False,True,0,0.5552170069990676,101.58470400032748,0
case9,baseline,0.0278019007056643,11.219411900527762,0.0628523781257143,False,0.8375081085693087,False,False,0,0.0675016217138617,102.6456455008225,0
case9,baseline,0.0222103700843336,11.86711568409544,1.3802038963963066,False,0.4649169465563243,False,False,0,0.2976190109666119,104.2481966348357,0
case9,baseline,0.0215888351621855,10.747577609623043,0.0440323461393496,False,0.4455427266004543,False,False,0,0.0,104.57095458097518,0
case9,baseline,0.0293600284023615,11.144634209478868,0.3375753651896834,False,0.4161540040683413,False,False,0,0.0,105.25849333235654,0
case9,baseline,0.0202925445115342,11.282933246550815,0.3712331395502664,False,0.562327346898991,False,False,0,0.0124654693797982,106.0155772456717,0
case9,baseline,0.0264027038083873,11.311472509376069,2.622046675434901,False,0.0616238399948181,False,False,0,0.4866140026304704,106.7254920304806,0
case9,baseline,0.0168888141754686,11.368016876967308,1.953486027640602,False,0.3674646956461806,False,False,0,0.2860458082921806,107.42095970439983,0
case9,baseline,0.0138971494785907,11.17483332350522,1.368537130762035,False,0.0254174234181735,False,False,0,0.1105611392286105,107.85369705746508,0
case9,baseline,0.0188038760106512,12.300366778513956,0.4181520614133525,False,0.4997939997714435,False,False,0,0.4001833892569779,109.36869413023254,0
case9,baseline,0.0140166976539323,12.76791476175232,0.409857329672625,False,0.8608645378912265,False,True,0,0.706130288454405,111.19973947896162,0
case9,baseline,0.0230692067073771,12.11222945581265,0.4566882765787574,False,0.4305356267808019,False,True,0,0.3061147279063254,112.19199498687811,0
case9,baseline,0.0268005568312408,10.661739886686028,1.8231110249776323,False,0.3436147481687742,False,False,0,0.2469333074932896,111.63453537487632,0
case9,baseline,0.0263556911299045,11.504309380433847,0.04707441622024,False,0.4334879944289056,False,False,0,0.0021546902169236,111.97539121782256,0
case9,baseline,0.0202717528896928,11.536578312624975,0.1725884585629756,False,0.7497473391938472,False,False,0,0.0682386241512579,112.31443040866526,0
case9,baseline,0.0192113802087294,12.786780600820244,0.2489601537397603,False,0.2650302037172649,False,False,0,0.6433903004101227,113.869767968619,0
case9,baseline,0.0273832931271481,11.177446609016984,1.1074120184383451,False,0.6369321785042956,False,False,0,0.0596100412323626,113.66023778077408,0
case9,baseline,0.0212969465449984,10.549390370530013,0.0585513338166545,False,0.3225365228021052,False,False,0,0.0,112.84360437322668,0
case9,baseline,0.022677459049876,11.38389002557251,3.20799146863156,False,0.1060386659364224,False,False,0,0.6623974405894678,112.94313396147652,0
case9,baseline,0.0251328992327603,12.210900073088458,0.8672917139800023,False,0.5886871222996501,False,False,0,0.3731874610041593,113.85972063841731,0
case9,baseline,0.0193146108947907,10.474803449188052,0.5053913456031283,False,0.8472498453524105,False,False,0,0.0694499690704821,112.94855202376364,0
case9,baseline,0.0256133884239901,11.701615354153663,0.7151511172770446,False,0.4431975862554043,False,False,0,0.1008076770768324,113.35531217554094,0
case9,baseline,0.0176216432601569,12.062480239933295,1.0220018004261462,False,0.360643440795072,False,False,0,0.2878406600944915,114.08226119792016,0
case9,baseline,0.0225729449534526,12.70292778120135,0.0288729251309324,False,0.4995305856148574,False,False,0,0.6014638906006748,115.37696285932948,0
case9,baseline,0.018446378676914,11.187408409883217,0.4378815060687319,False,1.2410703711729674,False,False,0,0.1482140742345934,115.02667498327976,0
case9,baseline,0.0159474707651039,11.4051586074358,0.6959495106310373,False,0.1592604676391525,False,False,0,0.0,114.92916609238758,0
case9,baseline,0.0250726634634364,12.367221560247486,0.071898226709095,False,1.168517908378479,False,False,0,0.567314361799439,115.8034710433963,0
case9,baseline,0.0177094504858431,10.648339597103426,0.0481036122009999,False,0.6256912325231804,False,False,0,0.025138246504636,114.8714635361601,0
case9,baseline,0.0195754558375208,11.45832170771915,0.1943664682799805,False,0.6421218400761617,False,False,0,0.0284243680152323,114.84263889026325,0
case9,baseline,0.0171772149836521,10.478315896854603,1.3047195146237722,False,0.6654123050470496,False,False,0,0.1244983153965415,113.83669089809152,0
case9,baseline,0.0119449719502238,10.485879695332944,0.1292091983476972,False,1.385447867507437,False,False,0,0.1770895735014874,112.93890150361533,0
case9,baseline,0.0111487840582905,11.797229925368484,0.6749712313824027,False,0.9022713268615792,False,False,0,0.2290692280565577,113.44224127862226,0
case9,baseline,0.0229416425923032,11.660541548828292,0.1084597983321663,False,0.3361339270275458,False,False,0,0.0802707744141466,113.75855869958832,0
case9,baseline,0.0166179348975798,12.17612175514585,0.5801167190328356,False,0.4613992537072987,False,False,0,0.338060877572925,114.55882458477537,0
case9,baseline,0.0214347063061214,10.143747089679673,2.483871013030319,False,0.2514800377993252,False,False,0,0.4451613039090957,113.2466892159775,0
case9,baseline,0.0145430478135326,11.59277972424988,0.1716479438482801,False,0.550583303551845,False,False,0,0.0565065228353089,113.51480001862964,0
case9,baseline,0.0177768122087717,11.209129933020058,0.0250273526810147,False,0.9295727851601612,False,False,0,0.0859145570320322,113.37244994978673,0
case9,baseline,0.0208529710179043,11.052437788504855,0.2658378401519376,False,0.1238243554610521,False,False,0,0.0,113.08764274331293,0
case9,baseline,0.0229513730953089,11.56172322007623,0.0654230161200968,False,1.1287503103845753,False,False,0,0.15661167211503,113.34060168905783,0
case9,branch1_out,0.0428324161988255,20.66908860349201,27.495853217430728,True,7.196641781964886,True,True,1,13.8726286233682,122.67563012364408,0
case9,branch1_out,0.0299802059181091,14.986047229575854,5.994612466702917,True,2.138353844937046,False,True,1,3.569078123786212,125.39411434085554,0
case9,branch1_out,0.0218638170347075,14.275490233011876,1.1655544948833707,False,0.8559817426522267,False,True,0,1.5086078135013947,127.13019313978188,0
case9,branch1_out,0.0391408491850008,47.70983246667672,48.5319437309626,True,4.43338130775341,True,True,1,33.151175614177816,162.12700629248042,0
case9,branch1_out,0.0401620982491597,42.29324533858215,45.17745148041202,True,7.658928336117538,True,True,1,30.081643780638192,188.2075510018145,0
case9,branch1_out,0.0382008225204629,37.59713142648499,21.439377588111853,True,5.882993951170199,True,True,1,20.25697777991009,206.98392732811809,0
case9,branch1_out,0.0360580551985632,28.10201556301266,33.93199462053722,True,6.622660716744206,True,True,1,19.405138311016337,214.3875501583189,0
case9,branch1_out,0.0279242557064247,19.90092125461167,10.584507219170131,True,1.5072383699514371,False,True,1,7.277260467047162,212.8497163970987,0
case9,branch1_out,0.02859502531549,16.337222007772407,6.587934906129328,True,2.1378968784350416,False,True,1,4.422570851412011,207.90196676516123,0
case9,branch1_out,0.0455314661974437,35.493921814846544,35.369699291494165,True,4.656385051311784,True,True,1,23.13914770513388,222.60569190349165,0
case9,branch1_out,0.0345658385443834,49.256361762277415,15.808168951839814,True,8.426423239877328,True,True,1,24.90591621466612,249.60148447541988,1
case9,branch1_out,0.0287561103394949,17.147945776091845,13.088334676827666,True,3.265574328672063,True,True,1,7.003588156828635,241.7892818039697,1
case9,branch1_out,0.0206372841741979,12.123523977441613,4.589968658585915,False,1.187520731687546,False,False,0,1.52625673263409,229.7338776010144,0
case9,branch1_out,0.0305837412697808,22.211606778946685,9.424740245547326,True,1.744879074535192,False,True,1,8.132201278044578,228.9720966198596,0
case9,branch1_out,0.0326450793946422,30.59648069050399,22.03316075324361,True,4.725574802498077,True,True,1,16.703303531724696,236.67136764837764,0
case9,branch1_out,0.0461699149020377,51.0947861027261,22.407959672449657,True,8.817420472220045,True,True,1,27.88326504754196,264.099016986266,1
case9,branch1_out,0.026499612235667,20.35828188195998,4.4649384674765935,False,3.41258400356364,False,True,0,6.051139281935695,258.0473971695994,1
case9,branch1_out,0.0343143550259322,15.049597363783626,9.0514928024681,True,2.382546199909622,False,True,1,4.566755762614168,247.29225481642305,1
case9,branch1_out,0.0414961515388124,18.39677756420631,12.730866008260636,True,2.960955112893125,False,True,1,7.459839607159971,240.95980689898707,0
case9,branch1_out,0.0284442210700162,16.339886978348957,10.539041047348451,True,2.9851785382872986,False,True,1,5.778691511036475,233.2037131874373,0
case9,branch1_out,0.0608069663910777,39.5601927203202,48.66788933968213,True,3.1905079658881728,False,True,1,28.86856475524237,249.44353458901367,1
case9,branch1_out,0.0236797034078789,15.018449383742071,4.308966598903982,False,1.302887111925217,False,True,0,2.912492093927274,239.5176305138545,0
case9,branch1_out,0.0639177435521622,50.21785353853897,17.41011160887735,True,4.889888300633521,True,True,1,25.15993791205939,265.783721001008,1
case9,branch1_out,0.0408506917951835,40.506196588549486,27.03198157771396,True,7.50137628392606,True,True,1,23.71296802437414,279.7115454894567,1
case9,branch1_out,0.0395942488882354,41.555006562954986,28.817318776401223,True,3.88179690460483,True,True,1,24.049058295318822,293.295397503466,1
case9,branch1_out,0.0344610375073367,18.74712097164383,5.631880658820462,True,2.8378731816894813,False,True,1,5.48069931980595,282.7129787247632,1
case9,branch1_out,0.0295998792814209,20.430674181689287,13.718118374883645,True,4.921647551971286,True,True,1,9.165102113703991,274.8723550339762,1
case9,branch1_out,0.0303082295534309,15.080432353523843,3.357903997949544,False,1.7528622541602503,False,True,0,2.7481598269788354,262.4655518841024,1
case9,branch1_out,0.0306301454397331,20.02693321258829,9.54159735289747,True,2.47156291799488,False,True,1,7.220258395762362,256.24592990828046,1
case9,branch1_out,0.0299674306142829,16.61675352496731,8.471078622313481,True,3.839359237343596,True,True,1,5.467572196646419,247.2380904424197,1
case9,branch1_out,0.0379495217626476,39.33493978615549,35.63591972941424,True,7.176809804028883,True,True,1,25.643607772707792,261.84922118433326,1
case9,branch1_out,0.036178230599152,18.410844106639093,8.73663731164657,True,1.7566435656376933,False,True,1,6.027741959941055,254.07514317253904,1
case9,branch1_out,0.0337323242757484,39.31940644439264,38.64991025010126,True,3.2211911793271706,False,True,1,25.748914533092133,267.98703529967776,1
case9,branch1_out,0.0309085568479736,36.65535119299325,47.68662788415817,True,2.641928769622967,False,True,1,27.012049715668667,277.8436829627032,1
case9,branch1_out,0.0458473041795599,29.960631997300982,38.79593911290515,True,3.6756988938891366,True,True,1,21.204237511299866,280.0199466637339,1
case9,branch1_out,0.0489812667685151,22.63966451175118,11.147623137685777,True,1.583444339823659,False,True,1,8.830808065146057,274.6576165091117,1
case9,branch1_out,0.0360878176911555,19.77968002715414,17.20671284185881,True,2.9693679768400383,False,True,1,9.49572746150272,266.97153488535463,1
case9,branch1_out,0.0457206445350504,30.692342797806493,26.145960489881407,True,4.881238049907847,True,True,1,18.01620715584924,270.96672419462567,1
case9,branch1_out,0.0312780523248156,14.340410725671594,6.651177836616271,True,3.0581095994919707,False,True,1,3.627180633719072,258.2104625008347,1
case9,branch1_out,0.024771789276098,12.68912606499774,6.87349085614403,True,0.9912251567578358,False,False,0,2.454855320693645,245.07854231574896,1
case9,branch1_out,0.0427382836839032,25.81603291439926,38.44388911885229,True,3.1334690017939355,False,True,1,18.9178769932141,246.3867209985733,1
case9,branch1_out,0.0385815389184842,23.380084218754064,9.988075006997246,True,2.894558478705344,False,True,1,9.115376307217272,245.12813311747004,1
case9,branch1_out,0.0441382914658391,39.015890150683504,29.86351376310141,True,6.308818047008752,True,True,1,23.57876281367392,259.63120995640656,1
case9,branch1_out,0.0354319486985243,38.418968033621056,30.9687710082351,True,8.049513773985248,True,True,1,23.96001807407811,272.08705699438696,1
case9,branch1_out,0.0485067988204874,21.479860350787284,30.8753210985738,True,2.7668064912123995,False,True,1,14.40588780320826,266.35821164573554,1
case9,branch1_out,0.0490970934551545,18.92205957231093,3.8541818253229767,False,2.8415610431906857,False,True,0,5.035596542390496,258.6444500534729,1
case9,branch1_out,0.0525914533247086,50.79001122298985,48.40533294384607,True,6.130236626216207,True,True,1,34.99265281989199,283.5700162711155,1
case9,branch1_out,0.0347169988108078,22.191018662491032,48.78641292896592,True,5.521064073030125,True,True,1,20.68564602454132,277.40403330649497,1
case9,branch1_out,0.0536907376983546,22.15050655503424,26.601066885010464,True,3.511024244129499,False,True,1,13.607778191846158,271.8141365308797,1
case9,branch1_out,0.0286710503053096,18.57976002796893,5.302381754720906,True,2.03641999526711,False,True,1,5.137878539454159,263.21248290576074,1
case9,branch1_out,0.0345975699149554,15.27897246944415,4.5909625941137175,False,3.001442606864493,False,True,0,3.467063534329089,252.1702070846288,1
case9,branch1_out,0.0428612394749028,19.31828533466185,7.524445167258712,True,1.2426255142620934,False,True,1,6.015001320360958,246.27147171082777,1
case9,branch1_out,0.0415515448588394,36.26808916242571,18.62592273523865,True,2.379001910486887,False,True,1,18.047621783881823,257.9124137021707,1
case9,branch1_out,0.0416338457938182,43.029732139143285,29.1230251231221,True,4.363958087468549,True,True,1,24.97456522400198,275.1509044710969,1
case9,branch1_out,0.0337672904763554,20.85936781471533,11.09844419800916,True,2.5892950483733945,False,True,1,8.127076176435095,268.49518183870254,1
case9,branch1_out,0.0498511492043279,21.83519396134732,10.429743724960788,True,8.370117509907715,True,True,1,9.57054360014344,263.4808576161796,1
case9,branch1_out,0.0562746689230517,26.819638060781923,15.208993453138008,True,6.514013918677774,True,True,1,13.12531985006792,263.95240991534354,1
case9,branch1_out,0.0313363800436258,15.793120900733337,6.721057397057735,True,3.682718012467237,True,True,1,4.499421271977436,253.35028982454253,1
case9,branch1_out,0.0272049468315421,15.40600485602018,1.7686828436496094,False,1.7610027889359303,False,True,0,2.435807838892158,243.42126569810847,1
case9,branch1_out,0.037181079171579,21.08814546019098,9.269750386276517,True,2.495431519867472,False,True,1,7.674084149951938,240.16728458848863,0
case9,branch2_out,0.0367652582952864,15.045551351039109,6.2106096098408585,True,3.024744922980378,False,True,1,3.8409075430678863,231.19610748067888,0
case9,branch2_out,0.0199785533915555,19.70914357882029,4.068969402435367,False,2.8615416478603546,False,True,0,5.497570939712827,227.78564031143128,0
case9,branch2_out,0.0271034002796843,22.867308426329057,13.793579606933102,True,2.2343306558994875,False,True,1,9.868594226424356,227.8743847066172,0
case9,branch2_out,0.0468088143831479,20.682578239287032,11.112025518473978,True,2.589526888301101,False,True,1,8.04280215284593,225.7695244752425,0
case9,branch2_out,0.0338759677703868,15.33272714980503,5.463262803865884,False,3.232414240760765,False,True,0,3.8018252642144335,218.52529917752327,0
case9,branch2_out,0.0157061390455986,15.58744046110689,7.91462155015234,True,2.544773374790419,False,True,1,4.527061370557231,212.2602097208779,0
case9,branch2_out,0.0463281817988997,43.10118500399901,30.41105903465827,True,4.984732676596255,True,True,1,25.52085674771624,234.13537375278912,0
case9,branch2_out,0.0483196686757543,49.26616028238295,23.092368419836312,True,3.837717410669353,True,True,1,26.178334149276235,259.9879966598932,1
case9,branch2_out,0.0301377537534622,23.3752551177116,3.5718124308913977,False,2.190473899854396,False,True,0,7.047266068094094,257.36445211161544,1
case9,branch2_out,0.045260359427268,26.668440432681464,20.98267386663445,True,7.38261122470634,True,True,1,14.955544621272336,258.29644733313535,1
case9,branch2_out,0.0189624218045475,14.477199988844442,3.516537727359101,False,1.344783943300044,False,True,0,2.41251810128996,246.94400258866625,1
case9,branch2_out,0.0485939618323155,25.6019907467847,23.23672221815572,True,6.837373011517219,True,True,1,14.98948664114251,247.85159307658435,1
case9,branch2_out,0.0508918327145153,44.22139976332044,48.78245002400659,True,4.647123820842643,True,True,1,31.524859653030727,267.28783353224634,1
case9,branch2_out,0.039180754908391,22.401266464343227,8.276654459896504,True,2.800868001634273,False,True,1,8.09380317046742,262.96031664336493,1
case9,branch2_out,0.0327376255430107,20.22567259683256,8.027424585868628,True,3.816999865334848,True,True,1,7.134463647243834,256.889957575861,1
case9,branch2_out,0.0388455180634241,20.63784831394322,5.975899814099562,True,2.588477886847542,False,True,1,6.479389678570987,251.8388101322181,1
case9,branch2_out,0.0458014331423575,34.407389167693886,40.15895364444514,True,6.549324564114556,True,True,1,24.4112455900034,261.0623182866902,1
case9,branch2_out,0.0495043305669142,25.308247504612808,45.22245233271754,True,4.227798564416816,True,True,1,20.916419165005028,260.26433396263394,1
case9,branch2_out,0.0370246624008509,17.164275643522164,13.201021167810612,True,2.846612693160016,False,True,1,6.961766710736269,251.4021762098927,1
case9,branch2_out,0.0510374233467583,43.695646986795545,50.460724580559976,True,4.16090426533085,True,True,1,31.668221720631934,269.957605575699,1
case9,branch2_out,0.0337290919010617,15.034316737677807,7.318670441938172,True,1.6864098816171436,False,True,1,3.900041477743784,257.9961617558069,1
case9,branch2_out,0.0423967141117057,39.15763968353701,52.06976643636893,True,7.903227847182807,True,True,1,30.630395342115747,271.3541852637632,1
case9,branch2_out,0.0418398935588202,20.903729972297004,7.535598802463213,True,2.954648127850375,False,True,1,7.153474252457541,265.1224967096839,1
case9,branch2_out,0.0267806790800377,20.671547876685363,8.093172893003507,True,2.864889886120968,False,True,1,7.186703783467927,259.2817949154009,1
case9,branch2_out,0.0210791573220702,13.692373510344035,3.9816661112779577,False,1.875598126135578,False,True,0,2.265806213782521,247.04598893420484,1
case9,branch2_out,0.0371416801431759,15.631585002492924,8.785574547419984,True,2.2456580435116056,False,True,1,4.750596474174778,237.9729750432773,0
case9,branch2_out,0.0270153214760885,15.023622533103904,1.6029515986274503,False,1.570220705927323,False,True,0,2.1567408873256526,229.19930007205343,0
case9,branch2_out,0.0476024921523305,21.6124604775266,24.46094373507811,True,8.601844412448914,True,True,1,13.714882241776516,227.89183054237472,0
case9,branch2_out,0.0448717698353554,20.431597839602347,28.113754707238627,True,4.3610237405425405,True,True,1,13.37213008008127,225.5342453277396,0
case9,branch2_out,0.0410627849711466,20.06484399862248,6.509817138090582,True,2.2683552301324523,False,True,1,6.289038186764905,223.0456647935881,0
case9,branch2_out,0.0350671446256573,18.362660550057228,4.934836569842791,False,1.924601295509336,False,True,0,4.896701505083319,219.10375886428653,0
case9,branch2_out,0.025892993376609,17.63961835913271,5.530443040853066,True,3.785470673552468,True,True,1,5.0860362265327685,214.8330013369906,0
case9,branch2_out,0.0515117681003401,43.42976788530506,28.442060840452537,True,4.1858947161703774,True,True,1,24.934681138022366,236.7794690885966,0
case9,branch2_out,0.0448146924731004,37.45137653225947,32.10089083963672,True,7.190709068951564,True,True,1,23.64409733181106,250.5528987119964,1
case9,branch2_out,0.0373454064999174,17.690337309282775,7.594719693011348,True,3.809987227345686,True,True,1,5.735582008013929,243.1879461500796,1
case9,branch2_out,0.0301643782636288,15.125683136487948,3.633734096397071,False,0.8361479269653294,False,True,0,2.6701913825561605,233.99483467155952,0
case9,branch2_out,0.0428725821417586,28.89225194747908,18.575857014533003,True,7.218897730843689,True,True,1,15.312662624268178,239.48760315188264,0
case9,branch2_out,0.0329727967647963,12.88486438370962,2.3458536145146,False,1.725770367705634,False,False,0,1.3413423497503163,228.423707220404,0
case9,branch2_out,0.056673638051879,45.901516716149736,22.42509306683084,True,4.074141992844941,True,True,1,24.343114676693105,251.4828532145133,1
case9,branch2_out,0.0382266862780346,22.36918514462508,9.848047687260737,True,1.8525813709631207,False,True,1,8.359523152683385,248.70375303768708,1
case9,branch2_out,0.0367044635245349,13.815926985539994,3.659178908071974,False,2.322739522421713,False,True,0,2.320265069675932,237.6493047194584,0
case9,branch2_out,0.0384455798194718,16.45761909526147,9.104962839362912,True,1.8595357449858705,False,True,1,5.182205548436784,230.341993342774,0
case9,branch2_out,0.0336333400966501,16.29755138559649,11.637624754501031,True,1.730290779076433,False,True,1,5.8361212749638405,223.6053453940931,0
case9,branch2_out,0.030191492586618,42.81236796427096,12.421006545379948,True,7.315268120015782,True,True,1,20.44553956975262,244.05717881895475,1
case9,branch2_out,0.0266981813229009,13.053780098052156,5.185969899619087,False,1.1359633681775188,False,False,0,2.1598736925473068,232.70524103511144,0
case9,branch2_out,0.0460939366946809,45.26005261929881,39.20888247497009,True,2.400307228425354,False,True,1,28.722752497825503,254.6947695508991,1
case9,branch2_out,0.0352168630131145,12.430693233238028,4.326941220932621,True,1.1271266664494342,False,False,0,1.588854316188687,241.65598582904724,1
case9,branch2_out,0.031778765176169,41.770507052386975,19.294025458940364,True,8.16588875528737,True,True,1,22.15663891493307,259.2608942985295,1
case9,branch2_out,0.0366803827621632,14.403956677604372,7.737752372784643,True,3.1844097541260665,False,True,1,4.010186001462792,247.73876154628093,1
case9,branch2_out,0.0464999896523535,20.04866348083544,21.71975231193172,True,7.075780748166962,True,True,1,11.805413583630628,243.0135488724883,1
case9,branch2_out,0.04223515094828,27.2538024865112,29.87267806323285,True,7.443160516446723,True,True,1,17.927336765514802,245.96599647175063,1
case9,branch2_out,0.057288882644216,45.24911442959312,36.28638647304966,True,4.9352740108476905,True,True,1,28.347527958880995,266.6185112541687,1
case9,branch2_out,0.0219915620811418,13.65878409037018,1.4869736892996184,False,1.2781983405733377,False,True,0,1.3811238200896438,253.61544421912205,1
case9,branch2_out,0.047633574570828,22.01080424948154,43.84973459795018,True,8.247024208324648,True,True,1,19.65972734579076,250.2647040466913,1
case9,branch2_out,0.0325620046038571,15.405156354528012,7.769046132390023,True,1.0951126357538956,False,True,1,4.102314544131792,240.64338999655024,0
case9,branch2_out,0.0243397771494667,18.189089051421387,4.267793329139467,False,1.6318403761973654,False,True,0,4.551250599692007,234.7681400483166,0
case9,branch2_out,0.0273664854463997,31.975520048150848,47.37194343704565,True,8.505755509763688,True,True,1,25.75049415714186,243.2668460916358,1
case9,branch2_out,0.0496490950632337,41.116988033910914,21.06960688337771,True,3.751149101934141,True,True,1,21.4796059023556,260.0571495163832,1
case9,branch2_out,0.0385578936192879,49.316039676336864,48.57261997297355,True,7.461634627917899,True,True,1,34.57213275564408,283.3674742410817,1
case9,branch2_out,0.0445017633055977,21.93515686421977,48.0746259651934,True,5.493442275566637,True,True,1,20.33865467678124,276.9658836811933,1
case9,branch3_out,0.0425694593695521,49.5201812970456,19.66673273947029,True,4.363648163835445,True,True,1,25.38284010313097,298.78947661011955,1
case9,branch3_out,0.0624439682294875,30.951623265753263,46.61332477545049,True,7.686185099132291,True,True,1,24.847046085338235,299.8621522148609,1
case9,branch3_out,0.0542751260485102,27.494275944258582,35.540761350771845,True,4.448623715127896,True,True,1,19.149091120386423,297.37021293763337,1
case9,branch3_out,0.0429030259022255,22.69581152864633,10.947028206752956,True,3.254629653536586,False,True,1,9.132940157056373,290.3290031725164,1
case9,branch3_out,0.0187994302636561,44.93174707328085,42.165145438864776,True,5.29062650110874,True,True,1,30.023542468521608,306.2278499285456,1
case9,branch3_out,0.0253721114419931,12.647682104865671,3.266785997811134,False,1.8778772687323069,False,False,0,1.529452305522638,288.2527470405567,1
case9,branch3_out,0.0403702332142683,29.71419748807992,24.90345256084752,True,5.894654366433325,True,True,1,17.35706538558088,289.14166982458096,1
case9,branch3_out,0.0305075865667549,21.27653000678656,8.774817137220946,True,2.0121133606561346,False,True,1,7.523132816690792,281.50403284890945,1
case9,branch3_out,0.0365321338206434,18.311968713041978,6.30805017527094,True,1.995193895710794,False,True,1,5.29743818824443,271.6655982770605,1
case9,branch3_out,0.0389505237844315,38.72726132212379,35.75655012967805,True,6.406952520317584,True,True,1,25.221986204028827,283.22629977147824,1
case9,branch3_out,0.0241563715996192,21.42638909884987,11.900348179709743,True,2.4234647127819824,False,True,1,8.617991945894255,276.3300588931803,1
case9,branch3_out,0.030811410213711,22.56548331413317,7.253255093419175,True,1.6934928282813468,False,True,1,7.647416750748608,271.26253631799545,1
case9,branch3_out,0.0447089275635428,21.659965599062204,29.641790048381143,True,6.838048733648863,True,True,1,14.940129560775215,265.7962482852581,1
case9,branch3_out,0.0422181966428784,19.66011022947308,4.0760118592634855,False,2.6280326991229948,False,True,0,5.428465212340184,258.8767336862054,1
case9,branch3_out,0.0301136444516097,18.324043330869905,9.7838658649561,True,3.851518836283154,True,True,1,6.717485192178412,251.3131036484548,1
case9,branch3_out,0.0377244191883187,42.80472014609091,26.41668177103808,True,6.708511691986544,True,True,1,24.519066942754183,268.9865134297002,1
case9,branch3_out,0.0373374215074024,17.47999363492044,6.609774641875624,True,2.9606923857821523,False,True,1,5.165067687179338,259.56785572165063,1
case9,branch3_out,0.0268672962288871,14.921589277592547,13.622303604316311,True,3.276171766022223,False,True,1,6.052720073295613,248.53265942707813,1
case9,branch3_out,0.0572861907836169,22.5419391716126,10.955043703126629,True,3.155957862811729,False,True,1,9.038674269306632,246.2213326559829,1
case9,branch3_out,0.0437417206299227,26.75378177232532,48.488023949948094,True,6.24752512786343,True,True,1,23.022803096719777,248.35298116271,1
case9,branch3_out,0.0370296531635247,37.34334784037828,16.63285734099693,True,4.556808917464844,True,True,1,18.42289290598119,260.8610308868172,1
case9,branch3_out,0.0213247219060961,19.29229598884096,9.917018918824636,True,2.01143997134674,False,True,1,6.873541664337218,254.06722378697648,1
case9,branch3_out,0.0300969405935101,14.284013467534791,1.360859413485369,False,0.9642414314167942,False,True,0,1.5931128440963662,242.9445148758136,1
case9,branch3_out,0.0315350555924224,14.070990804886527,2.076369194857454,False,0.8794291747974441,False,False,0,1.684291995859989,232.7210541931188,0
case9,branch3_out,0.0538950797041992,44.449654965166495,34.01855408145751,True,6.920977119080486,True,True,1,27.6645891308366,253.8986037389733,1
case9,branch3_out,0.0342226207325101,23.096611073651623,10.108755170815543,True,2.687945480787487,False,True,1,8.968521184227972,251.6053544387277,1
case9,branch3_out,0.0223641484072771,22.148218581538544,7.849386419609073,True,1.7561782912348165,False,True,1,7.630160874898956,248.59303757639344,1
case9,branch3_out,0.035155474360532,17.94258546366003,6.467714488186845,True,1.953754938448052,False,True,1,5.152358065975679,241.6763192824141,1
case9,branch3_out,0.0334406649553898,14.390973443676062,5.463690517210492,True,1.6637206393062431,False,True,1,3.017338004862427,231.8996607978488,0
case9,branch3_out,0.0251523203813532,14.722863298339638,5.708608819748403,True,1.1744959898544172,False,True,1,3.1589134930652234,223.4325580164036,0
case9,branch3_out,0.0251616237517907,44.17346196880389,35.363502125783704,True,7.557774802814413,True,True,1,28.05733658269994,245.2627641835672,1
case9,branch3_out,0.0554134680244838,27.45842086978265,34.53383836572903,True,8.630999524503085,True,True,1,19.66556184951065,248.19490863499308,1
case9,branch3_out,0.0522506270768434,36.68078931913647,38.69286081387671,True,6.506825532303881,True,True,1,25.09961801019202,260.05620709063027,1
case9,branch3_out,0.0533576527723247,19.593044473804778,41.81771742413106,True,6.4461398027425405,True,True,1,17.481065424690215,253.64363085537204,1
case9,branch3_out,0.032105579348722,17.854420637610456,3.811770045894788,False,1.1802692022157455,False,True,0,4.156795173016814,246.13368840744528,1
case9,branch3_out,0.0263791294058779,21.639784730728763,3.824489023807539,False,2.248315571243048,False,True,0,6.266902186755253,243.1601042974295,1
case9,branch3_out,0.0184341183429634,17.273321097146304,9.232217589727632,True,1.827756917441934,False,True,1,5.6218772089798295,236.11741496483285,0
case9,branch3_out,0.0450010431548646,21.80593231446804,29.57053474124404,True,4.588063796399945,True,True,1,14.541739338887218,234.3116057828176,0
case9,branch3_out,0.0183712140166217,12.134270958868472,2.234235748472184,False,0.786169769864143,False,False,0,0.7446401579487203,223.0147161634044,0
case9,branch3_out,0.0350765348232701,20.03719850445817,9.229728116982509,True,2.025860095592394,False,True,1,7.042689706442319,220.75044305152207,0
case9,branch3_out,0.0345996857633577,18.735487615842057,11.97545519224174,True,1.811313015149376,False,True,1,7.1726429686234265,217.41088636221195,0
case9,branch3_out,0.0321381062979867,48.68996274407866,48.992550001025805,True,6.024262677003714,True,True,1,34.097598907747816,244.3597604700694,1
case9,branch3_out,0.0255533973015746,12.541576173498504,2.591922979887438,False,1.0072000721660346,False,True,0,1.099804995148691,232.46536059656097,0
case9,branch3_out,0.0571163768858507,28.431213968740582,18.18803677655884,True,4.147275611302153,True,True,1,14.351473139598374,237.65003850564548,0
case9,branch3_out,0.0295223022001843,19.698213479522625,12.744705800208443,True,3.022444185051505,False,True,1,8.127007316834147,233.5832481346036,0
case9,branch3_out,0.0372953411376991,24.78662510958156,25.49703092719753,True,7.346880445066118,True,True,1,15.36179792196326,235.0115484307248,0
case9,branch3_out,0.0577053119061852,30.440098379221567,11.260987702242842,True,8.48028604803057,True,True,1,14.14440270988975,241.95049196687387,1
case9,branch3_out,0.0541485034534521,28.255910567616485,51.62219437059812,True,2.630910438349493,False,True,1,23.990795682657573,246.01135333780297,1
case9,branch3_out,0.0244195334316131,12.79117802390729,3.572632777004197,False,0.657006477972111,False,False,0,1.4487801406493268,234.20139602793,0
case9,branch3_out,0.0245328866528504,15.0971344826874,2.27124328330644,False,1.1123593266110865,False,True,0,2.302412091657849,225.8783909078244,0
case9,branch3_out,0.0201230277620099,11.88721460305756,3.085131263159083,False,1.0923008034941912,False,False,0,0.937606841175344,215.17776642009952,0
case9,branch3_out,0.0354443738417436,14.903788086585314,2.808643766560749,False,1.6408456671733158,False,False,0,2.4726563066955447,208.56377786467488,0
case9,branch3_out,0.0602661816025823,25.97221581351652,32.561172538944035,True,4.4157619266585,True,True,1,17.487612053773166,213.679615891724,0
case9,branch3_out,0.0300437502697522,14.059475634696872,2.566064455006951,False,0.5994334249511085,False,True,0,1.769443838840743,206.3711299372484,0
case9,branch3_out,0.0465549490241368,50.017186578695,16.42990495249528,True,7.965270179968493,True,True,1,25.38061881108978,235.7512035222186,0
case9,branch3_out,0.0606498925737543,32.26423682019974,18.22243778477195,True,6.729545104771025,True,True,1,16.79475876648566,244.44031999019649,1
case9,branch3_out,0.0297771598561473,32.97103860453717,37.38024143177061,True,6.788348987291196,True,True,1,22.907261529258005,252.967326595714,1
case9,branch3_out,0.0417041663656063,35.264579204199975,39.51289431032593,True,8.231172126569565,True,True,1,24.98239232051168,262.9351731403426,1
case9,branch3_out,0.0235393401950161,13.456698611005123,4.752637302417146,False,1.7490900616325382,False,True,0,2.353958508554213,250.09835443731347,1
case9,branch3_out,0.0414266184768129,19.7730044917022,50.11320807656711,True,8.278872481156005,True,True,1,20.42623916505243,244.86152348528435,1
case14,baseline,0.0203671725962055,11.06913688594538,4.566004992248847,True,0.7747375635698687,False,False,0,1.124749010388628,231.44450802270129,0
case14,baseline,0.0183075301785385,10.385889770867744,0.565047272833343,False,0.3919394854982649,False,False,0,0.0,218.6859469912989,0
case14,baseline,0.0181316896086791,11.199717681480202,0.0100535845824852,False,0.3533325824397874,False,False,0,0.0,208.01706997364923,0
case14,baseline,0.0250229645456324,11.218480087193791,0.1608607184077418,False,0.2990650406391268,False,False,0,0.0,198.4338430634781,0
case14,baseline,0.0168489072340119,11.78548172476395,0.5127851760361302,False,0.443209882098772,False,False,0,0.1427408623819746,190.37594048189425,0
case14,baseline,0.0161248290528813,10.903874899224444,0.374183504956676,False,0.651280665463728,False,False,0,0.0302561330927455,182.24222133292923,0
case14,baseline,0.0191402603254436,12.293791133773317,1.3123508545222016,False,0.506363901821908,False,False,0,0.4918736036076995,176.31179033340962,0
case14,baseline,0.0143109642017318,11.23037550285305,1.1193193337977776,False,0.5842178575705346,False,False,0,0.0526393716534401,169.91098680292168,0
case14,baseline,0.0224089185393064,12.073136038813924,0.3861462196992383,False,0.7013276482496362,False,False,0,0.3268335490568894,164.99302416144343,0
case14,baseline,0.0288332774464571,11.941647536325323,0.4421977236455505,False,0.0871402910165389,False,False,0,0.2208237681626617,160.43536928162442,0
case14,baseline,0.0233172386457575,11.618888982839346,1.6019731892232094,False,0.9062210099599434,False,False,0,0.3212806501786245,156.01072133630132,0
case14,baseline,0.0291384049147484,12.399237103813716,1.219527633015932,False,-0.0363733539090935,False,False,0,0.5154768418116377,152.80888630648488,0
case14,baseline,0.0185691568165601,11.62795328829656,1.851645198794499,False,0.1023476040742064,False,False,0,0.3194702037866304,149.15595096413296,0
case14,baseline,0.0203857239294156,11.617382102228271,0.4446719321400084,False,0.5663581461056856,False,False,0,0.0719626803352727,145.85773796994795,0
case14,baseline,0.0150116271362967,11.417051894150504,0.2149705876078331,False,0.7464839697505288,False,False,0,0.0492967939501057,142.68901606710364,0
case14,baseline,0.0143115627172463,11.584091443152724,0.3553273672490084,False,0.6505632034034352,False,False,0,0.0721583622570491,140.004205903546,0
case14,baseline,0.0161990527551895,10.978748820774618,0.1873191922012577,False,0.4226543984218139,False,False,0,0.0,136.98253413396603,0
case14,baseline,0.0338298980721963,11.537530227456491,3.248999134324017,False,0.6044476650176749,False,False,0,0.7143543870289858,134.82181094802593,0
case14,baseline,0.0198424383778848,11.128854494404225,0.3223704131167091,False,0.4304895118784625,False,False,0,0.0,132.46848434762757,0
case14,baseline,0.0180045057308953,10.937028371542452,1.0437316059924082,False,0.3173515522598985,False,False,0,0.0131194817977224,130.15866428440725,0
case14,baseline,0.0177022552941912,12.521950642129518,0.9292631036545642,False,0.5207282001215402,False,False,0,0.515120961089067,129.66474849809606,0
case14,baseline,0.0313920099326461,12.914101980076682,0.1374766655458434,False,0.8540270713459456,False,False,0,0.7778564043075299,129.61237562836314,0
case14,baseline,0.0217253768847292,12.073993035212789,2.422107753342533,False,-0.0308253234314756,False,False,0,0.7136288436091542,128.72513110073962,0
case14,baseline,0.0192221715273908,12.55728910960286,0.5671356977581663,False,0.3395106459154092,False,False,0,0.5286445548014296,128.40990710026853,0
case14,baseline,0.0210901254606628,11.887782489113944,0.2294737523178842,False,0.4506197826513809,False,False,0,0.1938912445569718,127.45669887935564,0
case14,baseline,0.0165700097914028,10.87628941521256,5.961008798295931,False,0.0840361683938959,False,False,0,1.4883026394887793,125.58731840663262,0
case14,baseline,0.0322229137629125,11.729443185148543,-0.0040604428480867,False,0.4881181263204356,False,False,0,0.1147215925742717,124.7580297511179,0
case14,baseline,0.0165947241969266,11.067288159168678,0.3369422252323348,False,0.5795325101344593,False,False,0,0.0159065020268918,123.3495149351748,0
case14,baseline,0.0161463147014956,12.008175738956616,0.7019530246076926,False,0.4724187224760754,False,False,0,0.2540878694783073,123.02273918061394,0
case14,baseline,0.0244932422934245,11.266081053879624,1.5108393824134556,False,0.3220845454473597,False,False,0,0.1532518147240366,121.98654631643215,0
case14,baseline,0.0136765678412197,11.12562551974246,0.6636341904617621,False,0.3894673286481564,False,False,0,0.0,120.91351720453142,0
case14,baseline,0.0260417390878678,11.458718749786104,1.8559641109643288,False,0.619962172008911,False,False,0,0.2807816676910807,120.28088423386438,0
case14,baseline,0.0132797768576407,11.823456911612228,0.6501223224139755,False,0.4852612001742214,False,False,0,0.1617284558061138,120.07625272209016,0
case14,baseline,0.0211748893740812,12.445422158497983,0.2158205613139497,False,0.2983648513059206,False,False,0,0.4727110792489926,120.51404960837914,0
case14,baseline,0.0190111547764719,9.74611301033072,0.6521086857554729,False,1.2107560420891543,False,False,0,0.1421512084178308,118.20875765787194,0
case14,baseline,0.024104834421842,10.696136745524258,1.0291627187016237,False,0.3562149296627065,False,False,0,0.008748815610487,117.084018637609,0
case14,baseline,0.01443240383786,12.122092682124666,0.0437329011663955,False,0.1284848744876564,False,False,0,0.3110463410623332,117.49770945597275,0
case14,baseline,0.0171693570569621,11.90888028112831,0.3253359225673088,False,0.1074256656242162,False,False,0,0.2044401405641549,117.6568187915038,0
case14,baseline,0.0225135744588662,11.383143848296394,0.3805088914904262,False,0.3243747823518336,False,False,0,0.0,117.27428076064982,0
case14,baseline,0.027995783422643,11.188535217427638,0.4542980791875575,False,0.2940055585791208,False,True,0,0.0,116.73538790201248,0
case14,baseline,0.0219922456142893,11.785078935398616,5.60435930026624,True,0.1892872478785746,False,True,1,1.52384725777918,116.84692804720984,0
case14,baseline,0.0213177337028908,10.911130923052577,1.0603061890629204,False,0.1798622682412501,False,False,0,0.0180918567188761,116.07336616554144,0
case14,baseline,0.0230742069865148,11.734083885300112,0.3713837622001295,False,1.008627474403331,False,False,0,0.2187674375307224,116.20011343428742,0
case14,baseline,0.0205977846229924,10.522482789890612,0.9113124208665436,False,0.0862496621121132,False,False,0,0.0,115.10258488074928,0
case14,baseline,0.0228970949144948,11.589455345736068,0.8225973760104907,False,0.3266867075310002,False,False,0,0.0447276728680341,115.18178173841044,0
case14,baseline,0.0241332076769494,12.270551144794478,1.321905970515468,False,0.5025342587732021,False,False,0,0.4823542153065198,115.93415470936388,0
case14,baseline,0.0125542679105043,12.654102986642345,0.2090533521812583,False,0.1133200102282428,False,False,0,0.5770514933211714,116.99484222506985,0
case14,baseline,0.0209947484824165,10.592865889355624,1.1884664087494723,False,0.6607111700043004,False,False,0,0.0886821566257018,115.88822389191849,0
case14,baseline,0.0239589820640173,12.745603497657491,0.1382515364575827,False,0.4794441572919812,False,False,0,0.6228017488287456,117.04500500038412,0
case14,baseline,0.025272060561097,11.717775792484195,1.4943444324612094,False,0.7877736559707551,False,False,0,0.3147459571746123,117.0582802928299,0
case14,baseline,0.0264513056452303,10.328346956301676,0.4034039276574667,False,0.4824427191238589,False,False,0,0.0,115.6807992198486,0
case14,baseline,0.0142151076242885,11.926712270337982,1.3879224275932405,False,0.0069936005123791,False,False,0,0.3297328634469629,116.03943156820172,0
case14,baseline,0.0171750904448396,11.978188488458285,1.9614632490232304,False,0.3888693439302034,False,False,0,0.5275332189361106,116.41367689983984,0
case14,baseline,0.0169240616214219,12.851373326946677,0.0019930820430331,False,0.8335270548045495,False,False,0,0.7423920744342473,117.62368253680252,0
case14,baseline,0.0227668178438631,12.110326277223118,1.1396643023211923,False,0.7541824645686221,False,False,0,0.3978989222216411,117.9716405603454,0
case14,baseline,0.0210580019029425,11.31358588475174,1.8370663193558368,False,0.1603748286591232,False,False,0,0.2511198958067511,117.48806238906262,0
case14,baseline,0.0218070776188599,12.2430814049587,0.5442714928654171,False,0.8060744565746372,False,False,0,0.4327555937942772,117.98233755511508,0
case14,baseline,0.0163516768808943,11.006328914952602,2.852261261674753,False,0.7271619139755477,False,False,0,0.6011107612975354,117.19043271455617,0
case14,baseline,0.014311310020943,12.108070592577109,0.686105267831032,False,0.4472369965617381,False,True,0,0.3040352962885535,117.57946003567766,0
case14,baseline,0.0175760466182155,10.404180770219885,1.305800215954835,False,0.6959690033159895,False,False,0,0.1309338654496484,116.22569480232976,0
case14,branch1_out,0.0279889032306009,49.24778190260134,44.21049005686069,True,6.9255392395836415,True,True,1,33.122145816275605,153.85090722469815,0
case14,branch1_out,0.035652224925316,20.77103023682703,50.19811319323088,True,4.298431822576823,True,True,1,20.154635440898144,159.23684673905535,0
case14,branch1_out,0.0260060063515237,15.13526021697735,1.5674157975649603,False,1.4014050615055174,False,True,0,2.168135860059267,158.44842228212715,0
case14,branch1_out,0.0505300011135442,32.35929940386299,25.13669096475472,True,7.818530005150177,True,True,1,19.134362992387945,174.96287945777743,0
case14,branch1_out,0.0418828413930045,48.88675868959434,17.794443119926594,True,7.241714656934856,True,True,1,25.08005521216212,206.35335020159405,0
case14,branch1_out,0.0303419448412829,31.352503410455423,27.25144359626104,True,5.577298466981641,True,True,1,18.81714447750235,217.07051859189005,0
case14,branch1_out,0.0382012753668664,14.247140389839547,6.219574435474601,True,3.5311699500877345,True,True,1,3.545676515579702,209.6106071225406,0
case14,branch1_out,0.0553143677459557,39.77061874248952,21.70569993465838,True,3.760433852107485,False,True,1,20.99910612206377,228.4201651527761,0
case14,branch1_out,0.0470683777454089,25.235582985695785,20.567707489461704,True,4.221529712828932,True,True,1,13.482409682252188,230.81373162319423,0
case14,branch1_out,0.0298415176227525,13.84033056561677,10.883699489567231,True,1.9976205304266028,False,True,1,4.434799235763875,221.5726890264916,0
case14,branch1_out,0.0487649033695468,50.39813779697832,18.37729429363385,True,6.934519687976128,True,True,1,25.94916112417454,249.8135579208208,1
case14,branch1_out,0.0281763039335592,18.96005421544384,12.334810248657185,True,1.7286700970874742,False,True,1,7.376204201736568,243.79225634418256,1
case14,branch1_out,0.0349970190485867,21.316065592161056,10.938435599838105,True,2.394666947950101,False,True,1,8.26849686562198,240.72909630192527,0
case14,branch1_out,0.0316760253051844,18.792655345082007,10.169606330733366,True,2.105873302409193,False,True,1,6.718384232242853,235.4488420168149,0
case14,branch1_out,0.0211530193499022,12.88649478193972,6.368709800163627,True,0.9825828131749336,False,True,1,2.400376893653936,224.7904525970731,0
case14,branch1_out,0.038018930913116,23.37505715446499,9.387194028144426,True,2.657855387132548,False,True,1,8.885257863102332,225.6864644918308,0
case14,branch1_out,0.0281376839157579,12.386143579063267,4.26215225723457,False,1.251517277220238,False,False,0,1.5720209221460533,215.503961621711,0
case14,branch1_out,0.0373152449940013,22.922215346185297,10.329918773193754,True,3.4990455096050352,False,True,1,9.10989240697178,216.8757808057252,0
case14,branch1_out,0.0344219532638947,15.9923745870539,10.275604079324197,True,2.3599035081210773,False,True,1,5.400849218948423,211.18057731220657,0
case14,branch1_out,0.0260751141410504,18.06922958457669,5.699153884767314,True,2.474387562557413,False,True,1,5.089238470230019,208.1317491655626,0
case14,branch1_out,0.0451386414302626,34.461384402313605,30.709318554096978,True,2.9716803466337387,False,True,1,20.887823836712645,221.77995865132,0
case14,branch1_out,0.0462654992791711,33.07697491192627,11.71240263629966,True,5.5138023491754256,True,True,1,15.004968716688118,232.67893769811425,0
case14,branch1_out,0.0352263647953286,22.3220815676172,5.87079578564096,True,2.3422734838457053,False,True,1,7.240734216270028,231.73312549592,0
case14,branch1_out,0.0363785905665641,15.56124489288944,3.5828691864349067,False,3.508152028983001,True,True,1,3.4071136081717928,224.12105783921743,0
case14,branch1_out,0.0252590240556401,15.07639253514796,1.5000181783730029,False,1.2281754830180345,False,True,0,2.083836817689488,216.78534459044369,0
case14,branch1_out,0.0529192001783957,29.50684413197156,29.354472261211903,True,3.588373692445616,False,True,1,18.12743848283847,224.6136542633709,0
case14,branch1_out,0.0298819385518384,14.127420476232247,5.458520884638066,True,0.9240556120596144,False,False,0,2.7360776259194663,216.27970931326607,0
case14,branch1_out,0.0635444240259544,31.298988831318223,22.84875402813918,True,4.518619972559078,True,True,1,17.257844618612683,225.9507272132577,0
case14,branch1_out,0.0327543430151346,17.90169743146116,11.40012715807388,True,2.3641991212201643,False,True,1,6.693726687396776,221.25735192339303,0
case14,branch1_out,0.0301104042437805,20.7488990100097,7.699179268568535,True,3.00903850277841,False,True,1,7.136010986131094,219.88051574106345,0
case14,branch1_out,0.0364237761332919,14.141265224387826,3.374635175931504,False,1.1608913099942149,False,True,0,2.1652014269722075,212.0337293913449,0
case14,branch1_out,0.0276949054086202,13.49838353304079,1.0473499973293452,False,1.5780791071082427,False,True,0,1.2290125871408475,204.32873998525125,0
case14,branch1_out,0.0415700898452732,50.15965235640067,24.540360877313063,True,8.198008544472257,True,True,1,27.931536150288707,234.0555183431268,0
case14,branch1_out,0.0196179900135498,18.012137590043153,3.310472459041576,False,3.1018585512432404,True,True,1,4.469582242982697,228.66210409885727,0
case14,branch1_out,0.033751837431727,17.677850297563474,14.147323265547078,True,1.267447013482322,False,True,1,7.186611531142324,223.47374398653503,0
case14,branch1_out,0.0458352145390425,48.71800389196139,48.14360345148619,True,4.42787168062487,True,True,1,33.53765731755153,249.8443734798429,1
case14,branch1_out,0.0722662531018989,35.465201517636444,37.82703750035423,True,5.91221312983956,True,True,1,24.1131546348924,260.3251376494951,1
case14,branch1_out,0.0361248984579484,18.981228546904926,6.489607385753828,True,3.10272632323755,False,True,1,5.908041753826122,253.2738524314505,1
case14,branch1_out,0.0371535858416467,21.61130953608393,6.598339151749698,True,1.733759861848153,False,True,1,6.981908485936505,249.5577767243894,1
case14,branch1_out,0.0429441663288515,43.33610623010576,12.34545045284663,True,3.27993256529878,False,True,1,19.877674763966624,267.93810528205626,1
case14,branch1_out,0.0341056186801481,41.2610709108348,39.181894196663606,True,6.262422119035154,True,True,1,27.487588138223515,282.4053656646854,1
case14,branch1_out,0.0419982808653279,23.546847210931467,48.01039393962954,True,2.841523961141946,False,True,1,20.594846579582985,277.71167630914834,1
case14,branch1_out,0.0343234336201278,50.4676427078532,49.3844641834226,True,6.86791122134963,True,True,1,35.2727428532233,300.4081513860868,1
case14,branch1_out,0.0370494058121511,21.703444060296388,39.818396389338616,True,2.9392269699247504,False,True,1,17.235086340934732,292.07078030777444,1
case14,branch1_out,0.0296169317909812,13.599010910631836,4.105600982795068,False,1.175035721947275,False,False,0,2.1161928945438926,276.4627131876288,1
case14,branch1_out,0.0435052591605318,36.25540069024464,23.71534293224538,True,3.649776281227826,False,True,1,19.82225848104149,285.07184255911056,1
case14,branch1_out,0.0355165966655844,19.46245160052361,4.932895564071606,True,2.5032402788753045,False,True,1,5.561742525258351,276.0271099037231,1
case14,branch1_out,0.042692392596884,15.834673109850888,9.044150502126625,True,3.2292588877690647,False,True,1,5.126433483117244,264.25907202320167,1
case14,branch1_out,0.0368483305475185,17.07015949669757,10.463554427753191,True,2.3093037746697163,False,True,1,5.986006831608686,254.90332431757903,1
case14,branch1_out,0.0205394944797937,15.845341082886364,3.166831140768795,False,0.9082230494650306,False,True,0,2.9043644935668267,245.25833296870752,1
case14,branch1_out,0.0237248972374332,13.381357147573569,2.671538189792208,False,1.3497206658738272,False,False,0,1.6120841638992125,234.1138568194104,0
case14,branch1_out,0.0286890428836898,13.05397594264674,2.217759983809492,False,1.2283543154260963,False,False,0,1.2879868295514372,223.75644708011603,0
case14,branch1_out,0.046410545483193,36.19666117897704,13.712083374171817,True,7.081946587623241,True,True,1,17.478344919264714,237.57746355108145,0
case14,branch1_out,0.0388794087359566,20.54156662293825,39.9210466280462,True,6.5533001519301175,True,True,1,17.40775733026901,234.3612838189116,0
case14,branch1_out,0.0455489305727591,20.91882636080619,10.667472405014754,True,1.766467488855311,False,True,1,7.862948399678583,231.8439817978266,0
case14,branch1_out,0.0331152529095499,22.922619456465007,6.151121610817614,True,1.6480946126879985,False,True,1,7.486265134015388,231.58220307450893,0
case14,branch1_out,0.0277795566162803,23.83363839732524,6.877674836399599,True,2.61349754864207,False,True,1,8.352821159310913,232.2576211643833,0
case14,branch1_out,0.0268752997605545,14.524681991092596,1.649096964028928,False,0.9338392784739136,False,True,0,1.7938379404497589,223.5565410390376,0
case14,branch1_out,0.041697555503442,19.87428644381715,6.478306582973208,True,1.947573319687284,False,True,1,6.120149860737995,221.0751733789509,0
case14,branch1_out,0.0397459777611203,39.30518115201183,27.37734202425078,True,5.159694368553025,True,True,1,22.74773205699176,238.2728371930677,0
case14,branch2_out,0.0494051818761266,46.64350068968764,19.608882990506302,True,6.67645652804018,True,True,1,24.389706547603744,261.08905416344857,1
case14,branch2_out,0.0317493769255156,14.972274291059485,15.132333690623778,True,3.4709338823661544,True,True,1,6.5700240291901055,249.9524230381632,1
case14,branch2_out,0.0432088812196865,22.64248063104093,33.39408499588243,True,8.678399346908051,True,True,1,16.925145683666805,247.59966136538785,1
case14,branch2_out,0.0284270995505699,22.82655057021788,8.416006432910986,True,3.062218293746841,False,True,1,8.400520873731603,245.66624579906693,1
case14,branch2_out,0.0357298603544977,16.71146399456777,7.796826517597962,True,1.7233005952983635,False,True,1,4.889440071622945,237.811085213728,0
case14,branch2_out,0.0308931047352757,19.374125210276024,5.031364918650861,False,3.677513811992484,True,True,1,5.781974843131767,233.40410190263125,0
case14,branch2_out,0.0250536237438299,17.959328215706662,12.636566789053733,True,2.718127169508001,False,True,1,7.16425957847105,228.0230199280748,0
case14,branch2_out,0.0391198016813651,49.75879762354888,24.30976203696485,True,8.149492141257426,True,True,1,27.652225851115382,254.97951555881616,1
case14,branch2_out,0.0210563069800336,15.352484550153909,2.280528023989865,False,1.099012785574456,False,True,0,2.430203239388804,244.83404855308848,1
case14,branch2_out,0.037723612421021,11.727023575129108,3.088034942634706,False,1.2813724716953403,False,False,0,0.8961967646940338,232.0776672729088,0
case14,branch2_out,0.0284329345701441,40.37691361636951,43.08845871752533,True,3.298405358468292,False,True,1,27.62467549513601,249.24681416198737,1
case14,branch2_out,0.0353968197364025,12.543329338891333,4.729188058846457,False,1.136440496237399,False,False,0,1.7677091863470824,236.86546208468,0
case14,branch2_out,0.0265242540070629,15.75836825736789,4.4072697546760216,False,1.0087087898776712,False,True,0,3.2531068130622858,228.93728413357988,0
case14,branch2_out,0.0540607174134064,47.41241483400724,35.192203247993405,True,3.496990452408728,False,True,1,28.813266481883385,253.4559705542291,1
case14,branch2_out,0.035028903342338,19.42484243007976,4.388556820045348,False,2.440055776025246,False,True,0,5.366999416258531,247.535215928886,1
case14,branch2_out,0.0496740342419375,43.08580423515296,46.5275656715511,True,3.399988746244332,False,True,1,30.03116956829068,265.86749857115035,1
case14,branch2_out,0.0260581492328903,13.89877141999282,3.4555144599696512,False,1.1121056522609534,False,True,0,2.0584611784394964,253.1795201340281,1
case14,branch2_out,0.0306759175101386,18.288952347361715,6.709968919421877,True,1.2545455200627875,False,True,1,5.258375953519978,246.15052046798704,1
case14,branch2_out,0.0356836437609964,26.068261138529216,29.046259951636923,True,7.257903303079208,True,True,1,17.049589215371526,247.60372955971755,1
case14,branch2_out,0.0313214157800565,12.748317186155129,3.064702354150593,False,0.9384826161357144,False,False,0,1.331265822549884,235.5916737899009,0
case14,branch2_out,0.0279421468859622,13.004011308155413,3.2253518687097724,False,1.1172066836453165,False,True,0,1.543052551419701,225.03651771906627,0
case14,branch2_out,0.0660022791703584,19.64499654283735,14.617943540531778,True,4.9284178705133295,True,True,1,9.043564907680874,222.177862489997,0
case14,branch2_out,0.0260383991682995,13.390351384450968,4.634315371937334,False,2.6868371500924755,False,True,0,2.472837733825179,213.3504276254483,0
case14,branch2_out,0.0235800702491792,17.67394244313118,12.113231127598317,True,1.356153515708436,False,True,1,6.592171262986772,209.68932730603467,0
case14,branch2_out,0.0228016982799433,11.707369607370408,4.308981672995845,False,1.2735834358658682,False,False,0,1.251095992757131,200.4277641828016,0
case14,branch2_out,0.0371042762103413,22.4794120476142,8.965211527246176,True,1.712669961071312,False,True,1,8.121803474195211,202.86439981213564,0
case14,branch2_out,0.0490568529592086,30.44175570552918,17.48886561512695,True,6.897032182266942,True,True,1,15.696943973756063,213.0197155364513,0
case14,branch2_out,0.0538046737394457,32.44694768950219,44.62040610489304,True,6.428444987553202,True,True,1,24.74528467372965,224.16469167230832,0
case14,branch2_out,0.047394129454541,32.02128509005843,32.57236676079303,True,6.316231584488233,True,True,1,20.895598890164766,233.769507595136,0
case14,branch2_out,0.0339208254391936,15.965757692955448,6.837204613185701,True,3.8885159159186222,True,True,1,4.661743413617159,226.3583145285777,0
case14,branch2_out,0.0507661181847255,49.834023210640645,26.12218827820329,True,8.014830318932143,True,True,1,28.206634152567734,253.55650628636064,1
case14,branch2_out,0.0436755750621286,18.765159636484142,6.748128995397278,True,2.325804267768821,False,True,1,5.72217937041502,246.96601529420872,1
case14,branch2_out,0.0283206209436232,19.743948388109803,7.2666633361274675,True,2.182025723575837,False,True,1,6.338378339608309,242.01336215289768,1
case14,branch2_out,0.0519646419644492,36.13150525679213,21.77852851084508,True,3.735994787559047,False,True,1,19.1965101391614,253.94353119440004,1
case14,branch2_out,0.0313254911842061,13.899795349584243,2.136177030717535,False,1.5424545496991198,False,False,0,1.7492416939472062,242.44897342454428,1
case14,branch2_out,0.0229874154539117,13.59795561171888,2.1793847091975755,False,1.681951977332311,False,True,0,1.6391836140851752,231.80203169380871,0
case14,branch2_out,0.0249583979910083,22.22843424857964,9.361339458012308,True,3.595134188071815,True,True,1,8.491645799307877,230.8502627730075,0
case14,branch2_out,0.0442696560814945,36.09142995802388,47.95984078453787,True,2.672206847419897,False,True,1,26.81810858385728,243.8566664537306,1
case14,branch2_out,0.0495411413171731,33.47200370354846,20.791273613288386,True,8.58989556317205,True,True,1,18.54136304839515,252.94300351190603,1
case14,branch2_out,0.0409035492754569,24.17782629575364,32.90392408683714,True,4.63503179156061,True,True,1,16.737096732240083,251.82652945646907,1
case14,branch2_out,0.0375516873599103,13.753100827309124,8.420344592747817,True,1.8221286135391708,False,True,1,3.617079514186741,240.39697733813128,0
case14,branch2_out,0.0485027609908057,36.447759839003126,16.186105609430648,True,6.058001823390942,True,True,1,18.141311967008946,252.80503944332128,1
case14,branch2_out,0.0307760884137608,25.628744616554524,41.72049003159899,True,3.951388979515102,True,True,1,19.97079711365998,253.15328011554368,1
case14,branch2_out,0.038037957801019,19.568768008072603,5.083964574035051,False,3.318105482536366,False,True,0,5.823194472754089,247.40672011206192,1
case14,branch2_out,0.0324300340378151,14.131040781123698,5.143778725120159,True,1.0061504534136347,False,True,1,2.659884098780623,236.79708888197945,0
case14,branch2_out,0.0348391900340992,43.15876180008275,38.814388175042765,True,5.47856533195896,True,True,1,28.169410418946,256.2761417938642,1
case14,branch2_out,0.0589731103917535,22.30222409296137,45.71877277749036,True,3.526078484854721,True,True,1,19.42195957669874,252.9507517074392,1
case14,branch2_out,0.0267749995425647,25.76286254656664,42.69295752744822,True,4.940858521879223,True,True,1,20.52749023589363,253.41853908326192,1
case14,branch2_out,0.0177490553960686,13.94577062896002,1.6535430413106476,False,1.1673495553177495,False,True,0,1.552418137936755,242.02245580389567,1
case14,branch2_out,0.0214651977039602,15.206298855257971,6.921612140180584,True,2.5093807414988545,False,True,1,4.031509217982933,233.0265090787641,0
case14,branch2_out,0.0545560729090879,47.89394479969253,34.665793680411525,True,2.968052919563989,False,True,1,28.79032108788252,257.61780297058027,1
case14,branch2_out,0.0267321659878315,11.36609906109348,5.667835694056525,True,1.1406250740249242,False,False,0,1.5284757230219423,243.2221217346157,1
case14,branch2_out,0.0292609222893026,16.517580665479457,10.234937744126618,True,2.3833421689086,False,True,1,5.655940089759435,235.4174902266336,0
case14,branch2_out,0.0386671061412814,43.249440814894655,11.718357626180572,True,4.858290182354435,True,True,1,19.961885731772387,255.1251820188649,1
case14,branch2_out,0.0446872704467617,38.73960029698687,41.03248020375443,True,4.890027313429508,True,True,1,26.507549672305668,268.3522641139653,1
case14,branch2_out,0.0205999041437874,15.151702072610233,1.9587482435585448,False,1.0961288773242328,False,True,0,2.2327012848375256,256.668739775179,1
case14,branch2_out,0.0459940274967543,49.00397925626165,27.15051699577084,True,3.398329029753917,False,True,1,27.17681053281285,280.0058450539228,1
case14,branch2_out,0.0282572045403087,17.3745731423509,8.835595638963632,True,0.9814133505042204,False,True,1,5.384247932965383,269.3798336908814,1
case14,branch2_out,0.0452851788280829,33.06458701114636,21.58255810800804,True,7.0419459045850274,True,True,1,18.265450118892595,275.50643733293964,1
case14,branch2_out,0.0315288232969528,22.12212672451905,8.496341015178595,True,2.417031536280306,False,True,1,7.943371974069164,270.0779203241647,1
case14,branch3_out,0.0289943697525934,17.40527848699169,6.306435658671795,True,2.5953626049213194,False,True,1,4.963642462081648,260.47540677874,1
case14,branch3_out,0.0353643766877858,39.80216356728628,29.90107255908936,True,7.999509243558997,True,True,1,24.321305400081748,274.23002966815227,1
case14,branch3_out,0.0627306824701677,48.157596244814464,35.42346626740895,True,2.9955244048499887,False,True,1,29.15494288359991,294.9646229461515,1
case14,branch3_out,0.032117512190648,46.92897849494232,28.17405466638916,True,3.6839826053342657,True,True,1,26.50350216845476,312.3971391464787,1
case14,branch3_out,0.0138141350536739,14.928389828866209,1.9271784157748053,False,0.8001332036026295,False,True,0,2.052375079886071,296.0858150606971,1
case14,branch3_out,0.0300280689604084,18.020535639936323,12.051085699000769,True,2.0644844769107022,False,True,1,6.8884904250505326,284.4977691945637,1
case14,branch3_out,0.0258950108356058,20.96496858811368,9.59557655867253,True,1.708870371513883,False,True,1,7.552931335961376,277.012960863221,1
case14,branch3_out,0.025191925689098,13.899203574737315,1.303408456036086,False,1.5883681165905983,False,True,0,1.5082979474976042,263.21086835163624,1
case14,branch3_out,0.0330577869620402,13.59102483898912,2.6060668010508508,False,1.968805427126272,False,True,0,1.82109354523507,250.4808063554617,1
case14,branch3_out,0.0381436205192069,20.67243872344492,7.008027680280046,True,2.785296114833275,False,True,1,6.845686888773125,246.10516444336048,1
case14,branch3_out,0.03249043545428,13.090584882417406,5.363900024385057,True,0.8237191612145841,False,True,1,2.169206280767137,234.58523288144184,0
case14,branch3_out,0.0366680987275784,35.265347086554364,44.83921049111174,True,3.827532210928285,True,True,1,25.69994313279636,246.392056679852,1
case14,branch3_out,0.0349661523018334,17.845626975467564,11.827393756291215,True,1.947277299148208,False,True,1,6.710487074450788,239.59847798733435,0
case14,branch3_out,0.0421205823405068,26.30937746537035,32.2586374588412,True,8.15261472919676,True,True,1,18.312802916176885,241.94800765397127,1
case14,branch3_out,0.0255091052515179,14.83432331041394,8.51049554630839,True,1.9188405366847392,False,True,1,4.204078426436436,232.58753019898808,0
case14,branch3_out,0.0424435484066331,17.553615449531932,10.893249382517451,True,2.589982348329689,False,True,1,6.41277900918714,226.88239262862123,0
case14,branch3_out,0.0352596244580066,21.09081992595711,21.636959882504947,True,7.322775686584643,True,True,1,12.351053065046967,225.28497329171623,0
case14,branch3_out,0.0361199914428522,22.679566747588268,5.478530514916033,True,2.6147927921836995,False,True,1,7.356301086705684,225.43604271013288,0
case14,branch3_out,0.0266434057505991,22.0844644112221,9.674907717486787,True,2.4151679317106125,False,True,1,8.277738107199209,224.97690285034167,0
case14,branch3_out,0.0575921770750859,50.66324893650853,46.330007584566985,True,4.560133039018841,True,True,1,33.992653351428125,253.14246150181603,1
case14,branch3_out,0.0440831297268621,35.81921941629047,46.70953393461903,True,5.005556847657368,True,True,1,26.773581258062418,263.6474347679249,1
case14,branch3_out,0.0304681507213788,13.199414035515533,3.626677809117489,False,0.9675972313369656,False,False,0,1.7312298067604053,250.482105326648,1
case14,branch3_out,0.0347626523461557,36.31480459341976,17.14274763133929,True,7.879632452674681,True,True,1,18.7261530766466,261.7486993874029,1
case14,branch3_out,0.038836500891494,19.482772278465603,9.66870003978747,True,3.015774803378706,False,True,1,7.095151111844784,255.05660172712825,1
case14,branch3_out,0.0410035162954453,14.340636819839226,2.441199660605596,False,1.3045202103334823,False,True,0,2.013582350167988,243.89157837425464,1
case14,branch3_out,0.0242724428818797,12.858188809526975,4.525416944078767,False,0.7417976531287003,False,True,0,1.7850790186128578,232.3606093463561,0
case14,branch3_out,0.0333454455970898,31.947328784728924,45.44499299679733,True,4.310162542834086,True,True,1,24.31919479997048,241.07187719644944,0
case14,branch3_out,0.0337408436975332,49.253700273750304,43.83389575805607,True,7.758945213004489,True,True,1,33.17880790689287,266.2183897505548,1
case14,branch3_out,0.0457102176304433,50.308699783778565,31.395695355364108,True,3.99106236220376,True,True,1,29.221270970939266,289.9052505592779,1
case14,branch3_out,0.0481219857978199,25.401086081771645,40.148900719855845,True,3.519100743931813,True,True,1,19.29903340562894,286.31581158512176,1
case14,branch3_out,0.0400539072319798,19.370476384323744,8.322856008955986,True,3.0463428858553963,False,True,1,6.641363572019747,277.05470681093334,1
case14,branch3_out,0.0340749967185855,19.264654417391803,10.807787895150264,True,2.629080847686273,False,True,1,7.250479746778236,268.61389054723185,1
case14,branch3_out,0.0390544435054256,49.60915723921551,33.275019560147726,True,6.746146655205228,True,True,1,29.986313818693123,291.36165873172416,1
case14,branch3_out,0.0454657586006963,22.39195032116288,37.89151569298585,True,6.046455691582737,True,True,1,17.622721006793736,284.61744317971466,1
case14,branch3_out,0.0413582453342515,22.69004009726376,39.0906912854081,True,3.423939079738781,True,True,1,17.607015250202068,278.8457389590069,1
case14,branch3_out,0.043254087767161,15.849020136371966,5.913430681578991,True,1.1418271938927518,False,True,1,3.776904711438231,266.8101851994782,1
case14,branch3_out,0.0455549200582469,40.57806569311672,15.133177917250553,True,5.370244944867285,True,True,1,19.753035210706983,280.7072323726471,1
case14,branch3_out,0.0483799744941133,30.918292960392,26.10241080334612,True,7.735550063854873,True,True,1,18.68697973397081,283.55480209577445,1
case14,branch3_out,0.0385025972938645,18.01968004970328,9.653723052513309,True,2.680139009241237,False,True,1,6.291984742453879,273.2190019359003,1
case14,branch3_out,0.0293776006931685,18.27472088423148,12.478339605982226,True,1.5430068895510032,False,True,1,7.039463701820607,264.17182262654177,1
case14,branch3_out,0.0555896974009428,32.015275616602175,30.69088689558375,True,5.9040442179726345,True,True,1,20.245712720570737,269.76991598048977,1
case14,branch3_out,0.0282458575229962,22.49349056372066,9.250611875654805,True,2.9972884877015686,False,True,1,8.471386542097084,265.28641494616147,1
case14,branch3_out,0.0412906266989876,20.474330045804457,10.095941912745118,True,2.1410012835481025,False,True,1,7.544147853435384,259.2321034973498,1
case14,branch3_out,0.0256376030036235,15.51062887350003,10.472890727496187,True,1.496095980660746,False,True,1,5.04640085113102,248.81952202111484,1
case14,branch3_out,0.0576703065759876,26.874265357615524,44.040435566701504,True,6.993290183783688,True,True,1,21.89792138557495,250.81183517661887,1
case14,branch3_out,0.0476322057093217,28.78496016564404,17.2032163824968,True,7.518989343712305,True,True,1,14.90724286631352,254.51561182460105,1
case14,branch3_out,0.0369495140935993,22.666085163438368,7.384197451099549,True,3.616853039278401,True,True,1,8.121672424904729,251.7301358055793,1
case14,branch3_out,0.0486007887757753,32.59309850741144,20.572648335060823,True,3.518374815937244,False,True,1,17.022018717411417,259.1502207324328,1
case14,branch3_out,0.0273875584162208,22.07553722265269,8.289101693978733,True,2.6315725466610846,False,True,1,7.900813628852182,255.3107358818422,1
case14,branch3_out,0.0397317687249318,22.1449895249984,13.898643812206688,True,2.1586777567370232,False,True,1,9.52382345750861,251.9246518186564,1
case14,branch3_out,0.0336364639025319,22.4332250802731,9.34089536261776,True,2.6132542843697526,False,True,1,8.39153200579583,249.16541171706385,1
case14,branch3_out,0.0355485580911983,15.348802580788544,12.353998929406131,True,1.5947286841922237,False,True,1,5.549546706054557,239.597673126146,0
case14,branch3_out,0.0384491065024314,40.83658252494838,13.808033026955986,True,6.397144716922187,True,True,1,19.690130113945425,256.47448833847983,1
case14,branch3_out,0.0384919012478515,15.228686797551582,7.154252654348792,True,1.702521802363817,False,True,1,3.951123555553192,246.05572630218344,1
case14,branch3_out,0.0440547432378155,23.72901142850944,39.75780764226553,True,5.232546369447241,True,True,1,18.688357280823823,245.1791651004745,1
case14,branch3_out,0.0230248760291245,12.696693958169488,3.0545056679369336,False,0.8971220238985239,False,False,0,1.2941230842455291,233.35794254859653,0
case14,branch3_out,0.0166694699607823,15.07784952175911,2.903023914591376,False,0.8129878923217287,False,True,0,2.422429513721313,225.099997815496,0
case14,branch3_out,0.0255569093990582,12.83633263358827,2.8868285709574635,False,0.8557325916453546,False,True,0,1.3053614064104453,215.42633066753467,0
case14,branch3_out,0.0336744396465152,29.452780095437863,39.43311635742543,True,7.584222875392903,True,True,1,21.92316953002514,223.33647769621908,0
case14,branch3_out,0.0271801759369797,12.508901276308912,1.95406834230846,False,0.6213303314363589,False,False,0,0.8149372071342655,213.51173120290608,0
case30,baseline,0.0174808037305615,11.473248674453426,0.7083092160115686,False,0.2200064018437054,False,False,0,0.0,203.6338067570689,0
case30,baseline,0.0239500770448908,12.332476234573395,0.6417677215663372,False,0.5687256555955511,False,False,0,0.4299832484058087,195.6029023159354,0
case30,baseline,0.0252192272108633,11.674294747039372,0.4390152571012091,False,0.3935543299362571,False,False,0,0.0871473735196861,187.71690683138124,0
case30,baseline,0.0228121186506558,10.924356940312231,1.0934400829586832,False,0.2710419505709256,False,False,0,0.0280320248876049,179.86957308855534,0
case30,baseline,0.0109829813288636,11.1800430817622,0.851830642296352,False,0.3253911364271898,False,False,0,0.0,173.062658861462,0
case30,baseline,0.0167984062041029,11.965410726895016,2.7838420420013485,False,0.5936687788384882,False,False,0,0.7865917318156109,167.72180370221082,0
case30,baseline,0.0196111364986779,11.435696823283177,0.7911449915662946,False,0.1782627735509011,False,False,0,0.0,162.38532015527292,0
case30,baseline,0.0148946850089657,12.140330346220694,0.1920602251369091,False,0.6875099236507787,False,False,0,0.3576671578405025,158.28711848596635,0
case30,baseline,0.0163855739946191,10.77846418705166,0.2980615212768608,False,0.6315693390575797,False,False,0,0.0263138678115159,153.23687082442137,0
case30,baseline,0.0146009691615341,12.083372730411506,1.534009723217461,False,0.6963759607028829,False,False,0,0.4911644743115679,149.99655647239075,0
case30,baseline,0.0199736220144547,12.914333599353704,0.570617758160379,False,0.4066195813761718,False,True,0,0.7071667996768527,147.91123442450538,0
case30,baseline,0.0256151964881573,11.86255449865676,0.7143970264337307,False,0.3329989463261508,False,False,0,0.1812772493283807,144.9826654807116,0
case30,baseline,0.0178397809287761,11.61956901861572,3.8844612400931537,False,0.4782091046526321,False,False,0,0.9251228813358064,142.10396795125618,0
case30,baseline,0.012081960327899,12.236553746888564,0.4833918901075262,False,0.3615179169505825,False,True,0,0.368276873444282,140.13012490301912,0
case30,baseline,0.0245399957809122,10.320949724056712,1.458496792176037,False,0.1396129601341818,False,False,0,0.1375490376528111,136.43806213677394,0
case30,baseline,0.0166120378511077,11.240484009960351,0.3503940934922898,False,0.6122183150187516,False,False,0,0.0224436630037503,134.0347399330569,0
case30,baseline,0.013665516435367,12.743460065509822,1.7783100037183412,False,0.1062245882687304,False,True,0,0.8552230338704134,133.37472600526104,0
case30,baseline,0.0173759358315885,11.118810660757909,1.1700462267325058,False,0.3160249895703126,False,False,0,0.0510138680197517,131.15606406549284,0
case30,baseline,0.0274114974307645,11.79222006007782,3.581127628207446,False,0.8961752296940693,False,False,0,0.999683364439958,129.83267771902138,0
case30,baseline,0.0193101845062842,11.101724824409118,1.0123239571465457,False,0.5912031664034891,False,False,0,0.0219378204246615,127.95113477152836,0
case30,baseline,0.0129153179576217,11.1362808620374,1.1819554175743572,False,0.5220001094327829,False,False,0,0.0589866471588637,126.29230215641292,0
case30,baseline,0.0175019333818926,11.266266371718007,0.5602549239181281,False,0.5860341495565116,False,False,0,0.0172068299113023,124.92933831248963,0
case30,baseline,0.0201700462743053,11.055087304780136,0.2484641167879911,False,0.4101286389789008,False,False,0,0.0,123.4914917860208,0
case30,baseline,0.0115905982248873,10.889810393826211,1.0040979226828095,False,0.6767038922619788,False,False,0,0.0365701552572386,122.03215300124494,0
case30,baseline,0.0096441005870976,11.01003413714554,0.0082049729502815,False,0.3859031724804896,False,False,0,0.0,120.83897183826598,0
case30,baseline,0.0237670218543959,11.659110746801812,0.0694602500695825,False,0.449869976695801,False,False,0,0.0795553734009066,120.4141854012412,0
case30,baseline,0.0291043590506173,11.749986842582054,-0.0006669082992971,False,0.91537001773893,False,False,0,0.2080674248388129,120.12275370369916,0
case30,baseline,0.0232965405975566,11.3064598577376,0.3790860920269516,False,0.232011270253071,False,False,0,0.0,119.41693819106683,0
case30,baseline,0.0229500238055223,12.481554981810268,0.1489380214792233,False,0.7816537384175758,False,False,0,0.5471082385886491,119.95679935377042,0
case30,baseline,0.0258360454182357,11.984619842295563,0.8059924592612322,False,0.469736150325715,False,False,0,0.2423099211477826,119.94573926068894,0
case30,baseline,0.0173553874880734,11.07875747560493,1.261326234750619,False,0.6123611559449823,False,False,0,0.100870101614182,119.02992281022496,0
case30,baseline,0.0179715581009687,11.278084275553168,0.6194420812249957,False,0.7416926977579005,False,False,0,0.0483385395515801,118.40501480475564,0
case30,baseline,0.0260896357098725,11.444716545651852,1.3446867452637734,False,0.9072094398948962,False,False,0,0.1848479115581112,118.00922986993194,0
case30,baseline,0.02110183774419,11.426803563942974,1.6766255740364928,False,0.1194445859564001,False,False,0,0.2029876722109478,117.63511044688173,0
case30,baseline,0.0218724278879564,11.644063540280074,0.0260740807237142,False,-0.0392496277855705,False,False,0,0.072031770140037,117.51566294247364,0
case30,baseline,0.0137887538426543,11.307172922195823,1.0960582498942304,False,0.0850597570626457,False,False,0,0.0288174749682691,117.07126957042207,0
case30,baseline,0.0177620140474179,10.739349326632926,1.0064217207849395,False,0.5269248611138211,False,False,0,0.0073114884582461,116.10349194001282,0
case30,baseline,0.0192128933311329,12.092851318371142,0.8907660345885516,False,0.8923810888843253,False,False,0,0.3749018769624362,116.58599406438267,0
case30,baseline,0.0145488245990712,10.070096035503209,0.6324400238617879,False,0.6305671839901736,False,False,0,0.0261134367980347,114.99749069344765,0
case30,baseline,0.0182423156187569,11.759120565391186,0.2194896476648191,False,0.3072830821287951,False,False,0,0.1295602826955928,115.25686218949406,0
case30,baseline,0.0229853628050567,10.81784746650767,0.3700813614571441,False,0.992169960190323,False,False,0,0.0984339920380646,114.54902343705233,0
case30,baseline,0.0165744201017863,11.267927852643666,1.2729924233208745,False,0.598443346110609,False,False,0,0.101586396218384,114.36204894599076,0
case30,baseline,0.0177639109263557,11.98396704727054,0.3880347980475594,False,0.3473961565393184,False,False,0,0.2419835236352705,114.90981109866225,0
case30,baseline,0.0195764478356857,11.59329254026923,0.0807191136912101,False,0.5446532136286069,False,False,0,0.0555769128603364,115.01212252906524,0
case30,baseline,0.0137484320852034,11.315056501209432,0.4567936322621481,False,0.5456576603730824,False,False,0,0.0091315320746164,114.82596677736814,0
case30,baseline,0.0246805121759847,11.75726177530302,0.1228290555313755,False,0.9531798589894772,False,False,0,0.2192668594494053,115.10063187493436,0
case30,baseline,0.0197696929793776,11.342507298499047,0.8781833258950511,False,0.222525213016458,False,True,0,0.0,114.93307598593996,0
case30,baseline,0.0250046633959783,11.811386596643825,0.2324559142781611,False,0.505760677087597,False,True,0,0.1568454337394317,115.2511549839898,0
case30,baseline,0.0212715781327685,11.186481620275163,0.6593707206792145,False,0.8149569634173196,False,False,0,0.0629913926834639,114.91252110586598,0
case30,baseline,0.0236977260359796,11.864517970473166,0.0841764293188686,False,0.5016401079547715,False,True,0,0.1825870068275373,115.28578696575256,0
case30,baseline,0.0210225800140561,10.889305286063598,1.923115322708559,False,0.2143675996268877,False,False,0,0.2769345968125676,114.6465135552409,0
case30,baseline,0.0195747783048098,11.760740394352798,0.6385873776424118,False,0.8621608261363881,False,False,0,0.2028023624036765,114.9426025940696,0
case30,baseline,0.0152412776335414,10.261834246762051,0.7318494591863466,False,0.6257611123909336,False,False,0,0.0251522224781867,113.7101765814247,0
case30,baseline,0.0249647856522648,12.017278280210308,1.023227320781383,False,0.4382885969228549,False,False,0,0.2656073363395686,114.35643720349256,0
case30,baseline,0.0118949585771183,12.071902240553763,1.1015117183999272,False,0.2303166552887559,False,False,0,0.3164046357968598,114.99269572369708,0
case30,baseline,0.0114781664585186,12.22114214600916,0.3095466660824241,False,0.5332421866005833,False,True,0,0.3672195103246961,115.71456829733653,0
case30,baseline,0.028461648603386,11.718476264243852,0.2679073184281706,False,-0.0041762936741543,False,False,0,0.1092381321219262,115.86158773184673,0
case30,baseline,0.0163963300641228,12.57042709688466,1.2264592106345962,False,0.3252450183365396,False,True,0,0.6031513116327092,116.84585605554672,0
case30,baseline,0.0175752278660086,10.818031832380075,0.1020936179185705,False,0.4442008342161456,False,False,0,0.0,115.97930228237212,0
case30,baseline,0.0241826007801949,11.209788150318722,0.6023627990842313,False,0.1301216039049587,False,False,0,0.0,115.59116020445364,0
case30,branch1_out,0.0378090961554977,14.438530314612594,9.734313403127258,True,2.9778001944002934,False,True,1,4.585119217124533,118.47057449862088,0
case30,branch1_out,0.0399975615942375,47.79472239401071,39.262799662006486,True,4.71501426822516,True,True,1,30.46920394925233,154.4182394427695,0
case30,branch1_out,0.0410302663183281,18.529692110898345,3.857033091547344,False,2.5423023855114555,False,True,0,4.780416460015664,157.5061076093909,0
case30,branch1_out,0.0370278766651412,18.525686288994187,11.352093445294464,True,1.6507981941108865,False,True,1,6.848630816907609,160.28118313744602,0
case30,branch1_out,0.0534324032902504,22.79822354519557,47.15811261863715,True,4.882988520230563,True,True,1,20.373143262235043,167.05128836889702,0
case30,branch1_out,0.0407201286317358,15.33854479067977,9.907806189771373,True,1.6165813898478498,False,True,1,4.814930530240867,165.6847043226871,0
case30,branch1_out,0.0343885335937668,22.97328607540444,5.978327794142954,True,2.725441868969421,False,True,1,7.675229749738991,172.08951996582286,0
case30,branch1_out,0.0373203286761437,30.95226627818304,27.488402584199537,True,6.572649477189639,True,True,1,18.887183809789303,185.8328342474236,0
case30,branch1_out,0.0235688265090485,18.95297638420538,4.888394907012529,False,2.147990237631745,False,True,0,5.222604711732797,186.20252720688663,0
case30,branch1_out,0.0355556587730115,20.937529331076338,6.097795992245462,True,3.056117493121045,False,True,1,6.759326961836016,188.51980381727435,0
case30,branch1_out,0.0430431410664743,17.304078739521838,5.559476934514,True,2.047487393758617,False,True,1,4.579379928866842,186.97190217506875,0
case30,branch1_out,0.0468908006368067,20.11925102389877,10.248202958963088,True,2.769846821410096,False,True,1,7.538055763920329,188.39396298146067,0
case30,branch1_out,0.0527312667814062,40.01246616742377,43.59263510582014,True,3.4776882942283454,True,True,1,27.6295612743036,209.5670328507384,0
case30,branch1_out,0.0263353102866377,12.788365594997051,2.495590664123024,False,1.029980060562819,False,True,0,1.1988560088479967,201.3986951606616,0
case30,branch1_out,0.0317479212486727,14.11211527639188,3.873378004979044,False,1.0089058342548238,False,False,0,2.2698522065406177,195.37094092098727,0
case30,branch1_out,0.0549427552559436,33.57836883014494,33.137988251375006,True,4.043085857801264,True,True,1,21.38919806204522,209.4122156590336,0
case30,branch1_out,0.0378889491319298,30.73824852129554,30.771688594499967,True,4.2727143352034975,True,True,1,19.30517370603846,219.2092426144257,0
case30,branch1_out,0.0393988890227046,17.79030128000911,6.648211857859971,True,1.6533980360582106,False,True,1,5.070293804574189,215.07861963299223,0
case30,branch1_out,0.056789009429364,50.20245760701116,27.85742308300388,True,4.522905911215012,True,True,1,28.21303691064974,243.7732152767041,1
case30,branch1_out,0.0372400193967179,32.62749298785645,33.14077551459779,True,8.12559123478011,True,True,1,21.731097395263586,252.02338673689025,1
case30,branch1_out,0.0472057923988505,35.41648302538609,28.852844646649423,True,4.199019456823726,True,True,1,21.05389879805261,262.2375310885873,1
case30,branch1_out,0.0573037855467045,29.85530744362965,30.286854630049472,True,4.734551681232658,True,True,1,18.8106204470762,265.86908542335823,1
case30,branch1_out,0.0256457798350858,12.6037855191664,1.6085229053908991,False,1.6260939711800615,False,False,0,0.9596684254364825,251.8859624001888,1
case30,branch1_out,0.0350988542899463,22.54944101698868,7.703761320287398,True,2.4177539377680826,False,True,1,7.9193996921341725,249.24680717715864,1
case30,branch1_out,0.0357409287985404,21.34660189509907,11.880106236615228,True,2.0864365562165954,False,True,1,8.504620129777424,245.66872835454183,1
case30,branch1_out,0.0508320903586814,50.9430213678196,30.941160467188407,True,6.54558482892117,True,True,1,29.912975789850552,272.0448768869072,1
case30,branch1_out,0.0387249564522611,22.69517627647388,8.900919687869782,True,2.715987069512977,False,True,1,8.41106145850047,267.5355654746904,1
case30,branch1_out,0.0284096953438111,26.61499656840651,41.80301911516746,True,5.839142595151143,True,True,1,20.866232537783723,267.39700549562787,1
case30,branch1_out,0.0458300935256436,23.3029209481148,6.6353579847217175,True,3.116135817812716,False,True,1,8.115295033036457,263.96022589417987,1
case30,branch1_out,0.0688400407868209,48.35829084376411,48.89867341279288,True,5.124813267565318,True,True,1,33.72371009923298,285.922494148526,1
case30,branch1_out,0.0355142069810987,17.028691663873907,9.364801258839938,True,3.3069212954648664,False,True,1,5.835170468681908,274.3589363975473,1
case30,branch1_out,0.0385911371131324,43.569977778121526,23.16600339693714,True,3.578338136106574,False,True,1,23.30045753536322,290.4930205359141,1
case30,branch1_out,0.0250034684207011,19.820891068480645,6.623282323230148,True,2.556787603476899,False,True,1,6.258787751904746,281.26460955080336,1
case30,branch1_out,0.0337428955598104,13.608744469019785,3.2876669159241607,False,1.4835940820411442,False,True,0,1.937391125695368,266.74689306474284,1
case30,branch1_out,0.0281861919462201,15.981408422180216,7.450622621260175,True,2.463907665429694,False,True,1,4.5686725305541,256.0536121804488,1
case30,branch1_out,0.0329401203931412,14.848910982491448,3.1125453840364377,False,0.7541618208091398,False,True,0,2.359051470618484,245.2971619448953,1
case30,branch1_out,0.0291432455557712,14.099410357403212,2.6483834797590413,False,1.2962540699875305,False,False,0,1.9534710366268253,234.86685610780904,0
case30,branch1_out,0.0331688337300797,22.24975436594613,41.72729044802576,True,7.830812037642428,True,True,1,19.05922672490928,233.62992486297424,0
case30,branch1_out,0.0409420746459685,21.56541144616993,5.472832786588432,True,1.1416553376889198,False,True,1,6.5028866265992775,231.83234382284675,0
case30,branch1_out,0.0294036221661498,37.08138254563519,44.899543457300325,True,8.215534439418478,True,True,1,27.50366119789139,245.73049198619728,1
case30,branch1_out,0.0486122044769008,24.5559751467509,27.45224114616275,True,3.819356804636608,True,True,1,15.127531278151595,245.71341793432848,1
case30,branch1_out,0.0429939010547262,36.5247397381464,31.479454260651963,True,8.132690637175783,True,True,1,23.182744274703943,257.666815879042,1
case30,branch1_out,0.0463464243851108,42.42223462314234,20.33914796388964,True,2.58063569988643,False,True,1,21.67898884071535,274.32236891428016,1
case30,branch1_out,0.0579374253522784,46.28616841952118,20.972831573686108,True,4.474004661630683,True,True,1,24.17973461419256,293.17630044237336,1
case30,branch1_out,0.0523282255485303,24.255328730935304,23.82814148949723,True,6.119551653620293,True,True,1,14.35001714304088,288.1139991290713,1
case30,branch1_out,0.0228557507287038,18.99344252292424,7.289854616324135,True,3.5972829998723603,True,True,1,6.2531342463338335,278.2960417390884,1
case30,branch1_out,0.0286344621270244,15.281732455521688,9.802204761845433,True,2.5024953805697305,False,True,1,4.93202673242842,265.74817002070125,1
case30,branch1_out,0.0403366102711885,21.58622854383541,6.608488801476685,True,3.2399861976606497,False,True,1,7.273658151892841,260.75958156246656,1
case30,branch1_out,0.0190740471682769,17.53396028558399,4.233933873583162,False,1.6571787628269936,False,True,0,4.218596057432343,252.2175836918039,1
case30,branch1_out,0.0332430582854393,22.24680611347556,3.6481080072194247,False,3.502815343592272,False,True,0,6.768398527622062,249.2426314360991,1
case30,branch1_out,0.0359322827198836,41.94269633179126,39.81263902721884,True,2.6549919642929023,False,True,1,27.296138266919865,266.26106462428044,1
case30,branch1_out,0.037346512518258,27.552104041813983,25.590838925912497,True,5.6595513493794245,True,True,1,16.435213968556624,267.1870622036664,1
case30,branch1_out,0.0600170406015714,51.33887951572666,45.52827951072023,True,6.410932480769209,True,True,1,34.46011010723324,291.80723549902643,1
case30,branch1_out,0.0190953385516795,11.77615394379816,2.264503746140716,False,1.1830009116891338,False,False,0,0.6540282780791208,274.402665892922,1
case30,branch1_out,0.026405513623697,21.663746614613743,8.084638523216457,True,2.760946689193583,False,True,1,7.659454202110527,268.62614591824354,1
case30,branch1_out,0.0165932920394303,14.488977238773831,4.206639401698668,False,1.2443008327126652,False,True,0,2.605340606439049,256.252508565193,1
case30,branch1_out,0.033737784196909,35.080199376365826,23.759068498175548,True,5.413753265542461,True,True,1,19.60057089074407,265.70745708503955,1
case30,branch1_out,0.0220438407012719,12.886191775351964,2.9293187175492674,False,0.5900645576431705,False,False,0,1.2899044144693963,252.0229031518876,1
case30,branch1_out,0.018142444796344,15.560905868075093,10.71817178833833,True,1.690251038946618,False,True,1,5.1839546783283685,242.3815187047739,1
case30,branch1_out,0.026485574194237,15.256485783584893,13.146056039850736,True,3.701868313553397,False,True,1,6.162433366458346,233.3998526178813,0
case30,branch2_out,0.0333346588196408,22.02087400929199,6.844503022973455,True,1.9937700959423488,False,True,1,7.312541930726502,232.0807413653852,0
case30,branch2_out,0.0371056409542256,50.066746914059614,48.24385977669777,True,7.997744004445875,True,True,1,34.95608019092831,258.9394141429063,1
case30,branch2_out,0.0453206082735563,41.68376299943669,48.246221997509394,True,6.185694206941545,True,True,1,30.40288694035948,274.72923572805234,1
case30,branch2_out,0.0364018142560601,15.087393764945771,3.829706731177871,False,0.6376332269247992,False,True,0,2.670135547211207,262.34370592019286,1
case30,branch2_out,0.0402539257316158,18.298369727392696,9.22349515165462,True,2.58565153703425,False,True,1,6.283363716599585,254.40770505556628,1
case30,branch2_out,0.0308115857390809,11.528738824161133,5.503349635964017,True,0.6545837383467886,False,False,0,1.3962910505391282,240.4956733741708,0
case30,branch2_out,0.0396507682204647,20.14179410114782,13.633954390519037,True,1.3858556747212605,False,True,1,8.288254502673873,236.5879001379016,0
case30,branch2_out,0.0237675065611822,14.158166343597031,2.224922718098985,False,1.3691710681487956,False,True,0,1.8703942008579704,227.0872764677084,0
case30,branch2_out,0.02458337172682,17.72262405417623,12.712417429654332,True,1.4507943208448388,False,True,1,6.815196120153383,222.10117287511383,0
case30,branch2_out,0.0359022512473803,42.60771633571081,38.841209783718526,True,7.788003258516768,True,True,1,28.36382175467432,242.49877192331329,1
case30,branch2_out,0.0204720055358104,12.85785732885825,1.409891488058457,False,0.7257433130403681,False,True,0,0.8470447734547357,231.1067520598402,0
case30,branch2_out,0.0487139420104619,29.261351078498684,14.9872490534329,True,5.2208197959204,True,True,1,14.02101421446329,237.2574279323549,0
case30,branch2_out,0.0475543338534008,23.139901858711305,24.58173803992789,True,7.150467623937496,True,True,1,14.22456586612152,236.6715869978307,0
case30,branch2_out,0.0618777382835051,42.9204269353481,16.08843252070306,True,3.4767363177893,False,True,1,20.832090487442823,255.92485523339573,1
case30,branch2_out,0.0302820768723783,21.28436556021301,43.13984561491374,True,4.699702505153543,True,True,1,18.374076965611334,251.6167352702692,1
case30,branch2_out,0.0401065043435228,11.44397295768675,3.0037882105712743,False,1.3187449222898775,False,False,0,0.7648854476293577,237.899034700929,0
case30,branch2_out,0.0399303384718553,14.398617829646415,11.933039246861991,True,3.182959797926214,False,True,1,5.265812648467049,228.50774906048247,0
case30,branch2_out,0.0225048876905808,21.458531991327604,11.26065633608079,True,1.83948558287006,False,True,1,8.32536001306205,227.11550614576183,0
case30,branch2_out,0.0439827604704165,39.042446579237485,20.05872476006296,True,3.343694615962504,False,True,1,20.05757964083013,243.4464021104232,1
case30,branch2_out,0.0300858961062223,15.597463537158594,16.093669564921772,True,2.4232688774988285,False,True,1,6.961486413555594,234.69922543653948,0
case30,branch2_out,0.0257565980761186,14.408340228493651,2.024507105604701,False,1.52525723040983,False,True,0,1.966573692010202,225.6376431213792,0
case30,branch2_out,0.0454275873796571,28.350768653529144,11.648586852128972,True,6.341445682248285,True,True,1,12.78824951885292,231.4246474627704,0
case30,branch2_out,0.0377889311198732,15.55423760183606,4.2136689589675,False,1.835060086194632,False,True,0,3.2582315058472058,223.83642031832943,0
case30,branch2_out,0.0319444737681138,22.64813529383584,7.497440149158647,True,3.461923078336584,True,True,1,8.11568430733283,224.1009135803324,0
case30,branch2_out,0.0475051712313081,34.15895489597486,24.311355350894097,True,5.785253853743012,True,True,1,19.37993482400426,235.84977711827395,0
case30,branch2_out,0.0382239244704648,18.888211761541328,7.350536705143259,True,2.98227993949276,False,True,1,6.095722880212193,231.1530111679879,0
case30,branch2_out,0.0323590180515831,24.21271536997386,18.95183193890197,True,7.004891220012082,True,True,1,13.04288551065994,232.250425421163,0
case30,branch2_out,0.0282084764279255,41.3173017404596,39.941817602324775,True,8.468046449141715,True,True,1,28.18480544075557,250.34268461950631,1
case30,branch2_out,0.0362216761971353,20.211909549853534,7.817954061759417,True,3.220799561334008,False,True,1,6.945500905721394,245.52032570740923,1
case30,branch2_out,0.0317832507618373,38.02283106800999,34.317646550941056,True,7.960208582958296,True,True,1,24.74875121587897,258.9911242046783,1
case30,branch2_out,0.0566903394855071,48.72203518790589,29.597952505136355,True,5.708317834285509,True,True,1,28.232066912350952,281.8140469721164,1
case30,branch2_out,0.0535556667707034,29.52856432479035,38.141354857248864,True,5.470007347704111,True,True,1,21.150690089110658,283.16120659969505,1
case30,branch2_out,0.0283635909842298,18.63281053670727,8.596800633769604,True,3.104013614750568,False,True,1,6.366248181434631,273.4778964764328,1
case30,branch2_out,0.0402066161939896,15.01189458045757,9.769933028764548,True,1.995668311469959,False,True,1,4.686060861152141,261.1420014092471,1
case30,branch2_out,0.02496895524895,14.029136696783196,4.485975278587228,False,1.0862342129082505,False,True,0,2.427607774549416,249.0569379651056,1
case30,branch2_out,0.0549513875612902,38.21422361262812,36.40375264503441,True,5.038422687818141,True,True,1,24.88592213738801,262.3654677812231,1
case30,branch2_out,0.0247412996654047,15.478639869562691,2.7442213345765327,False,1.156985849904396,False,False,0,2.6439835051351857,251.6075608726635,1
case30,branch2_out,0.0344316396048124,24.64332128797705,18.369149024002887,True,7.894958436006238,True,True,1,13.261397038390635,251.0901260733742,1
case30,branch2_out,0.0461527624997488,32.430050232340655,34.98727581002992,True,3.379335865390031,False,True,1,21.23707503225731,258.41116369837744,1
case30,branch2_out,0.0421369748651778,39.74910923487194,28.80201117236876,True,7.768534705288274,True,True,1,23.91886491020425,272.31915656341164,1
case30,branch2_out,0.0278599058881823,15.139809141398777,4.317633684402291,False,1.322288347766953,False,True,0,2.979652345573465,260.22705004846927,1
case30,branch2_out,0.0250054645559405,12.328397519018644,2.637135982059524,False,1.3741648646967588,False,False,0,1.0801725270665308,246.5327425626409,1
case30,branch2_out,0.037251904449914,27.22427812512952,37.98826305182169,True,7.68531157299978,True,True,1,20.395680292711223,249.1037464315064,1
case30,branch2_out,0.0432206849246533,20.91261834499232,11.943453371963257,True,6.480197944097411,True,True,1,9.185384772904618,245.1059901333481,1
case30,branch2_out,0.0455895877251009,20.15784857701701,8.491184588419461,True,2.6913291225269544,False,True,1,7.014545489539734,240.7532396970303,0
case30,branch2_out,0.0292290876907244,17.192559221514312,4.6013692286284105,False,2.7070397370146284,False,True,0,4.368098326748605,233.8704749488416,0
case30,branch2_out,0.0450908700839455,20.71730913702029,8.14462106731732,True,1.54959928426836,False,True,1,6.961960745559015,231.20073659097773,0
case30,branch2_out,0.0353257423855982,13.727815194667311,4.361171012969113,False,2.1482288272793792,False,True,0,2.451904666680266,221.80847812654727,0
case30,branch2_out,0.0379906545325812,43.164551649964416,35.154728189551555,True,5.093098957345978,True,True,1,26.997314073316872,242.79218196385696,1
case30,branch2_out,0.0233958800910275,12.890259577228871,1.4807143869621566,False,1.6501723960777988,False,True,0,1.0693785839186425,231.4032233447001,0
case30,branch2_out,0.0472910007204763,39.30113305564432,48.76645614665394,True,8.068103582610961,True,True,1,29.744124088340527,247.56403406587447,1
case30,branch2_out,0.0172677825978953,13.79451715939516,3.40800537965818,False,1.0847741567596767,False,False,0,1.986615024946969,236.60214781868217,0
case30,branch2_out,0.0201376797577154,19.14295654942666,3.891764541995411,False,3.226352381389763,False,True,0,5.234278113589906,232.08488958624065,0
case30,branch2_out,0.0409383732264965,16.266171189408265,5.705824369073583,True,2.497260650472572,False,True,1,4.194285035520721,225.1425718170248,0
case30,branch2_out,0.0260378299083645,15.001962875814558,3.4414475101502657,False,1.611385192967357,False,True,0,2.70569272954583,217.6302775111369,0
case30,branch2_out,0.0261352168006003,50.89368309526324,41.50564216825424,True,8.322952630759394,True,True,1,33.413124724259774,246.76093285528648,1
case30,branch2_out,0.0276777973581435,17.25516684956715,11.01636436635593,True,3.461665374402171,False,True,1,6.474825809570788,239.34000641932496,0
case30,branch2_out,0.0416233903879463,18.200779977108297,8.394053784049941,True,3.138314608636758,False,True,1,6.0962690454964825,233.6067857545008,0
case30,branch2_out,0.0245121503530949,15.205278549947147,6.92597596482416,True,2.675129448366329,False,False,0,4.065457954094088,225.45138572899785,0
case30,branch2_out,0.0613226349663458,26.06288962294721,10.931039291195658,True,4.128265041232053,True,True,1,10.986409607078716,228.96913677904527,0
case30,branch3_out,0.0459714365025095,45.44682818097185,15.301904094762028,True,3.5569920152245444,False,True,1,21.87538372195944,251.51905128211257,1
case30,branch3_out,0.0501957799825933,44.08984018735447,34.07596746952781,True,6.305801915015555,True,True,1,27.378870717538685,270.4569863412558,1
case30,branch3_out,0.0348152613038552,14.305698707635283,14.37228935958224,True,3.185342111789208,False,True,1,5.951604584050156,257.7169864147655,1
case30,branch3_out,0.0333180725813796,22.214564486019857,8.118718876964069,True,3.211106792771164,False,True,1,8.035119264653382,254.1598522593088,1
case30,branch3_out,0.033846955806373,23.3075229557566,7.063680870482418,True,1.2545194494681566,False,True,1,7.873769628916657,252.0513899891345,1
case30,branch3_out,0.0169963541338137,15.80902713571475,13.63622716769337,True,2.203960056004826,False,True,1,6.286173729366351,242.65527812593584,1
case30,branch3_out,0.0476485617111076,35.692281651094454,34.35553245547245,True,7.641258267515306,True,True,1,23.53105221569202,254.0820319644367,1
case30,branch3_out,0.0288428710031758,15.325751525065916,0.8469343227357407,False,0.5904843217378607,False,True,0,1.9309726268805305,243.99958029305893,1
case30,branch3_out,0.0218214125340062,18.21664044350529,5.740485519770535,True,3.7233175381289967,True,True,1,5.425129385309606,237.8162627072584,0
case30,branch3_out,0.0546069717910008,46.839352066970186,44.42842827622541,True,4.717989317361231,True,True,1,31.541802379824965,260.87398850350274,1
case30,branch3_out,0.0233684380837945,12.98652831710484,3.9175614450673297,False,1.1348907317358647,False,False,0,1.745510738419792,247.7731179702573,1
case30,branch3_out,0.0454530806121289,21.72986547620003,13.986989978133073,True,7.305963098987866,True,True,1,10.37222235133751,244.7256716494316,1
case30,branch3_out,0.0648353067545026,38.59374543833929,22.975878214488027,True,2.964154500626081,False,True,1,20.63246708364127,258.84684992282774,1
case30,branch3_out,0.0278167183804359,14.434009112977057,7.075208891180801,True,1.4404519959707336,False,True,1,3.477657623036915,247.39617404352205,1
case30,branch3_out,0.0515686735889196,50.039428845536655,42.63642577916007,True,5.790706553361698,True,True,1,32.81878346718869,272.6959854847065,1
case30,branch3_out,0.0250933587789473,15.19756461109326,2.1536331588465303,False,1.435404012233883,False,True,0,2.381953055647366,260.6239515473291,1
case30,branch3_out,0.0176323597787568,13.21071730089637,1.2143864865304317,False,0.9251332606012008,False,False,0,1.0047012485275546,247.77227369349256,1
case30,branch3_out,0.0358357313258287,17.662086328700077,10.060227036332986,True,3.5514767188804224,False,True,1,6.40940661902602,240.6571326528434,0
case30,branch3_out,0.0564039178130168,45.11427302829382,32.629567459368374,True,4.170033832967127,True,True,1,27.030013518550845,261.70569241585287,1
case30,branch3_out,0.0354376188040061,21.320348334892337,7.591539216701637,True,2.788580006357986,False,True,1,7.345351933728257,256.85547150915994,1
case30,branch3_out,0.0270608444626083,15.101147211422424,4.847114981352673,True,1.105405442087105,False,True,1,3.0757891885344355,246.2710715696664,1
case30,branch3_out,0.0486493876606041,49.495739773763006,17.52858287474164,True,6.858745641822583,True,True,1,25.22819387766851,271.1397041864627,1
case30,branch3_out,0.0406151371547872,22.44536973849767,9.81740474889998,True,2.695595156290269,False,True,1,8.557025325176884,266.47110350631414,1
case30,branch3_out,0.0390691847846836,20.766588950146424,5.433123591962119,False,1.5204586171880643,False,True,0,6.16732327609946,260.5905821058291,1
case30,branch3_out,0.026944090203809,14.39542820070267,2.2752459929421143,False,0.3803585834766308,False,True,0,1.830287898233969,248.92695209594888,1
case30,branch3_out,0.0479911305320633,15.460038747249897,6.997537281380614,True,2.8108902930681574,False,True,1,4.241458616652764,239.49429563360388,0
case30,branch3_out,0.0234037960446954,19.5542043952322,11.049353257859822,True,2.7899060306032832,False,True,1,7.499889381094704,235.0990704654757,0
case30,branch3_out,0.0222836907053972,13.555902483264658,3.6428604106913935,False,1.215916699336952,False,False,0,1.963992704707138,225.1450659021928,0
case30,branch3_out,0.0325012388632653,13.78907656055578,2.065529447728119,False,1.324659006378053,False,False,0,1.6291289158719369,216.41963587252928,0
case30,branch3_out,0.0403556528548426,49.479647178468674,12.069684088204816,True,7.628522063325261,True,True,1,23.73643322836084,244.25731946374503,1
case30,branch3_out,0.0358123511051243,41.76351451243232,18.504921658992583,True,5.221278383946111,True,True,1,21.32748943070316,261.5951020298029,1
case30,branch3_out,0.0404507981541434,17.110704403875047,12.183774980558246,True,2.804629487712944,False,True,1,6.621410593647587,252.5462962306977,1
case30,branch3_out,0.0260301098823671,47.206227705129855,26.41614034699161,True,5.044216947115882,True,True,1,26.38679934608559,274.4978943127577,1
case30,branch3_out,0.0498030565842099,22.892419641712493,47.53048701127906,True,7.361949981848213,True,True,1,21.027745920609604,269.9405245231945,1
case30,branch3_out,0.035686579860137,22.92919695693788,7.413276193145788,True,2.942529507452716,False,True,1,8.127087237903217,265.87566902781293,1
case30,branch3_out,0.0232347483332912,16.023071270262534,2.414661777555014,False,0.5936286806645603,False,True,0,2.704659904530684,255.3111733952942,1
case30,branch3_out,0.0388115728289081,22.352778266178028,8.219512364422808,True,1.473943171577224,False,True,1,7.787031476731301,252.1328343219428,1
case30,branch3_out,0.0297085418372731,20.387194792432084,8.045763193210355,True,3.802216073959096,True,True,1,7.217769568970967,247.30674568218063,1
case30,branch3_out,0.0434377931035039,19.253084613697634,15.297570783279427,True,2.83471581289778,False,True,1,8.6327567044122,241.8291557276602,1
case30,branch3_out,0.024945725010932,12.538575004980885,4.871196410844245,False,0.7284537957771309,False,False,0,1.726337184899142,230.1848151598751,0
case30,branch3_out,0.0203072361011406,12.15717335100748,1.3077052728061085,False,1.7386425213025003,False,False,0,0.6686267616060723,219.32350699489507,0
case30,branch3_out,0.0205657923731,15.675291697939214,7.710030511415248,True,2.50567067077628,False,True,1,4.501789136549437,213.0664479933448,0
case30,branch3_out,0.0171283872567767,14.28711811741984,3.7721980614693447,False,2.014014263973844,False,True,0,2.528021329945493,206.04692131143017,0
case30,branch3_out,0.0343209259619827,17.611563606385737,6.241373158156839,True,3.4364027526233376,False,True,1,5.215474301164587,203.0537927866729,0
case30,branch3_out,0.0468883063493576,45.4412271579062,30.22086932517236,True,5.477729289613513,True,True,1,26.73242023442751,228.18964066591167,0
case30,branch3_out,0.0457568717716725,21.729269201328872,12.01426650446322,True,2.0224409241460024,False,True,1,8.723402736832602,227.09994580064944,0
case30,branch3_out,0.0231531512601761,15.301053170396706,5.751410597620854,True,3.021439777214832,False,True,1,3.830237719927576,219.6910043909812,0
case30,branch3_out,0.0420364037799407,17.968870606687258,5.644034562852283,True,3.27304804084392,False,True,1,5.182255280368098,215.69077455857035,0
case30,branch3_out,0.0225421554279208,14.696985953004182,3.459229301970801,False,1.1302549144706968,False,True,0,2.46231274998747,208.81868305571749,0
case30,branch3_out,0.0435475421235046,49.06827631055856,15.978040836548749,True,5.563957482960944,True,True,1,24.290341902836094,237.0050910607043,0
case30,branch3_out,0.0341851383965608,22.81715534182864,11.292223956162996,True,1.8968977428933944,False,True,1,9.025624406341898,236.12173729646253,0
case30,branch3_out,0.0306375066597165,12.220011843685056,1.6759411868733125,False,1.7028859417156517,False,False,0,0.8033654662476518,224.72957541050133,0
case30,branch3_out,0.0250450824928295,18.746178960921945,5.052851922670479,True,1.7054248156446794,False,True,1,5.080030020391051,221.0027968303732,0
case30,branch3_out,0.0345278808859952,21.38544894703192,11.744293252210754,True,1.6334339171161374,False,True,1,8.392699232602414,220.28796609436776,0
case30,branch3_out,0.047374982423018,41.80201751333544,29.361345111437977,True,3.4157800089707733,True,True,1,24.242568291893267,240.06118699826644,0
case30,branch3_out,0.0262668529257547,15.487636881558798,4.584917928885869,False,2.625113387317818,False,True,0,3.494316496908723,231.5427051799986,0
case30,branch3_out,0.0132871504315681,14.23691207262764,1.4191174663433683,False,1.099639282556372,False,True,0,1.6141191327281057,222.6253467346264,0
case30,branch3_out,0.0230701140929758,15.573893098454263,2.832725813714642,False,1.9367782257096609,False,True,0,2.874119938483457,215.936705159618,0
case30,branch3_out,0.0321620819711628,21.03231039716242,11.526588019108445,True,2.565785498645582,False,True,1,8.337288704042859,215.37534504081864,0
case30,branch3_out,0.0594463873510463,25.107626126825348,24.7594432939304,True,4.414315532966389,True,True,1,14.714509158185072,218.9454366635621,0
case118,baseline,0.016082751295498,11.060118957782311,2.495282861333858,False,0.86594406634892,False,False,0,0.5217736716699414,208.1110119549882,0
case118,baseline,0.0241385658679137,11.400588617644011,1.5214518659560812,False,0.5212041517557496,False,False,0,0.1606763901379742,198.7004993771334,0
case118,baseline,0.0219037792287396,11.896456773045584,1.910390828362727,False,0.4245672269444654,False,False,0,0.4713456350316108,190.72690621246565,0
case118,baseline,0.019150900139114,11.684844647029893,0.0987048707682096,False,0.5692343562330808,False,False,0,0.1062691947615616,183.339060238249,0
case118,baseline,0.0171708824482316,12.07541298412864,0.6155491960577077,False,0.627331078435832,False,True,0,0.3131727077514863,177.08056719855273,0
case118,baseline,0.0199488030109138,12.218619442209434,1.1595881226566709,False,0.0953656232225043,False,False,0,0.4071861579017182,171.5911299209069,0
case118,baseline,0.0135650971785961,11.437162515687268,0.6256040597043467,False,0.9305279567939148,False,False,0,0.0861055913587829,165.8691794445035,0
case118,baseline,0.0179944336436853,11.276459841082794,0.1846773795253772,False,0.4315278763996449,False,False,0,0.0,160.55872134113594,0
case118,baseline,0.0182015058201333,11.468783497649884,-0.0272065453220082,False,0.1831633668245128,False,False,0,0.0,155.97163270467223,0
case118,baseline,0.0244395544312587,11.367439725278883,1.7874465875169565,False,0.5883575287758789,False,False,0,0.2539054820102627,151.7419091594839,0
case118,baseline,0.0150621000241734,11.986280501681964,0.1112531843418244,False,0.2455524593329865,False,True,0,0.2431402508409821,148.55399874521748,0
case118,baseline,0.0192651150897643,11.378012839944942,-0.020990825395517,False,0.4628461106100871,False,False,0,0.0,145.0766117106407,0
case118,baseline,0.0193663682921862,11.391742414774187,1.1403380303871191,False,0.627359456152512,False,False,0,0.0675733003466381,141.96069295435083,0
case118,baseline,0.0183334250274599,11.48637241037738,3.0897874167856565,False,0.7975361798009751,False,False,0,0.6864434609958919,139.25099606929314,0
case118,baseline,0.0201234388194282,11.708150123253944,0.6211787714754231,False,1.0523915454309762,False,False,0,0.2145533707131671,137.03404658561777,0
case118,baseline,0.0138029417647245,11.235609839756162,0.9341978304542148,False,0.6326384394099053,False,False,0,0.026527687881981,134.56625176681214,0
case118,baseline,0.0258822441268313,11.213774125970955,0.3319925530594012,False,0.7009939246683452,False,False,0,0.040198784933669,132.32340071610187,0
case118,baseline,0.0268264306794568,10.882729129333974,3.115570034739405,False,0.5898331539558486,False,False,0,0.6526376412129913,129.97378977382567,0
case118,baseline,0.0179110527546046,12.088396111163249,0.3947132659155941,False,0.484629820720208,False,False,0,0.2941980555816235,129.06480690760634,0
case118,baseline,0.0218569092080171,12.66570344774029,0.991312217073196,False,0.0222267230997005,False,False,0,0.5828517238701449,128.824029664586,0
case118,baseline,0.0167834283642008,10.603896039221622,3.805110865537557,False,0.371835263012185,False,False,0,0.8415332596612671,126.54552273734902,0
case118,baseline,0.0159546366902877,11.169133454388035,0.3859105210340267,False,0.4531641684068642,False,False,0,0.0,125.06010391800216,0
case118,baseline,0.0314013011514946,11.818820070888927,0.2563700128166626,False,0.4152528273981274,False,False,0,0.1594100354444636,124.37291359709089,0
case118,baseline,0.0253551023605641,12.31465734758799,0.1599189072799291,False,0.7002838750616591,False,False,0,0.4473854488063272,124.2502795849698,0
case118,baseline,0.0246637654795263,11.239997141225812,0.0403302592574621,False,0.3066564134075275,False,False,0,0.0,123.06524876769862,0
case118,baseline,0.0215902577408948,11.620400504063555,0.5011740678389777,False,0.8457752929891942,False,False,0,0.1293553106296174,122.37912439499232,0
case118,baseline,0.0184487897090703,11.55085624978488,0.4434074193443456,False,0.4280020776313484,False,False,0,0.0254281248924392,121.69206820527798,0
case118,baseline,0.0129694190947013,12.417341701937143,0.7774586969228814,False,1.0692329332839534,False,False,0,0.5725174376253633,121.94020308668732,0
case118,baseline,0.0180935251959771,12.115271412345354,0.3972679286790754,False,0.1930444915867562,False,False,0,0.3076357061726771,121.86145419036396,0
case118,baseline,0.0054853633904922,12.934987146094212,4.710052270465553,True,0.361543397530548,False,False,0,1.830509254186772,122.61029591742178,0
case118,baseline,0.023673742978705,11.104104383063548,0.7774819251141328,False,0.413144812864662,False,False,0,0.0,121.45337070874317,0
case118,baseline,0.0188997324631415,11.651458236214644,0.4737369543698878,False,0.4611391139931609,False,False,0,0.075729118107322,120.95949187408348,0
case118,baseline,0.0272585294038841,11.85435959682677,0.703328057662852,False,0.1162893366161813,False,False,0,0.1771797984133849,120.7179022835019,0
case118,baseline,0.0260974651128331,11.673777299539315,2.725940075670034,False,0.1479186291636485,False,False,0,0.6046706724706679,120.31988935469104,0
case118,baseline,0.0237996849097991,11.276732782563492,0.1567631367348372,False,0.0084647036390926,False,False,0,0.0,119.56463320178544,0
case118,baseline,0.0210195267567245,11.321399040292668,0.7369368909201784,False,0.3107870632345876,False,False,0,0.0,118.92956892189954,0
case118,baseline,0.0238732831794503,11.881962441623289,0.0547278943117221,False,0.448209444935524,False,False,0,0.1909812208116443,118.91857447133287,0
case118,baseline,0.0222415878121507,11.306563149789406,-0.0982407526919533,False,0.5102012179511958,False,False,0,0.0020402435902391,118.333280173989,0
case118,baseline,0.0193926299072497,11.56889397512479,2.14065513676302,False,0.4384397440463236,False,False,0,0.3766435285913012,118.06884613171488,0
case118,baseline,0.0303102557650342,12.202319282139683,0.3676733211783545,False,0.4200717591280815,False,True,0,0.3511596410698425,118.46428080068308,0
case118,baseline,0.0173759140185356,10.63191585273374,1.59862790697821,False,0.6139999648779233,False,False,0,0.2023883650690476,117.24976857334852,0
case118,baseline,0.0155629531859942,11.699416546728468,1.7202824426248988,False,0.0267099144836081,False,False,0,0.3157930061517037,117.22420826274214,0
case118,baseline,0.0185201410339386,11.60181442081923,0.3570524821509805,False,0.4236694852043133,False,False,0,0.0509072104096146,117.10360185728716,0
case118,baseline,0.0143393858478617,12.469180184541996,3.219303856085145,False,0.7366008017540694,False,False,0,1.1977014094473557,117.86242185610044,0
case118,baseline,0.0076377717095282,10.587087471803164,1.4438185386665223,False,0.5779490200746639,False,False,0,0.1487353656148894,116.66326714229356,0
case118,baseline,0.018923760709523,12.265700813455451,3.862319377250477,False,0.271089896743656,False,True,0,1.2415462199028695,117.26264124151965,0
case118,baseline,0.0198879527580089,11.606655943819806,0.2341632341132403,False,0.7578541118041933,False,False,0,0.1048987942707417,117.14303306118748,0
case118,baseline,0.0188990894297929,11.601505003781767,0.2399725033271489,False,0.5158112179085275,False,False,0,0.05391474547259,117.0302347588505,0
case118,baseline,0.0158068626066839,11.383516869523373,0.4512750527452637,False,-0.0009716906965389,False,False,0,0.0,116.71072815248884,0
case118,baseline,0.0250683354293341,12.110634971261709,1.355935923774895,False,0.1222143249235209,False,False,0,0.4120982627633227,117.15029030850164,0
case118,baseline,0.0204061275157512,11.658087534086045,0.1842219291623358,False,0.5674714893783608,False,False,0,0.0925380649186936,117.09334881173754,0
case118,baseline,0.0212336522554346,11.865616861489332,0.3020243591706289,False,0.9726111681921203,False,False,0,0.2773306643830903,117.24963079205313,0
case118,baseline,0.0272921635171338,11.72944732709063,0.4195339798568384,False,0.4055137896610857,False,False,0,0.1147236635453152,117.25411503993844,0
case118,baseline,0.0201679731666342,12.50364276026385,0.0610713201159144,False,0.4736428946463069,False,False,0,0.5018213801319247,118.03234629620844,0
case118,baseline,0.0152145946136669,11.670879746463134,1.0703726012402028,False,0.1253094996834816,False,False,0,0.1065516536036279,117.89999141305071,0
case118,baseline,0.0256939040596106,12.087380754190528,0.9040003586013542,False,0.5189863110732355,False,False,0,0.2974876393099112,118.1973730259362,0
case118,baseline,0.0240254189433101,11.60829488116124,1.639391137557163,False,0.7634403427371276,False,False,0,0.2986528503951939,117.9859306045038,0
case118,baseline,0.0202351718200425,11.601780558021073,3.5256621332126694,False,0.4846479082726121,False,False,0,0.8085889189743363,117.78911810207453,0
case118,baseline,0.0158403708803328,11.899459541578826,0.249963155440085,False,0.670509425747482,False,False,0,0.2338316559389096,117.90966583344589,0
case118,baseline,0.0097010921539495,10.349444777488497,-0.0999024121036265,False,0.9068842608979936,False,False,0,0.0813768521795987,116.4681440275898,0
case118,branch1_out,0.0478848729907867,28.38563348689957,23.199142405840217,True,7.972653586066962,True,True,1,16.597090182415247,133.2069631117304,0
case118,branch1_out,0.0371377763626897,18.422228778997333,3.77421413099948,False,1.714877481545907,False,True,0,4.536354125107692,138.3084955795547,0
case118,branch1_out,0.029531858956768,42.68696281310936,48.08858837522168,True,4.508554262053103,True,True,1,30.521768771531804,167.1646088347086,0
case118,branch1_out,0.0413983790732064,18.613947242753127,6.398209260101311,True,3.634660777353139,False,True,1,5.803368554877585,169.06209519399084,0
case118,branch1_out,0.0429443157866005,18.65925695477014,6.154740004546101,True,2.3309558890359443,False,True,1,5.4922416565560885,170.8151426293619,0
case118,branch1_out,0.0312355747023962,16.18550135914096,11.23872648598967,True,3.5904794550483814,False,True,1,6.032464516377057,169.91912972556668,0
case118,branch1_out,0.0385623679984993,14.392917496819718,4.1606180277110365,False,1.502275858489548,False,True,0,2.5950993284210795,167.32013424982972,0
case118,branch1_out,0.0413505453689288,26.59093182332569,24.588212130767577,True,6.373432669081068,True,True,1,15.79661608470933,177.17905264817244,0
case118,branch1_out,0.0253289420177875,16.60763543748065,7.115179073496705,True,2.114035501601991,False,True,1,4.711178541109734,176.06878282083585,0
case118,branch1_out,0.0483009218827241,20.68871543563088,7.936536581668256,True,2.4239950465022506,False,True,1,7.060117701616367,179.15061997438315,0
case118,branch1_out,0.0289965395343441,19.14720697841978,11.412458065486216,True,1.4881557586623009,False,True,1,7.144972060588215,180.38276495536465,0
case118,branch1_out,0.0281837610281586,14.542107096688715,3.760769545694993,False,1.3618008499903889,False,True,0,2.5216445820509343,176.88659555651688,0
case118,branch1_out,0.0185754196275235,16.74265379985847,4.203147603245209,False,1.0320579893799495,False,True,0,3.688682778778788,175.94058980072364,0
case118,branch1_out,0.0317060334137,30.870246688818103,16.95355410958225,True,4.848331151374841,True,True,1,15.340855807558697,189.21677750946927,0
case118,branch1_out,0.0494332723168274,33.567459975779684,23.06725490042507,True,7.86869776510868,True,True,1,19.1276460110391,203.86255973430207,0
case118,branch1_out,0.0364655910169382,19.29646985182843,5.4142571097197365,True,2.425329579443241,False,True,1,5.607577974718784,202.77277361270035,0
case118,branch1_out,0.0485061516537344,51.24669186051973,28.505829639457296,True,6.523733568742007,True,True,1,29.329841535845457,233.74218811195004,0
case118,branch1_out,0.0423723844867575,51.74874806327161,41.43929542124751,True,6.440365608670625,True,True,1,33.44423577974418,262.11671736402667,1
case118,branch1_out,0.0256668053972474,14.11008889632144,4.741038637388789,False,2.065495139572404,False,True,0,2.740455067291838,250.01513452394545,1
case118,branch1_out,0.0191392669834382,13.11050531528644,3.853504652079706,False,1.15414408578634,False,False,0,1.7921328704244,238.12412638683736,0
case118,branch1_out,0.0246570742415025,15.41020233764465,10.468667448751098,True,2.315422205860023,False,True,1,5.15878584461966,229.72191608579828,0
case118,branch1_out,0.0273771351376755,12.548670521159622,1.0907594689840343,False,1.3838996781491495,False,False,0,0.7283430369048511,219.2983949983781,0
case118,branch1_out,0.0437554503661672,24.557205190142994,43.2150142254556,True,3.887635495883038,True,True,1,19.870633961884785,221.92576068868323,0
case118,branch1_out,0.0179930583152599,14.959175609650757,3.6650931824683335,False,1.033397600562217,False,True,0,2.6357952796783217,214.6923602294657,0
case118,branch1_out,0.0430122597982953,17.780141288791114,15.001150092418657,True,2.851226169946637,False,True,1,7.810660906110481,211.00326549531025,0
case118,branch1_out,0.0340655023352515,20.426611093172507,37.3661033394039,True,5.503924112610721,True,True,1,16.37392137092957,210.3295500389517,0
case118,branch1_out,0.0377399702375387,23.63352094573515,12.137044781074648,True,1.2429324795623928,False,True,1,9.556460403102449,212.9301159807917,0
case118,branch1_out,0.0337698546759021,17.135141420107303,11.752795746945417,True,2.137396748900012,False,True,1,6.370888783917279,208.77224580281984,0
case118,branch1_out,0.0536326537764343,26.064081807427247,14.464882502589669,True,7.795270423219934,True,True,1,12.78055973913451,213.9591030299651,0
case118,branch1_out,0.0340483777093936,14.986639764186222,2.268497309830116,False,0.642136445611288,False,True,0,2.152296364164404,207.5498324911548,0
case118,branch1_out,0.0313500080627626,24.77415696763821,32.561125286268926,True,6.783703585000545,True,True,1,17.362156786699888,211.56900620967755,0
case118,branch1_out,0.0258974027031187,20.80501398738318,9.962155267423674,True,2.168828872874053,False,True,1,7.674919348493503,211.21711957609293,0
case118,branch1_out,0.0389340287124244,19.061544768961387,7.483491354364323,True,2.191096610995592,False,True,1,6.064039112989108,209.15695238744507,0
case118,branch1_out,0.0228251012714087,11.694477518597104,3.9754213697855967,False,1.670940655394205,False,False,0,1.224053301313072,199.93573466729768,0
case118,branch1_out,0.0433078537618119,13.777351904989116,4.1324128585131,False,1.4179834918898373,False,True,0,2.2619965084264555,193.719513105557,0
case118,branch1_out,0.0592322462079544,32.829338367296344,49.617898251674326,True,7.570235750330232,True,True,1,26.66408580921652,207.17690016229767,0
case118,branch1_out,0.0375296687491267,17.49137719865224,6.242045965249843,True,2.570466606615024,False,True,1,4.982395710224078,203.95058734472013,0
case118,branch1_out,0.051019099138033,42.8997206200655,23.127666846081578,True,6.396069754775626,True,True,1,23.51737431481235,226.45524923031363,0
case118,branch1_out,0.020300239902345,14.13885205220866,1.5587150349457637,False,1.708470173737201,False,True,0,1.7287345713354996,217.9485763594909,0
case118,branch1_out,0.046844473355442,29.3848047252881,19.53169945771492,True,8.291056825048964,True,True,1,16.06012356496832,225.53852344882992,0
case118,branch1_out,0.0168575518608881,17.10635327824293,9.496357410450036,True,2.8297803470117624,False,True,1,5.818039931658829,220.09102438218983,0
case118,branch1_out,0.0555452283452315,36.0378352966149,22.59230633219961,True,5.109200544295287,True,True,1,19.66844965682639,234.11975724058576,0
case118,branch1_out,0.0482976513739188,29.099618830175626,37.53577555236338,True,6.146545240687313,True,True,1,20.88985112893429,239.8074003467028,0
case118,branch1_out,0.0442925985464501,31.17187161656263,26.890575289644342,True,4.092715366265057,True,True,1,18.32165146842763,246.9985319285952,1
case118,branch1_out,0.027813954195651,14.24617039583737,3.7385642107085952,False,0.9112878443207192,False,True,0,2.276912029995408,236.54484913157305,0
case118,branch1_out,0.0222575437242509,12.429843823802488,1.882339448276619,False,0.910268926720696,False,False,0,0.8116775317283687,225.32020804221824,0
case118,branch1_out,0.0197271831066735,15.314151102742844,3.3209485488991763,False,1.5733408948707155,False,True,0,2.8180282950153184,218.1023383407393,0
case118,branch1_out,0.0280990581704593,12.64217701509554,2.5594168393869885,False,0.9251289290628778,False,True,0,1.1239393451764426,208.93428152176088,0
case118,branch1_out,0.0326603161230172,22.10970384026433,5.073015163928266,False,3.14306888339496,False,True,0,7.0553702459896375,210.15055720984915,0
case118,branch1_out,0.0329904926895685,16.976176269807578,9.115485507847891,True,1.876647501151833,False,True,1,5.448063287488523,206.1116777586718,0
case118,branch1_out,0.0275892392852415,16.168102642577928,8.418000085250474,True,3.196809112733748,False,True,1,5.098813169410856,201.6686126253825,0
case118,branch1_out,0.0562029694623498,22.859512264406334,47.28404829755716,True,5.546510408724531,True,True,1,20.57427270321522,204.36126362725065,0
case118,branch1_out,0.0550906154092433,32.70700681992724,20.474275561852,True,3.103746105108994,False,True,1,16.966535299541015,216.6321440844528,0
case118,branch1_out,0.0465134665132249,34.28823631657828,22.62561966765644,True,4.303783764062764,True,True,1,18.642560811398624,229.25716599258584,0
case118,branch1_out,0.0295683705358721,22.61352560394378,6.968356920267001,True,3.715147795891378,True,True,1,7.990299437230266,228.94497499727103,0
case118,branch1_out,0.0439863630098491,16.209094267970787,8.09682326652896,True,3.116287583891914,False,True,1,5.006851630722464,222.25957176551472,0
case118,branch1_out,0.0260154739206015,17.166512922578438,3.315928944214424,False,3.335834792410953,True,True,1,4.095202103035737,217.2001275115417,0
case118,branch1_out,0.0282046377617881,14.859686863162048,4.239699367411077,False,2.2662738778582416,False,True,0,3.0050080173759945,210.3398016235496,0
case118,branch1_out,0.0465286686368918,35.960455977529854,21.819418524911768,True,7.492498148116939,True,True,1,19.874553175861845,225.26627743872444,0
case118,branch1_out,0.0337639217090135,14.498008012668173,2.3867997732273127,False,1.7677312027336796,False,False,0,2.168590178849015,217.23765770752016,0
case118,branch2_out,0.0565184191220827,20.1106216172006,33.00734252156644,True,6.366985937985751,True,True,1,15.08091075266738,215.6245135539688,0
case118,branch2_out,0.0359469722280552,48.717262014801086,45.05008049255429,True,3.440665203895044,False,True,1,32.41178819594584,242.779324213373,1
case118,branch2_out,0.0407454319829639,20.46670816469891,7.541179166080337,True,2.4685405394875177,False,True,1,6.83941594007106,238.96809995673465,0
case118,branch2_out,0.041274659704354,50.057062823107465,39.46797215709918,True,6.579135380430221,True,True,1,32.03475013476953,265.1283527841686,1
case118,branch2_out,0.0376314296083265,17.077000700198713,3.902999509020773,False,2.47909445752287,False,True,0,4.0552190943101625,255.69251820595048,1
case118,branch2_out,0.0605557315639861,47.922673095680906,46.22973146561539,True,3.750892750754879,True,True,1,32.43043453767604,278.0459394810363,1
case118,branch2_out,0.0498953034315263,25.13272324626069,33.05732268036284,True,4.609604688056374,True,True,1,17.255479364850473,275.3740687791934,1
case118,branch2_out,0.0566927841268196,38.59407353248399,42.46404445596991,True,7.580014535362912,True,True,1,27.402253010105547,286.43073543375806,1
case118,branch2_out,0.037437841518808,16.239856688502826,6.518648204876311,True,2.5627509455535376,False,True,1,4.4380729948250135,274.02751857888506,1
case118,branch2_out,0.0301098913014152,45.4154373207918,10.928646193198244,True,4.090724493740242,True,True,1,20.65445741710342,292.0402040417884,1
case118,branch2_out,0.051826152405638,34.83662484917315,16.502422259482433,True,2.48508611008792,False,True,1,16.71605632444889,297.67280848678274,1
case118,branch2_out,0.0441810985093553,32.96183681378559,15.387971958757676,True,6.2472289916655415,True,True,1,16.196755792853207,300.86736445189007,1
case118,branch2_out,0.0188053316324224,13.015903669267454,3.139085285573678,False,1.828484913544779,False,False,0,1.665374403014786,283.79653167596854,1
case118,branch2_out,0.0402158574782139,41.18590305111798,48.5848990723924,True,5.4364941860670735,True,True,1,30.105720084490123,296.6027815594897,1
case118,branch2_out,0.0273008619186359,20.25169581301193,4.525469768544251,False,3.5392465202755115,False,True,0,6.041338141124344,287.19419921655265,1
case118,branch2_out,0.0502228662577631,38.25930638096113,48.15387865423495,True,5.505371233866377,True,True,1,28.52689103352433,296.7340856758585,1
case118,branch2_out,0.0147089344478013,11.480771580664078,4.081914461130359,False,1.464844594830226,False,False,0,1.117543257305153,278.5414486889367,1
case118,branch2_out,0.0254852732980139,11.82775422060426,2.019365817882307,False,1.011716713484013,False,True,0,0.572030198363625,262.5150580406473,1
case118,branch2_out,0.0207158256727999,21.848044477654675,14.217199824593203,True,3.4056967108631704,True,True,1,9.720321528377932,258.1115967142373,1
case118,branch2_out,0.0390374417141096,22.23488344313757,33.847512806576646,True,3.445675155920004,False,True,1,15.810830594725775,254.5353204859512,1
case118,branch2_out,0.0376777472532282,18.9092162904906,13.479768300206636,True,3.776277734657686,True,True,1,8.103794182238827,247.99100472784664,1
case118,branch2_out,0.0260554372293023,41.051192365903255,11.025049378593293,True,2.9969662005123143,False,True,1,18.28250423663208,264.2430966209652,1
case118,branch2_out,0.0376371260678232,25.131109210199675,24.13873549484769,True,2.559691339710928,False,True,1,14.16911352149633,262.9498961690684,1
case118,branch2_out,0.0318436153542856,14.448537988504787,4.59096450520212,False,1.1539548561499375,False,True,0,2.682349317043018,251.1034445406664,1
case118,branch2_out,0.0601224727086581,29.181846361181524,32.926766424036046,True,3.611916287493854,False,True,1,19.04133636530035,255.17494644778125,1
case118,branch2_out,0.0205724718227154,14.214606021570203,6.185837392284935,True,0.952910186222128,False,True,1,3.0036362657150084,243.8720578245733,1
case118,branch2_out,0.0498806213989784,45.61009439401521,34.84055259272393,True,3.855199039887649,True,True,1,27.87825278280232,265.09494643613124,1
case118,branch2_out,0.023511590220465,21.59589126235745,5.023213247506519,True,3.1651155743259687,False,True,1,6.787932720295875,260.1813430548756,1
case118,branch2_out,0.024948758984721,19.11181049934628,8.257136744875588,True,2.520011756882436,False,True,1,6.387048624512303,253.2750192487343,1
case118,branch2_out,0.0187893958477785,15.275429059291016,3.168556319536801,False,1.5611951210474202,False,True,0,2.7505204497160323,243.2229463831519,1
case118,branch2_out,0.0278890493347358,14.931228555276348,6.774199022195053,True,1.4184911110979015,False,True,1,3.63157220651627,233.83188030011308,0
case118,branch2_out,0.0413719737361351,35.14218856800313,42.82597162425736,True,2.7671287303884147,False,True,1,24.822311517356457,245.5908808381049,1
case118,branch2_out,0.0265625793516951,15.688570855789916,2.325559385376991,False,1.0004997262638,False,True,0,2.592053188760815,236.72036361008435,0
case118,branch2_out,0.0265497073534538,18.20545215641425,9.004971473486286,True,2.5348801112914083,False,True,1,6.161193542511293,231.2537794054901,0
case118,branch2_out,0.0675339821470886,19.991815543514857,41.900164726800725,True,5.060033756211181,True,True,1,17.42796394103988,228.120217008456,0
case118,branch2_out,0.042975507126345,49.65498917213259,13.073121430625868,True,8.027500748002305,True,True,1,24.204931164854514,254.963184479743,1
case118,branch2_out,0.0400134331235039,20.67854846267425,10.535764543519369,True,2.0278937303982323,False,True,1,7.755582340472582,250.1454144944429,1
case118,branch2_out,0.0367461037759263,34.71942210793345,36.23855587526094,True,3.1508886915914114,False,True,1,22.71145555486329,259.8502951529321,1
case118,branch2_out,0.0308389915350402,23.819576085084748,11.03729716238114,True,2.575971118155655,False,True,1,9.586171414887849,257.68484172272366,1
case118,branch2_out,0.0289770195300829,24.097506294593508,48.15616010295781,True,7.985082915823989,True,True,1,21.94261776134889,256.0138638450448,1
case118,branch2_out,0.0552072489195852,47.03549929992734,43.917705214026064,True,7.840037783821166,True,True,1,32.111068770935724,277.44797676046767,1
case118,branch2_out,0.0225051681509301,15.370689221749616,4.352308530036848,False,1.2760310538724975,False,True,0,3.096243380660361,265.07386830617054,1
case118,branch2_out,0.0261414762447679,23.191277347626727,3.7324326120372575,False,3.3511288532869705,False,True,0,7.2355942280819345,261.7577588231802,1
case118,branch2_out,0.0243432862379754,19.73522459661645,6.80555810022989,True,3.259530616133908,False,True,1,6.411185851603977,255.31720753747865,1
case118,branch2_out,0.0560420651394973,52.15397071048658,47.09647633429898,True,2.482114325178676,False,True,1,34.55235112056872,281.9394574942174,1
case118,branch2_out,0.0247900099923211,13.984382575359298,2.295627267750299,False,1.2956752816048465,False,True,0,1.790014524325708,267.7298943201549,1
case118,branch2_out,0.0535078604306267,50.9277378427224,24.82820921248666,True,4.344236825538004,True,True,1,27.6311790502148,291.88464273086186,1
case118,branch2_out,0.037704619872358,14.733043822350409,6.622948583741978,True,1.5155821408189547,False,False,0,3.506522914461588,277.42922228012606,1
case118,branch2_out,0.0338391687446514,11.97907024497345,2.7288070547529686,False,1.3306891861027117,False,False,0,0.9243150761331576,261.6653702970869,1
case118,branch2_out,0.0326817863833229,22.895748817213068,7.439474910957856,True,2.9562978373508413,False,True,1,8.12097644936406,258.39458208459126,1
case118,branch2_out,0.0475533619547229,38.95535124114036,20.41639599879874,True,8.003649675084185,True,True,1,21.05332435522664,271.5104751172725,1
case118,branch2_out,0.0476937586208264,16.63867884343057,4.7310187472779,False,3.58472477132982,True,True,1,4.305590000164618,260.9981064489758,1
case118,branch2_out,0.0414005455686441,50.90082963178112,46.32018474668569,True,7.170076721683269,True,True,1,34.63048558423292,285.79912543585937,1
case118,branch2_out,0.0330706266277493,34.4866050408598,26.92731234663856,True,7.158060265793935,True,True,1,20.60310827758025,291.70581793313323,1
case118,branch2_out,0.0321796015774598,14.425464879514816,2.9119066826425364,False,1.045836921230963,False,True,0,2.145471828796361,276.96070101933475,1
case118,branch2_out,0.035536823355443,22.58569492228302,6.1170998020511655,True,2.569164705873584,False,True,1,7.491810342931577,271.8503258396844,1
case118,branch2_out,0.0534043920012201,28.44861683988376,26.726821478941613,True,6.823003969199082,True,True,1,17.45695565746418,273.1139100955997,1
case118,branch2_out,0.0375298936199542,17.157411979535457,10.003397734015858,True,2.649012616865485,False,True,1,5.959527833345583,262.9599310655752,1
case118,branch2_out,0.0323453886555358,20.5945902907794,6.677700734353346,True,2.08884138225976,False,True,1,6.568373642147654,257.25852824979705,1
case118,branch2_out,0.0397631078038682,30.393715094068337,41.24111420273759,True,8.314628345284254,True,True,1,23.08211747691229,261.9263905188857,1
case118,branch3_out,0.0321953278613653,22.537582853786567,7.722741336586924,True,2.2910522667307367,False,True,1,7.893824281215507,258.2713343207837,1
case118,branch3_out,0.0476838672079241,30.92042920028173,23.00229441571291,True,8.360227354815404,True,True,1,17.882948395817817,263.36463008898704,1
case118,branch3_out,0.0396534845945596,15.318756182139143,9.046541571401836,True,2.654165653423356,False,True,1,4.754173693174794,252.34692326222748,1
case118,branch3_out,0.0458290114518938,37.558025844147245,46.15565136875733,True,3.0722697765420834,False,True,1,27.090162288009235,264.670256780152,1
case118,branch3_out,0.026563521204151,15.434040210473754,4.303995854619942,False,1.7919017265902584,False,True,0,3.216599206940911,253.6372713126105,1
case118,branch3_out,0.0310731698990692,12.602800727214364,2.071106730295872,False,0.8854952896790672,False,True,0,0.9498314406317576,240.87634490856388,0
case118,branch3_out,0.0207010060787314,19.033955243515727,31.665220879789427,True,4.465892580223676,True,True,1,13.759722401739426,235.82266566122323,0
case118,branch3_out,0.0384054074633122,21.87005764874113,7.797151402901842,True,2.812759853113082,False,True,1,7.686726215863734,234.11045674384204,0
case118,branch3_out,0.0249540457681802,14.36018640719384,3.42236803285017,False,1.1462903592370086,False,False,0,2.286061685299373,225.05959747665167,0
case118,branch3_out,0.0295390621814961,15.618622826920443,10.272878409158286,True,2.8061271023303584,False,True,1,5.302400356673779,218.1722605559069,0
case118,branch3_out,0.0221578900440841,15.263442537047723,2.0048500012938324,False,1.4505338644984356,False,True,0,2.3732830418116984,211.618477037364,0
case118,branch3_out,0.0287008975876274,15.242826630343616,13.060883234392309,True,1.720346832735067,False,True,1,5.733747652036514,205.6994559639712,0
case118,branch3_out,0.0455533852857353,28.26615252032481,32.2657671867285,True,7.106913190240554,True,True,1,19.084189054229068,213.3956628878989,0
case118,branch3_out,0.0583186579967297,50.48273925077552,29.550423530366743,True,3.4709519791967423,False,True,1,28.65068708033713,242.5388358498845,1
case118,branch3_out,0.041653811560817,24.67839303483142,50.411471228699206,True,2.5735655397612667,False,True,1,21.827350993977724,242.9633452997276,1
case118,branch3_out,0.0298078781184257,14.8225190060538,2.699086719354057,False,1.3390471504293977,False,True,0,2.3387949489189963,233.48952977580865,0
case118,branch3_out,0.0486772455681104,41.7943507900826,39.84968129618247,True,4.143221975784515,True,True,1,27.530724179052942,251.9349275883104,1
case118,branch3_out,0.0337943800670601,43.99587813114941,38.91800128154937,True,3.206297962368827,False,True,1,28.16459904251328,270.73731296062874,1
case118,branch3_out,0.0449192172136985,21.388352158667345,17.343033823814213,True,8.22649454452849,True,True,1,11.392385135383636,265.0519338232332,1
case118,branch3_out,0.0259338957883133,12.75825191954421,2.893041509408498,False,1.2121759449646825,False,True,0,1.3394736015875903,251.3049923604541,1
case118,branch3_out,0.0392228612069105,15.665133162004876,7.807325210339962,True,2.541190952286148,False,True,1,4.533002334561656,241.8396262864136,1
case118,branch3_out,0.0505523631343637,21.9314698255438,19.82604321747776,True,2.987122240175301,False,True,1,11.360972326050284,239.587133483316,0
case118,branch3_out,0.0345826580185253,17.86075049628801,4.119252440179384,False,1.8988744917114613,False,True,0,4.395925878540113,233.4891706312724,0
case118,branch3_out,0.0170527626323289,16.47184181522815,8.63688055831342,True,3.317415595194788,False,True,1,5.340468194147059,226.6120953833733,0
case118,branch3_out,0.0589030716985227,25.776657795118624,44.55087343657875,True,6.570774342886209,True,True,1,21.41774579711018,229.72754364015464,0
case118,branch3_out,0.0330307503600171,22.395349841260344,6.319873166669248,True,2.323381784704865,False,True,1,7.408313227571919,229.1501391173996,0
case118,branch3_out,0.0291592201184323,15.91814032170463,4.082644385144813,False,1.4181921561293374,False,True,0,3.3175019076216268,222.15326552736423,0
case118,branch3_out,0.0532616003540236,19.467012352779832,18.54242997586269,True,5.564178402165949,True,True,1,10.259070849581912,219.4049513274076,0
case118,branch3_out,0.0352711587203157,14.0877354080028,9.21310947054532,True,2.288817921458874,False,True,1,4.115564129456771,211.55219160266967,0
case118,branch3_out,0.0343629240096487,17.594452255600725,6.504195462660336,True,3.1199626049545954,False,True,1,5.222477287589383,207.9914246980034,0
case118,branch3_out,0.0308568419781271,12.330976370318128,4.6674881023802,False,1.1429788994813377,False,False,0,1.6443303957693916,199.5232585985212,0
case118,branch3_out,0.0370156017762899,12.50758470293644,6.362626836510136,True,1.058354043464515,False,False,0,2.2242512111141632,192.0785174416056,0
case118,branch3_out,0.0344787032630901,20.892888289809164,11.877808626351824,True,2.758929133449532,False,True,1,8.411572559500037,193.76355398725417,0
case118,branch3_out,0.0410836930369986,17.83587407035592,7.364444589374143,True,1.8262989368884968,False,True,1,5.342530199367903,192.22307265888463,0
case118,branch3_out,0.0308585019966862,17.842957333823307,11.193279236904356,True,3.4791655161176114,False,True,1,6.825295541206482,190.8437227268195,0
case118,branch3_out,0.0240063958499506,14.187077701507102,1.764004272352967,False,1.771409651377375,False,True,0,1.827022062734916,185.94642815564464,0
case118,branch3_out,0.0251844189619217,14.227973140854877,3.900088929529384,False,0.818818382100204,False,True,0,2.297776925706294,181.57975848093503,0
case118,branch3_out,0.0405218029363224,14.948446966286006,7.8401991821179795,True,2.378892187793686,False,True,1,4.1520616753371336,178.37022959912755,0
case118,branch3_out,0.0286534329923059,20.516528721312447,7.440955499815718,True,1.9528964398259567,False,True,1,6.73113029856613,181.04973536052725,0
case118,branch3_out,0.0582403845148458,34.88054304651776,45.86595765588737,True,3.032273306812244,False,True,1,25.65651348138753,197.82530487099228,0
case118,branch3_out,0.0395785710484388,50.50465539074918,20.88229616189928,True,6.941820102980286,True,True,1,26.755380564540427,228.54742977464224,0
case118,branch3_out,0.0375662437318623,19.279945039726453,7.283802473310931,True,1.9618741237530155,False,True,1,6.067488086607109,224.97263183690447,0
case118,branch3_out,0.0258226823001147,18.264795695225,4.490347564130347,False,3.3107592752922907,False,True,0,4.99165397191006,220.740164348439,0
case118,branch3_out,0.0358930011340458,37.2907839414271,20.008299498000213,True,8.277812053776861,True,True,1,20.153444230868985,235.95693185502225,0
case118,branch3_out,0.0405395984350563,20.31594312800976,12.223154633630648,True,1.3457553561906417,False,True,1,7.944069025332199,232.67718179752976,0
case118,branch3_out,0.0484316460560007,40.18331648550437,41.86712594555025,True,6.885410704404879,True,True,1,27.87887816729824,249.5927801032812,1
case118,branch3_out,0.0199156955943372,15.08067484930425,3.842912107605602,False,1.3546536165668766,False,True,0,2.814141780247181,239.7141769422573,0
case118,branch3_out,0.0265927532700723,14.862676726904697,12.543600689961943,True,2.068113852239468,False,False,0,5.458041340888825,230.60543597493628,0
case118,branch3_out,0.0255312855438045,13.136985689293798,5.042279719916194,False,1.0469572511854648,False,True,0,2.14056821085885,220.6818780667365,0
case118,branch3_out,0.0610802663469284,23.15949808125525,12.546083479863988,True,4.551015088854095,True,True,1,10.10377710235764,221.77318834131808,0
case118,branch3_out,0.038910511674788,21.18977565503912,5.135928639994893,False,1.8613886691544383,False,True,0,6.357944153348916,220.7856451622254,0
case118,branch3_out,0.0315930935017125,26.539023457791323,26.25390695465913,True,2.923599495506146,False,True,1,15.580403714394627,225.24610410379407,0
case118,branch3_out,0.0279254971304731,12.467608841775164,1.7078543556609618,False,1.7935891502426644,False,True,0,0.9548785576344032,215.18910253519,0
case118,branch3_out,0.0282507074403859,22.72578631696408,9.052848969911848,True,2.393683457877071,False,True,1,8.407484541031009,216.39597859863505,0
case118,branch3_out,0.0481606679475786,36.90830554489427,17.406827738769817,True,7.170022201914379,True,True,1,18.96020553446096,231.6646862836658,0
case118,branch3_out,0.055867162902467,43.10129283576652,20.15793022220779,True,5.06633192018114,True,True,1,22.46129186858182,251.59951049106573,1
case118,branch3_out,0.0550429474830219,39.77073845950102,38.26200204903608,True,3.77242728976662,True,True,1,25.968455302414657,266.2102979014602,1
case118,branch3_out,0.0205169524693162,13.025721339186855,5.364884427512634,False,1.2097475723107345,False,False,0,2.214275512309365,252.614989450501,1
case118,branch3_out,0.0487017211195094,37.90833388593966,32.64698554785535,True,2.821530723625786,False,True,1,23.16256875205159,265.2618243913906,1
case118,branch3_out,0.0266498357281239,22.722214132707546,6.8018322742911135,True,2.6794365561565336,False,True,1,7.7875440598724115,261.4578560849591,1
