case,attack,delta_v,nis,cusum_stat,cusum_alarm,jitter_z,jitter_detected,kalman_anomaly,consensus,threat_score,y_true,y_pred
case9,baseline,0.0230404793022027,11.44475550693928,2.125997623150876,False,0.4375337330953036,False,False,0,0.0,0,0
case9,baseline,0.0198583570733578,10.889890924540056,2.5251633185452835,False,0.7596170591209848,False,False,0,0.0,0,0
case9,baseline,0.0231795801808402,11.186131320935964,0.9904733374284675,False,0.3723448145206361,False,False,0,0.0,0,0
case9,baseline,0.0148345716561626,12.10827328266206,1.818764635765593,False,0.0025571243313985,False,False,0,0.0,0,0
case9,baseline,0.0164110235775084,11.527840218730049,1.3930406659506316,False,0.5133845485717616,False,False,0,0.0,0,0
case9,baseline,0.0193664992575972,11.535201504159325,0.7650625545398352,False,0.5608560592409417,False,False,0,0.0,0,0
case9,baseline,0.0269942773474312,11.769272985776691,0.4818294225783099,False,0.3636557158596043,False,False,0,0.0,0,0
case9,baseline,0.0213944529810742,11.515040720942205,0.4621356402486193,False,0.404406882615752,False,False,0,0.0,0,0
case9,baseline,0.0254294900041143,11.149879245826934,1.438758642706683,False,0.4010108768178825,False,False,0,0.0,0,0
case9,baseline,0.0201846711382955,12.970926193629143,0.6506685819821014,False,0.6977303052902967,False,False,0,0.0,0,0
case9,baseline,0.0219464347395063,11.43469159494068,1.0084882698030733,False,0.3253277097344548,False,False,0,0.0,0,0
case9,baseline,0.0248702546169852,12.099233462801257,0.7271168918161718,False,0.407580595420498,False,False,0,0.0,0,0
case9,baseline,0.0089727643114635,12.0933224913452,1.2330017005667613,False,0.3969515313776673,False,False,0,0.0,0,0
case9,baseline,0.0255271223525169,11.02887414871152,2.2062170471914,False,0.8743083771018199,False,False,0,0.0,0,0
case9,baseline,0.0176860803213102,12.482417502395966,0.4991379615663504,False,0.2170964572394239,False,False,0,0.0,0,0
case9,baseline,0.0300118009051408,12.650468454128143,0.6838253138378737,False,0.3829186002798955,False,True,0,0.3333,0,1
case9,baseline,0.0150677756596461,12.20516740234294,0.1306874119095037,False,0.5048716711467823,False,False,0,0.0,0,0
case9,baseline,0.0254106319943527,11.266300028058453,0.113078502870104,False,0.4706137534169773,False,False,0,0.0,0,0
case9,baseline,0.0288784556288295,11.086073773318228,-0.040607489246147,False,0.5938023916090764,False,False,0,0.0,0,0
case9,baseline,0.0181030203458795,12.956570242911836,0.3906445147972553,False,0.335320563376602,False,False,0,0.0,0,0
case9,baseline,0.0174692701035303,12.07204771153847,-0.0210965140977827,False,0.7499370220589499,False,False,0,0.0,0,0
case9,baseline,0.0146991667950507,11.581761438290776,3.4359541607869057,False,0.1010421817900998,False,False,0,0.0,0,0
case9,baseline,0.0214781203167792,11.092827313759091,0.4987159390389752,False,0.2969847352010426,False,False,0,0.0,0,0
case9,baseline,0.0278371763936964,11.28355179648146,0.158848493170334,False,0.9066720251805964,False,False,0,0.0,0,0
case9,baseline,0.0186798586240282,11.70975233988272,3.817878022520186,False,0.1325986099418967,False,False,0,0.0,0,0
case9,baseline,0.0157602046155075,11.62758928187533,1.2787210162497324,False,1.2304628936985271,False,False,0,0.0,0,0
case9,baseline,0.0167227168466022,10.868332734528847,1.8948635019948143,False,0.0456327694634436,False,False,0,0.0,0,0
case9,baseline,0.0249839627248782,11.963490002336332,0.1493902537571541,False,0.2476934346251925,False,False,0,0.0,0,0
case9,baseline,0.0165133885377184,11.907413824023608,0.3046592877616244,False,0.2379312781782437,False,False,0,0.0,0,0
case9,baseline,0.0140601119121037,10.88539045119895,0.1665583003641528,False,0.1924557355334998,False,False,0,0.0,0,0
case9,baseline,0.0186946122327071,12.098332598833238,0.7452880268788181,False,0.1001133451627619,False,False,0,0.0,0,0
case9,baseline,0.0099012821274647,11.14658417351508,0.8861655570463762,False,0.7044644742183268,False,False,0,0.0,0,0
case9,baseline,0.017368933234521,11.451364544477332,1.4734604649748184,False,0.7014571084355719,False,False,0,0.0,0,0
case9,baseline,0.0249223560394198,10.7216383934222,1.0626649320410675,False,0.1138043183290621,False,False,0,0.0,0,0
case9,baseline,0.0186370690154732,12.707303280972337,0.2368920297178317,False,0.2215813368950487,False,True,0,0.3333,0,1
case9,baseline,0.0250668325976892,10.759510368924625,0.8649653857756149,False,0.2441674218661598,False,False,0,0.0,0,0
case9,baseline,0.0182857866274557,12.329210771478662,0.8548780653493233,False,0.4142196807613821,False,False,0,0.0,0,0
case9,baseline,0.0179310267334529,11.068566320900416,0.2077274478195854,False,0.5263756149278076,False,False,0,0.0,0,0
case9,baseline,0.0109693132012702,11.075473902731073,1.779551529271591,False,0.7181832802428966,False,False,0,0.0,0,0
case9,baseline,0.020530057158608,11.64935479503533,3.0612975681180385,False,0.3981658058602473,False,False,0,0.0,0,0
case9,baseline,0.028425609832511,12.525895160101866,0.225524473493605,False,0.0030802970710845,False,False,0,0.0,0,0
case9,baseline,0.018158064327786,12.205904490261176,0.4467388146315643,False,0.6398195371426838,False,False,0,0.0,0,0
case9,baseline,0.0234798696612053,11.311315423665205,0.6283303092167665,False,0.6091097142560071,False,False,0,0.0,0,0
case9,baseline,0.0127267863093153,11.759080164194138,0.516251763804516,False,0.5183569874875052,False,False,0,0.0,0,0
case9,baseline,0.0194576699241955,11.973199606832289,1.670707292261853,False,0.443758853557552,False,False,0,0.0,0,0
case9,baseline,0.0134381469093235,12.116860617274304,0.1785884008892612,False,0.8676943674031761,False,True,0,0.3333,0,1
case9,baseline,0.0147480215088351,11.682081531297117,0.8518550433883942,False,0.0506007307076009,False,False,0,0.0,0,0
case9,baseline,0.0082936183193371,11.32915034540769,2.6874891889187897,False,0.5452347180519841,False,False,0,0.0,0,0
case9,baseline,0.009300442212046,10.78031711511463,1.0942472408191717,False,0.5319836736963852,False,False,0,0.0,0,0
case9,baseline,0.0212320468930899,11.95151819669775,0.4642335908921475,False,0.3700791603280078,False,False,0,0.0,0,0
case9,baseline,0.0122027746515538,11.420846480238426,0.5297344270333711,False,0.4263309399237832,False,False,0,0.0,0,0
case9,baseline,0.0228771848655487,11.104053375634908,0.7868134226677757,False,0.550877117317671,False,False,0,0.0,0,0
case9,baseline,0.0198741012537072,12.219356474941929,0.9633599178228212,False,0.9075152246270074,False,False,0,0.0,0,0
case9,baseline,0.015681478687577,12.116699359932598,0.8020954758078255,False,0.8193842041981365,False,False,0,0.0,0,0
case9,baseline,0.0232346410278297,11.959734818671585,0.0376254317110461,False,0.8007817790226931,False,False,0,0.0,0,0
case9,baseline,0.0164235489401924,11.763442293357292,3.5807867297108773,False,0.1062063359752504,False,False,0,0.0,0,0
case9,baseline,0.0186539132066714,10.771827289632247,0.0588890976359076,False,0.6101142618635026,False,False,0,0.0,0,0
case9,baseline,0.015502692066211,11.27348482663583,1.2938509244949146,False,0.5137074119841044,False,True,0,0.3333,0,1
case9,baseline,0.0247123726915685,12.282542983373448,0.0797872262506585,False,0.6346444378206417,False,False,0,0.0,0,0
case9,baseline,0.0294462465934194,11.315452564035253,0.1907908575558929,False,0.5791411182112498,False,False,0,0.0,0,0
case9,branch1_out,0.0413164852789013,22.61300386706045,50.59800457100941,True,8.811937687792545,True,True,1,0.9999,1,1
case9,branch1_out,0.0367665976678892,12.818206877169928,4.37246894872173,False,0.8739079142201556,False,False,0,0.0,1,0
case9,branch1_out,0.0437141429305415,15.836517181555006,6.305321604366351,True,2.750317552979065,False,True,1,0.6666,1,1
case9,branch1_out,0.0301979871718264,37.81839774106377,18.20769167931261,True,4.946398887613729,True,True,1,0.9999,1,1
case9,branch1_out,0.0487039559693548,30.494451992284144,47.18177551768312,True,8.262688707159457,True,True,1,0.9999,1,1
case9,branch1_out,0.0298205391598845,12.50194383279202,3.799363038481967,False,1.20117585119829,False,False,0,0.0,1,0
case9,branch1_out,0.0306501460109125,21.500819508429647,3.6139484214335273,False,2.8350022015461853,False,True,0,0.3333,1,1
case9,branch1_out,0.0550705751675036,29.791438464017645,13.75026317791856,True,7.706699390018425,True,True,1,0.9999,1,1
case9,branch1_out,0.0479746301374891,16.49538434158278,3.442758350066596,False,3.207166968753003,True,True,1,0.6666,1,1
case9,branch1_out,0.0387141222178121,21.65944825517434,28.075737004326477,True,2.6381260175476053,False,True,1,0.6666,1,1
case9,branch1_out,0.0399815463108955,23.01948755106621,11.862759473668392,True,2.7904598476742355,False,True,1,0.6666,1,1
case9,branch1_out,0.0460296285142162,22.30930284185006,20.10290977607552,True,7.516224493580631,True,True,1,0.9999,1,1
case9,branch1_out,0.0309202465439997,43.983151444805664,40.19478546141351,True,7.773865903908739,True,True,1,0.9999,1,1
case9,branch1_out,0.0538169855454427,49.822524910156496,20.340865931413965,True,5.916247017465695,True,True,1,0.9999,1,1
case9,branch1_out,0.029566519803689,13.560320432816424,1.7475395160686804,False,1.3562718787330454,False,False,0,0.0,1,0
case9,branch1_out,0.026366326908458,19.911869855544506,6.565669084105948,True,3.1258576773533435,False,True,1,0.6666,1,1
case9,branch1_out,0.0341193842980256,29.729669448879104,13.295571607150093,True,3.1174211770089197,False,True,1,0.6666,1,1
case9,branch1_out,0.0312014968785015,28.26087452344466,28.46272590719904,True,6.422167916815003,True,True,1,0.9999,1,1
case9,branch1_out,0.0298693997577524,20.923802860772216,46.77208801867275,True,3.902081451404544,True,True,1,0.9999,1,1
case9,branch1_out,0.0561909183936661,22.778365825443363,47.83148002994199,True,4.975929106568598,True,True,1,0.9999,1,1
case9,branch1_out,0.0423815134276423,41.57028495803459,42.17503599695881,True,3.838773908490048,True,True,1,0.9999,1,1
case9,branch1_out,0.0313577583656076,47.8536266806958,29.133265625379256,True,8.699743727222108,True,True,1,0.9999,1,1
case9,branch1_out,0.0451702363992089,21.00378488274374,6.349735991572112,True,2.497444164929095,False,True,1,0.6666,1,1
case9,branch1_out,0.0470915497350561,32.19056167740322,34.801605838496506,True,8.346930075297887,True,True,1,0.9999,1,1
case9,branch1_out,0.0414212720235558,19.444440297498733,7.384331233638066,True,3.831724089366981,True,True,1,0.9999,1,1
case9,branch1_out,0.0328633007741963,15.530412900440956,4.687685513171438,True,3.0967963226001127,True,True,1,0.9999,1,1
case9,branch1_out,0.0273344328728522,17.91004848515925,12.646168936645202,True,1.879601268294224,False,True,1,0.6666,1,1
case9,branch1_out,0.0638096002298613,43.63486062989431,25.76302712957831,True,6.5707294158241085,True,True,1,0.9999,1,1
case9,branch1_out,0.048908221655998,45.711036131671854,25.998424099966943,True,4.179194873680326,True,True,1,0.9999,1,1
case9,branch1_out,0.0264562506724056,19.45801759446402,8.80535852332528,True,2.308592073714622,False,True,1,0.6666,1,1
case9,branch1_out,0.0427199147057949,47.516090200319326,27.496298312308376,True,6.029992444544713,True,True,1,0.9999,1,1
case9,branch1_out,0.0462846256847675,22.917327376319253,12.117283079063585,True,1.8367994885647076,False,True,1,0.6666,1,1
case9,branch1_out,0.0154018755554585,13.373972359878566,3.8494092781157834,False,1.8154498563712465,False,False,0,0.0,1,0
case9,branch1_out,0.0506570187898609,22.19632039994011,10.38203124981523,True,8.146223378551836,True,True,1,0.9999,1,1
case9,branch1_out,0.0448767981515643,30.92434488992209,42.71661627849339,True,5.29503699449385,True,True,1,0.9999,1,1
case9,branch1_out,0.0626802485531878,26.973287115618216,23.470104282374876,True,4.556998630828342,True,True,1,0.9999,1,1
case9,branch1_out,0.0308982251071375,22.268111335871023,10.05735268058148,True,2.5166692373626844,False,True,1,0.6666,1,1
case9,branch1_out,0.0244470051741446,21.583551104403057,9.937259060856514,True,3.0949152886691125,False,True,1,0.6666,1,1
case9,branch1_out,0.0416835201998357,23.534955403689608,11.199204597179577,True,3.583524574544708,False,True,1,0.6666,1,1
case9,branch1_out,0.0215788334162333,15.576143351473933,3.685838020991049,False,1.783093448743402,False,True,0,0.3333,1,1
case9,branch1_out,0.024576907770934,17.692162327288873,8.365332942816881,True,1.9400460570647775,False,True,1,0.6666,1,1
case9,branch1_out,0.0339286318960539,15.13518926566022,5.474435103717906,True,3.421292269320893,False,True,1,0.6666,1,1
case9,branch1_out,0.0527353579176598,34.71785886294288,43.177326555768246,True,6.151823765011097,True,True,1,0.9999,1,1
case9,branch1_out,0.0536363512627937,41.71731401580527,26.36887767053465,True,6.279983278334161,True,True,1,0.9999,1,1
case9,branch1_out,0.0294008164972273,15.647883030437375,7.936256087919894,True,2.190760501876732,False,True,1,0.6666,1,1
case9,branch1_out,0.0406301004764731,17.724082821270915,11.796241906001285,True,3.1024308521943422,False,True,1,0.6666,1,1
case9,branch1_out,0.0251126901474114,16.784118270618695,9.70716451144852,True,2.992897726714839,False,True,1,0.6666,1,1
case9,branch1_out,0.0400805989347765,31.365676864522005,43.526453082528455,True,4.974848670315532,True,True,1,0.9999,1,1
case9,branch1_out,0.0378865470832314,22.174611005213077,27.932358588141422,True,3.860908796374759,True,True,1,0.9999,1,1
case9,branch1_out,0.0319069413348467,17.152375686691222,4.999857255793191,True,3.032546753278366,False,True,1,0.6666,1,1
case9,branch1_out,0.0236122832520283,15.458324474080158,4.449857462434713,False,1.513268774916252,False,True,0,0.3333,1,1
case9,branch1_out,0.0266392351948984,18.205311345617044,14.849584714250256,True,4.039039621118986,True,True,1,0.9999,1,1
case9,branch1_out,0.0344920177840061,17.966033185396487,12.87171803307379,True,2.022171580635436,False,True,1,0.6666,1,1
case9,branch1_out,0.0444242932068769,27.409957084603324,45.79813877741043,True,6.176675437852135,True,True,1,0.9999,1,1
case9,branch1_out,0.0264801039127199,30.240570054660747,25.240412068837223,True,6.944835110305884,True,True,1,0.9999,1,1
case9,branch1_out,0.0277295066947373,12.599262546824946,4.45941512379293,True,1.3362157419450722,False,False,0,0.3333,1,1
case9,branch1_out,0.0434888680044745,18.68529551226564,11.118893438198548,True,2.619060064824579,False,True,1,0.6666,1,1
case9,branch1_out,0.0288787615204617,21.253223936665883,8.183222620655105,True,2.7019932590899747,False,True,1,0.6666,1,1
case9,branch1_out,0.0452936847935667,21.59592701998353,13.621025969789583,True,5.346464612213069,True,True,1,0.9999,1,1
case9,branch1_out,0.05553454827178,29.54631398287767,17.815920327540773,True,6.966400202408816,True,True,1,0.9999,1,1
case9,branch2_out,0.0497375875264742,24.73088661192363,51.29925026951632,True,5.87279666772434,True,True,1,0.9999,1,1
case9,branch2_out,0.0299965981067861,21.787034083756534,7.66804025665814,True,2.571175602046055,False,True,1,0.6666,1,1
case9,branch2_out,0.0319565477294402,17.628424492860898,10.530496538132343,True,2.835387373280518,False,True,1,0.6666,1,1
case9,branch2_out,0.0196180722520303,12.050875977130074,3.5791279747562594,False,1.5346737867788138,False,False,0,0.0,1,0
case9,branch2_out,0.0367684003506419,22.8914158516036,5.187547673738392,False,3.632061501107567,True,True,1,0.6666,1,1
case9,branch2_out,0.0382059081927259,30.476817208176406,43.260388060608406,True,4.219095362634704,True,True,1,0.9999,1,1
case9,branch2_out,0.0263180538854508,20.13634637994425,5.17587627902463,True,2.3682745934944567,False,True,1,0.6666,1,1
case9,branch2_out,0.0371123921640726,18.090313173238087,6.849858508605842,True,2.8456115982448518,False,True,1,0.6666,1,1
case9,branch2_out,0.0519220617016068,37.37708565407576,26.680324056082103,True,2.9718457230425472,False,True,1,0.6666,1,1
case9,branch2_out,0.0364899633808567,17.827289897187164,4.806573073692841,False,2.5408007028375525,False,True,0,0.3333,1,1
case9,branch2_out,0.0473584245528693,46.02376971730536,39.63304898687064,True,6.885862386921574,True,True,1,0.9999,1,1
case9,branch2_out,0.0334760746739735,21.23558864081865,10.45627906976456,True,2.048587536879761,False,True,1,0.6666,1,1
case9,branch2_out,0.0354614145377397,17.137178208822586,6.945931659651726,True,2.162440053347446,False,True,1,0.6666,1,1
case9,branch2_out,0.0281764892514754,22.19512132584304,10.093557502955612,True,2.7935740719899638,False,True,1,0.6666,1,1
case9,branch2_out,0.0357973568377775,16.771608297710884,4.139191639354511,False,1.5886112639875238,False,True,0,0.3333,1,1
case9,branch2_out,0.046329039415271,36.3160300989763,19.304249378814767,True,4.577669588648186,True,True,1,0.9999,1,1
case9,branch2_out,0.0415713310864526,51.09193992360287,44.4406758216854,True,7.302395176155183,True,True,1,0.9999,1,1
case9,branch2_out,0.0334403491799486,23.22488129024572,14.378288677118272,True,7.179651743522878,True,True,1,0.9999,1,1
case9,branch2_out,0.0489705858152498,29.470764853618583,25.12236853490076,True,7.1402606405460265,True,True,1,0.9999,1,1
case9,branch2_out,0.0535174280738068,36.68128077146928,26.082179299083823,True,7.176917302231101,True,True,1,0.9999,1,1
case9,branch2_out,0.0212393701964266,22.471654124199794,4.709388121872717,False,3.486615880084026,True,True,1,0.6666,1,1
case9,branch2_out,0.048066334159858,40.19047683944043,19.24313378726233,True,5.966425055272394,True,True,1,0.9999,1,1
case9,branch2_out,0.0274274332824734,15.1708264140819,8.582532377050603,True,1.7372652366789545,False,True,1,0.6666,1,1
case9,branch2_out,0.0355998808917733,16.91954538987043,5.338652461714744,True,3.7723902734731554,True,True,1,0.9999,1,1
case9,branch2_out,0.0485288098663953,22.536852503327506,27.020381615941325,True,3.717584412205648,True,True,1,0.9999,1,1
case9,branch2_out,0.056957821141758,46.16316512608831,24.48655575926598,True,4.6240018161024175,True,True,1,0.9999,1,1
case9,branch2_out,0.0399881384449593,22.27908115688157,5.656060609573108,True,2.511309190594492,False,True,1,0.6666,1,1
case9,branch2_out,0.0234874201964475,14.230343283424478,1.9782559943556883,False,0.9490658554638424,False,True,0,0.3333,1,1
case9,branch2_out,0.0440163626205776,22.592563109883915,12.536832587506092,True,1.3446501958248542,False,True,1,0.6666,1,1
case9,branch2_out,0.0502860030256908,44.25514439927713,42.861683349804906,True,4.82532807741566,True,True,1,0.9999,1,1
case9,branch2_out,0.0484578188786315,28.098608339936675,26.760370727171946,True,8.155122634635381,True,True,1,0.9999,1,1
case9,branch2_out,0.0405564887411482,32.69520688643063,22.768360206038544,True,8.596754608505133,True,True,1,0.9999,1,1
case9,branch2_out,0.0306514233858172,19.405988600297736,4.961233734218648,True,2.295313344677916,False,True,1,0.6666,1,1
case9,branch2_out,0.038753714202881,22.954670944869807,7.323946250576581,True,2.4247925516083795,False,True,1,0.6666,1,1
case9,branch2_out,0.0493474442817041,22.19767787275941,36.258955928622456,True,3.9430800847087686,True,True,1,0.9999,1,1
case9,branch2_out,0.0261411351352841,13.180265953746906,2.573521474364741,False,0.8171036919546649,False,True,0,0.3333,1,1
case9,branch2_out,0.0323053256991973,35.07994820117414,43.56351978174099,True,4.371861114600041,True,True,1,0.9999,1,1
case9,branch2_out,0.0260722811020491,13.027129064521528,3.710212855417245,False,1.0277090975658751,False,True,0,0.3333,1,1
case9,branch2_out,0.0456051224674873,48.477377279388776,27.950313558489377,True,4.132625085466055,True,True,1,0.9999,1,1
case9,branch2_out,0.0420796351155236,22.6122011409014,4.240828039830238,False,1.642592559142292,False,True,0,0.3333,1,1
case9,branch2_out,0.0332319404598061,20.02540069521471,4.990249419120265,False,2.4572588699787863,False,True,0,0.3333,1,1
case9,branch2_out,0.0314482322279124,16.411624831847202,9.349756501678394,True,2.4255892222079543,False,True,1,0.6666,1,1
case9,branch2_out,0.0320127377291938,15.140996321493075,2.63661001706623,False,0.9933282987601556,False,True,0,0.3333,1,1
case9,branch2_out,0.0567413309754606,35.21807047487916,48.268773770600674,True,6.703431942930286,True,True,1,0.9999,1,1
case9,branch2_out,0.0179562570733217,18.83667114817863,11.719580891297056,True,1.8600804746376327,False,True,1,0.6666,1,1
case9,branch2_out,0.0275355866338937,44.9142640331436,40.271863281467496,True,5.200466840160043,True,True,1,0.9999,1,1
case9,branch2_out,0.0453304620841725,20.079665202073897,12.222312885179983,True,5.846419851119337,True,True,1,0.9999,1,1
case9,branch2_out,0.0369840480329811,20.226431266450888,7.170106096546612,True,1.894691982856016,False,True,1,0.6666,1,1
case9,branch2_out,0.0234567404849311,14.594753799740934,3.266798004220873,False,0.8960349228865266,False,True,0,0.3333,1,1
case9,branch2_out,0.0412404009577888,30.260577448778204,39.98948606654776,True,5.5666395582739,True,True,1,0.9999,1,1
case9,branch2_out,0.0357700093058257,21.05930936070248,12.952150123176516,True,2.0704224989993496,False,True,1,0.6666,1,1
case9,branch2_out,0.0276985337266482,16.64384226038999,11.36049902422957,True,3.779600755089415,True,True,1,0.9999,1,1
case9,branch2_out,0.0523142016818268,46.00116231168404,22.13564992858402,True,5.662280394979539,True,True,1,0.9999,1,1
case9,branch2_out,0.033540815610376,21.69073744876153,10.256831771415218,True,1.403462929058365,False,True,1,0.6666,1,1
case9,branch2_out,0.0337368434847922,16.9960801278693,5.270524348699913,True,2.892981361606823,False,True,1,0.6666,1,1
case9,branch2_out,0.0588472830832172,26.422473582847264,43.13432929292181,True,3.474823871514197,False,True,1,0.6666,1,1
case9,branch2_out,0.0598637368482007,50.00822905992853,33.479651315015055,True,6.214027836293709,True,True,1,0.9999,1,1
case9,branch2_out,0.0524530200016711,34.6270426634675,19.11712014128212,True,8.55836044392534,True,True,1,0.9999,1,1
case9,branch2_out,0.034236602697779,15.557394302394442,10.087970789859304,True,2.3072308227074143,False,True,1,0.6666,1,1
case9,branch2_out,0.0337498819681807,22.810434361997395,5.370254711939679,True,2.5543845804563485,False,True,1,0.6666,1,1
case9,branch3_out,0.0483742349613694,39.393640236139234,46.92406875960195,True,7.399667743775045,True,True,1,0.9999,1,1
case9,branch3_out,0.0293414440652903,20.614200093732823,8.389505581420648,True,1.7505995779459491,False,True,1,0.6666,1,1
case9,branch3_out,0.0234677509089042,18.39055389545084,8.274579349884062,True,1.7541462621254578,False,True,1,0.6666,1,1
case9,branch3_out,0.0244916294248221,13.045021267490617,5.99481165523661,True,1.3949779219799363,False,False,0,0.3333,1,1
case9,branch3_out,0.0421219699878962,26.252251248280125,31.01321040628331,True,5.132705433575975,True,True,1,0.9999,1,1
case9,branch3_out,0.0238651854074477,12.021782425862304,2.731124826668076,False,0.863101204328631,False,False,0,0.0,1,0
case9,branch3_out,0.0413623423319036,44.750817677724456,17.975636450685844,True,5.222786338653125,True,True,1,0.9999,1,1
case9,branch3_out,0.0551224916825885,37.42159392219769,39.34004742030041,True,6.83785702354596,True,True,1,0.9999,1,1
case9,branch3_out,0.0275297758443262,18.397598233424556,6.684372166489872,True,2.985249606221222,False,True,1,0.6666,1,1
case9,branch3_out,0.0484899902489715,36.25434629663181,39.2010235729776,True,8.478051632745748,True,True,1,0.9999,1,1
case9,branch3_out,0.0335688720714216,45.856655477542674,20.997387599481684,True,5.483194371375895,True,True,1,0.9999,1,1
case9,branch3_out,0.0598249242946807,39.01015674865988,50.28823985020437,True,8.24919240778935,True,True,1,0.9999,1,1
case9,branch3_out,0.0464763758876829,29.37017045020741,32.72236511528578,True,6.472525130569558,True,True,1,0.9999,1,1
case9,branch3_out,0.021009724694359,22.792714690358757,8.46084780233949,True,2.6505356002066685,False,True,1,0.6666,1,1
case9,branch3_out,0.0267692370933074,12.314788794768372,1.9753324154653635,False,1.785218403530353,False,False,0,0.0,1,0
case9,branch3_out,0.0318914292534125,19.93268456744365,3.1985496376025955,False,1.4869973064338282,False,True,0,0.3333,1,1
case9,branch3_out,0.0266132797210664,35.87083286208228,21.6365243732069,True,3.003966900394731,False,True,1,0.6666,1,1
case9,branch3_out,0.0397026334917417,40.24872287441441,47.28737419591764,True,3.8526932868119728,True,True,1,0.9999,1,1
case9,branch3_out,0.0257548486606442,11.959571229102211,4.239986422159841,False,1.4885254456360153,False,False,0,0.0,1,0
case9,branch3_out,0.0306413420508179,16.31008051425054,4.954938576642084,False,2.584953801398308,False,True,0,0.3333,1,1
case9,branch3_out,0.0350988776907427,25.11972179252211,37.847348753764365,True,5.135851327003749,True,True,1,0.9999,1,1
case9,branch3_out,0.0339466532441512,16.80366010112693,8.752310849200901,True,1.870461149859108,False,True,1,0.6666,1,1
case9,branch3_out,0.0327509076052257,23.12437560196391,9.466006255141542,True,2.495125095072796,False,True,1,0.6666,1,1
case9,branch3_out,0.0332593600432424,22.917426274485603,29.256836835015623,True,2.9363795028879087,False,True,1,0.6666,1,1
case9,branch3_out,0.0365181977157874,15.20875235105557,2.9480278126448605,False,0.9773064998421128,False,True,0,0.3333,1,1
case9,branch3_out,0.0289974217745356,26.197726610204185,40.967493871845775,True,4.439693867862352,True,True,1,0.9999,1,1
case9,branch3_out,0.0245883071549434,12.9004230061293,3.99224238083602,False,1.2964609790472672,False,True,0,0.3333,1,1
case9,branch3_out,0.0557951665961706,37.87713585934684,19.27667940607874,True,5.054493906257248,True,True,1,0.9999,1,1
case9,branch3_out,0.0446856841015326,22.749877298056795,11.402003638255197,True,4.332389040737977,True,True,1,0.9999,1,1
case9,branch3_out,0.0542472094141675,42.03276159009389,33.2256563168412,True,8.13970648175859,True,True,1,0.9999,1,1
case9,branch3_out,0.0241192774051162,13.82175933444494,3.157538391507571,False,1.1280250796377198,False,True,0,0.3333,1,1
case9,branch3_out,0.0359338721983578,14.804506900841009,9.794401375624144,True,2.735259259779287,False,True,1,0.6666,1,1
case9,branch3_out,0.0441170284819091,32.23755581081844,39.36461723598661,True,5.510607759839515,True,True,1,0.9999,1,1
case9,branch3_out,0.0356155905467414,16.23218184028675,8.120975795355442,True,1.5232271162556348,False,True,1,0.6666,1,1
case9,branch3_out,0.022932085384617,12.737352538124208,0.7923849609937592,False,0.6427214125850174,False,False,0,0.0,1,0
case9,branch3_out,0.0205575794687088,14.121429440161396,3.611493459500856,False,0.646640673659945,False,True,0,0.3333,1,1
case9,branch3_out,0.0364414412946873,27.9716584992019,31.490960999549515,True,4.566929317336252,True,True,1,0.9999,1,1
case9,branch3_out,0.038719176218324,16.35684282410792,9.616320544432428,True,1.3428369275182386,False,True,1,0.6666,1,1
case9,branch3_out,0.0282122297589385,16.394210930983554,10.519243750801229,True,3.490541938302244,False,True,1,0.6666,1,1
case9,branch3_out,0.0560814019782241,47.74574741940172,34.261004542388505,True,4.83622111705304,True,True,1,0.9999,1,1
case9,branch3_out,0.0330651384794899,26.688500819010343,20.950576659934683,True,7.0223584418469,True,True,1,0.9999,1,1
case9,branch3_out,0.0452128107779245,47.01775499314745,26.48750657260241,True,3.2731014166494816,False,True,1,0.6666,1,1
case9,branch3_out,0.0271656737106616,11.173028630832992,1.0634268677950858,False,1.4193541489282426,False,False,0,0.0,1,0
case9,branch3_out,0.0300780694442918,38.55591793279695,54.184820596476335,True,3.698932918096874,True,True,1,0.9999,1,1
case9,branch3_out,0.0221192248715518,14.091974072720078,1.2069013014791103,False,1.6065052865812597,False,True,0,0.3333,1,1
case9,branch3_out,0.0363554676140434,21.45108805144581,6.850343470861999,True,2.1720724449345514,False,True,1,0.6666,1,1
case9,branch3_out,0.0348872302989896,16.467950231628397,7.668798713865127,True,3.209712172519779,False,True,1,0.6666,1,1
case9,branch3_out,0.059075017680131,30.29455488271447,40.85806554252144,True,3.0577632514500643,False,True,1,0.6666,1,1
case9,branch3_out,0.0333603810225439,17.09898109727299,8.88893630635061,True,3.764685998667765,False,True,1,0.6666,1,1
case9,branch3_out,0.0282800225463254,15.89127922245556,3.5221903274121757,False,2.7271257116153995,False,True,0,0.3333,1,1
case9,branch3_out,0.0314793793612523,15.807683901546731,10.463311314070369,True,2.4281402897567865,False,True,1,0.6666,1,1
case9,branch3_out,0.0429905296957059,19.968567651692503,7.783209243563037,True,1.279036954517563,False,True,1,0.6666,1,1
case9,branch3_out,0.0293764355134233,15.853829742517345,12.242621913481065,True,1.7498865770072798,False,True,1,0.6666,1,1
case9,branch3_out,0.0360874570570524,30.930288238265103,22.885450795699228,True,5.6262123194109295,True,True,1,0.9999,1,1
case9,branch3_out,0.0539325689931597,30.354970783244426,14.91850715198013,True,4.261696636447794,True,True,1,0.9999,1,1
case9,branch3_out,0.0213772232370591,15.14790787807036,4.225037327717574,False,1.2734216311143989,False,True,0,0.3333,1,1
case9,branch3_out,0.0408361303484532,17.520153641393165,12.709170916686809,True,2.147221410904977,False,True,1,0.6666,1,1
case9,branch3_out,0.0438693325321152,38.103383198287936,13.282509966320616,True,7.972916081992383,True,True,1,0.9999,1,1
case9,branch3_out,0.0229987563782385,17.618637717305425,7.764670616850544,True,2.715628674059721,False,True,1,0.6666,1,1
case9,branch3_out,0.0409352875939396,30.85656660778584,29.530531901827096,True,4.916669277030191,True,True,1,0.9999,1,1
case14,baseline,0.0151303019933126,10.334181834982695,0.2856670172134302,False,0.2977084546869153,False,False,0,0.0,0,0
case14,baseline,0.027510509608605,11.99641970356481,0.4539898516427411,False,0.439502041542235,False,False,0,0.0,0,0
case14,baseline,0.0183790636857601,11.326621660327678,0.7765540300684415,False,0.2073871661258954,False,False,0,0.0,0,0
case14,baseline,0.018444975301478,11.60427571042034,0.422506072580455,False,0.7728363990905855,False,False,0,0.0,0,0
case14,baseline,0.0134652615100973,12.991479526595626,2.876934918322402,False,0.5369975160922722,False,True,0,0.3333,0,1
case14,baseline,0.0270362628761179,11.455841311293009,2.016974938708939,False,0.2704856989413532,False,False,0,0.0,0,0
case14,baseline,0.0156955522363923,11.943859581597014,0.8405746743739415,False,0.8134454177909012,False,False,0,0.0,0,0
case14,baseline,0.0164236202213812,11.574301346602756,3.16211550407253,False,0.697377799754024,False,False,0,0.0,0,0
case14,baseline,0.0163198408181308,11.299694217706522,0.4608961116616917,False,0.7710453160606869,False,False,0,0.0,0,0
case14,baseline,0.0200679667786359,11.48621912927428,0.0707811168410905,False,0.5069373468746347,False,False,0,0.0,0,0
case14,baseline,0.0248917450779343,11.916758313868996,0.9993903823590587,False,0.6643461372377032,False,False,0,0.0,0,0
case14,baseline,0.0208707898285823,11.393350792442735,3.701527628075687,False,0.4839276583458651,False,False,0,0.0,0,0
case14,baseline,0.0232342867423036,11.512910876359152,1.4707154388693002,False,0.3206396768115931,False,False,0,0.0,0,0
case14,baseline,0.0235759024719128,12.829496579841724,3.018454177139507,False,0.980854399968508,False,True,0,0.3333,0,1
case14,baseline,0.0228831419063314,10.654102512202462,0.0610591953844907,False,0.5252544477640251,False,False,0,0.0,0,0
case14,baseline,0.0206723186358614,10.886697220500515,1.272234162923413,False,0.4448285527850104,False,False,0,0.0,0,0
case14,baseline,0.0335262692776069,12.018578112895105,0.4519911584823972,False,0.4926044821145687,False,False,0,0.0,0,0
case14,baseline,0.02080666261634,11.946913285575627,4.298557305848225,False,0.6110613109878137,False,False,0,0.0,0,0
case14,baseline,0.0173844915747919,10.430993885385078,1.502726118528211,False,0.5994854946057563,False,False,0,0.0,0,0
case14,baseline,0.0208585339853417,11.400448750445436,0.5216544674275017,False,0.5021703021499836,False,False,0,0.0,0,0
case14,baseline,0.020167218582632,12.335752921102516,0.3764074222851358,False,0.6669043936244204,False,False,0,0.0,0,0
case14,baseline,0.0271910314177791,11.385877167220624,0.5465169250674524,False,0.6387588288351641,False,False,0,0.0,0,0
case14,baseline,0.0187981133457952,11.105346458696037,0.3117803069748974,False,0.5622283869666581,False,False,0,0.0,0,0
case14,baseline,0.0187479587060331,11.995824501899572,0.1845267283721939,False,0.3547657131613241,False,False,0,0.0,0,0
case14,baseline,0.0201597827602302,11.316195613099358,0.3338151081595165,False,0.254220649167669,False,True,0,0.3333,0,1
case14,baseline,0.0215959376646604,12.158348433347498,0.9940493707582444,False,0.7980647973367397,False,False,0,0.0,0,0
case14,baseline,0.0136743410088989,10.632349697565171,0.2334741803615938,False,0.5497200648178036,False,False,0,0.0,0,0
case14,baseline,0.0141366399708083,12.382591164195532,1.4358562721132475,False,0.223850070494843,False,True,0,0.3333,0,1
case14,baseline,0.0220961682307188,11.365323124565448,1.153809752600677,False,0.6461114277050705,False,False,0,0.0,0,0
case14,baseline,0.0259962660138977,11.17555802608684,0.2295945493023898,False,0.0591801230114275,False,False,0,0.0,0,0
case14,baseline,0.0230419233304271,11.0372198710842,1.2198777776844338,False,0.4225187827216904,False,False,0,0.0,0,0
case14,baseline,0.0191143016052496,12.083330422437388,2.2910687673405468,False,0.6407057661493037,False,False,0,0.0,0,0
case14,baseline,0.0186038464688061,11.854235371179998,0.4421034890292813,False,0.6177153277672427,False,False,0,0.0,0,0
case14,baseline,0.0198583459459525,10.817310236206245,0.6110968068346242,False,0.1344853271966837,False,False,0,0.0,0,0
case14,baseline,0.0138240953120372,11.234017289343612,0.9697344417163168,False,0.2974732590777654,False,False,0,0.0,0,0
case14,baseline,0.0193445467023941,12.569590843392064,0.1975045477972871,False,0.3604727121992936,False,False,0,0.0,0,0
case14,baseline,0.0230822215835527,12.56292561672181,0.6689682870108015,False,0.3205836716429119,False,True,0,0.3333,0,1
case14,baseline,0.0190465526382658,12.91507196278394,0.5649446080516857,False,0.7574118022109035,False,False,0,0.0,0,0
case14,baseline,0.0242447193344513,11.556943197078493,0.9155409200778044,False,0.5535837870220566,False,False,0,0.0,0,0
case14,baseline,0.0187312853982811,12.226332817172729,1.122649615835783,False,0.535787007269425,False,False,0,0.0,0,0
case14,baseline,0.0209580482514776,11.61365356095915,1.4922731575310522,False,0.5618164534369349,False,False,0,0.0,0,0
case14,baseline,0.0246352129487917,11.932538116090972,0.4261910855153265,False,0.8962638071791161,False,False,0,0.0,0,0
case14,baseline,0.021157420612533,11.12121063341142,0.6256628431064741,False,0.7749163311403556,False,False,0,0.0,0,0
case14,baseline,0.0267417817379349,12.443179690593333,0.6691021835223512,False,0.8311186298955602,False,False,0,0.0,0,0
case14,baseline,0.0273735437886853,12.44008572380753,1.1828583805024768,False,0.7343443863895326,False,True,0,0.3333,0,1
case14,baseline,0.0146594937909252,11.31802074831578,0.1575628287700938,False,0.8438255780745583,False,False,0,0.0,0,0
case14,baseline,0.0155747364760999,10.651408584243164,0.1379416505911135,False,1.1087553590773649,False,False,0,0.0,0,0
case14,baseline,0.0134577282659695,10.58056079092245,0.6991027820125704,False,0.0738734551675615,False,False,0,0.0,0,0
case14,baseline,0.014130930114603,11.338649111698452,0.8710796090950064,False,0.4738945704673718,False,False,0,0.0,0,0
case14,baseline,0.0226323519956139,11.962763382014783,0.9174479175028688,False,0.4217251822285131,False,False,0,0.0,0,0
case14,baseline,0.0205467378191977,11.028747679727168,0.136038132518143,False,0.4106193640297164,False,False,0,0.0,0,0
case14,baseline,0.0221697829861005,11.454297477935036,0.1407199980427135,False,0.0940915219200386,False,False,0,0.0,0,0
case14,baseline,0.0227306259433282,10.447267345029497,0.3806774524363967,False,0.7048895103595996,False,False,0,0.0,0,0
case14,baseline,0.0253965140193579,11.852710708457913,4.498654697357755,False,0.5477670672745805,False,False,0,0.0,0,0
case14,baseline,0.0169345492459672,11.511915623112628,0.63607792307257,False,-0.0192132784831881,False,False,0,0.0,0,0
case14,baseline,0.0228068119567889,11.42427820395167,0.8028118098343398,False,1.2818507946730302,False,False,0,0.0,0,0
case14,baseline,0.0136143367473162,11.056870008638883,0.6305938160497846,False,0.692874386798568,False,False,0,0.0,0,0
case14,baseline,0.0119044095815808,11.79220926551164,0.2786600668249259,False,0.5733861693050375,False,False,0,0.0,0,0
case14,baseline,0.0223444243348801,10.468877755015765,0.5384364019506166,False,0.6008781821697707,False,False,0,0.0,0,0
case14,baseline,0.017900703881397,11.62475259872178,1.3980308280565823,False,0.7448869131653086,False,False,0,0.0,0,0
case14,branch1_out,0.0181250419655651,14.123850928734202,2.131110346313574,False,0.5365541115781598,False,True,0,0.3333,1,1
case14,branch1_out,0.0519195123903706,45.3012762125782,31.75099113094456,True,6.378535954430558,True,True,1,0.9999,1,1
case14,branch1_out,0.0382716045791536,26.07791961399356,14.449122552137952,True,4.927238209671991,True,True,1,0.9999,1,1
case14,branch1_out,0.0208872631865897,14.619434413771764,1.696797497062528,False,0.4590661419700019,False,True,0,0.3333,1,1
case14,branch1_out,0.0231839177961373,11.975544871501633,1.220746564438726,False,1.0357422632678388,False,False,0,0.0,1,0
case14,branch1_out,0.0367918235227251,15.518250891573466,8.511506918076114,True,3.196589970170509,False,True,1,0.6666,1,1
case14,branch1_out,0.0303682783362306,11.225886230562852,2.5184028496648634,False,1.4899383244715638,False,False,0,0.0,1,0
case14,branch1_out,0.0359318191616391,20.815519070590465,24.885507723674294,True,2.9506119368133303,False,True,1,0.6666,1,1
case14,branch1_out,0.0408043022664413,33.96494162098134,22.27486569731393,True,2.7680287310908973,False,True,1,0.6666,1,1
case14,branch1_out,0.0470547343988679,44.62223187792054,35.23876752117364,True,6.326519225495727,True,True,1,0.9999,1,1
case14,branch1_out,0.0286014016953745,15.98361623206742,6.056440559192104,True,2.724565337800532,False,True,1,0.6666,1,1
case14,branch1_out,0.0379423172193684,20.70524226674653,11.74650120874703,True,3.337336327326974,False,True,1,0.6666,1,1
case14,branch1_out,0.0249073831262609,15.068130082013829,3.679237960037883,False,1.4478387831778443,False,True,0,0.3333,1,1
case14,branch1_out,0.0327693015213288,13.359817187814492,2.2631803496184606,False,0.9889711027389738,False,False,0,0.0,1,0
case14,branch1_out,0.0315438771938064,15.030931945796889,0.9457445016615325,False,1.5394947511142043,False,True,0,0.3333,1,1
case14,branch1_out,0.0304593686064927,15.785753318327474,5.995039088306275,True,2.1407079706428958,False,True,1,0.6666,1,1
case14,branch1_out,0.0408342327089025,39.73735938119979,16.33520672402309,True,5.533911717884077,True,True,1,0.9999,1,1
case14,branch1_out,0.0315041362514956,20.44260287639992,13.54533591560223,True,2.5279024598702287,False,True,1,0.6666,1,1
case14,branch1_out,0.0419138482999461,42.32579822554414,18.870028963831597,True,7.177172395247232,True,True,1,0.9999,1,1
case14,branch1_out,0.0409779042354459,37.80451281775705,46.29895701619465,True,7.562858819775748,True,True,1,0.9999,1,1
case14,branch1_out,0.0499654987689264,41.76061508086514,47.78436345102361,True,6.081439121666072,True,True,1,0.9999,1,1
case14,branch1_out,0.0602396821226806,40.63616622381087,47.03525090011243,True,8.464445099782331,True,True,1,0.9999,1,1
case14,branch1_out,0.017182420563069,16.809307920672655,7.482757257403603,True,2.0666649706807805,False,True,1,0.6666,1,1
case14,branch1_out,0.0513119216898935,23.83475778192842,23.737768265447848,True,6.020570438202049,True,True,1,0.9999,1,1
case14,branch1_out,0.0331525531798415,20.24400656626605,6.761506328856329,True,1.2748790908812515,False,True,1,0.6666,1,1
case14,branch1_out,0.0341079654828402,23.589335597235703,11.409625116860605,True,2.8871700753076386,False,True,1,0.6666,1,1
case14,branch1_out,0.0346066665163433,18.750034025911805,14.393347562420296,True,3.2979686057245563,True,True,1,0.9999,1,1
case14,branch1_out,0.0377873559402331,20.7764646461024,11.324721067776832,True,2.1906051255949994,False,True,1,0.6666,1,1
case14,branch1_out,0.0370588775192466,46.22254634479183,49.02148366290881,True,3.952884263229021,False,True,1,0.6666,1,1
case14,branch1_out,0.0242927446529253,22.315926717508763,4.693104050440149,False,1.9110174534799704,False,True,0,0.3333,1,1
case14,branch1_out,0.0299750663113652,20.48353342845122,10.709267923505,True,1.7386930900901718,False,True,1,0.6666,1,1
case14,branch1_out,0.0486190149774055,26.41924318641203,47.98465580088367,True,3.122317772539484,False,True,1,0.6666,1,1
case14,branch1_out,0.0351574781942602,27.429568002353022,14.543591958191826,True,5.174839438663939,True,True,1,0.9999,1,1
case14,branch1_out,0.0396851572988393,34.448427930197646,13.385862122990185,True,8.725829149981557,True,True,1,0.9999,1,1
case14,branch1_out,0.0210121156339257,13.083233965484956,3.866123391717896,False,1.3215337589142673,False,True,0,0.3333,1,1
case14,branch1_out,0.0415249618096534,32.274555458034385,47.7738769996076,True,7.933640783666922,True,True,1,0.9999,1,1
case14,branch1_out,0.035039632188715,42.89924545887754,43.92139541142508,True,4.4871622480227,True,True,1,0.9999,1,1
case14,branch1_out,0.016252413248492,12.272683383126962,3.9938516622940416,False,0.6649485287480869,False,False,0,0.0,1,0
case14,branch1_out,0.026238248344701,19.123585377689626,10.842503792030575,True,2.7009955058845447,False,True,1,0.6666,1,1
case14,branch1_out,0.0531493288547883,41.502748615594406,46.63102968758967,True,3.190441007365462,False,True,1,0.6666,1,1
case14,branch1_out,0.0317647989650746,26.40627137809219,41.18370829575961,True,7.418122064949003,True,True,1,0.9999,1,1
case14,branch1_out,0.0366950998698404,14.59667484784165,4.8709692257366175,False,2.181961739702448,False,True,0,0.3333,1,1
case14,branch1_out,0.0434946958182366,31.369688653355865,39.98390016949417,True,2.896811301156839,False,True,1,0.6666,1,1
case14,branch1_out,0.0432109551302891,15.811404978562232,9.31350933272664,True,2.4531185457084987,False,True,1,0.6666,1,1
case14,branch1_out,0.0254676988292958,15.493635027908365,4.262154143766938,False,0.9179815522429348,False,True,0,0.3333,1,1
case14,branch1_out,0.0404119494328446,23.32901752293225,12.23592366009935,True,3.453663315881833,True,True,1,0.9999,1,1
case14,branch1_out,0.057065489091049,28.378115848264088,27.310671032977236,True,8.013793465368833,True,True,1,0.9999,1,1
case14,branch1_out,0.0288167427672796,13.858520713209662,1.681960261967908,False,1.1533430911518945,False,True,0,0.3333,1,1
case14,branch1_out,0.0384758147883195,28.15545499690087,48.59199842183431,True,5.068793336672732,True,True,1,0.9999,1,1
case14,branch1_out,0.021925071840438,18.701291272448145,5.1296518305725405,True,2.9804585300328816,False,True,1,0.6666,1,1
case14,branch1_out,0.0466501714550883,41.77057143829662,18.166925881825733,True,3.20488393639092,True,True,1,0.9999,1,1
case14,branch1_out,0.0264275987879979,37.50663612378524,38.52047356972585,True,6.400866246651515,True,True,1,0.9999,1,1
case14,branch1_out,0.045794990372767,37.21959771444985,13.679986174842805,True,7.854874535950844,True,True,1,0.9999,1,1
case14,branch1_out,0.0370113267275967,16.132699196212844,6.052336338863975,True,2.378181500059598,False,True,1,0.6666,1,1
case14,branch1_out,0.0482852118703457,23.36821995156672,34.60716005486926,True,2.8521155886615537,False,True,1,0.6666,1,1
case14,branch1_out,0.0303720293929691,21.30639104799879,10.80748099492422,True,3.27518242645693,False,True,1,0.6666,1,1
case14,branch1_out,0.0255091743933262,19.4492534918574,10.474545384714162,True,4.1044022525637205,True,True,1,0.9999,1,1
case14,branch1_out,0.0238795536137621,14.88937675306912,2.589681782750112,False,0.5437450615227513,False,True,0,0.3333,1,1
case14,branch1_out,0.0328084082644683,21.73714908445844,11.922490986007078,True,2.099089334471182,False,True,1,0.6666,1,1
case14,branch1_out,0.0329311426089793,15.178782777908983,2.712935974136545,False,0.85253549768884,False,True,0,0.3333,1,1
case14,branch2_out,0.0216299984667769,11.730645241940572,2.161614978051443,False,1.4749149059716624,False,False,0,0.0,1,0
case14,branch2_out,0.0334149682372636,12.740640214698436,3.503580176608712,False,1.4606636855953117,False,False,0,0.0,1,0
case14,branch2_out,0.0396495242627173,19.723824191690788,6.970515681824792,True,3.0656908594992656,False,True,1,0.6666,1,1
case14,branch2_out,0.0290926213632655,15.94853866799145,5.138510232555172,True,1.715899721334177,False,True,1,0.6666,1,1
case14,branch2_out,0.0371368704663933,11.706143378297549,4.249199033125247,False,1.8178487692876144,False,False,0,0.0,1,0
case14,branch2_out,0.0422474038209398,32.6158780883416,48.555333665494175,True,4.748956566073999,True,True,1,0.9999,1,1
case14,branch2_out,0.0498875764157481,30.18439226678108,44.33584181735072,True,2.4761441361138914,False,True,1,0.6666,1,1
case14,branch2_out,0.0470797693758373,45.903115587606784,14.134979199810548,True,2.677150810893671,False,True,1,0.6666,1,1
case14,branch2_out,0.0319603714537091,13.713335332925116,4.436381186318499,False,3.740304865050094,True,False,0,0.3333,1,1
case14,branch2_out,0.0356141356167576,22.333437427127457,8.545998100310797,True,3.1918852608276373,False,True,1,0.6666,1,1
case14,branch2_out,0.0377373542678095,12.71129551037709,4.874127829603896,False,1.6828943831805083,False,False,0,0.0,1,0
case14,branch2_out,0.0344514959669425,24.567132641160672,10.024259762075648,True,2.6453410714392542,False,True,1,0.6666,1,1
case14,branch2_out,0.0295611207926803,18.32849470598481,13.55634172239769,True,3.2548399760789506,False,True,1,0.6666,1,1
case14,branch2_out,0.0352941048126606,16.08882761745925,11.996979812052215,True,2.527542534860639,False,True,1,0.6666,1,1
case14,branch2_out,0.0304933900069955,22.80699459648505,7.993757282391286,True,2.2870311591100565,False,True,1,0.6666,1,1
case14,branch2_out,0.0452634328078415,51.3657559769131,38.98172069557,True,8.516873418160753,True,True,1,0.9999,1,1
case14,branch2_out,0.0465360545507913,26.286462655478957,22.075078645281465,True,8.264130007329332,True,True,1,0.9999,1,1
case14,branch2_out,0.0352314048779487,25.458853048927097,42.73830740335946,True,4.412064674023586,True,True,1,0.9999,1,1
case14,branch2_out,0.037640354411739,17.22167475836187,3.924342351380259,False,1.8763604521555128,False,True,0,0.3333,1,1
case14,branch2_out,0.0386046588637736,46.194381232633255,22.82565068523575,True,7.817455037079533,True,True,1,0.9999,1,1
case14,branch2_out,0.0466997928001608,22.947997326300392,42.25285838207179,True,4.888767968539526,True,True,1,0.9999,1,1
case14,branch2_out,0.0444115347835802,22.75575014423813,49.06660286607023,True,5.268086660456499,True,True,1,0.9999,1,1
case14,branch2_out,0.0283164571845936,20.21044670044566,12.263020874511314,True,2.584176812555381,False,True,1,0.6666,1,1
case14,branch2_out,0.0475713917337515,20.10183641359471,38.30025966798564,True,7.509071791789697,True,True,1,0.9999,1,1
case14,branch2_out,0.045823492797892,50.22814771091249,10.29609083430397,True,4.350701867244534,True,True,1,0.9999,1,1
case14,branch2_out,0.0613012349497477,21.38958430717648,24.25732669648623,True,7.959505291696435,True,True,1,0.9999,1,1
case14,branch2_out,0.0136937153049178,14.572384554985494,4.4344227777589005,False,1.1341027789605738,False,True,0,0.3333,1,1
case14,branch2_out,0.0212832249062993,11.717373984486942,3.420688533146488,False,0.9432105563597404,False,False,0,0.0,1,0
case14,branch2_out,0.037184376107005,19.43811999408794,12.085749424161206,True,3.127631510317889,False,True,1,0.6666,1,1
case14,branch2_out,0.0544483394372082,30.960134165424776,43.20730246257193,True,6.319575008211069,True,True,1,0.9999,1,1
case14,branch2_out,0.0651155653086804,39.00920174220457,31.605254370264248,True,6.439502313135963,True,True,1,0.9999,1,1
case14,branch2_out,0.0451314224598684,42.671813018421766,11.418210845326426,True,3.029099911609113,False,True,1,0.6666,1,1
case14,branch2_out,0.0371018203595622,14.367343154570303,7.778197714619112,True,2.5593476734237286,False,True,1,0.6666,1,1
case14,branch2_out,0.0225821233224191,15.942850377561411,7.887033813110522,True,1.326402667298361,False,True,1,0.6666,1,1
case14,branch2_out,0.0211299617120827,13.154587542518971,1.527532929903796,False,1.43642387127903,False,False,0,0.0,1,0
case14,branch2_out,0.0327615677775307,45.03446381936834,40.43710879734555,True,8.432799578004946,True,True,1,0.9999,1,1
case14,branch2_out,0.0297776492497452,20.59353511341354,5.369207750825429,True,2.823957011127676,False,True,1,0.6666,1,1
case14,branch2_out,0.0275821968136089,12.899155748877236,1.8713853069284163,False,1.482779840947504,False,False,0,0.0,1,0
case14,branch2_out,0.0344378735375275,21.48917906384564,13.445276918723682,True,1.6967613856019583,False,True,1,0.6666,1,1
case14,branch2_out,0.0415855167327208,20.05836130275683,20.93382315753705,True,5.283060232128204,True,True,1,0.9999,1,1
case14,branch2_out,0.058362140743394,44.86237685813498,36.92345567980764,True,7.341903149504686,True,True,1,0.9999,1,1
case14,branch2_out,0.0378061267335013,31.155070863938853,33.36639702710316,True,5.715285266356444,True,True,1,0.9999,1,1
case14,branch2_out,0.0282014572296565,39.782995923124666,34.31590347027825,True,5.294802684673328,True,True,1,0.9999,1,1
case14,branch2_out,0.0339891062805002,17.26780927688069,6.932530867771249,True,2.43798197048548,False,True,1,0.6666,1,1
case14,branch2_out,0.040915842315874,33.51638573262546,44.83711764566639,True,4.439577281377705,True,True,1,0.9999,1,1
case14,branch2_out,0.0409879250611386,21.97370714473868,8.50052811132294,True,3.097256396696026,False,True,1,0.6666,1,1
case14,branch2_out,0.0343697669493464,49.01107556814326,20.38687713999605,True,4.595750169798364,True,True,1,0.9999,1,1
case14,branch2_out,0.0365600077354592,21.569555072368534,9.562698059187303,True,2.8502277886963108,False,True,1,0.6666,1,1
case14,branch2_out,0.0228348252585297,20.553757689743964,5.83102693771948,True,1.7984733739556802,False,True,1,0.6666,1,1
case14,branch2_out,0.0268974746380396,16.731189239097787,4.571450865237054,False,1.849376057539362,False,True,0,0.3333,1,1
case14,branch2_out,0.0548722402796983,20.2491842305217,29.874247826225588,True,3.997812022641123,True,True,1,0.9999,1,1
case14,branch2_out,0.0410734081312848,18.550996479511003,10.925694951305076,True,2.1949417015139026,False,True,1,0.6666,1,1
case14,branch2_out,0.0344407751313807,20.07858364457267,13.752682186291077,True,2.833504548010924,False,True,1,0.6666,1,1
case14,branch2_out,0.0328648880499861,23.554260128012302,8.322910878687379,True,2.635123472636544,False,True,1,0.6666,1,1
case14,branch2_out,0.047346135550508,26.91621371217668,11.579430775408738,True,3.074075082505159,False,True,1,0.6666,1,1
case14,branch2_out,0.0411078589652679,46.08265713283018,14.478204370591031,True,4.729019434876769,True,True,1,0.9999,1,1
case14,branch2_out,0.0275511912095838,15.270593482302038,13.0836372165743,True,2.591732708294355,False,True,1,0.6666,1,1
case14,branch2_out,0.0389496471010779,16.360783977248598,3.3654382120824278,False,2.6119505958212383,False,True,0,0.3333,1,1
case14,branch2_out,0.0634056800547749,47.41739949378953,21.17932598205732,True,8.599733980224793,True,True,1,0.9999,1,1
case14,branch2_out,0.022240849150599,22.99077813940715,6.883443263575487,True,2.210567999557828,False,True,1,0.6666,1,1
case14,branch3_out,0.0245027860772504,15.579904260833043,5.086791728914737,True,1.484239385065947,False,True,1,0.6666,1,1
case14,branch3_out,0.0415632714763989,20.4429571253086,6.434297021015698,True,1.8144271924066548,False,True,1,0.6666,1,1
case14,branch3_out,0.0185414259234963,20.13568148931583,7.568875605120988,True,2.0887438039846336,False,True,1,0.6666,1,1
case14,branch3_out,0.0302244156509866,14.345807119873342,3.4431648571735214,False,1.1047762650815762,False,True,0,0.3333,1,1
case14,branch3_out,0.0353557293812961,23.054766431385417,8.492130136854492,True,1.5522962283797943,False,True,1,0.6666,1,1
case14,branch3_out,0.0291848844973662,23.192227403771827,28.351400716607863,True,8.30180786624191,True,True,1,0.9999,1,1
case14,branch3_out,0.0436953249317199,20.51843031772021,8.564249683258634,True,1.629964594620728,False,True,1,0.6666,1,1
case14,branch3_out,0.0587361997963873,29.57387893034478,42.38039290751213,True,7.147715969170616,True,True,1,0.9999,1,1
case14,branch3_out,0.0294690105247905,21.102609349485597,9.612150833922216,True,2.4507599150812576,False,True,1,0.6666,1,1
case14,branch3_out,0.0236061459720296,19.71052220788097,9.41199110992186,True,2.4273165147349025,False,True,1,0.6666,1,1
case14,branch3_out,0.0614869252043128,22.869266771430016,16.587851907067073,True,3.1559042849968826,False,True,1,0.6666,1,1
case14,branch3_out,0.0484430593733406,49.46501788655007,15.121338286999702,True,2.7538869788886373,False,True,1,0.6666,1,1
case14,branch3_out,0.0433092435144295,30.112522079083448,26.701357889353943,True,3.565928535379069,False,True,1,0.6666,1,1
case14,branch3_out,0.0317871441623488,15.90188282597566,11.56446365172014,True,1.5419510700565344,False,True,1,0.6666,1,1
case14,branch3_out,0.0337216872284343,16.320552232813725,11.979759543075868,True,3.4138651107937568,False,True,1,0.6666,1,1
case14,branch3_out,0.017223817388856,12.809598947444528,1.416091539301873,False,1.7904648317958498,False,False,0,0.0,1,0
case14,branch3_out,0.0502109358818225,34.97617275376512,47.23754381651303,True,3.2606837585677804,False,True,1,0.6666,1,1
case14,branch3_out,0.0280132032811504,24.007637668800943,12.819130315174936,True,3.350464995093144,False,True,1,0.6666,1,1
case14,branch3_out,0.0492594373813709,27.641031531084074,39.74742982648014,True,3.709365459830479,False,True,1,0.6666,1,1
case14,branch3_out,0.0494338977575761,37.72463017220732,39.57598009361451,True,4.4688987449213045,True,True,1,0.9999,1,1
case14,branch3_out,0.0285848321227149,14.51492871499244,11.571948093703444,True,1.8522217387241304,False,True,1,0.6666,1,1
case14,branch3_out,0.0364468815435657,18.659755829789265,6.079736140672572,True,2.302533584481562,False,True,1,0.6666,1,1
case14,branch3_out,0.0418703006713207,21.406912485518816,9.0444503094661,True,3.070024609457172,False,True,1,0.6666,1,1
case14,branch3_out,0.0382371655534,12.23765400928991,3.879229923876073,False,0.862798029433824,False,False,0,0.0,1,0
case14,branch3_out,0.0330069434469642,17.043426609178248,10.546381724029892,True,3.260607407420889,False,True,1,0.6666,1,1
case14,branch3_out,0.0348685580472848,46.93045185665706,15.380597336721566,True,8.115009560724879,True,True,1,0.9999,1,1
case14,branch3_out,0.0281219052750783,12.46155861102059,3.455602735487646,False,1.918015841749703,False,False,0,0.0,1,0
case14,branch3_out,0.027298247097637,15.424032228357516,4.608686562641658,False,1.5323095927868051,False,True,0,0.3333,1,1
case14,branch3_out,0.0290722368346959,17.964410256573,13.65406988155531,True,3.0576922777577424,False,True,1,0.6666,1,1
case14,branch3_out,0.051569330748549,25.13504632797576,46.27795134224375,True,7.836022594983909,True,True,1,0.9999,1,1
case14,branch3_out,0.0233127352300138,14.538961603718429,1.3034579448276402,False,1.5849483486900846,False,True,0,0.3333,1,1
case14,branch3_out,0.0280580769242094,21.890810940749063,5.022709204470206,False,2.779052258055414,False,True,0,0.3333,1,1
case14,branch3_out,0.0452956990295701,21.75790771347421,6.237173211147657,True,3.056956182140653,False,True,1,0.6666,1,1
case14,branch3_out,0.0298890913579205,20.120938573144127,4.097514269062963,False,2.6665554349608493,False,True,0,0.3333,1,1
case14,branch3_out,0.0505257785299067,39.10153479641631,34.926267418151994,True,7.670170302371012,True,True,1,0.9999,1,1
case14,branch3_out,0.0319351062416736,21.629749719282685,11.46714501232331,True,1.8770295516855413,False,True,1,0.6666,1,1
case14,branch3_out,0.0307175720239915,20.84473328356429,4.531507414824992,False,2.013993270842642,False,True,0,0.3333,1,1
case14,branch3_out,0.0308573553884292,12.55909855774216,4.25738977340579,False,2.0049641566604106,False,False,0,0.0,1,0
case14,branch3_out,0.0186566159192321,22.92984969817844,7.596456189239715,True,2.760310185954181,False,True,1,0.6666,1,1
case14,branch3_out,0.0383458311932531,30.33145006999744,43.85347577633763,True,6.339668167973655,True,True,1,0.9999,1,1
case14,branch3_out,0.0325582250255064,19.17443260185164,4.013302994082938,False,1.9323840337126927,False,True,0,0.3333,1,1
case14,branch3_out,0.0210170778621399,21.284295597829423,5.0614723509904165,True,2.498495853389964,False,True,1,0.6666,1,1
case14,branch3_out,0.0213182683337959,12.65212112322836,1.2732841031862074,False,1.768438566913747,False,True,0,0.3333,1,1
case14,branch3_out,0.0292610678014495,21.08408818158953,5.733254019473268,True,3.1713906728216483,False,True,1,0.6666,1,1
case14,branch3_out,0.0232398893333406,13.13280864686309,1.946788739711472,False,1.4768604671780672,False,True,0,0.3333,1,1
case14,branch3_out,0.0308827418456105,15.80971245806236,3.998382986579717,False,0.8622140438176421,False,True,0,0.3333,1,1
case14,branch3_out,0.0272050077996748,22.799197411307027,5.056775595044839,True,2.523006884244584,False,True,1,0.6666,1,1
case14,branch3_out,0.0287142518920584,37.28045290042846,14.959944144309397,True,2.68678655909579,False,True,1,0.6666,1,1
case14,branch3_out,0.0286017384853441,22.70266940766889,11.345227281103814,True,1.815684369518272,False,True,1,0.6666,1,1
case14,branch3_out,0.0246782256839073,11.933519387590165,2.57370007865901,False,1.4790933343599606,False,False,0,0.0,1,0
case14,branch3_out,0.060960084457554,32.35235709060702,19.942614325569743,True,3.567956775625895,False,True,1,0.6666,1,1
case14,branch3_out,0.0271099598399314,30.568039931902398,13.1943835643872,True,5.91570409261909,True,True,1,0.9999,1,1
case14,branch3_out,0.0337145847402345,46.24380938362995,45.59565968469616,True,6.871707342514213,True,True,1,0.9999,1,1
case14,branch3_out,0.0306866463837923,15.758508655875822,10.16761278865506,True,2.138014651162912,False,True,1,0.6666,1,1
case14,branch3_out,0.018375777830162,15.89571314226134,3.7857039621253263,False,2.6023966557232274,False,True,0,0.3333,1,1
case14,branch3_out,0.0189196549403078,15.38861389841514,2.700958651042728,False,1.1794581132121231,False,True,0,0.3333,1,1
case14,branch3_out,0.033555561239017,16.32082231675799,7.16063964803292,True,2.9896822041145974,False,True,1,0.6666,1,1
case14,branch3_out,0.0234293321554898,14.134899911535973,2.0854135539862093,False,1.6793931277065848,False,False,0,0.0,1,0
case14,branch3_out,0.0205990352043709,36.49563244574912,30.29683380166848,True,8.378385687010612,True,True,1,0.9999,1,1
case14,branch3_out,0.0212251280058753,16.143206652954493,6.009818970521207,True,1.6063162804593722,False,True,1,0.6666,1,1
case30,baseline,0.0222547593538217,11.444686762585144,0.3168936681257071,False,0.3117750571378969,False,False,0,0.0,0,0
case30,baseline,0.0229046750875613,10.468013892838137,2.5081441943316127,False,0.8702249762805172,False,False,0,0.0,0,0
case30,baseline,0.0178605070782559,11.717764221313663,0.648713673479041,False,0.0354001464266789,False,False,0,0.0,0,0
case30,baseline,0.0219642250256887,11.667749836447884,1.2814657205553062,False,0.8023121771955609,False,False,0,0.0,0,0
case30,baseline,0.0182234296645021,12.341071694019757,0.5017650859092558,False,0.6823819891514317,False,False,0,0.0,0,0
case30,baseline,0.0183960523811899,11.024876214942545,0.3520108622804634,False,1.081635333267722,False,False,0,0.0,0,0
case30,baseline,0.0235495552522668,12.315584449418266,0.98671400554212,False,0.7256554305918401,False,False,0,0.0,0,0
case30,baseline,0.0210893719296607,11.544008064376362,0.6372578144544281,False,0.139671421797576,False,False,0,0.0,0,0
case30,baseline,0.0216032482203571,12.084116681538353,0.2721449652277723,False,1.26736696239415,False,True,0,0.3333,0,1
case30,baseline,0.0270142601068561,11.202345913815025,0.953747628525984,False,0.8515090301268375,False,False,0,0.0,0,0
case30,baseline,0.0181818202951815,11.44190622231806,0.0806049530696485,False,0.553882067799955,False,False,0,0.0,0,0
case30,baseline,0.020785513689326,11.90968950617028,0.4220651369847147,False,0.395604003095725,False,False,0,0.0,0,0
case30,baseline,0.0157249041785543,11.449447949481536,0.2055504257376761,False,0.7757008409595347,False,False,0,0.0,0,0
case30,baseline,0.0155935027718295,12.072779909750915,3.361365186699129,False,0.3052076286444047,False,False,0,0.0,0,0
case30,baseline,0.0151091199907263,11.550623995975515,0.5536358408171158,False,0.7214077486611044,False,False,0,0.0,0,0
case30,baseline,0.0171828317799954,10.89773578987683,0.0664881315797962,False,0.4720741142419056,False,False,0,0.0,0,0
case30,baseline,0.0229664741447233,10.576320820205217,2.802054114721402,False,1.0730744187864367,False,False,0,0.0,0,0
case30,baseline,0.0215788982922379,11.241058753813986,0.3719192043856031,False,1.1143518564203052,False,False,0,0.0,0,0
case30,baseline,0.0265127092968175,10.676031903071896,1.5071348790937935,False,0.5576850825132724,False,False,0,0.0,0,0
case30,baseline,0.0241742082199615,11.615701589325424,2.0189771427008223,False,0.8045024003595703,False,False,0,0.0,0,0
case30,baseline,0.0227127001760845,11.995413937030468,0.77707640278727,False,0.9129106923457476,False,True,0,0.3333,0,1
case30,baseline,0.0266943064124564,11.437223508667412,2.925553358145447,False,0.4565477166210146,False,False,0,0.0,0,0
case30,baseline,0.0174942627815545,10.31088272713306,1.576050527564959,False,0.3879802099433272,False,False,0,0.0,0,0
case30,baseline,0.0210370063461784,11.430051333254845,1.3741464823793732,False,0.4835339816036832,False,False,0,0.0,0,0
case30,baseline,0.0189829517085831,11.815476915736353,0.916187945031236,False,1.0899541290216883,False,False,0,0.0,0,0
case30,baseline,0.0231656570563744,11.316205495282851,0.0234574553651088,False,0.660463721618848,False,False,0,0.0,0,0
case30,baseline,0.0241923131935579,10.437683912614611,1.6632515191785275,False,0.6675165156291248,False,False,0,0.0,0,0
case30,baseline,0.0192590946944052,10.804880837423632,0.2411569958898382,False,0.4637501633252922,False,False,0,0.0,0,0
case30,baseline,0.0218980668078686,11.755314157862797,0.5442876475923923,False,0.5327074683498705,False,False,0,0.0,0,0
case30,baseline,0.0218975814587789,10.318352761205892,0.6849260358565368,False,0.4627044720849,False,False,0,0.0,0,0
case30,baseline,0.0227045390868892,11.435083698936811,0.2146904593225748,False,0.3956994505968688,False,False,0,0.0,0,0
case30,baseline,0.0238960267024782,11.001159085336925,0.1202746470394097,False,0.5793809848654651,False,False,0,0.0,0,0
case30,baseline,0.0187176887464865,10.802630390102848,0.2948564718368924,False,0.5538945201592809,False,False,0,0.0,0,0
case30,baseline,0.0227217346024769,11.934296789501897,0.6591133630841968,False,0.4747494964771105,False,False,0,0.0,0,0
case30,baseline,0.0223797523070316,11.477164599229557,2.240512632215125,False,0.0574037041524292,False,False,0,0.0,0,0
case30,baseline,0.0092925193624148,11.707585748862082,2.341069600202871,False,0.8610437739797818,False,False,0,0.0,0,0
case30,baseline,0.0189609233730798,11.28890252453397,1.0083908292546655,False,0.7152399839832086,False,False,0,0.0,0,0
case30,baseline,0.0253594434427113,11.153693956234385,0.7055612163548548,False,0.6031370635406146,False,False,0,0.0,0,0
case30,baseline,0.0207214081387476,10.326736529801527,0.4345906749313925,False,0.1803357091772064,False,False,0,0.0,0,0
case30,baseline,0.0219138464307561,11.475692024514618,2.7317041014224053,False,0.8146755353161769,False,False,0,0.0,0,0
case30,baseline,0.0176462636267794,11.285045220707454,0.2379170295334874,False,0.3708358433797105,False,False,0,0.0,0,0
case30,baseline,0.0216927854724457,12.438973248027072,0.312053770335022,False,0.3402659016328417,False,False,0,0.0,0,0
case30,baseline,0.0093284658187011,11.41687196949324,0.0817205211419063,False,1.2659217995984673,False,False,0,0.0,0,0
case30,baseline,0.0182738732861362,11.092761583302911,0.9406778065059735,False,0.0996491960046203,False,False,0,0.0,0,0
case30,baseline,0.0143366811886678,12.292846668108464,0.7979800706989499,False,0.589928483313786,False,False,0,0.0,0,0
case30,baseline,0.0226947439598064,11.25374342252256,0.7308796038155428,False,1.1746968186599238,False,False,0,0.0,0,0
case30,baseline,0.0244225922256608,11.410030411896631,0.3099320342829766,False,1.026913299563004,False,False,0,0.0,0,0
case30,baseline,0.0164973103426477,10.821562158971943,1.151915031690164,False,0.0493056822680244,False,False,0,0.0,0,0
case30,baseline,0.0139730517192821,11.589109407088666,0.7048698920763413,False,0.5317173160547454,False,False,0,0.0,0,0
case30,baseline,0.0190708900004555,11.562723802987149,1.1514115255347095,False,0.5226598113405605,False,False,0,0.0,0,0
case30,baseline,0.0117510187048706,11.29663554989378,0.3371078356405992,False,0.6156037143916773,False,False,0,0.0,0,0
case30,baseline,0.0204107370229255,11.805472646639576,3.965310179513093,False,0.2942825077420755,False,False,0,0.0,0,0
case30,baseline,0.0151923609415989,11.457161381684884,4.433746737844409,False,0.5151257523502782,False,False,0,0.0,0,0
case30,baseline,0.0207602450738411,10.729651860482315,0.1490598302269926,False,0.1649853388945458,False,False,0,0.0,0,0
case30,baseline,0.021510184023192,11.720742399944683,0.516710725621663,False,0.7807087146441078,False,False,0,0.0,0,0
case30,baseline,0.0198924596940813,11.44537614126478,0.8277376486785181,False,0.0580792537203495,False,False,0,0.0,0,0
case30,baseline,0.026193313929044,11.457894840173951,2.106329512566764,False,0.702946468495393,False,False,0,0.0,0,0
case30,baseline,0.019198161181419,12.634539440873946,0.7130921151999305,False,0.1537744655262924,False,False,0,0.0,0,0
case30,baseline,0.0134155585447022,12.52157401741474,0.2821210572169098,False,0.628476440736656,False,True,0,0.3333,0,1
case30,baseline,0.0223277687690204,11.765254796743116,1.949304688988564,False,0.4227072586891977,False,False,0,0.0,0,0
case30,branch1_out,0.0505112073177708,44.758633121341546,27.20964718508852,True,5.069617656066808,True,True,1,0.9999,1,1
case30,branch1_out,0.0318828402080449,16.409834114695833,15.18926806403424,True,2.7311016370162835,False,True,1,0.6666,1,1
case30,branch1_out,0.0448317738107538,48.75155792716592,13.549339841681707,True,3.386470337094526,True,True,1,0.9999,1,1
case30,branch1_out,0.0438389461916664,21.27445556148705,27.012376470788883,True,3.7502382715094624,True,True,1,0.9999,1,1
case30,branch1_out,0.0234475946374461,20.219504227715063,9.175357705556202,True,2.3058628862432133,False,True,1,0.6666,1,1
case30,branch1_out,0.0245461818374603,17.36853726110957,11.25631081222445,True,2.991254001929807,False,True,1,0.6666,1,1
case30,branch1_out,0.0559120292291991,26.238842854012304,10.781208236362357,True,2.9516941489796693,False,True,1,0.6666,1,1
case30,branch1_out,0.0267897384187936,17.482584777949224,7.777000262603623,True,2.365472176039617,False,True,1,0.6666,1,1
case30,branch1_out,0.0620716693151855,20.97160635771909,45.69947968242204,True,2.994610241227889,False,True,1,0.6666,1,1
case30,branch1_out,0.0525261572154578,19.69695148309412,13.941073537343874,True,4.449809817910851,True,True,1,0.9999,1,1
case30,branch1_out,0.0389853933942889,46.10207958954052,45.17436470048491,True,8.113106094175722,True,True,1,0.9999,1,1
case30,branch1_out,0.0281861513776051,23.061310117641494,11.9303289259896,True,3.2243678376802207,False,True,1,0.6666,1,1
case30,branch1_out,0.023702617724454,19.626790298389803,9.97030080980609,True,2.014702927607288,False,True,1,0.6666,1,1
case30,branch1_out,0.0370675275328953,18.665166595614203,4.966171059161981,False,2.43933151488283,False,True,0,0.3333,1,1
case30,branch1_out,0.0393758411294185,18.984954705389598,6.1942804762694434,True,2.9724683477380403,False,True,1,0.6666,1,1
case30,branch1_out,0.0261782158980398,20.44448564370784,4.513981708815127,False,1.8825204020965955,False,True,0,0.3333,1,1
case30,branch1_out,0.040879129412702,22.378552479344133,7.329228464834578,True,1.281324118186096,False,True,1,0.6666,1,1
case30,branch1_out,0.0407227788808894,19.4543455284354,10.24370480888522,True,3.861572954971954,True,True,1,0.9999,1,1
case30,branch1_out,0.0202066162569577,11.946956206001412,7.086732276520709,True,1.121269600774721,False,False,0,0.3333,1,1
case30,branch1_out,0.0348078820448173,19.53834230605775,6.878254445574682,True,2.785512234357576,False,True,1,0.6666,1,1
case30,branch1_out,0.0226228196271358,12.822294934463583,1.856124088212952,False,1.6603130908215336,False,False,0,0.0,1,0
case30,branch1_out,0.0480687347196956,32.35794944690715,28.683641167164648,True,3.4154010672487454,False,True,1,0.6666,1,1
case30,branch1_out,0.0484302274050953,29.26107946452241,16.406483002061954,True,2.3352554037513897,False,True,1,0.6666,1,1
case30,branch1_out,0.0378903718192913,18.16483773229859,6.554332330386311,True,2.292994659701086,False,True,1,0.6666,1,1
case30,branch1_out,0.0464764682623672,30.397663728239795,20.375670507373567,True,3.7685042870893306,True,True,1,0.9999,1,1
case30,branch1_out,0.0332182719336578,18.13620537144319,6.679233878617054,True,3.06668838528375,True,True,1,0.9999,1,1
case30,branch1_out,0.0256647479413873,14.170112893932329,2.1637694725977448,False,1.2787751414432975,False,False,0,0.0,1,0
case30,branch1_out,0.0343943218728024,11.15188408481912,2.3956621639473186,False,1.2733929288775474,False,False,0,0.0,1,0
case30,branch1_out,0.0260022250989531,21.325548689899435,28.516573736805235,True,8.091521638890347,True,True,1,0.9999,1,1
case30,branch1_out,0.0364636706180433,21.52326861054288,13.29881630293588,True,3.36564068403265,False,True,1,0.6666,1,1
case30,branch1_out,0.0251420734483617,11.75834003809156,3.7302794480415216,False,0.8275506979411378,False,False,0,0.0,1,0
case30,branch1_out,0.0602304520846229,40.82063739482833,17.77261319481859,True,3.3279580742098576,True,True,1,0.9999,1,1
case30,branch1_out,0.0254241305304729,23.69843098245629,4.341444001676189,True,2.0943394514267486,False,True,1,0.6666,1,1
case30,branch1_out,0.0260088887096679,12.136533323614485,1.9459528259618333,False,1.7280959738808492,False,False,0,0.0,1,0
case30,branch1_out,0.0539187865267779,34.060127024940265,32.796479006405995,True,2.605271008989465,False,True,1,0.6666,1,1
case30,branch1_out,0.033663612645044,12.418285117892106,4.861054014993398,True,1.6785488872984569,False,False,0,0.3333,1,1
case30,branch1_out,0.0380437878874184,50.83750874913963,13.96892822690005,True,6.340251215143636,True,True,1,0.9999,1,1
case30,branch1_out,0.0330279379220594,21.523235022687675,6.1072718617899655,True,2.8247463688045342,False,True,1,0.6666,1,1
case30,branch1_out,0.0259769890495151,13.923385685915484,3.084721975054973,False,0.7430856875441577,False,True,0,0.3333,1,1
case30,branch1_out,0.0306124912684665,16.653953510286108,9.049125079348975,True,2.8048250702209887,False,True,1,0.6666,1,1
case30,branch1_out,0.0550670358315183,34.64384991301974,17.62012806521531,True,7.625143932634905,True,True,1,0.9999,1,1
case30,branch1_out,0.0381351775926914,21.976694104674188,7.57783086588066,True,2.577372615688439,False,True,1,0.6666,1,1
case30,branch1_out,0.0413907548869622,33.90729305141777,22.01478354122621,True,6.041327389243873,True,True,1,0.9999,1,1
case30,branch1_out,0.0506901983663388,26.133907646127,32.012358895027305,True,4.907948122989108,True,True,1,0.9999,1,1
case30,branch1_out,0.02706165545536,18.875098584393545,10.346883616443115,True,1.8244766335595255,False,True,1,0.6666,1,1
case30,branch1_out,0.029023384917573,48.646952412535775,46.85967106485944,True,2.7738111254626907,False,True,1,0.6666,1,1
case30,branch1_out,0.037778085677872,22.02485728620525,9.59699486450149,True,3.156308152422217,True,True,1,0.9999,1,1
case30,branch1_out,0.0258852884592681,13.618326320582574,1.6315775382045177,False,1.5764970062013912,False,False,0,0.0,1,0
case30,branch1_out,0.038726116251863,50.04341689474265,38.14642661174132,True,3.371248870038418,False,True,1,0.6666,1,1
case30,branch1_out,0.0444378875742983,23.2915901010766,22.00089098179515,True,6.500898057856754,True,True,1,0.9999,1,1
case30,branch1_out,0.0364576608877156,40.34030244501957,44.30327832141774,True,4.623980343353331,True,True,1,0.9999,1,1
case30,branch1_out,0.0371903077881145,39.89372760297301,13.11349740607302,True,7.59284097284416,True,True,1,0.9999,1,1
case30,branch1_out,0.0555807663347698,43.46033206019595,49.14508606425781,True,4.45067308585534,True,True,1,0.9999,1,1
case30,branch1_out,0.0406147712647113,20.128914468612567,11.368192236983669,True,1.6174783969604114,False,True,1,0.6666,1,1
case30,branch1_out,0.026415900314598,13.664406956627635,1.4519638423658898,False,0.6979076659398645,False,True,0,0.3333,1,1
case30,branch1_out,0.0355728420175892,16.715703414769365,5.872498272029871,True,2.184388770172202,False,True,1,0.6666,1,1
case30,branch1_out,0.0298333260033235,12.236888923280992,4.035117557394016,False,1.4168111750988432,False,False,0,0.0,1,0
case30,branch1_out,0.0614774012033536,28.84731181830852,16.762813336888556,True,4.0050202625943285,True,True,1,0.9999,1,1
case30,branch1_out,0.052486030122183,34.23557648478952,20.259080868219232,True,5.044047186696935,True,True,1,0.9999,1,1
case30,branch1_out,0.0282154945546764,16.90818676798023,7.569788870231899,True,3.006226264618657,False,True,1,0.6666,1,1
case30,branch2_out,0.0351188962967739,15.624622422800146,2.0364635386780368,False,2.0191381754007667,False,True,0,0.3333,1,1
case30,branch2_out,0.0604850620601428,35.426081968730934,36.26201734798596,True,8.22975776451036,True,True,1,0.9999,1,1
case30,branch2_out,0.0244949742279916,15.210922961061131,9.240108414476204,True,2.3862623222631463,False,True,1,0.6666,1,1
case30,branch2_out,0.0619835564566406,49.831669667233335,41.96661798053213,True,4.934707265478747,True,True,1,0.9999,1,1
case30,branch2_out,0.0286786689930622,47.61161543946174,33.99532166861397,True,8.284485746381666,True,True,1,0.9999,1,1
case30,branch2_out,0.0430095892576519,20.086893156046905,9.598144409847228,True,3.169062847184989,False,True,1,0.6666,1,1
case30,branch2_out,0.0184153145268346,12.899622916444406,3.373519380192004,False,1.0918267980212737,False,False,0,0.0,1,0
case30,branch2_out,0.0423704503074969,24.406524489885264,37.22519315280352,True,5.365327096085044,True,True,1,0.9999,1,1
case30,branch2_out,0.0495295711701364,36.42564870023816,26.44563736542135,True,5.526774521111289,True,True,1,0.9999,1,1
case30,branch2_out,0.0275970171788381,14.175055925954744,5.96350623767438,True,1.8205730375949671,False,False,0,0.3333,1,1
case30,branch2_out,0.0425245018939364,20.155245309411622,9.23044755898413,True,3.4019724530329816,False,True,1,0.6666,1,1
case30,branch2_out,0.0577327201494503,47.74092579275569,12.234774676425966,True,5.646382138626276,True,True,1,0.9999,1,1
case30,branch2_out,0.0387871850582687,19.103843835506154,5.448325644031635,True,1.6871297025325838,False,True,1,0.6666,1,1
case30,branch2_out,0.0274946186206312,14.828527651738716,3.2095595209091807,False,1.11685920451136,False,True,0,0.3333,1,1
case30,branch2_out,0.0339144836686064,14.06381068032766,11.546823496681483,True,2.7459760817318903,False,True,1,0.6666,1,1
case30,branch2_out,0.0627572567520493,43.39767710369112,28.017151196313723,True,5.573967081106791,True,True,1,0.9999,1,1
case30,branch2_out,0.032758649034731,18.82473872617365,3.79287564757151,False,1.8262912037340453,False,True,0,0.3333,1,1
case30,branch2_out,0.0371355895519959,19.72133154432251,10.298558795364888,True,2.910986335054484,True,True,1,0.9999,1,1
case30,branch2_out,0.0301013504592487,14.158366611380094,5.5143567717327135,True,1.4296379273164714,False,True,1,0.6666,1,1
case30,branch2_out,0.0312082868460222,13.906608133651302,6.436736764266425,True,2.929198532084329,False,True,1,0.6666,1,1
case30,branch2_out,0.0231858689746062,23.23238477109205,9.27737340462352,True,2.5252915052831497,False,True,1,0.6666,1,1
case30,branch2_out,0.0507215254942811,33.216045253843674,38.90426912042357,True,3.943182729618424,True,True,1,0.9999,1,1
case30,branch2_out,0.0332487700965983,14.669808058030942,6.8492664095984725,True,3.029996853512773,False,True,1,0.6666,1,1
case30,branch2_out,0.0329658235317458,34.01491326228109,22.97105662157473,True,5.129715879481743,True,True,1,0.9999,1,1
case30,branch2_out,0.0405627267373179,37.985566767966574,27.61159667780193,True,3.974700753869803,True,True,1,0.9999,1,1
case30,branch2_out,0.0215760640964678,21.97520089027326,5.246039457133911,True,3.822457186490095,True,True,1,0.9999,1,1
case30,branch2_out,0.0382087741694656,18.03434639913768,7.629001715121989,True,2.714665763267691,False,True,1,0.6666,1,1
case30,branch2_out,0.0413866056636737,24.285049545491677,32.53559534351716,True,8.090563393606914,True,True,1,0.9999,1,1
case30,branch2_out,0.052485515204122,29.66685710926389,38.88376920472166,True,5.569192932292411,True,True,1,0.9999,1,1
case30,branch2_out,0.0371298283739358,17.64868305987221,8.003444940953305,True,2.2554314872687184,False,True,1,0.6666,1,1
case30,branch2_out,0.0448556637648911,41.788717032303616,37.40678504738207,True,6.413626400175955,True,True,1,0.9999,1,1
case30,branch2_out,0.0210955330708382,15.67482200507828,2.490971170126689,False,1.565291984628914,False,True,0,0.3333,1,1
case30,branch2_out,0.0267223007641282,21.49493451563211,8.036851416823541,True,3.8081285026313543,True,True,1,0.9999,1,1
case30,branch2_out,0.0395410643597315,27.335756037117477,19.054122282545556,True,8.289595126203247,True,True,1,0.9999,1,1
case30,branch2_out,0.027013118891512,32.836363537418414,26.84554408627946,True,4.513186286582519,True,True,1,0.9999,1,1
case30,branch2_out,0.0289631631608542,22.25733125314761,6.23596982756659,True,3.031187918656698,False,True,1,0.6666,1,1
case30,branch2_out,0.0324332543340609,21.108516154301324,5.287812878996564,True,1.9869023499644325,False,True,1,0.6666,1,1
case30,branch2_out,0.0557895164903886,33.65338810849145,26.819712103762885,True,3.472373012024918,False,True,1,0.6666,1,1
case30,branch2_out,0.0333193357960794,14.101373657085476,12.444548336796265,True,1.8161943333751969,False,True,1,0.6666,1,1
case30,branch2_out,0.025647943545111,22.42785932977704,4.992385469775891,False,2.156408864511284,False,True,0,0.3333,1,1
case30,branch2_out,0.0351449667209688,36.094405972535775,16.7306608159205,True,6.936162616982445,True,True,1,0.9999,1,1
case30,branch2_out,0.045796140123693,25.688026516186667,16.9461761499894,True,3.4143684668438894,True,True,1,0.9999,1,1
case30,branch2_out,0.0582817715784803,37.17652225802093,17.00289942113076,True,3.623953752837372,False,True,1,0.6666,1,1
case30,branch2_out,0.0391089116118559,17.8065458416133,6.423349251181797,True,2.659148824025757,False,True,1,0.6666,1,1
case30,branch2_out,0.0308431458833557,37.56577781542675,10.33884373753071,True,2.9472908571182352,False,True,1,0.6666,1,1
case30,branch2_out,0.0222353153025088,45.11658549388022,22.95342738414686,True,7.42641869167312,True,True,1,0.9999,1,1
case30,branch2_out,0.0295598887379548,47.81918613111571,34.556245915986096,True,3.851280012647581,True,True,1,0.9999,1,1
case30,branch2_out,0.0191813590044185,12.585913063356616,1.087077608237747,False,1.1283007358389767,False,False,0,0.0,1,0
case30,branch2_out,0.0427861055571202,22.281438980185865,10.108810226543708,True,1.8922065955684224,False,True,1,0.6666,1,1
case30,branch2_out,0.0426820016572033,37.87534400311437,31.40445494774028,True,7.78715627400076,True,True,1,0.9999,1,1
case30,branch2_out,0.0425221788494655,21.35772090216333,37.62935095740949,True,4.964029949271087,True,True,1,0.9999,1,1
case30,branch2_out,0.0308872354484997,24.272182178659467,9.426868135134862,True,2.2650246479990277,False,True,1,0.6666,1,1
case30,branch2_out,0.0405940147170342,34.709578305114746,26.544668275843435,True,3.554103838880696,True,True,1,0.9999,1,1
case30,branch2_out,0.0339025060669848,15.346044254722552,5.59064911911172,True,2.2313730232740285,False,True,1,0.6666,1,1
case30,branch2_out,0.0429381419651341,15.818712810775878,11.749776288022325,True,1.4618427891991308,False,True,1,0.6666,1,1
case30,branch2_out,0.0495761783104808,21.175608747006816,12.3473329278813,True,5.60044028781298,True,True,1,0.9999,1,1
case30,branch2_out,0.0302546558938925,11.384695937928536,5.105093420773131,True,2.2823057273007663,False,False,0,0.3333,1,1
case30,branch2_out,0.0267488820523633,13.264948255284049,1.940791485481378,False,1.1638051185210778,False,False,0,0.0,1,0
case30,branch2_out,0.0244661798070006,17.712012545077407,8.241941909174807,True,2.076391433134496,False,True,1,0.6666,1,1
case30,branch2_out,0.0425486313662338,22.51886951786344,12.603605914131771,True,1.905829032134181,False,True,1,0.6666,1,1
case30,branch3_out,0.0343945674503016,17.9888021899317,6.919994678530754,True,3.083103878165775,False,True,1,0.6666,1,1
case30,branch3_out,0.0400723266977145,15.164843361053508,11.195639038224112,True,2.838011264256272,False,True,1,0.6666,1,1
case30,branch3_out,0.0339819365871124,15.51683818364632,10.653572231156494,True,1.5000469176442874,False,True,1,0.6666,1,1
case30,branch3_out,0.0361757428735274,27.32577083995544,28.087836877579665,True,3.9464035651417793,True,True,1,0.9999,1,1
case30,branch3_out,0.0519122119980808,29.36281956362596,37.00275641438202,True,6.310440639348771,True,True,1,0.9999,1,1
case30,branch3_out,0.0279586150765314,23.116322143677426,4.587908294803506,False,3.0960195359070144,False,True,0,0.3333,1,1
case30,branch3_out,0.0330998797800294,15.890359295485814,4.731767211704547,False,2.903551869584084,False,True,0,0.3333,1,1
case30,branch3_out,0.0264214952937557,15.148491329416435,8.765491371084195,True,3.175944064268538,False,True,1,0.6666,1,1
case30,branch3_out,0.0380687219310307,44.84863332804434,15.662594985449443,True,3.7225846238370712,True,True,1,0.9999,1,1
case30,branch3_out,0.0383539643626749,14.62124557570978,4.615098047594035,False,1.394978146115785,False,True,0,0.3333,1,1
case30,branch3_out,0.0362352035249037,21.919602621474127,12.809259039511836,True,2.794519661206083,False,True,1,0.6666,1,1
case30,branch3_out,0.0389657830974824,28.862853957256437,31.2796651181528,True,6.265521068684048,True,True,1,0.9999,1,1
case30,branch3_out,0.0497982127104634,30.000054340981656,22.372934014397007,True,4.05414754137063,True,True,1,0.9999,1,1
case30,branch3_out,0.0632317481628862,29.942508484592288,41.48084318133438,True,3.0729085288007503,False,True,1,0.6666,1,1
case30,branch3_out,0.0226640430335059,14.027483972308165,3.076631780878978,False,1.8145747890014776,False,False,0,0.0,1,0
case30,branch3_out,0.0425476162909838,46.43539578252139,34.78302838029815,True,6.198660630911064,True,True,1,0.9999,1,1
case30,branch3_out,0.0366172193574162,13.779982820996365,3.944702796416433,False,1.0895892063529546,False,True,0,0.3333,1,1
case30,branch3_out,0.019701643310322,11.471493628171691,1.2782097439079614,False,0.9003665912341138,False,False,0,0.0,1,0
case30,branch3_out,0.0279154746849693,15.662185625402028,6.217210631291115,True,2.4707601588991093,False,True,1,0.6666,1,1
case30,branch3_out,0.022132655696881,19.972812343468423,4.12396853903399,False,2.378735395456407,False,True,0,0.3333,1,1
case30,branch3_out,0.0393997094456818,34.547093414763914,25.001781657207463,True,5.088964077589655,True,True,1,0.9999,1,1
case30,branch3_out,0.0238435264350823,38.339242159780746,16.038173051926833,True,8.177540691205012,True,True,1,0.9999,1,1
case30,branch3_out,0.0528350707642898,49.78906091563921,13.0559552919869,True,8.321786536492485,True,True,1,0.9999,1,1
case30,branch3_out,0.0302136933622588,15.035304208123982,7.2353921702821875,True,2.289065735018528,False,True,1,0.6666,1,1
case30,branch3_out,0.0370438241799312,15.770562422048348,5.265459485702826,True,3.198700085936989,False,True,1,0.6666,1,1
case30,branch3_out,0.0246102148873797,19.776026779564123,12.324745720780577,True,3.2275141886326995,False,True,1,0.6666,1,1
case30,branch3_out,0.0464428609373056,49.28562738178281,45.86984095166325,True,8.220100126516057,True,True,1,0.9999,1,1
case30,branch3_out,0.0253646618025694,15.098431006519217,5.210259926547235,False,1.3938382006019685,False,True,0,0.3333,1,1
case30,branch3_out,0.0455823080735292,20.925413822642746,43.07743806549431,True,5.172642432585239,True,True,1,0.9999,1,1
case30,branch3_out,0.0400635390451936,18.528876534164507,5.285242645367067,True,2.2384593059563698,False,True,1,0.6666,1,1
case30,branch3_out,0.057504616582934,28.388210660948523,23.99687548310154,True,3.0373982536908524,False,True,1,0.6666,1,1
case30,branch3_out,0.0209821129555735,20.382123528431308,7.506024569336037,True,1.5418533788014936,False,True,1,0.6666,1,1
case30,branch3_out,0.0265480869685889,22.39612178289794,14.594782092185389,True,2.6774129077767763,False,True,1,0.6666,1,1
case30,branch3_out,0.0314788154295085,20.795619697847577,11.264395588216342,True,3.0336210852714443,False,True,1,0.6666,1,1
case30,branch3_out,0.0469684481737927,39.07442525230576,27.474513607967715,True,3.728968629493941,True,True,1,0.9999,1,1
case30,branch3_out,0.0197721097590439,12.905662745513093,1.3499960392080317,False,1.0314385154835377,False,False,0,0.0,1,0
case30,branch3_out,0.0294769643103092,35.973183658948884,11.733476045833427,True,3.269896416009885,True,True,1,0.9999,1,1
case30,branch3_out,0.0306102944226548,22.55552185478897,8.699963049622216,True,1.6480598581300672,False,True,1,0.6666,1,1
case30,branch3_out,0.0220223247288784,13.476834689855693,2.908932616344975,False,1.4801490032976632,False,False,0,0.0,1,0
case30,branch3_out,0.0281586397799982,22.09744217094561,5.303783818110061,False,2.32624751859289,False,True,0,0.3333,1,1
case30,branch3_out,0.0256729746489481,11.363872349724025,1.2020082141180126,False,1.0178081934250351,False,False,0,0.0,1,0
case30,branch3_out,0.0278241815539345,12.50067214780523,2.123626927543894,False,1.4693544349539691,False,True,0,0.3333,1,1
case30,branch3_out,0.0397508082119318,15.096790286991912,4.800369550716382,False,2.7427905562266224,False,True,0,0.3333,1,1
case30,branch3_out,0.0230759094680531,14.077357924924735,3.3965609883467502,False,0.9180138980875544,False,False,0,0.0,1,0
case30,branch3_out,0.0249201314138878,49.89035186308936,40.243600132865225,True,8.017050182782809,True,True,1,0.9999,1,1
case30,branch3_out,0.0477364384667777,23.8780534963705,23.047202155863488,True,3.2310602279717378,False,True,1,0.6666,1,1
case30,branch3_out,0.05184462236854,43.14216933735001,43.31434573681825,True,4.560310406725813,True,True,1,0.9999,1,1
case30,branch3_out,0.0435806062910088,21.24317800511942,10.3302755205032,True,2.1838480825190176,False,True,1,0.6666,1,1
case30,branch3_out,0.0457523798003432,32.72034535741061,41.93336221573932,True,6.261309225528717,True,True,1,0.9999,1,1
case30,branch3_out,0.0408763860390025,21.51160529196524,9.625961535731038,True,1.8284244226180983,False,True,1,0.6666,1,1
case30,branch3_out,0.0516474709730334,24.87818732374091,41.73009993761886,True,8.1643137513495,True,True,1,0.9999,1,1
case30,branch3_out,0.0409278626244018,33.44027652141502,12.40866136530867,True,2.4165159001603795,False,True,1,0.6666,1,1
case30,branch3_out,0.0399463640790996,44.496967943955305,36.66065233738588,True,6.854518162018685,True,True,1,0.9999,1,1
case30,branch3_out,0.0384226870077298,14.446178274147886,8.852711637059098,True,1.825171121183666,False,True,1,0.6666,1,1
case30,branch3_out,0.0250283498608792,14.823058869573776,8.182395342092876,True,2.661018413475375,False,True,1,0.6666,1,1
case30,branch3_out,0.0223902259817381,17.43273031201932,13.3518945585413,True,2.0554150053205484,False,True,1,0.6666,1,1
case30,branch3_out,0.0449038748632608,40.65004354749081,21.62272478907648,True,6.093929148012903,True,True,1,0.9999,1,1
case30,branch3_out,0.0443671531253998,40.4093515234196,44.78901101145335,True,7.418675553245756,True,True,1,0.9999,1,1
case30,branch3_out,0.0298178712429394,15.0589789851378,2.717243191469004,False,1.6455744368481962,False,True,0,0.3333,1,1
case30,branch3_out,0.0298160502904631,19.964539421158225,7.750129110350002,True,2.938515084089929,False,True,1,0.6666,1,1
case118,baseline,0.0198914743843603,11.50034801006936,1.846799798601178,False,0.1727568437043354,False,False,0,0.0,0,0
case118,baseline,0.0225192404600025,11.259744456791031,1.074453531460518,False,0.0291142812341317,False,False,0,0.0,0,0
case118,baseline,0.0291995800021927,11.79944996271543,0.8430028578693624,False,1.231891879903878,False,False,0,0.0,0,0
case118,baseline,0.023181809085937,11.374749105637154,0.3197638977934537,False,0.4866187498301817,False,False,0,0.0,0,0
case118,baseline,0.0201623058852041,11.00409663266664,0.4467654718452835,False,0.5249797773063966,False,False,0,0.0,0,0
case118,baseline,0.0155432825673008,11.947383453601192,1.129379125359594,False,0.5066668603271495,False,False,0,0.0,0,0
case118,baseline,0.0292945976048523,12.322867959540943,0.9164113691785684,False,-0.0091035642290156,False,False,0,0.0,0,0
case118,baseline,0.0107535114274797,11.19383248524871,1.5592700657083467,False,0.5467886649248364,False,False,0,0.0,0,0
case118,baseline,0.0285801756564726,11.994146929589942,2.883400943606261,False,0.6339524367329535,False,False,0,0.0,0,0
case118,baseline,0.0162745003297052,11.764782565535132,0.7117716930135329,False,0.6012668939338733,False,False,0,0.0,0,0
case118,baseline,0.0160220009069905,10.73673208923846,0.5845707942410179,False,0.6438370845004846,False,False,0,0.0,0,0
case118,baseline,0.0162436316861472,11.594536869915675,1.5472405695029696,False,0.4509405867684499,False,False,0,0.0,0,0
case118,baseline,0.0204784686861083,11.829068931266068,0.6773301841755189,False,0.1404132711292385,False,False,0,0.0,0,0
case118,baseline,0.0257075767264075,11.566279006412634,0.7357226328003709,False,0.1686876407776782,False,False,0,0.0,0,0
case118,baseline,0.0239947077218641,12.27376206372684,0.3946496274723336,False,0.7213755280086284,False,False,0,0.0,0,0
case118,baseline,0.0299809016814826,10.662721135523253,0.1432244875588393,False,0.7780010171219719,False,False,0,0.0,0,0
case118,baseline,0.0144943542061574,12.102738960531308,0.6503887071823602,False,0.5935874692936789,False,False,0,0.0,0,0
case118,baseline,0.0231650203230696,10.985886537352156,1.1663560769306072,False,0.8387071142963929,False,False,0,0.0,0,0
case118,baseline,0.0239791915024496,10.693157961679171,0.3842179122983391,False,0.460344303290753,False,False,0,0.0,0,0
case118,baseline,0.0209378428518296,11.893742451676788,3.743804836024662,False,0.0946418487481757,False,False,0,0.0,0,0
case118,baseline,0.0181748427995531,11.00396658151206,0.6210512386492675,False,1.1640634218366572,False,True,0,0.3333,0,1
case118,baseline,0.0377000902660322,11.990833391457569,1.3357020754916045,False,0.1657480548952783,False,False,0,0.0,0,0
case118,baseline,0.0222050843885791,12.00107359484429,1.137069100259997,False,0.451212896032763,False,False,0,0.0,0,0
case118,baseline,0.0171469377588235,11.775052963655892,0.9893584411824003,False,0.2398521358024366,False,False,0,0.0,0,0
case118,baseline,0.0229860245962405,11.508805061762336,1.7319796011130857,False,0.1907927959411599,False,False,0,0.0,0,0
case118,baseline,0.0267932824258812,10.956357534600691,0.26814493956462,False,0.8260344947492787,False,False,0,0.0,0,0
case118,baseline,0.0233863587470177,11.276398360665238,0.292022164905759,False,0.7877791887334078,False,False,0,0.0,0,0
case118,baseline,0.0204072145741729,11.24236187049587,1.147372229348796,False,0.0882973748012477,False,False,0,0.0,0,0
case118,baseline,0.0147530298580742,12.163258340938386,1.3734111250070522,False,0.5539513264101409,False,False,0,0.0,0,0
case118,baseline,0.0152121065380855,11.279007810984524,1.0807315194189615,False,0.4385226472971656,False,False,0,0.0,0,0
case118,baseline,0.0131725649264158,10.382339200074192,0.1655934022041154,False,0.1415747071012311,False,False,0,0.0,0,0
case118,baseline,0.0218651666570735,10.984840910152602,4.573148414479035,False,0.7359203341246776,False,False,0,0.0,0,0
case118,baseline,0.0190426547043894,11.046442597392776,0.8791833401440892,False,0.4915381893486519,False,False,0,0.0,0,0
case118,baseline,0.0206346087506176,11.359309786442596,0.3618708465694294,False,0.4972302758190384,False,False,0,0.0,0,0
case118,baseline,0.0188885761205755,11.81949359257563,0.7816643335550614,False,0.5292660779072291,False,False,0,0.0,0,0
case118,baseline,0.0151235545585549,12.042112388062211,1.3344782663483448,False,0.8184470141659428,False,False,0,0.0,0,0
case118,baseline,0.0228619433715047,10.607961591366829,3.1203445911280525,False,0.6585964213653857,False,False,0,0.0,0,0
case118,baseline,0.0277348184925418,10.925886528149867,-0.0050473200282714,False,0.6908532147725726,False,False,0,0.0,0,0
case118,baseline,0.0166997136249709,11.095691566429949,0.6743774739847993,False,0.5645897566116769,False,False,0,0.0,0,0
case118,baseline,0.0213480650827377,11.822743937692662,0.9631833942597868,False,0.1840199704717069,False,False,0,0.0,0,0
case118,baseline,0.0208213694131099,10.770468668024238,0.819687953048856,False,0.533892431969057,False,False,0,0.0,0,0
case118,baseline,0.0239612584684668,11.809642644487598,0.8577384263172791,False,0.349635522355373,False,False,0,0.0,0,0
case118,baseline,0.0229780520202505,11.546268275660312,0.4341077394607127,False,0.4878919950489149,False,False,0,0.0,0,0
case118,baseline,0.0169118279869609,12.351211934622976,1.6365615388777175,False,0.0192384174946548,False,False,0,0.0,0,0
case118,baseline,0.0315995172362015,11.899207022839244,0.2535850529487953,False,0.1112679517087389,False,False,0,0.0,0,0
case118,baseline,0.0185727729144985,11.926580795607114,0.9319963543409706,False,0.7096652479781379,False,True,0,0.3333,0,1
case118,baseline,0.0156348571334575,12.253953580497011,2.832311422183929,False,0.0858269475250325,False,False,0,0.0,0,0
case118,baseline,0.0252087271945463,11.521124687559215,0.5969537459343124,False,0.7554243264957653,False,False,0,0.0,0,0
case118,baseline,0.0151135553104604,11.669759005408578,0.9026779723806286,False,0.5334170960904159,False,False,0,0.0,0,0
case118,baseline,0.0156456493241598,12.616847814145531,1.3377685635301289,False,0.2191696366422036,False,False,0,0.0,0,0
case118,baseline,0.0226563948160698,11.750575806415846,0.6082772506831591,False,0.5192543331558523,False,False,0,0.0,0,0
case118,baseline,0.0081292505875548,12.225657755373533,0.3245950241204106,False,0.1434074609839525,False,False,0,0.0,0,0
case118,baseline,0.0119204636222657,11.688895942570268,0.1516156118452278,False,0.7376482754311869,False,True,0,0.3333,0,1
case118,baseline,0.0191931108259052,10.786395941301128,1.3873565057790496,False,0.7559132113914341,False,False,0,0.0,0,0
case118,baseline,0.0223726860019657,11.83959295687388,-0.0011925875906786,False,0.2604854809562085,False,False,0,0.0,0,0
case118,baseline,0.0211518469100604,11.467242147025296,1.5260450174054905,False,0.6179004216130515,False,False,0,0.0,0,0
case118,baseline,0.0184417446866252,11.32066056016332,0.4392048349861254,False,0.7660217959749159,False,False,0,0.0,0,0
case118,baseline,0.0164389249829646,11.107442937998066,1.491722975622176,False,1.0901890188503136,False,False,0,0.0,0,0
case118,baseline,0.0141813259523532,12.84582589213426,0.1534244958641356,False,0.5107974677980998,False,False,0,0.0,0,0
case118,baseline,0.0193732274906165,10.768230469191916,0.2394242442673795,False,0.6294737748827578,False,False,0,0.0,0,0
case118,branch1_out,0.0289463019734982,23.03195418392553,11.46841142770466,True,3.112202368124827,False,True,1,0.6666,1,1
case118,branch1_out,0.029802498191503,12.24153021725975,2.2770667544663024,False,0.7587708975111958,False,False,0,0.0,1,0
case118,branch1_out,0.0321226659023673,20.25830872527876,8.384597892423171,True,1.6266275198220046,False,True,1,0.6666,1,1
case118,branch1_out,0.0411748427972891,37.24791473868342,38.553723609451225,True,6.721966671073124,True,True,1,0.9999,1,1
case118,branch1_out,0.0386175019084142,25.63871836271577,25.54776742354603,True,4.259121758860764,True,True,1,0.9999,1,1
case118,branch1_out,0.0241914688373787,13.705308453630842,4.022667180461598,False,1.1338807672847668,False,True,0,0.3333,1,1
case118,branch1_out,0.0298223477828321,14.571576228468649,12.959357852847228,True,3.046223569931294,False,True,1,0.6666,1,1
case118,branch1_out,0.0307789803543129,15.593167363230874,2.5602218301478965,False,1.264018843883857,False,True,0,0.3333,1,1
case118,branch1_out,0.0260610820417926,15.52913671893741,4.260845661790145,False,1.840179797415431,False,True,0,0.3333,1,1
case118,branch1_out,0.0256326998410525,22.957549288724238,11.42406700255625,True,2.817029100603497,False,True,1,0.6666,1,1
case118,branch1_out,0.0366168676636769,38.29805146980068,47.84908818854764,True,5.74367388705568,True,True,1,0.9999,1,1
case118,branch1_out,0.0406590544852586,22.01820157647104,10.049973716012792,True,2.325926480937641,False,True,1,0.6666,1,1
case118,branch1_out,0.0325531462841918,23.837165746272905,8.454540893944909,True,3.213889765210292,True,True,1,0.9999,1,1
case118,branch1_out,0.03787058270388,16.819378840897368,8.40856207262113,True,2.254506163208512,False,True,1,0.6666,1,1
case118,branch1_out,0.0459879319017198,19.46993592101525,4.952909357725862,True,2.8249546831891377,False,True,1,0.6666,1,1
case118,branch1_out,0.0310266671332098,19.565886908475285,7.650558283631375,True,3.44113777777934,False,True,1,0.6666,1,1
case118,branch1_out,0.0312161861521443,32.90320674300355,24.586570268108144,True,7.250389610100388,True,True,1,0.9999,1,1
case118,branch1_out,0.0306992732641179,50.88504148023907,45.867220698019125,True,5.927987398076457,True,True,1,0.9999,1,1
case118,branch1_out,0.0565423735477163,20.72952228412776,44.49736883815136,True,8.167933391842828,True,True,1,0.9999,1,1
case118,branch1_out,0.0325871971995354,14.900436839068826,2.3285987300747006,False,0.8864560823343894,False,True,0,0.3333,1,1
case118,branch1_out,0.0443171341537442,17.26022489640884,4.495767122059704,False,2.9241100810033003,False,True,0,0.3333,1,1
case118,branch1_out,0.0317200341688739,18.44093058210525,10.172754486353467,True,2.3662791364738625,False,True,1,0.6666,1,1
case118,branch1_out,0.0376430081090968,13.741332432981784,4.304225896685936,False,1.562681356010487,False,True,0,0.3333,1,1
case118,branch1_out,0.0243796606505603,13.343769896503758,0.7247905910728948,False,1.5832544915527875,False,True,0,0.3333,1,1
case118,branch1_out,0.0355166356138214,21.67057377359843,9.934618415384312,True,3.2423649081773918,False,True,1,0.6666,1,1
case118,branch1_out,0.0308291130555434,44.50768413186238,29.80536602881641,True,3.692806689237792,True,True,1,0.9999,1,1
case118,branch1_out,0.0298799848785113,17.257907622234374,7.771403633531311,True,2.553406763212616,False,True,1,0.6666,1,1
case118,branch1_out,0.0271743125229557,29.619140075574087,22.96766624881425,True,7.270418903067401,True,True,1,0.9999,1,1
case118,branch1_out,0.0519583259735635,27.92276496305834,47.58661170985437,True,5.928477665649775,True,True,1,0.9999,1,1
case118,branch1_out,0.0389443824039566,30.392842790028286,35.03569446196558,True,8.39046690384948,True,True,1,0.9999,1,1
case118,branch1_out,0.033702048978034,20.68532494742689,3.64804690683984,False,3.15900116488679,False,True,0,0.3333,1,1
case118,branch1_out,0.0486890060810575,26.040552675206897,37.75673863330128,True,6.472549505835015,True,True,1,0.9999,1,1
case118,branch1_out,0.0284293204200188,14.575427729802993,8.068253218256308,True,1.962615869359429,False,False,0,0.3333,1,1
case118,branch1_out,0.0402087911488552,50.04487796832778,23.18804277048729,True,5.9294158680460685,True,True,1,0.9999,1,1
case118,branch1_out,0.0291936928110952,21.782243399889204,31.378400644068883,True,3.5265794514936246,True,True,1,0.9999,1,1
case118,branch1_out,0.0416827700476327,50.49855592641791,24.210454188805,True,4.0612378794815465,True,True,1,0.9999,1,1
case118,branch1_out,0.0542287792158078,40.88922662883537,27.232682124020084,True,5.300136964144413,True,True,1,0.9999,1,1
case118,branch1_out,0.0249014624837222,15.12477972867746,2.491010119053262,False,0.9811423771906224,False,True,0,0.3333,1,1
case118,branch1_out,0.0292963822449877,46.89987924839747,24.6292739918614,True,3.922621908323263,True,True,1,0.9999,1,1
case118,branch1_out,0.04439522742224,38.51424361887473,33.14816339637034,True,4.7202050197799394,True,True,1,0.9999,1,1
case118,branch1_out,0.0392917431520823,18.783992362750038,5.9600502259279855,True,1.8913783439383345,False,True,1,0.6666,1,1
case118,branch1_out,0.0406552706463177,39.16610026279455,34.62706834187594,True,7.381026356661482,True,True,1,0.9999,1,1
case118,branch1_out,0.0197444258778532,12.787683928866368,2.98882886648743,False,1.152729568273312,False,False,0,0.0,1,0
case118,branch1_out,0.0297000882787422,45.825164584458925,15.526446647140142,True,3.894841122784,True,True,1,0.9999,1,1
case118,branch1_out,0.0309142340676718,22.48613038323998,14.602867143522136,True,1.47194139174394,False,True,1,0.6666,1,1
case118,branch1_out,0.0361879249358039,24.356157025900423,31.27596656303135,True,8.018525107565532,True,True,1,0.9999,1,1
case118,branch1_out,0.0224176159601778,13.04606600575157,2.602997565592244,False,2.1367880342974392,False,True,0,0.3333,1,1
case118,branch1_out,0.0266543924527545,22.388195510428115,7.277223337249143,True,1.336234913431683,False,True,1,0.6666,1,1
case118,branch1_out,0.0324106316985774,14.157395911950973,4.975864905103253,True,0.9606848668878682,False,False,0,0.3333,1,1
case118,branch1_out,0.0259942808950657,14.313032772710688,8.76240145684014,True,2.7491619621648358,False,True,1,0.6666,1,1
case118,branch1_out,0.0311273105678794,12.484921669787816,4.0395191128674055,False,1.0910722071744303,False,False,0,0.0,1,0
case118,branch1_out,0.0575730054610268,32.9780567685271,12.590042091906,True,5.944580156140161,True,True,1,0.9999,1,1
case118,branch1_out,0.0542983806837577,22.12249934084264,10.70817209739107,True,2.020781707533045,False,True,1,0.6666,1,1
case118,branch1_out,0.0303373953769165,13.078415661376123,3.2157064163098577,False,1.56801563123538,False,True,0,0.3333,1,1
case118,branch1_out,0.0262825291996125,15.90914999083008,13.726606068977857,True,2.0468219463184574,False,True,1,0.6666,1,1
case118,branch1_out,0.0382061499415436,17.51241060571198,9.82887198487938,True,1.160007720719914,False,True,1,0.6666,1,1
case118,branch1_out,0.0157907072021492,14.221764710322187,6.020776654437434,True,1.4503411967906898,False,False,0,0.3333,1,1
case118,branch1_out,0.0299737798772083,25.258685543879512,46.90787351373351,True,3.208538481263463,False,True,1,0.6666,1,1
case118,branch1_out,0.0210564650924191,20.24358132988852,5.747420498328382,True,2.2120577399804424,False,True,1,0.6666,1,1
case118,branch1_out,0.0296882107914643,22.657875809114834,12.601219228931438,True,1.8832247772380384,False,True,1,0.6666,1,1
case118,branch2_out,0.0195492646256174,19.053928790023708,9.27695281598688,True,2.873675762813248,False,True,1,0.6666,1,1
case118,branch2_out,0.0258066638298348,15.320401694862111,4.865788668350023,False,3.2070796383392524,False,True,0,0.3333,1,1
case118,branch2_out,0.0310166432328149,21.83054481754879,9.267073023921682,True,2.4817791678885284,False,True,1,0.6666,1,1
case118,branch2_out,0.0555067330925974,24.843634244526992,48.767452604593096,True,5.271469926317681,True,True,1,0.9999,1,1
case118,branch2_out,0.0438766398724962,18.511222315641263,11.455424858621024,True,3.154088471167221,False,True,1,0.6666,1,1
case118,branch2_out,0.0305373526741519,12.239509152619345,1.5793589047431982,False,0.9046581563892884,False,False,0,0.0,1,0
case118,branch2_out,0.0416738749815506,21.767391935759232,7.377032663435601,True,3.339281759316284,False,True,1,0.6666,1,1
case118,branch2_out,0.029741280098168,19.55784242779352,12.48556905959538,True,1.9901571046852164,False,True,1,0.6666,1,1
case118,branch2_out,0.0381814195919426,21.44584842863526,12.180599183815616,True,1.5560200078241322,False,True,1,0.6666,1,1
case118,branch2_out,0.0487417146120157,19.402324022695268,9.104083587317346,True,2.553323725465434,False,True,1,0.6666,1,1
case118,branch2_out,0.0422251970692181,34.97679681349531,14.376354290570369,True,8.720717949573583,True,True,1,0.9999,1,1
case118,branch2_out,0.0412643816492629,46.55394617817686,29.603782492249795,True,7.45739028731384,True,True,1,0.9999,1,1
case118,branch2_out,0.0538615157529834,21.033675695605798,12.62570426054269,True,6.987418775258547,True,True,1,0.9999,1,1
case118,branch2_out,0.0354240067114302,17.422007604027574,13.165678549643816,True,1.6346943656961863,False,True,1,0.6666,1,1
case118,branch2_out,0.061411250959455,21.13533092561471,11.080155985927236,True,3.963069795629568,True,True,1,0.9999,1,1
case118,branch2_out,0.023555460053767,23.489643716905192,4.932755243147377,False,2.281354691726352,False,True,0,0.3333,1,1
case118,branch2_out,0.0381194656529157,23.13239132780695,6.792883950313893,True,1.8656133358721008,False,True,1,0.6666,1,1
case118,branch2_out,0.0354153245194811,40.77753102338086,37.91188824206918,True,8.03319044143686,True,True,1,0.9999,1,1
case118,branch2_out,0.0484386953180501,35.00234833628504,25.99908267204342,True,7.78556523865402,True,True,1,0.9999,1,1
case118,branch2_out,0.0165712507408459,12.47763341580894,3.230637656178073,False,1.2049307225511403,False,True,0,0.3333,1,1
case118,branch2_out,0.0355077471879137,33.21992032374938,22.41337553567623,True,7.420996733393881,True,True,1,0.9999,1,1
case118,branch2_out,0.032465025062953,15.29368697860759,11.751758718527906,True,2.6283599738113197,False,True,1,0.6666,1,1
case118,branch2_out,0.0558015286810764,48.76010244522353,49.96840519695901,True,6.8705944441557545,True,True,1,0.9999,1,1
case118,branch2_out,0.0595842757217975,49.484968127473394,48.03251354408588,True,5.337378442263979,True,True,1,0.9999,1,1
case118,branch2_out,0.0212325280884751,19.043717361008568,8.915234799100476,True,2.3723814778153685,False,True,1,0.6666,1,1
case118,branch2_out,0.0326807928450636,22.90796230176148,12.821711709026218,True,2.924524650216617,False,True,1,0.6666,1,1
case118,branch2_out,0.0418706986538014,23.256092218823323,8.190732053426947,True,1.958199471949668,False,True,1,0.6666,1,1
case118,branch2_out,0.0333023417377415,17.81455152941521,12.928901019103591,True,1.901971511314853,False,True,1,0.6666,1,1
case118,branch2_out,0.049014644846667,49.12310990193428,20.760693124035384,True,5.153728458838744,True,True,1,0.9999,1,1
case118,branch2_out,0.0402422562336031,14.978077540766645,7.625271710144642,True,2.4062110913328314,False,True,1,0.6666,1,1
case118,branch2_out,0.0305991474784176,14.302382323002409,4.125125554178131,False,1.2480588992456672,False,True,0,0.3333,1,1
case118,branch2_out,0.0297422100957356,11.54700382135045,3.088562688881401,False,1.5889918605774287,False,False,0,0.0,1,0
case118,branch2_out,0.0247020372909895,46.32730757191408,44.51689899534359,True,8.075083405543218,True,True,1,0.9999,1,1
case118,branch2_out,0.0258754355822844,14.48799243074479,3.612057003193932,False,0.5710952143151223,False,True,0,0.3333,1,1
case118,branch2_out,0.0468256994616736,21.310816150538017,10.67282604098036,True,3.174284830980533,False,True,1,0.6666,1,1
case118,branch2_out,0.0422097709747326,43.502258099650064,16.458354362245085,True,6.088873790283947,True,True,1,0.9999,1,1
case118,branch2_out,0.02815504844956,13.329791468904256,4.6471911697398,True,0.9997865628434288,False,False,0,0.3333,1,1
case118,branch2_out,0.0514156125682702,36.62323479428474,44.99314723607179,True,5.423271332820608,True,True,1,0.9999,1,1
case118,branch2_out,0.0326971784133704,21.3921982181267,3.387614991195474,False,1.3862847956990871,False,True,0,0.3333,1,1
case118,branch2_out,0.0274175276396968,11.560306018158638,2.370090644851208,False,1.4163928421352947,False,False,0,0.0,1,0
case118,branch2_out,0.0303666708303927,14.626863064975518,6.958654529020861,True,1.3459801065573358,False,False,0,0.3333,1,1
case118,branch2_out,0.0584481568126692,51.13884419662799,17.24532462834091,True,7.713444297105043,True,True,1,0.9999,1,1
case118,branch2_out,0.0325251416014047,20.925373556785225,5.501823824026881,True,3.0546442656690065,False,True,1,0.6666,1,1
case118,branch2_out,0.0386771925286345,44.62651636753033,20.546243040268077,True,5.618538569982483,True,True,1,0.9999,1,1
case118,branch2_out,0.0485917255802485,37.7706922307527,49.7822498397054,True,4.547344319762087,True,True,1,0.9999,1,1
case118,branch2_out,0.0278882160833451,14.544729023785534,10.278766028526206,True,2.987496399096873,True,True,1,0.9999,1,1
case118,branch2_out,0.0668237977375074,39.49470659330301,43.517894257513845,True,6.2051443767700265,True,True,1,0.9999,1,1
case118,branch2_out,0.0311803453154232,25.501922611808208,27.477746048026216,True,6.076110232870755,True,True,1,0.9999,1,1
case118,branch2_out,0.0361482030912224,19.391146796989634,8.52980137384545,True,2.715395906992128,False,True,1,0.6666,1,1
case118,branch2_out,0.0266945683363246,23.21699068053553,13.599754103250648,True,3.5523641178143683,True,True,1,0.9999,1,1
case118,branch2_out,0.0402839302450645,25.796553981804525,38.58660502256755,True,4.360751437859155,True,True,1,0.9999,1,1
case118,branch2_out,0.0259247066763388,12.437705588196792,2.0050682054265536,False,1.2115807771766498,False,False,0,0.0,1,0
case118,branch2_out,0.0277695187671971,20.113042475312,38.71015385050571,True,6.871753361231699,True,True,1,0.9999,1,1
case118,branch2_out,0.0432601470663557,39.4071416861628,25.22614085431511,True,6.696513413223293,True,True,1,0.9999,1,1
case118,branch2_out,0.024249723197026,23.96809602856791,9.258661978865211,True,2.355252980554933,False,True,1,0.6666,1,1
case118,branch2_out,0.0318476747170433,21.02565504470208,5.00506579196393,True,2.644392701760918,False,True,1,0.6666,1,1
case118,branch2_out,0.0471464576417817,20.746118488663484,4.21931856384266,False,1.6658666528006207,False,True,0,0.3333,1,1
case118,branch2_out,0.0386490589926178,34.897063204721235,23.92896495381616,True,5.105262718510801,True,True,1,0.9999,1,1
case118,branch2_out,0.0352580154243649,20.596544880548496,15.028670573710658,True,8.521898453577618,True,True,1,0.9999,1,1
case118,branch2_out,0.0465495892687432,46.09739121527897,47.60858042717111,True,2.6601339958653663,False,True,1,0.6666,1,1
case118,branch3_out,0.033962269637758,39.00770509096777,17.26347437932458,True,8.861054615866722,True,True,1,0.9999,1,1
case118,branch3_out,0.0272081751183548,31.13251383752271,45.942529969756094,True,6.374701841441518,True,True,1,0.9999,1,1
case118,branch3_out,0.0543170373127948,51.56108197322403,41.15728695035765,True,7.755397261007403,True,True,1,0.9999,1,1
case118,branch3_out,0.0419466334817732,47.377445087787706,25.690583780829098,True,4.887728416868498,True,True,1,0.9999,1,1
case118,branch3_out,0.0511259030293899,50.22628352199575,51.97918018293926,True,4.034208911957916,True,True,1,0.9999,1,1
case118,branch3_out,0.0196142690460967,19.987717354905108,4.551000651077814,False,3.2746094898367306,False,True,0,0.3333,1,1
case118,branch3_out,0.0375758005779041,38.997065944674304,25.59901426869286,True,7.652021077647986,True,True,1,0.9999,1,1
case118,branch3_out,0.0334118825019038,30.28767633891632,12.417834394605412,True,5.180549417076716,True,True,1,0.9999,1,1
case118,branch3_out,0.0245559219376117,17.19241840196383,4.592307723165409,False,2.65130016550354,False,True,0,0.3333,1,1
case118,branch3_out,0.0288470349580838,48.23645395060412,38.808153795942985,True,5.598368671796623,True,True,1,0.9999,1,1
case118,branch3_out,0.0479888725836504,20.89240252065683,45.55913074653139,True,3.275883715904253,False,True,1,0.6666,1,1
case118,branch3_out,0.0319434935458843,18.990742028692598,12.20487935741573,True,3.0224911863734354,False,True,1,0.6666,1,1
case118,branch3_out,0.0602539953035664,41.26915330113345,44.90341372999648,True,8.146430559067129,True,True,1,0.9999,1,1
case118,branch3_out,0.0336847773902125,38.61295250779152,50.845614842522,True,2.7206776749711987,False,True,1,0.6666,1,1
case118,branch3_out,0.0493689466429864,33.935857375830935,17.57380200113214,True,5.399338475438927,True,True,1,0.9999,1,1
case118,branch3_out,0.0298501496997555,22.827869613615416,6.6042004813360045,True,2.843730834706565,False,True,1,0.6666,1,1
case118,branch3_out,0.0348789160148002,15.959917693929368,9.666556560157735,True,2.1962709621839367,False,True,1,0.6666,1,1
case118,branch3_out,0.0328645712075416,21.317110645812487,11.908837339465013,True,1.6358337906715088,False,True,1,0.6666,1,1
case118,branch3_out,0.0278901996777932,31.69665024936428,16.67495386893683,True,8.844954434348306,True,True,1,0.9999,1,1
case118,branch3_out,0.0324434572033351,33.51087341943972,46.67322369246901,True,8.250751408464435,True,True,1,0.9999,1,1
case118,branch3_out,0.0269295562163585,14.395191927472196,4.349854338931939,False,0.7750109646482892,False,True,0,0.3333,1,1
case118,branch3_out,0.0381597598732489,28.647463642405484,36.28398223409366,True,5.663828325447525,True,True,1,0.9999,1,1
case118,branch3_out,0.0545499651424473,44.602948895307904,18.84202410315165,True,8.26703308732574,True,True,1,0.9999,1,1
case118,branch3_out,0.0283706786119577,15.919203815659822,2.8639316258825342,False,1.7392226468841705,False,True,0,0.3333,1,1
case118,branch3_out,0.0337094960519207,15.529825287575347,4.077875068687705,False,0.9695590152176484,False,True,0,0.3333,1,1
case118,branch3_out,0.0368063772943734,22.527710741789832,7.098598208274626,True,2.1933745258963757,False,True,1,0.6666,1,1
case118,branch3_out,0.0227805899870328,13.79738524899054,4.422785924877411,False,1.7514314415571188,False,True,0,0.3333,1,1
case118,branch3_out,0.0555334086095194,32.25065820605401,12.580441250586196,True,5.51612408204547,True,True,1,0.9999,1,1
case118,branch3_out,0.0162743644373486,12.794827152320778,4.974721954536931,False,0.867638462662563,False,False,0,0.0,1,0
case118,branch3_out,0.0317513439283036,19.16751551444655,9.746804578802855,True,3.683259375850924,True,True,1,0.9999,1,1
case118,branch3_out,0.0479602747738639,33.40915345103618,44.183055630297176,True,4.856430949192633,True,True,1,0.9999,1,1
case118,branch3_out,0.0129914037664827,14.962429535345072,1.745986396066166,False,1.6616782591694192,False,True,0,0.3333,1,1
case118,branch3_out,0.0312090318284124,20.282146337883173,5.321970289064481,False,2.424969305033113,False,True,0,0.3333,1,1
case118,branch3_out,0.067442121527704,27.692462348449943,45.69926040537532,True,2.503401478963834,False,True,1,0.6666,1,1
case118,branch3_out,0.0525417653910328,50.35813710558908,11.415969566563726,True,3.6843691073852223,True,True,1,0.9999,1,1
case118,branch3_out,0.0490041620427644,20.40293210776397,12.42487209521465,True,5.734168367575172,True,True,1,0.9999,1,1
case118,branch3_out,0.0394477015401346,17.355317161338018,13.023595230970084,True,3.3854421180334,False,True,1,0.6666,1,1
case118,branch3_out,0.0425478099747977,16.691972165976814,9.022271915107831,True,2.605692537975043,False,True,1,0.6666,1,1
case118,branch3_out,0.0341647750841851,15.07844218108883,3.700142017200109,False,0.9707574599135808,False,True,0,0.3333,1,1
case118,branch3_out,0.0265049138931279,17.906733072019748,9.538160242300115,True,2.867567115022438,False,True,1,0.6666,1,1
case118,branch3_out,0.0238932075984054,16.92086142389157,7.579298643028761,True,2.205672936907662,False,True,1,0.6666,1,1
case118,branch3_out,0.0439484081033269,45.831672642972286,49.59454326026719,True,4.489179407765678,True,True,1,0.9999,1,1
case118,branch3_out,0.0353124668862551,18.369211647720068,9.219403272988924,True,2.1001261287773905,False,True,1,0.6666,1,1
case118,branch3_out,0.0551891494675906,23.944261592852698,37.06536562675464,True,7.284298326278527,True,True,1,0.9999,1,1
case118,branch3_out,0.0337076524585319,48.05502541242096,23.56082627098858,True,2.2474902559294447,False,True,1,0.6666,1,1
case118,branch3_out,0.0551440301344872,44.950605174342094,26.017243823638907,True,6.845819313643332,True,True,1,0.9999,1,1
case118,branch3_out,0.0562875797718477,49.28765066367558,44.29178569387469,True,5.544945213074263,True,True,1,0.9999,1,1
case118,branch3_out,0.0192828512169507,15.35893822374682,2.485528961243752,False,1.198039837590194,False,True,0,0.3333,1,1
case118,branch3_out,0.0302712577597584,19.98613136580165,9.394198650143734,True,2.290104479981964,False,True,1,0.6666,1,1
case118,branch3_out,0.054488501055288,43.56013994706458,50.15144598991317,True,3.0097886504490563,False,True,1,0.6666,1,1
case118,branch3_out,0.0251470721782851,15.417673309506345,1.8778710992232763,False,1.3319189798501354,False,True,0,0.3333,1,1
case118,branch3_out,0.0434630113970543,32.00793202517386,13.994699535848236,True,6.385176177825039,True,True,1,0.9999,1,1
case118,branch3_out,0.0298438016586634,13.663552419931763,3.7932149885644257,False,1.8379893706394,False,True,0,0.3333,1,1
case118,branch3_out,0.0223161389433665,23.048328145747373,12.322247396461371,True,2.108590053413926,False,True,1,0.6666,1,1
case118,branch3_out,0.0460563441618104,33.702039276182354,15.159047281214816,True,5.825569154079584,True,True,1,0.9999,1,1
case118,branch3_out,0.0598941188535644,43.147415917156856,26.092777400430663,True,3.8457352051096816,False,True,1,0.6666,1,1
case118,branch3_out,0.0240285184500348,12.996660052821069,3.544956730821672,False,1.2068131364137535,False,False,0,0.0,1,0
case118,branch3_out,0.0365708129958557,15.985185411739264,9.0121973548216,True,3.056722138590719,False,True,1,0.6666,1,1
case118,branch3_out,0.0359876132494432,45.62359269680393,18.110425397756188,True,6.896305126236566,True,True,1,0.9999,1,1
case118,branch3_out,0.0518051775639085,39.73849029652383,12.561990602923906,True,2.9929538194715035,False,True,1,0.6666,1,1
